2237 needs-browser/gated rows in menus/wip/feed-2026090602244.notes.json; opening 2237, chains first

[  1/2237] needs-browser  -                          curl=unknown The Meltdown
[  2/2237] needs-browser  -                          curl=unknown The Meltdown
[  3/2237] needs-browser  -                          curl=unknown The Meltdown
[  4/2237] needs-browser  -                          curl=unknown The Meltdown
[  5/2237] needs-browser  -                          curl=unknown The Meltdown
[  6/2237] needs-browser  -                          curl=unknown The Meltdown
[  7/2237] needs-browser  -                          curl=unknown The Meltdown
[  8/2237] needs-browser  -                          curl=unknown The Meltdown
[  9/2237] needs-browser  -                          curl=unknown The Meltdown
[ 10/2237] needs-browser  -                          curl=unknown The Meltdown
[ 11/2237] needs-browser  -                          curl=unknown The Meltdown
[ 12/2237] needs-browser  -                          curl=unknown The Meltdown
[ 13/2237] needs-browser  -                          curl=unknown The Meltdown
[ 14/2237] needs-browser  -                          curl=unknown The Meltdown
[ 15/2237] needs-browser  -                          curl=unknown The Meltdown
[ 16/2237] needs-browser  -                          curl=unknown The Meltdown
[ 17/2237] needs-browser  -                          curl=unknown The Meltdown
[ 18/2237] needs-browser  -                          curl=unknown The Meltdown
[ 19/2237] filed          -                          curl=true    ZENSHI Handcrafted Sushi
[ 20/2237] filed          -                          curl=true    ZENSHI Handcrafted Sushi
[ 21/2237] filed          -                          curl=true    ZENSHI Handcrafted Sushi
[ 22/2237] filed          -                          curl=true    ZENSHI Handcrafted Sushi
[ 23/2237] filed          -                          curl=true    ZENSHI Handcrafted Sushi
[ 24/2237] filed          -                          curl=true    ZENSHI Handcrafted Sushi
[ 25/2237] filed          -                          curl=true    ZENSHI Handcrafted Sushi
[ 26/2237] filed          -                          curl=true    ZENSHI Handcrafted Sushi
[ 27/2237] filed          -                          curl=true    ZENSHI Handcrafted Sushi
[ 28/2237] filed          -                          curl=true    ZENSHI Handcrafted Sushi
[ 29/2237] filed          -                          curl=true    ZENSHI Handcrafted Sushi
[ 30/2237] filed          -                          curl=true    ZENSHI Handcrafted Sushi
[ 31/2237] filed          -                          curl=true    ZENSHI Handcrafted Sushi
[ 32/2237] filed          -                          curl=true    ZENSHI Handcrafted Sushi
[ 33/2237] filed          -                          curl=true    ZENSHI Handcrafted Sushi
[ 34/2237] filed          -                          curl=true    ZENSHI Handcrafted Sushi
[ 35/2237] filed          -                          curl=true    ZENSHI Handcrafted Sushi
[ 36/2237] gated          -                          curl=unknown Crumbl Cookies
[ 37/2237] gated          -                          curl=unknown Crumbl Cookies
[ 38/2237] gated          -                          curl=unknown Crumbl Cookies
[ 39/2237] gated          -                          curl=unknown Crumbl Cookies
[ 40/2237] gated          -                          curl=unknown Crumbl Cookies
[ 41/2237] gated          -                          curl=unknown Crumbl Cookies
[ 42/2237] gated          -                          curl=unknown Crumbl Cookies
[ 43/2237] gated          -                          curl=unknown Crumbl Cookies
[ 44/2237] gated          -                          curl=unknown Crumbl Cookies
[ 45/2237] gated          -                          curl=unknown Crumbl Cookies
[ 46/2237] needs-browser  -                          curl=unknown Paris Baguette
[ 47/2237] needs-browser  -                          curl=unknown Paris Baguette
[ 48/2237] needs-browser  -                          curl=unknown Paris Baguette
[ 49/2237] needs-browser  -                          curl=unknown Paris Baguette
[ 50/2237] needs-browser  -                          curl=unknown Rubio's Coastal Grill
[ 51/2237] needs-browser  -                          curl=unknown Rubio's Coastal Grill
[ 52/2237] needs-browser  -                          curl=unknown Rubio's Coastal Grill
[ 53/2237] gated          -                          curl=unknown Red Lobster
[ 54/2237] needs-browser  -                          curl=unknown Rubio's Coastal Grill
[ 55/2237] needs-browser  -                          curl=unknown Ten Gu Ramen
[ 56/2237] needs-browser  -                          curl=unknown Tengu Ramen
[ 57/2237] needs-browser  -                          curl=unknown Ono Hawaiian BBQ
[ 58/2237] needs-browser  -                          curl=unknown Ono Hawaiian BBQ
[ 59/2237] needs-browser  -                          curl=unknown Ono Hawaiian BBQ
[ 60/2237] needs-browser  -                          curl=unknown Somisomi
[ 61/2237] needs-browser  -                          curl=unknown Plant Power Fast Food
[ 62/2237] needs-browser  -                          curl=unknown SOMISOMI
[ 63/2237] needs-browser  -                          curl=unknown Surf City Squeeze
[ 64/2237] filed          -                          curl=true    Donut Star
[ 65/2237] needs-browser  -                          curl=unknown Somisomi
[ 66/2237] needs-browser  -                          curl=unknown Copa Vida
[ 67/2237] needs-browser  -                          curl=unknown Shake Smart
[ 68/2237] needs-browser  -                          curl=unknown Copa Vida
[ 69/2237] needs-browser  -                          curl=unknown Plant Power Fast Food
[ 70/2237] needs-browser  -                          curl=unknown Surf City Squeeze
[ 71/2237] needs-browser  -                          curl=unknown Shake Smart
[ 72/2237] needs-browser  -                          curl=unknown Surf City Squeeze
[ 73/2237] needs-browser  -                          curl=unknown Surf City Squeeze
[ 74/2237] needs-browser  -                          curl=unknown Copa Vida
[ 75/2237] needs-browser  -                          curl=unknown The Burger Den
[ 76/2237] needs-browser  -                          curl=unknown The Burger Den
[ 77/2237] needs-browser  -                          curl=unknown The Burger Den
[ 78/2237] needs-browser  -                          curl=unknown The Burger Den
[ 79/2237] needs-browser  -                          curl=unknown Pavilions Bakery
[ 80/2237] needs-browser  -                          curl=unknown Pavilions Bakery
[ 81/2237] needs-browser  -                          curl=unknown Copa Vida
[ 82/2237] needs-browser  -                          curl=unknown Shake Smart
[ 83/2237] needs-browser  -                          curl=unknown Pavilions Bakery
[ 84/2237] fetch-failed   -                          curl=unknown Hilberto's Mexican Food
[ 85/2237] needs-browser  -                          curl=unknown Sancho's Tacos
[ 86/2237] filed          -                          curl=true    Palomino's Mexican & Seafood
[ 87/2237] gate-personal  -                          curl=unknown Golden Donut
[ 88/2237] needs-browser  -                          curl=unknown China Fun
[ 89/2237] needs-browser  -                          curl=unknown Ginza Sushi
[ 90/2237] gated          -                          curl=unknown Palomino's Mexican & Seafood
[ 91/2237] needs-browser  -                          curl=unknown KD's Donuts
[ 92/2237] gated          -                          curl=unknown Ginza Sushi
[ 93/2237] needs-browser  -                          curl=unknown The Pad Thai Stand
[ 94/2237] wrong-branch   -                          curl=unknown Ramen Yamadaya
[ 95/2237] needs-browser  -                          curl=unknown Häagen-Dazs
[ 96/2237] needs-browser  -                          curl=unknown Red Ribbon Bakeshop
[ 97/2237] needs-browser  -                          curl=unknown Red Ribbon Bakeshop
[ 98/2237] gated          -                          curl=unknown Deli Belly
[ 99/2237] needs-browser  -                          curl=unknown Slurp
[100/2237] needs-browser  -                          curl=unknown The Pad Thai Stand
[101/2237] needs-browser  -                          curl=unknown China Fun
[102/2237] needs-browser  -                          curl=unknown Häagen-Dazs
[103/2237] wrong-branch   -                          curl=unknown The Pad Thai Stand
[104/2237] needs-browser  -                          curl=unknown Arevalo's Bakery
[105/2237] needs-browser  -                          curl=unknown Arevalo's Bakery
[106/2237] needs-browser  -                          curl=unknown Golden Donut
[107/2237] needs-browser  -                          curl=unknown Red Ribbon Bakeshop
[108/2237] needs-browser  -                          curl=unknown KD`S Donuts
[109/2237] needs-browser  -                          curl=unknown Slurp
[110/2237] needs-browser  -                          curl=unknown The Bistro - Eat. Drink. Connect.®
[111/2237] needs-browser  -                          curl=unknown Häagen-Dazs
[112/2237] needs-browser  -                          curl=unknown Slurp
[113/2237] needs-browser  -                          curl=unknown The Bistro - Eat. Drink. Connect.®
[114/2237] gated          -                          curl=unknown Deli Belly
[115/2237] gate-personal  -                          curl=unknown Fairbanks
[116/2237] needs-browser  -                          curl=unknown Wanderlust Creamery
[117/2237] gate-personal  -                          curl=unknown Fairbanks
[118/2237] gate-personal  -                          curl=unknown Fairbanks
[119/2237] gated          -                          curl=unknown MeloMelo Coconut Dessert
[120/2237] needs-browser  -                          curl=unknown Golden Corral
[121/2237] filed          -                          curl=true    Yesenia's Mexican Food
[122/2237] needs-browser  -                          curl=unknown Mimi's Cafe
[123/2237] needs-browser  -                          curl=unknown Lucha Libre Taco Shop
[124/2237] needs-browser  -                          curl=unknown Golden Corral
[125/2237] needs-browser  -                          curl=unknown Carmelita's
[126/2237] needs-browser  -                          curl=unknown Primos Mexican Food & Cantina
[127/2237] needs-browser  -                          curl=unknown Winston’s Beach Club
[128/2237] needs-browser  -                          curl=unknown The Daily Bagel
[129/2237] needs-browser  -                          curl=unknown Empanada Kitchen
[130/2237] screened-out   -                          curl=unknown Pastalini
[131/2237] screened-out   -                          curl=unknown Pastalini
[132/2237] filed          -                          curl=true    Urban Crave
[133/2237] filed          -                          curl=true    Urban Crave
[134/2237] needs-browser  -                          curl=unknown Iceskimo
[135/2237] needs-browser  -                          curl=unknown 1022 Cafe & Gelateria
[136/2237] needs-browser  -                          curl=unknown Lucy's Bakery
[137/2237] needs-browser  -                          curl=unknown Village Pizza
[138/2237] needs-browser  -                          curl=unknown Souplantation
[139/2237] needs-browser  -                          curl=unknown Prager Brothers Artisan Breads
[140/2237] screened-out   -                          curl=unknown Dumplings N More
[141/2237] gated          -                          curl=unknown Ascend Coffee Roasters
[142/2237] needs-browser  -                          curl=unknown Ben & Jerry's
[143/2237] gate-personal  -                          curl=unknown The Cowshed
[144/2237] gate-personal  -                          curl=unknown The Cowshed
[145/2237] needs-browser  -                          curl=unknown Bonchon Chicken
[146/2237] fetch-failed   -                          curl=unknown Kelly’s Pub
[147/2237] fetch-failed   -                          curl=unknown Downtown Sushi
[148/2237] fetch-failed   -                          curl=unknown Ami Sushi
[149/2237] screened-out   -                          curl=unknown Agave Birrieria
[150/2237] filed          -                          curl=true    Compadres Grilled Chicken
[151/2237] needs-browser  -                          curl=unknown Phở Carlsbad
[152/2237] needs-browser  -                          curl=unknown Phở Carlsbad
[153/2237] filed          -                          curl=false   Randy's Donuts
[154/2237] needs-browser  -                          curl=unknown Lucy's Bakery
[155/2237] needs-browser  -                          curl=unknown Sweet Bakery Mexico Lindo
[156/2237] needs-browser  -                          curl=unknown Pop Pops Paleta
[157/2237] gated          -                          curl=unknown Mesa Pizza
[158/2237] filed          -                          curl=true    Little Fox Cups + Cones
[159/2237] needs-browser  -                          curl=unknown Hanna Garden
[160/2237] fetch-failed   -                          curl=unknown Valerio's 1979
[161/2237] needs-browser  -                          curl=unknown Hanna Garden
[162/2237] needs-browser  -                          curl=unknown Native Foods
[163/2237] needs-browser  -                          curl=unknown Primos Mexican Food & Cantina
[164/2237] needs-browser  -                          curl=unknown California Bean
[165/2237] needs-browser  -                          curl=unknown Wings mix
[166/2237] needs-browser  -                          curl=unknown Fridas Taqueria
[167/2237] needs-browser  -                          curl=unknown Fatboy's Deli & Spirits
[168/2237] needs-browser  -                          curl=unknown The Landing
[169/2237] needs-browser  -                          curl=unknown Pho Hiep & Grill
[170/2237] gated          -                          curl=unknown Donut Factory
[171/2237] needs-browser  -                          curl=unknown Pick Up Stix Fresh Asian Flavors
[172/2237] needs-browser  -                          curl=unknown Le Macaron French Pastries
[173/2237] filed          -                          curl=true    Cali Cafe
[174/2237] needs-browser  -                          curl=unknown Side Chick - Chicken & Fries
[175/2237] gated          -                          curl=unknown San Diego Blenders
[176/2237] needs-browser  -                          curl=unknown Nanay's Best BBQ
[177/2237] needs-browser  -                          curl=unknown Lucha Libre Taco Shop
[178/2237] needs-browser  -                          curl=unknown Sammy's Restaurant & Bar
[179/2237] needs-browser  -                          curl=unknown Donut Stop
[180/2237] needs-browser  -                          curl=unknown Prager Brothers Artisan Breads
[181/2237] filed          -                          curl=true    Streets Pho & Grill
[182/2237] needs-browser  -                          curl=unknown Dumplings N More
[183/2237] needs-browser  -                          curl=unknown Pick Up Stix Fresh Asian Flavors
[184/2237] needs-browser  -                          curl=unknown DaYung's Tea
[185/2237] needs-browser  -                          curl=unknown La Central
[186/2237] needs-browser  -                          curl=unknown Poki Poki
[187/2237] filed          -                          curl=false   Taste of Thai
[188/2237] screened-out   -                          curl=unknown Mike's Giant New York Pizza
[189/2237] gated          -                          curl=unknown Achilles Coffee Roasters
[190/2237] needs-browser  -                          curl=unknown Frida's Taqueria
[191/2237] needs-browser  -                          curl=unknown Kind Coffee
[192/2237] needs-browser  -                          curl=unknown Bonchon Chicken
[193/2237] needs-browser  -                          curl=unknown Rush Bowls
[194/2237] needs-browser  -                          curl=unknown Juice Caboose
[195/2237] needs-browser  -                          curl=unknown Immersion Coffee
[196/2237] needs-browser  -                          curl=unknown Juice Caboose
[197/2237] filed          -                          curl=true    Fuego Mediterranean Grill
[198/2237] needs-browser  -                          curl=unknown Belinda's Familia Mexican Food Truck
[199/2237] needs-browser  -                          curl=unknown Empanada Kitchen
[200/2237] needs-browser  -                          curl=unknown Modern Times Coffee
[201/2237] needs-browser  -                          curl=unknown Easy Thai
[202/2237] needs-browser  -                          curl=unknown Easy Thai
[203/2237] fetch-failed   -                          curl=unknown Valerio's 1979
[204/2237] gate-personal  -                          curl=unknown Buttery Bakes
[205/2237] filed          -                          curl=false   Teziutacos
[206/2237] needs-browser  -                          curl=unknown Randy’s Donuts
[207/2237] needs-browser  -                          curl=unknown Cluck N Sip
[208/2237] filed          -                          curl=true    DaYung's Tea
[209/2237] filed          -                          curl=true    Farm Fresh Meals
[210/2237] needs-browser  -                          curl=unknown Fatboy's Deli & Spirits
[211/2237] needs-browser  -                          curl=unknown Iceskimo
[212/2237] gated          -                          curl=unknown Ascend Coffee Roasters
[213/2237] filed          -                          curl=true    Lakeside Social
[214/2237] gate-personal  -                          curl=unknown Elote
[215/2237] needs-browser  -                          curl=unknown El Flako's Wrangler Barbecue
[216/2237] filed          -                          curl=true    Little Fox Cups + Cones
[217/2237] needs-browser  -                          curl=unknown El Flako's Wrangler Barbecue
[218/2237] needs-browser  -                          curl=unknown La Michoacana Elite
[219/2237] needs-browser  -                          curl=unknown Side Chick - Chicken & Fries
[220/2237] needs-browser  -                          curl=unknown California Bean
[221/2237] gate-personal  -                          curl=unknown Starbread Bakery
[222/2237] screened-out   -                          curl=unknown Its Cafe Thai
[223/2237] needs-browser  -                          curl=unknown Diego's Taco Shop
[224/2237] needs-browser  -                          curl=unknown Sammy's Restaurant & Bar
[225/2237] needs-browser  -                          curl=unknown Pop Pops Paleta
[226/2237] needs-browser  -                          curl=unknown Agave Birrieria
[227/2237] needs-browser  -                          curl=unknown Sip Fresh
[228/2237] wrong-branch   -                          curl=unknown Max's Restaurant National City
[229/2237] needs-browser  -                          curl=unknown Poki One N Half San Marcos
[230/2237] needs-browser  -                          curl=unknown Poki One N Half San Marcos
[231/2237] gated          -                          curl=unknown Oto Sushi Encinitas
[232/2237] needs-browser  -                          curl=unknown Sip Fresh
[233/2237] screened-out   -                          curl=unknown Dulce Tentación
[234/2237] gate-personal  -                          curl=unknown La Central
[235/2237] filed          -                          curl=true    Belinda's Familia Mexican Food Truck
[236/2237] needs-browser  -                          curl=unknown Perky’s
[237/2237] gate-personal  -                          curl=unknown 1022 Cafe & Gelateria
[238/2237] wrong-branch   -                          curl=unknown Blue Water Grill
[239/2237] fetch-failed   -                          curl=unknown Island Market
[240/2237] needs-browser  -                          curl=unknown UrbanLife Cafe
[241/2237] gate-personal  -                          curl=unknown Mariscos la Baja mar y fuego
[242/2237] filed          -                          curl=false   Filibertos
[243/2237] needs-browser  -                          curl=unknown Farmer's Fridge
[244/2237] needs-browser  -                          curl=unknown Pei Wei
[245/2237] needs-browser  -                          curl=unknown Rush Bowls
[246/2237] needs-browser  -                          curl=unknown Native Foods
[247/2237] fetch-failed   -                          curl=unknown Deja Vu
[248/2237] fetch-failed   -                          curl=unknown Kellys Pub
[249/2237] needs-browser  -                          curl=unknown The Landing
[250/2237] gate-personal  -                          curl=unknown Buttery Bakes
[251/2237] needs-browser  -                          curl=unknown Farmer's Fridge
[252/2237] filed          -                          curl=true    Slice House by Tony Gemignani
[253/2237] needs-browser  -                          curl=unknown Rancho Bakers
[254/2237] needs-browser  -                          curl=unknown Rancho Bakers
[255/2237] needs-browser  -                          curl=unknown Poki Poki
[256/2237] needs-browser  -                          curl=unknown The Neighborhood Cafe
[257/2237] needs-browser  -                          curl=unknown Pei Wei
[258/2237] needs-browser  -                          curl=unknown Diego's Taco Shop
[259/2237] needs-browser  -                          curl=unknown Modern Times Coffee
[260/2237] needs-browser  -                          curl=unknown Verde Kitchen & Bar
[261/2237] needs-browser  -                          curl=unknown Westfield UTC
[262/2237] needs-browser  -                          curl=unknown Bronx Pizza
[263/2237] needs-browser  -                          curl=unknown Oceanside Harbor Village
[264/2237] needs-browser  -                          curl=unknown Liberty Public Market
[265/2237] needs-browser  -                          curl=unknown Corvette Diner
[266/2237] needs-browser  -                          curl=unknown C Level
[267/2237] needs-browser  -                          curl=unknown 100's seafood grill buffet
[268/2237] screened-out   -                          curl=unknown Tita's Kitchenette
[269/2237] filed          -                          curl=true    Peterson's Donut Corner
[270/2237] gated          -                          curl=unknown Sessions by the Bay Cannabis Dispensary and Lounge
[271/2237] needs-browser  -                          curl=unknown Pho Hoa
[272/2237] needs-browser  -                          curl=unknown Ghirardelli Ice Cream & Chocolate Shop
[273/2237] needs-browser  -                          curl=unknown Bobs Big Boy
[274/2237] needs-browser  -                          curl=unknown La Playa Taco Shop
[275/2237] needs-browser  -                          curl=unknown El Chingon
[276/2237] needs-browser  -                          curl=unknown Kaelin's Market
[277/2237] needs-browser  -                          curl=unknown Farmers Market (Wed and Sat)
[278/2237] needs-browser  -                          curl=unknown Cardiff Seaside Market
[279/2237] needs-browser  -                          curl=unknown Mitsuwa Marketplace - San Diego
[280/2237] needs-browser  -                          curl=unknown Wood Ranch Mission Valley
[281/2237] needs-browser  -                          curl=unknown Super Cocina
[282/2237] fetch-failed   -                          curl=unknown The Balboa
[283/2237] needs-browser  -                          curl=unknown Hanamichi
[284/2237] needs-browser  -                          curl=unknown Burger Bench Escondido
[285/2237] filed          -                          curl=true    IZOLA
[286/2237] needs-browser  -                          curl=unknown Casa de Freds
[287/2237] filed          -                          curl=true    La Fachada
[288/2237] needs-browser  -                          curl=unknown Draft South Mission
[289/2237] needs-browser  -                          curl=unknown Princess Pub and Grille
[290/2237] needs-browser  -                          curl=unknown Red Robin
[291/2237] needs-browser  -                          curl=unknown True North
[292/2237] needs-browser  -                          curl=unknown Mama Kat's Restaurant
[293/2237] needs-browser  -                          curl=unknown Rodizio Grill Brazilian Steakhouse San Diego
[294/2237] needs-browser  -                          curl=unknown Yogurt Mill
[295/2237] needs-browser  -                          curl=unknown Pan Asia Buffet
[296/2237] needs-browser  -                          curl=unknown Vintana
[297/2237] needs-browser  -                          curl=unknown Taquería Imperial
[298/2237] fetch-failed   -                          curl=unknown El Super
[299/2237] needs-browser  -                          curl=unknown Twin Peaks
[300/2237] filed          -                          curl=true    Z Cafe
[301/2237] needs-browser  -                          curl=unknown Sally's Waterfront Dining
[302/2237] needs-browser  -                          curl=unknown Windmill Food Hall
[303/2237] needs-browser  -                          curl=unknown Brigantine Seafood
[304/2237] gated          -                          curl=unknown Aspire Lounge
[305/2237] needs-browser  -                          curl=unknown STP Bar & Grill
[306/2237] needs-browser  -                          curl=unknown False Idol
[307/2237] needs-browser  -                          curl=unknown The Friendly Tavern
[308/2237] screened-out   -                          curl=unknown Mission Valley Breakfast Company
[309/2237] needs-browser  -                          curl=unknown Elite Buffet
[310/2237] gate-personal  -                          curl=unknown Acai Republic - Oceanside
[311/2237] needs-browser  -                          curl=unknown Miguel's Cocina 4S Ranch
[312/2237] needs-browser  -                          curl=unknown VG Donut & Bakery
[313/2237] needs-browser  -                          curl=unknown Public Square Coffee House
[314/2237] needs-browser  -                          curl=unknown Original Pancake House Vista
[315/2237] needs-browser  -                          curl=unknown New Century Buffet
[316/2237] needs-browser  -                          curl=unknown Otay Farms Market & Mexican Food
[317/2237] needs-browser  -                          curl=unknown PB Shore Club
[318/2237] needs-browser  -                          curl=unknown Ty's Burger House
[319/2237] needs-browser  -                          curl=unknown Portside Pier
[320/2237] gated          -                          curl=unknown Doner Mediterranean Grill
[321/2237] filed          -                          curl=true    Al Toque | Peruvian Kitchen
[322/2237] needs-browser  -                          curl=unknown Menudería Don Vicente
[323/2237] needs-browser  -                          curl=unknown Khyber Pass Zarparan Restaurant | Afghan
[324/2237] needs-browser  -                          curl=unknown Arrivederci
[325/2237] needs-browser  -                          curl=unknown High Dive Bar
[326/2237] needs-browser  -                          curl=unknown Cafe Moto
[327/2237] needs-browser  -                          curl=unknown Jimmy's Family Restaurant
[328/2237] gate-personal  -                          curl=unknown Mr. Shawarma
[329/2237] needs-browser  -                          curl=unknown Prado At The Airport
[330/2237] needs-browser  -                          curl=unknown Lake Cuyamaca Restaurant & Store
[331/2237] needs-browser  -                          curl=unknown Tivoli Bar and Grill
[332/2237] needs-browser  -                          curl=unknown Lightbulb Coffee
[333/2237] needs-browser  -                          curl=unknown Tom's Burgers #23
[334/2237] filed          -                          curl=true    Cafe Bassam
[335/2237] gated          -                          curl=unknown La Especial Norte
[336/2237] needs-browser  -                          curl=unknown Barrio Star
[337/2237] needs-browser  -                          curl=unknown MooTime Creamery
[338/2237] needs-browser  -                          curl=unknown Con Pane Rustic Breads & Cafe
[339/2237] needs-browser  -                          curl=unknown Gelato 101
[340/2237] needs-browser  -                          curl=unknown Tom's Famous Family Restaurant 24
[341/2237] needs-browser  -                          curl=unknown Dog Haus Biergarten
[342/2237] needs-browser  -                          curl=unknown Prohibition Lounge
[343/2237] needs-browser  -                          curl=unknown Islands Restaurant Chula Vista
[344/2237] needs-browser  -                          curl=unknown Gaslamp BBQ
[345/2237] wrong-branch   -                          curl=unknown FIT Social
[346/2237] needs-browser  -                          curl=unknown Nado Gelato Cafe
[347/2237] needs-browser  -                          curl=unknown Saigon Restaurant
[348/2237] needs-browser  -                          curl=unknown Quartyard
[349/2237] needs-browser  -                          curl=unknown Benny's Mexican Food
[350/2237] needs-browser  -                          curl=unknown Wayfarer Bread & Pastry
[351/2237] gated          -                          curl=unknown Better Buzz Coffee San Marcos
[352/2237] fetch-failed   -                          curl=unknown Carnitas Las Michoacánas
[353/2237] needs-browser  -                          curl=unknown Good Night John Boy
[354/2237] needs-browser  -                          curl=unknown Brick By Brick
[355/2237] needs-browser  -                          curl=unknown Carnitas’ Snack Shack
[356/2237] needs-browser  -                          curl=unknown Fridas Street Tacos
[357/2237] needs-browser  -                          curl=unknown Part Time Lover
[358/2237] needs-browser  -                          curl=unknown Kiko's Place-The Seafood King
[359/2237] needs-browser  -                          curl=unknown Huckleberry's Breakfast & Lunch
[360/2237] needs-browser  -                          curl=unknown Mananas Mexican Food
[361/2237] needs-browser  -                          curl=unknown The Ould Sod
[362/2237] gate-personal  -                          curl=unknown Kangnam Korean BBQ
[363/2237] fetch-failed   -                          curl=unknown El Prez
[364/2237] filed          -                          curl=true    The Huddle
[365/2237] fetch-failed   -                          curl=unknown Los Reyes Mexican Restaurant & Cantina
[366/2237] filed          -                          curl=true    Texas de Brazil - Carlsbad
[367/2237] needs-browser  -                          curl=unknown Birdseye
[368/2237] fetch-failed   -                          curl=unknown Gourmet India
[369/2237] needs-browser  -                          curl=unknown Moosie’s Ice Cream
[370/2237] gated          -                          curl=unknown Phở Vân Restaurant
[371/2237] needs-browser  -                          curl=unknown Nico's Mexican Food
[372/2237] gated          -                          curl=unknown Pit Stop Sports Bar
[373/2237] needs-browser  -                          curl=unknown Camino Riviera
[374/2237] needs-browser  -                          curl=unknown TOM's Famous Family Restaurant 22
[375/2237] needs-browser  -                          curl=unknown Hong Kong Restaurant
[376/2237] fetch-failed   -                          curl=unknown Sweet Spot Real Jamaican Restaurant
[377/2237] needs-browser  -                          curl=unknown Moonshine Flats
[378/2237] filed          -                          curl=true    The Casbah
[379/2237] needs-browser  -                          curl=unknown Por Favor El Cajon
[380/2237] needs-browser  -                          curl=unknown Havana 1920
[381/2237] needs-browser  -                          curl=unknown Top of the Market
[382/2237] gated          -                          curl=unknown Cafe Elysa
[383/2237] needs-browser  -                          curl=unknown Noble Experiment
[384/2237] gated          -                          curl=unknown Massachusetts Mike's Pizzeria
[385/2237] needs-browser  -                          curl=unknown Tom's Watch Bar - Petco Park
[386/2237] needs-browser  -                          curl=unknown Loreto's Taco Shop
[387/2237] needs-browser  -                          curl=unknown Su Pan Bakery El Cajon
[388/2237] needs-browser  -                          curl=unknown Papas & Tacos Mexican Food
[389/2237] needs-browser  -                          curl=unknown Taco Bar
[390/2237] needs-browser  -                          curl=unknown Lanna Thai Cuisine
[391/2237] needs-browser  -                          curl=unknown Parakeet Cafe - Little Italy
[392/2237] needs-browser  -                          curl=unknown Deiberto's Mexican Restaurant
[393/2237] filed          -                          curl=true    MOOYAH Burgers, Fries & Shakes
[394/2237] gated          -                          curl=unknown Plazas Mexican Food
[395/2237] needs-browser  -                          curl=unknown Nick's on State
[396/2237] fetch-failed   -                          curl=unknown The Shores Restaurant
[397/2237] needs-browser  -                          curl=unknown Jimbo's - Escondido
[398/2237] needs-browser  -                          curl=unknown Red Fox Room and Steakhouse
[399/2237] filed          -                          curl=true    Pho Oceanside
[400/2237] needs-browser  -                          curl=unknown Coya Peruvian Secret
[401/2237] needs-browser  -                          curl=unknown That Mexican Place
[402/2237] filed          -                          curl=true    Todo Sushi
[403/2237] needs-browser  -                          curl=unknown Los Garcia's Taco Shop
[404/2237] filed          -                          curl=true    Sushi Hana
[405/2237] needs-browser  -                          curl=unknown Zumbar Coffee & Tea
[406/2237] needs-browser  -                          curl=unknown Marisi
[407/2237] needs-browser  -                          curl=unknown Kebab Craft
[408/2237] needs-browser  -                          curl=unknown Don Pedro Taco Shop
[409/2237] needs-browser  -                          curl=unknown Copa Vida - East Village
[410/2237] needs-browser  -                          curl=unknown Fallbrook Cafe
[411/2237] needs-browser  -                          curl=unknown Jimbo’s - Carmel Valley
[412/2237] gate-personal  -                          curl=unknown KOGI Korean BBQ
[413/2237] needs-browser  -                          curl=unknown Flicks
[414/2237] gate-personal  -                          curl=unknown El Real Mexican Food
[415/2237] gated          -                          curl=unknown Better Buzz Coffee Escondido
[416/2237] needs-browser  -                          curl=unknown DQ GRILL & CHILL, OCEANSIDE
[417/2237] needs-browser  -                          curl=unknown Richs San Diego
[418/2237] filed          -                          curl=true    Grandma Tofu & BBQ
[419/2237] needs-browser  -                          curl=unknown Caribbean Taste
[420/2237] gate-personal  -                          curl=unknown Round1 Bowling & Arcade - National City
[421/2237] needs-browser  -                          curl=unknown Vaqueros Carne Asada
[422/2237] needs-browser  -                          curl=unknown Adriano's Pizza Grotto
[423/2237] gated          -                          curl=unknown Calypso Bay Smokehouse
[424/2237] filed          -                          curl=true    Bluefoot
[425/2237] needs-browser  -                          curl=unknown HINAR Dessert Bar & Café
[426/2237] needs-browser  -                          curl=unknown Phở Fifth Avenue
[427/2237] needs-browser  -                          curl=unknown Barrio Food Hub
[428/2237] needs-browser  -                          curl=unknown Los Junior's Mexican Food
[429/2237] needs-browser  -                          curl=unknown Hanu Korean BBQ
[430/2237] needs-browser  -                          curl=unknown The Asian Bistro
[431/2237] needs-browser  -                          curl=unknown Julian Grille
[432/2237] gate-personal  -                          curl=unknown Newtopia Cyder
[433/2237] needs-browser  -                          curl=unknown Whistle Stop
[434/2237] needs-browser  -                          curl=unknown I Love Bagels
[435/2237] needs-browser  -                          curl=unknown Club Marina
[436/2237] needs-browser  -                          curl=unknown BunZ
[437/2237] filed          -                          curl=true    Tiajuana Food Court
[438/2237] needs-browser  -                          curl=unknown Paradise Lounge & Grill - San Diego's Best Sports Bar
[439/2237] gated          -                          curl=unknown 4th Ave Lounge
[440/2237] needs-browser  -                          curl=unknown Tocumbo Ice Cream
[441/2237] gated          -                          curl=unknown Tacotarian San Diego
[442/2237] needs-browser  -                          curl=unknown Panini Kabob Grill - Mission Valley
[443/2237] gated          -                          curl=unknown skybound coffee + dessert lounge
[444/2237] needs-browser  -                          curl=unknown It's Raw Poke Shop
[445/2237] wrong-branch   -                          curl=unknown Mikko Sushi
[446/2237] fetch-failed   -                          curl=unknown Debbie's Restaurant & Pie Shoppe
[447/2237] needs-browser  -                          curl=unknown Antonio's Mexican Food
[448/2237] filed          -                          curl=false   Up2You Cafe
[449/2237] needs-browser  -                          curl=unknown Nick's Del Mar
[450/2237] gated          -                          curl=unknown Better Buzz Coffee Coronado
[451/2237] needs-browser  -                          curl=unknown Sunny Side Kitchen
[452/2237] needs-browser  -                          curl=unknown EQ San Diego
[453/2237] gated          -                          curl=unknown Pancho's Mexican Restaurant
[454/2237] gated          -                          curl=unknown Better Buzz Coffee Pacific Beach Grand
[455/2237] gate-personal  -                          curl=unknown El Primo Birriería
[456/2237] needs-browser  -                          curl=unknown Galpão Gaucho Brazilian Steakhouse
[457/2237] needs-browser  -                          curl=unknown The Oceanaire Seafood Room
[458/2237] needs-browser  -                          curl=unknown Sun Deck
[459/2237] needs-browser  -                          curl=unknown Cute Cakes Bakery & Café
[460/2237] needs-browser  -                          curl=unknown Risers Pizza
[461/2237] needs-browser  -                          curl=unknown Petes Place
[462/2237] needs-browser  -                          curl=unknown La Concha Bakery
[463/2237] needs-browser  -                          curl=unknown allmine pizza and pasta
[464/2237] filed          -                          curl=true    Thai Thai Oceanside Restaurant
[465/2237] fetch-failed   -                          curl=unknown Edelweiss Bakery
[466/2237] needs-browser  -                          curl=unknown O'side Bakery
[467/2237] needs-browser  -                          curl=unknown VAGA Restaurant & Bar
[468/2237] needs-browser  -                          curl=unknown Ikiru Sushi
[469/2237] needs-browser  -                          curl=unknown Shaks Mediterranean Bistro
[470/2237] needs-browser  -                          curl=unknown Sammy's Woodfire Pizza and Grille
[471/2237] fetch-failed   -                          curl=unknown Konito's Cafe
[472/2237] gated          -                          curl=unknown Pacific Shores
[473/2237] needs-browser  -                          curl=unknown Robertito's Mexican Food
[474/2237] needs-browser  -                          curl=unknown Zarlitos Family Restaurant
[475/2237] gated          -                          curl=unknown Goldchild Coffee
[476/2237] needs-browser  -                          curl=unknown Number One Fifth Avenue
[477/2237] filed          -                          curl=true    Baci Restaurant | Italian
[478/2237] needs-browser  -                          curl=unknown Farmhouse 78
[479/2237] needs-browser  -                          curl=unknown Sukho Thai Extraordinaire
[480/2237] needs-browser  -                          curl=unknown Golden Mandarin
[481/2237] fetch-failed   -                          curl=unknown The LAB Collaborative
[482/2237] filed          -                          curl=true    Steady State Coffee Roasters
[483/2237] filed          -                          curl=false   Camp Coffee Company
[484/2237] needs-browser  -                          curl=unknown It's A Taco Shop Mexican Food
[485/2237] needs-browser  -                          curl=unknown Robertacos
[486/2237] needs-browser  -                          curl=unknown Frida’s Taqueria Oceanside
[487/2237] needs-browser  -                          curl=unknown Beyer Deli
[488/2237] needs-browser  -                          curl=unknown Star Club
[489/2237] needs-browser  -                          curl=unknown Manhattan Cocktail Lounge
[490/2237] needs-browser  -                          curl=unknown Rooftop Bar
[491/2237] gated          -                          curl=unknown Beach City Smoothies
[492/2237] needs-browser  -                          curl=unknown Portal Coffee
[493/2237] needs-browser  -                          curl=unknown Niederfrank's Ice Cream
[494/2237] needs-browser  -                          curl=unknown Los Panchos Mexican Grill & Seafood
[495/2237] needs-browser  -                          curl=unknown Sunshine Company
[496/2237] needs-browser  -                          curl=unknown The Bella Lounge
[497/2237] gated          -                          curl=unknown Mi Ranchito Taco Shop
[498/2237] gated          -                          curl=unknown El Rey
[499/2237] needs-browser  -                          curl=unknown Superbloom Coffee & Juice
[500/2237] needs-browser  -                          curl=unknown Market on 8th
[501/2237] needs-browser  -                          curl=unknown Maan's Mediterranean Grill
[502/2237] needs-browser  -                          curl=unknown Birria El Rey
[503/2237] needs-browser  -                          curl=unknown Penelopes Mexican Food
[504/2237] gated          -                          curl=unknown California Pizza Kitchen at Solana Beach
[505/2237] needs-browser  -                          curl=unknown The Remy
[506/2237] needs-browser  -                          curl=unknown GelatoLove Carlsbad Village
[507/2237] needs-browser  -                          curl=unknown Quixote
[508/2237] fetch-failed   -                          curl=unknown Muri Coffee & Dessert
[509/2237] needs-browser  -                          curl=unknown Panda Imperial Restaurant
[510/2237] needs-browser  -                          curl=unknown Mariscos Mar Y Tierra
[511/2237] needs-browser  -                          curl=unknown Rise Southern Biscuits & Righteous Chicken - San Diego
[512/2237] needs-browser  -                          curl=unknown Manna Heaven BBQ - National City
[513/2237] filed          -                          curl=false   Bottlecraft Little Italy
[514/2237] needs-browser  -                          curl=unknown Sultan Baklava
[515/2237] filed          -                          curl=true    Smokin J's BBQ & Taphouse
[516/2237] needs-browser  -                          curl=unknown NY Pizzeria
[517/2237] needs-browser  -                          curl=unknown Yingli Restaurant | Chula Vista
[518/2237] filed          -                          curl=true    The Alibi
[519/2237] needs-browser  -                          curl=unknown Chiroys Cafe
[520/2237] needs-browser  -                          curl=unknown Veranda Restaurant & Bar
[521/2237] needs-browser  -                          curl=unknown The Invigatorium
[522/2237] needs-browser  -                          curl=unknown Curry & More - Indian Bistro
[523/2237] needs-browser  -                          curl=unknown Shanty
[524/2237] needs-browser  -                          curl=unknown Flippin' Pizza NY Pies and Slices
[525/2237] needs-browser  -                          curl=unknown The Vibe
[526/2237] needs-browser  -                          curl=unknown 3N1 Sports Bar & Grill
[527/2237] needs-browser  -                          curl=unknown Serẽa
[528/2237] fetch-failed   -                          curl=unknown Pacific Beach Ice Cream Co.
[529/2237] filed          -                          curl=false   Señor Taquero
[530/2237] filed          -                          curl=true    Royal Sweets
[531/2237] filed          -                          curl=true    Mi Asador Mexican & Seafood Restaurant
[532/2237] needs-browser  -                          curl=unknown Green Vine Delicatessen
[533/2237] needs-browser  -                          curl=unknown Jts Clubhouse Pub and Grill
[534/2237] fetch-failed   -                          curl=unknown Arizona Chinese Restaurant
[535/2237] fetch-failed   -                          curl=unknown Joe's Italian Dinner
[536/2237] needs-browser  -                          curl=unknown El Borrego
[537/2237] needs-browser  -                          curl=unknown Aiberto's Taco Shop
[538/2237] needs-browser  -                          curl=unknown Marina Kitchen
[539/2237] needs-browser  -                          curl=unknown Manna Heaven BBQ Downtown
[540/2237] fetch-failed   -                          curl=unknown Savory Thai Restaurant
[541/2237] needs-browser  -                          curl=unknown Delta Sky Club
[542/2237] needs-browser  -                          curl=unknown Curbside Eatery & Drinkery
[543/2237] gated          -                          curl=unknown Leucadia Donut Shoppe
[544/2237] needs-browser  -                          curl=unknown Imperial Mandarin
[545/2237] gated          -                          curl=unknown ICHIBAN RAMEN AND SUSHI
[546/2237] needs-browser  -                          curl=unknown The Rooftop by STK
[547/2237] needs-browser  -                          curl=unknown Canyon Grille
[548/2237] needs-browser  -                          curl=unknown Tabu Sushi Bar & Grill Santee
[549/2237] needs-browser  -                          curl=unknown Kampai Sushi
[550/2237] gated          -                          curl=unknown Camel's Bar and Grill
[551/2237] needs-browser  -                          curl=unknown The Buffet
[552/2237] needs-browser  -                          curl=unknown Lighthouse Ice Cream
[553/2237] needs-browser  -                          curl=unknown QUICK BITES CAFE / Best Sandwiches
[554/2237] gated          -                          curl=unknown Beeside Balcony La Jolla
[555/2237] gated          -                          curl=unknown Machete Beer House
[556/2237] needs-browser  -                          curl=unknown Hidden Fish
[557/2237] filed          -                          curl=true    La Costa Coffee Roasting
[558/2237] gate-personal  -                          curl=unknown Seafood La 57
[559/2237] gated          -                          curl=unknown Secco
[560/2237] needs-browser  -                          curl=unknown Coffee by Malibu Farm
[561/2237] needs-browser  -                          curl=unknown Mr. Shwarma
[562/2237] fetch-failed   -                          curl=unknown Bay Park Coffee
[563/2237] gated          -                          curl=unknown Draft Republic San Marcos
[564/2237] needs-browser  -                          curl=unknown Toasted
[565/2237] needs-browser  -                          curl=unknown Portinos Restaurant
[566/2237] filed          -                          curl=true    Sandwich Emporium
[567/2237] gated          -                          curl=unknown Mr. Coconut CA
[568/2237] needs-browser  -                          curl=unknown Carmen's Mexican Food
[569/2237] fetch-failed   -                          curl=unknown United Club
[570/2237] gated          -                          curl=unknown El Charro Mexican Food
[571/2237] fetch-failed   -                          curl=unknown Pho Royal
[572/2237] fetch-failed   -                          curl=unknown Hurricane Grill & Wings
[573/2237] filed          -                          curl=true    Vigilante Coffee
[574/2237] needs-browser  -                          curl=unknown Black Cat Bar
[575/2237] needs-browser  -                          curl=unknown La Sabrosita
[576/2237] needs-browser  -                          curl=unknown Emma's Mexican Food
[577/2237] needs-browser  -                          curl=unknown 大鼓米线Dagu Miishien
[578/2237] needs-browser  -                          curl=unknown La Central - Birrieria y Menuderia
[579/2237] filed          -                          curl=true    Rise and Dine
[580/2237] needs-browser  -                          curl=unknown HINAR Dessert Bar & Cafe
[581/2237] filed          -                          curl=true    Divo Diva Cafe
[582/2237] needs-browser  -                          curl=unknown Mariscos Mazatlan Mexican Grill
[583/2237] needs-browser  -                          curl=unknown Tilted Stick
[584/2237] needs-browser  -                          curl=unknown il Sogno Italiano
[585/2237] gated          -                          curl=unknown Pounders
[586/2237] fetch-failed   -                          curl=unknown Mariscos La Perla Negra
[587/2237] needs-browser  -                          curl=unknown Spitz Mediterranean Street Food
[588/2237] needs-browser  -                          curl=unknown Beachcomber Bar
[589/2237] filed          -                          curl=true    Boards N' Beans
[590/2237] needs-browser  -                          curl=unknown Rancho Las Palmas Mexican Grill & Seafood
[591/2237] needs-browser  -                          curl=unknown Bricks Family Restaurant
[592/2237] needs-browser  -                          curl=unknown Cancun Mexican and Seafood
[593/2237] needs-browser  -                          curl=unknown The Tower Bar
[594/2237] needs-browser  -                          curl=unknown Healthy Creations Cafe
[595/2237] wrong-branch   -                          curl=unknown Angry Chickz - Oceanside
[596/2237] needs-browser  -                          curl=unknown Angelito's Fruteria Y Neveria
[597/2237] fetch-failed   -                          curl=unknown New York Buffalo Wings
[598/2237] gated          -                          curl=unknown Finney's Crafthouse
[599/2237] needs-browser  -                          curl=unknown Valentina
[600/2237] needs-browser  -                          curl=unknown Fortuna Ristorante Italiano
[601/2237] filed          -                          curl=true    Tandoor
[602/2237] gated          -                          curl=unknown Carriage House Cocktails
[603/2237] needs-browser  -                          curl=unknown El Cajon Elks Lodge 1812
[604/2237] needs-browser  -                          curl=unknown Succulent Coffee
[605/2237] needs-browser  -                          curl=unknown Kinaly Thai Restaurant
[606/2237] needs-browser  -                          curl=unknown SanSai Japanese Grill
[607/2237] needs-browser  -                          curl=unknown The Par Lounge and Deck
[608/2237] needs-browser  -                          curl=unknown Handel's Homemade Ice Cream Vista
[609/2237] needs-browser  -                          curl=unknown Live Wire
[610/2237] fetch-failed   -                          curl=unknown West End Pub
[611/2237] needs-browser  -                          curl=unknown Genteel Coffee Roasters
[612/2237] needs-browser  -                          curl=unknown Fugu
[613/2237] needs-browser  -                          curl=unknown TOUS les JOURS Bakery Café - La Jolla
[614/2237] needs-browser  -                          curl=unknown Pizza & Pasta Buffet
[615/2237] needs-browser  -                          curl=unknown Grant Grill
[616/2237] needs-browser  -                          curl=unknown NOIR Sushi and Sake Fusion Lounge
[617/2237] needs-browser  -                          curl=unknown Marisco's German
[618/2237] needs-browser  -                          curl=unknown Burrito Leo's Mexican Food
[619/2237] needs-browser  -                          curl=unknown Flora
[620/2237] needs-browser  -                          curl=unknown Tocumbo Ice Cream CV
[621/2237] needs-browser  -                          curl=unknown Navajo Live
[622/2237] needs-browser  -                          curl=unknown HillCrust Pizza
[623/2237] screened-out   -                          curl=unknown Yogurt Heaven
[624/2237] needs-browser  -                          curl=unknown The Art of Espresso
[625/2237] fetch-failed   -                          curl=unknown Zen 5
[626/2237] needs-browser  -                          curl=unknown Ramones Cantina
[627/2237] needs-browser  -                          curl=unknown Bob's Steak & Chop House
[628/2237] filed          -                          curl=true    Kelly's Pub, El Cajon
[629/2237] gated          -                          curl=unknown Italia Pizza
[630/2237] needs-browser  -                          curl=unknown CUPPA CUPPA COFFEE COMPANY
[631/2237] needs-browser  -                          curl=unknown 1St Street Bar
[632/2237] needs-browser  -                          curl=unknown Pure Project Vista
[633/2237] filed          -                          curl=true    Burgeon Beer Company
[634/2237] needs-browser  -                          curl=unknown Catalina Offshore Products
[635/2237] gate-personal  -                          curl=unknown Hearth House
[636/2237] filed          -                          curl=true    Iron Door
[637/2237] needs-browser  -                          curl=unknown A.R. Valentien
[638/2237] needs-browser  -                          curl=unknown NuYo Frozen Yogurt Telegraph Canyon
[639/2237] needs-browser  -                          curl=unknown Mexi-Cocina Restaurant
[640/2237] needs-browser  -                          curl=unknown Cafe Bella Drive Thru
[641/2237] needs-browser  -                          curl=unknown Bar Sin Nombre
[642/2237] needs-browser  -                          curl=unknown Off The 8 Café
[643/2237] needs-browser  -                          curl=unknown Royal India Express
[644/2237] needs-browser  -                          curl=unknown The Bancroft Bar
[645/2237] needs-browser  -                          curl=unknown Buonasera New York Pizzeria
[646/2237] gated          -                          curl=unknown Peter Ds
[647/2237] needs-browser  -                          curl=unknown Luna Grill Millenia
[648/2237] needs-browser  -                          curl=unknown Sushi On San Marcos - Japanese Restaurant
[649/2237] needs-browser  -                          curl=unknown Solana Sumptuous Cookies
[650/2237] needs-browser  -                          curl=unknown Surfing Crab Escondido
[651/2237] needs-browser  -                          curl=unknown Dragon Express
[652/2237] filed          -                          curl=true    The AubreyRose Tea Room
[653/2237] needs-browser  -                          curl=unknown Tacaliente Mexican Grill
[654/2237] needs-browser  -                          curl=unknown The Confessional by The Lost Abbey
[655/2237] gated          -                          curl=unknown California Mountain Bakery
[656/2237] needs-browser  -                          curl=unknown The Craft Creamery
[657/2237] filed          -                          curl=true    Tacos Alex
[658/2237] needs-browser  -                          curl=unknown bb.q Chicken Chula Vista
[659/2237] wrong-branch   -                          curl=unknown Max's Restaurant Chula Vista, Cuisine of the Philippines
[660/2237] needs-browser  -                          curl=unknown Rosemonts Cafe
[661/2237] needs-browser  -                          curl=unknown Ike's Love & Sandwiches
[662/2237] needs-browser  -                          curl=unknown Thai Garden
[663/2237] gated          -                          curl=unknown Thai Island@
[664/2237] needs-browser  -                          curl=unknown Santos Coffee
[665/2237] filed          -                          curl=true    Mille Fleurs
[666/2237] fetch-failed   -                          curl=unknown Tidewater Tavern
[667/2237] needs-browser  -                          curl=unknown BKK THAI KITCHEN
[668/2237] filed          -                          curl=true    North Bar
[669/2237] gated          -                          curl=unknown Funky Garcia's
[670/2237] needs-browser  -                          curl=unknown Rolling-Out
[671/2237] needs-browser  -                          curl=unknown Los Armando's Mexican Food
[672/2237] needs-browser  -                          curl=unknown Botani Breakfast & Pizzeria
[673/2237] needs-browser  -                          curl=unknown bb.q Chicken National City
[674/2237] needs-browser  -                          curl=unknown Madi Pacific Beach
[675/2237] filed          -                          curl=true    PGA Tour Grill
[676/2237] filed          -                          curl=true    La Colombe Coffee Roasters
[677/2237] needs-browser  -                          curl=unknown De Oro Mine Co.
[678/2237] needs-browser  -                          curl=unknown Creme De La Crepe
[679/2237] gated          -                          curl=unknown Teriyaki Sun
[680/2237] needs-browser  -                          curl=unknown Athens Market Taverna
[681/2237] gated          -                          curl=unknown Ocean Buffet
[682/2237] needs-browser  -                          curl=unknown San Diego Sandwich Co
[683/2237] fetch-failed   -                          curl=unknown TapShack Kombucha & Coffee
[684/2237] screened-out   -                          curl=unknown Avenue Subs Coronado
[685/2237] filed          -                          curl=true    Five Points Bar
[686/2237] needs-browser  -                          curl=unknown Matcha Cafe Maiko - Escondido
[687/2237] needs-browser  -                          curl=unknown Kaka Rawand - كباب كاكه روند (ملحمة أنوار)
[688/2237] needs-browser  -                          curl=unknown Lourdes Mexican Food San Elijo
[689/2237] gated          -                          curl=unknown Better Buzz Coffee Oceanside South
[690/2237] needs-browser  -                          curl=unknown Flippin' Pizza La Costa
[691/2237] needs-browser  -                          curl=unknown Famous Oasis Ice Cream Parlor
[692/2237] filed          -                          curl=true    The Template
[693/2237] needs-browser  -                          curl=unknown Marieta's Mexican Food
[694/2237] needs-browser  -                          curl=unknown Johnny Mañanas Ocean Beach
[695/2237] needs-browser  -                          curl=unknown Eugenio Italian Ristorante & More
[696/2237] needs-browser  -                          curl=unknown Sky Deck at Del Mar Highlands Town Center
[697/2237] needs-browser  -                          curl=unknown Poki Poki - Oceanside # 1
[698/2237] gated          -                          curl=unknown Mi Barra Bar
[699/2237] needs-browser  -                          curl=unknown Jims Vista Lounge
[700/2237] needs-browser  -                          curl=unknown Cake de Partie
[701/2237] gated          -                          curl=unknown The Library Tavern
[702/2237] needs-browser  -                          curl=unknown Kokoro Restaurant
[703/2237] needs-browser  -                          curl=unknown Saigon Star Restaurant
[704/2237] gate-personal  -                          curl=unknown Kababayan Bakery
[705/2237] filed          -                          curl=true    chikita cafe
[706/2237] fetch-failed   -                          curl=unknown Mama G’s Kitchen & Sauces Peruvian Cuisine
[707/2237] needs-browser  -                          curl=unknown Donuts Plus
[708/2237] filed          -                          curl=true    La Mixteca
[709/2237] fetch-failed   -                          curl=unknown the Koffie Co
[710/2237] needs-browser  -                          curl=unknown Continent Delicatessen
[711/2237] needs-browser  -                          curl=unknown Galu Café and Delicatessen
[712/2237] needs-browser  -                          curl=unknown Shooters Cocktails
[713/2237] fetch-failed   -                          curl=unknown Young Blood
[714/2237] needs-browser  -                          curl=unknown Relic Bakery & Kitchen
[715/2237] needs-browser  -                          curl=unknown The Camp Store
[716/2237] gated          -                          curl=unknown Bravo Cafe
[717/2237] filed          -                          curl=true    South Bay Lounge
[718/2237] needs-browser  -                          curl=unknown Backdraft Bar & Grill
[719/2237] needs-browser  -                          curl=unknown Dons Cocktail Lounge
[720/2237] needs-browser  -                          curl=unknown Porky's Lechon Barbecue
[721/2237] needs-browser  -                          curl=unknown Pizza Mania
[722/2237] gated          -                          curl=unknown Barefoot Coffee Roasters
[723/2237] needs-browser  -                          curl=unknown Isabelle Briens French Pastry Cafe
[724/2237] filed          -                          curl=true    Karami Ramen
[725/2237] gated          -                          curl=unknown Flor and Seed Coffee Roasters
[726/2237] needs-browser  -                          curl=unknown Crossroads Deli
[727/2237] gate-personal  -                          curl=unknown Lancers Cocktail Lounge
[728/2237] needs-browser  -                          curl=unknown South of Nick's Del Mar | Mexican Kitchen + Bar
[729/2237] needs-browser  -                          curl=unknown Wisteria Candy Cottage
[730/2237] needs-browser  -                          curl=unknown Sizzling Pot King
[731/2237] needs-browser  -                          curl=unknown Opa Greek Restaurant & Grill
[732/2237] gated          -                          curl=unknown Taste of Denmark
[733/2237] needs-browser  -                          curl=unknown P.L. Bagels
[734/2237] filed          -                          curl=false   Bottlecraft
[735/2237] needs-browser  -                          curl=unknown CinKuni (Italian & Japanese Cuisine)
[736/2237] needs-browser  -                          curl=unknown Lupe's Cafe Mexican Restaurant
[737/2237] gated          -                          curl=unknown Sprinkles La Jolla
[738/2237] needs-browser  -                          curl=unknown Imperial Express
[739/2237] needs-browser  -                          curl=unknown Tropical Juices & Deli
[740/2237] needs-browser  -                          curl=unknown Bica Coffee Shop
[741/2237] filed          -                          curl=true    Halal Burger Co.
[742/2237] gated          -                          curl=unknown Ciné Café
[743/2237] needs-browser  -                          curl=unknown Tasty Pho
[744/2237] gated          -                          curl=unknown Tocaya Modern Mexican
[745/2237] needs-browser  -                          curl=unknown Potato Corner
[746/2237] needs-browser  -                          curl=unknown The Outpost by Valley Farm
[747/2237] gated          -                          curl=unknown Tyne Coffee Co.
[748/2237] gated          -                          curl=unknown Better Buzz Coffee Imperial Beach
[749/2237] needs-browser  -                          curl=unknown Cielo Rooftop
[750/2237] needs-browser  -                          curl=unknown Silver Spigot
[751/2237] needs-browser  -                          curl=unknown Saddle Bar
[752/2237] needs-browser  -                          curl=unknown Beginners Diner
[753/2237] needs-browser  -                          curl=unknown El Original Mariscos German
[754/2237] filed          -                          curl=true    Glazed Coffee & Creamery
[755/2237] needs-browser  -                          curl=unknown Swami's
[756/2237] needs-browser  -                          curl=unknown Calico Cidery
[757/2237] wrong-branch   -                          curl=unknown Chef Budda Blasian Soul Food LLC
[758/2237] needs-browser  -                          curl=unknown Alibi
[759/2237] gated          -                          curl=unknown KM BBQ
[760/2237] fetch-failed   -                          curl=unknown Gyrogrill
[761/2237] needs-browser  -                          curl=unknown Kaffee Meister
[762/2237] needs-browser  -                          curl=unknown Na Tart
[763/2237] filed          -                          curl=true    The Shack Kitchen + Coffee
[764/2237] fetch-failed   -                          curl=unknown Mariscos Gonzalez
[765/2237] needs-browser  -                          curl=unknown Luna Grill Encinitas
[766/2237] needs-browser  -                          curl=unknown Live Oak Market & restaurant @ gas station
[767/2237] needs-browser  -                          curl=unknown Piedra Santa
[768/2237] needs-browser  -                          curl=unknown The Regal
[769/2237] needs-browser  -                          curl=unknown The Leucadian
[770/2237] fetch-failed   -                          curl=unknown Black Plague Purgatory Lounge
[771/2237] needs-browser  -                          curl=unknown Beach + Taco Shack
[772/2237] needs-browser  -                          curl=unknown Okama Ramen and Grill
[773/2237] needs-browser  -                          curl=unknown Hill Street Donut House
[774/2237] needs-browser  -                          curl=unknown Japanese Friendship Bell
[775/2237] filed          -                          curl=true    Stir It Up CoffeeHouse & Cafe
[776/2237] gated          -                          curl=unknown Mariscos La Bola
[777/2237] needs-browser  -                          curl=unknown Menuderia y mariscos GDL
[778/2237] wrong-branch   -                          curl=unknown Cocina de Barrio North Park
[779/2237] needs-browser  -                          curl=unknown Coffee Hub and Cafe
[780/2237] filed          -                          curl=true    Garden Coffee
[781/2237] screened-out   -                          curl=unknown Giant Pizza King Linda Vista
[782/2237] needs-browser  -                          curl=unknown ENO Market & Pizzeria
[783/2237] needs-browser  -                          curl=unknown Nickel Beer Company
[784/2237] fetch-failed   -                          curl=unknown Gooseberries kafe
[785/2237] needs-browser  -                          curl=unknown Thyme for Lunch Cafe & Grill
[786/2237] filed          -                          curl=true    PorchLight Coffee
[787/2237] needs-browser  -                          curl=unknown Himalayan Bistro Oceanside
[788/2237] needs-browser  -                          curl=unknown Olala Crepes
[789/2237] needs-browser  -                          curl=unknown Ko-Li Bar
[790/2237] gated          -                          curl=unknown IB Thai
[791/2237] gated          -                          curl=unknown SoCal Sushi
[792/2237] gated          -                          curl=unknown Phở Hòa Restaurant | Vietnamese
[793/2237] needs-browser  -                          curl=unknown Fusion Bar & Lounge
[794/2237] fetch-failed   -                          curl=unknown Bistro Pazzo
[795/2237] needs-browser  -                          curl=unknown kettle & stone
[796/2237] gated          -                          curl=unknown Joycee'S Cocktails
[797/2237] needs-browser  -                          curl=unknown Pacifica Breeze Cafe
[798/2237] needs-browser  -                          curl=unknown The Grounds Bean Bar
[799/2237] needs-browser  -                          curl=unknown Mesa Agricola
[800/2237] gated          -                          curl=unknown Industrial Grind Coffee
[801/2237] gated          -                          curl=unknown Ironsmith Coffee Roasters
[802/2237] needs-browser  -                          curl=unknown Home Coffee
[803/2237] needs-browser  -                          curl=unknown Memo's Bagel Café
[804/2237] fetch-failed   -                          curl=unknown Cigar Cave
[805/2237] needs-browser  -                          curl=unknown L&L Hawaiian Barbecue - San Marcos (Inside Walmart)
[806/2237] needs-browser  -                          curl=unknown Caffé Adesso
[807/2237] needs-browser  -                          curl=unknown Dock's Cocktail Lounge
[808/2237] needs-browser  -                          curl=unknown Gelabong
[809/2237] needs-browser  -                          curl=unknown Seven Seas Roasting Company
[810/2237] needs-browser  -                          curl=unknown Oculto 477
[811/2237] needs-browser  -                          curl=unknown West Coast Pizza Company
[812/2237] needs-browser  -                          curl=unknown iWok Chinese Kitchen
[813/2237] needs-browser  -                          curl=unknown Mnemonic Coffee
[814/2237] needs-browser  -                          curl=unknown Fat Joe’s O’side
[815/2237] gated          -                          curl=unknown Chopsticks Chinese Cuisine
[816/2237] needs-browser  -                          curl=unknown Charli's Landing
[817/2237] needs-browser  -                          curl=unknown Tea Pavilion
[818/2237] needs-browser  -                          curl=unknown Convoy Music Bar
[819/2237] needs-browser  -                          curl=unknown La Moreliana
[820/2237] needs-browser  -                          curl=unknown SOBREMESA
[821/2237] needs-browser  -                          curl=unknown Mathews Live Oak
[822/2237] needs-browser  -                          curl=unknown Banh Mi Blvd
[823/2237] needs-browser  -                          curl=unknown Mutual Friend Ice Cream
[824/2237] needs-browser  -                          curl=unknown Katsuya Ko
[825/2237] needs-browser  -                          curl=unknown Paradisaea
[826/2237] needs-browser  -                          curl=unknown Poki Poki - Escondido
[827/2237] needs-browser  -                          curl=unknown The BLVD Bar
[828/2237] gated          -                          curl=unknown Trieu Chau Restaurant | Chinese • Cambodian
[829/2237] needs-browser  -                          curl=unknown BB's Deli
[830/2237] needs-browser  -                          curl=unknown Dot Cafe
[831/2237] fetch-failed   -                          curl=unknown Pazzos Italian
[832/2237] needs-browser  -                          curl=unknown Bronze Bird
[833/2237] fetch-failed   -                          curl=unknown Bar Kamon
[834/2237] needs-browser  -                          curl=unknown In The Mix Yogurt
[835/2237] fetch-failed   -                          curl=unknown Oyster & Pearl Bar Restaurant
[836/2237] gated          -                          curl=unknown Valentinas Taco Shop
[837/2237] filed          -                          curl=true    Ché Café
[838/2237] gated          -                          curl=unknown Pop's Pizza
[839/2237] filed          -                          curl=true    Blue Pepper Asian Cuisine
[840/2237] fetch-failed   -                          curl=unknown That Boy Good
[841/2237] fetch-failed   -                          curl=unknown Memo's Golden Bagel
[842/2237] needs-browser  -                          curl=unknown YGF Malatang
[843/2237] gated          -                          curl=unknown The Reunion
[844/2237] fetch-failed   -                          curl=unknown FroYo Love
[845/2237] needs-browser  -                          curl=unknown bb.q Chicken Vista
[846/2237] needs-browser  -                          curl=unknown Seaview Restaurant
[847/2237] needs-browser  -                          curl=unknown Premier Pub
[848/2237] gated          -                          curl=unknown The Lean Bean
[849/2237] needs-browser  -                          curl=unknown Iron Wok
[850/2237] needs-browser  -                          curl=unknown Eat Your Heart Out II
[851/2237] screened-out   -                          curl=unknown Kalei's Kitchenette
[852/2237] needs-browser  -                          curl=unknown Julian Station
[853/2237] needs-browser  -                          curl=unknown Tahini Authentic Middle Eastern Street Food - Mission Valley
[854/2237] needs-browser  -                          curl=unknown Origen
[855/2237] filed          -                          curl=true    Baja Rick's Cantina
[856/2237] needs-browser  -                          curl=unknown EL ENCANTO SD
[857/2237] gate-personal  -                          curl=unknown Quality Taste Pot
[858/2237] needs-browser  -                          curl=unknown Masala house Indian Restaurant & Catering
[859/2237] needs-browser  -                          curl=unknown Victor's Kafe - Poway
[860/2237] screened-out   -                          curl=unknown Rock On Pizza
[861/2237] fetch-failed   -                          curl=unknown Nana's and Pops Sweet Shop
[862/2237] filed          -                          curl=false   Sue's Korean Kitchen
[863/2237] fetch-failed   -                          curl=unknown Nory's Donut & Bakery
[864/2237] fetch-failed   -                          curl=unknown Al Teatro Panini Grill
[865/2237] gated          -                          curl=unknown Fruttos Yogurt
[866/2237] gated          -                          curl=unknown BEAURISTA COFFEE
[867/2237] needs-browser  -                          curl=unknown Delah Coffee - North Park
[868/2237] filed          -                          curl=true    Black Radish
[869/2237] gated          -                          curl=unknown Idego Coffee Roasters
[870/2237] needs-browser  -                          curl=unknown Mikiya Wagyu Shabu House
[871/2237] needs-browser  -                          curl=unknown Frutas
[872/2237] gated          -                          curl=unknown Explorers Café
[873/2237] needs-browser  -                          curl=unknown Jalisco Cantina
[874/2237] needs-browser  -                          curl=unknown Criscito Pizza
[875/2237] needs-browser  -                          curl=unknown Tacoman
[876/2237] needs-browser  -                          curl=unknown Nolberto's Taco Shop
[877/2237] screened-out   -                          curl=unknown La Ola Seafood
[878/2237] needs-browser  -                          curl=unknown Panini Kabob Grill - Westfield UTC
[879/2237] gate-personal  -                          curl=unknown 43 Area Mess Hall
[880/2237] needs-browser  -                          curl=unknown Liberty Wing Co
[881/2237] needs-browser  -                          curl=unknown NuYo Frozen Yogurt Eastlake
[882/2237] filed          -                          curl=true    Sweet Revenge Bakery
[883/2237] needs-browser  -                          curl=unknown Fan-Fan
[884/2237] needs-browser  -                          curl=unknown Great Khan's Mongolian Grill Carlsbad
[885/2237] needs-browser  -                          curl=unknown Captain's Quarters
[886/2237] needs-browser  -                          curl=unknown SHELTER Encinitas
[887/2237] gated          -                          curl=unknown Sideways Bar
[888/2237] needs-browser  -                          curl=unknown The Luau
[889/2237] needs-browser  -                          curl=unknown Hino
[890/2237] needs-browser  -                          curl=unknown Golden Spoon Yogurt
[891/2237] needs-browser  -                          curl=unknown Crispy Cones - Carlsbad
[892/2237] needs-browser  -                          curl=unknown Coral Tree Tea House
[893/2237] needs-browser  -                          curl=unknown Christophe Rull Patisserie
[894/2237] gated          -                          curl=unknown Better Buzz Coffee Del Mar
[895/2237] needs-browser  -                          curl=unknown N City Sports Lounge
[896/2237] needs-browser  -                          curl=unknown Prager Brothers Artisan Bread
[897/2237] fetch-failed   -                          curl=unknown P B Pub
[898/2237] needs-browser  -                          curl=unknown World Famous I Bar
[899/2237] filed          -                          curl=true    Coco & Jules Cookies
[900/2237] needs-browser  -                          curl=unknown Cafe Bella Midway
[901/2237] needs-browser  -                          curl=unknown Sushi MARU
[902/2237] needs-browser  -                          curl=unknown La Jollita
[903/2237] needs-browser  -                          curl=unknown Chin's Szechwan - Point Loma
[904/2237] needs-browser  -                          curl=unknown JOEHNS Coffee
[905/2237] needs-browser  -                          curl=unknown Thai Style
[906/2237] fetch-failed   -                          curl=unknown Mr. Charlie's
[907/2237] needs-browser  -                          curl=unknown Brown Bag Deli
[908/2237] needs-browser  -                          curl=unknown Aztec Food Hub
[909/2237] needs-browser  -                          curl=unknown The Halal Shack
[910/2237] fetch-failed   -                          curl=unknown One More Bite Dumpling--San Marcos
[911/2237] gated          -                          curl=unknown Pine Valley House Resort
[912/2237] fetch-failed   -                          curl=unknown Pier Pizza
[913/2237] needs-browser  -                          curl=unknown Tony’s Newport Cafe
[914/2237] needs-browser  -                          curl=unknown Penguin Yogurt Factory
[915/2237] needs-browser  -                          curl=unknown Tacos de Birria El Chinito Jr
[916/2237] needs-browser  -                          curl=unknown Dos Vaqueros Mexican Food
[917/2237] needs-browser  -                          curl=unknown Gong Cha
[918/2237] filed          -                          curl=true    Fairplay
[919/2237] fetch-failed   -                          curl=unknown Stagecoach Inn
[920/2237] needs-browser  -                          curl=unknown OB Quik Stop Liquor & OB Deli
[921/2237] needs-browser  -                          curl=unknown Taco Time Food Truck
[922/2237] gated          -                          curl=unknown Kona Coffee
[923/2237] gated          -                          curl=unknown Beach City Smoothies - Oceanside
[924/2237] needs-browser  -                          curl=unknown D Wings & Ribs
[925/2237] needs-browser  -                          curl=unknown The Elegant Truffle
[926/2237] needs-browser  -                          curl=unknown Shancheng Lameizi Hot Pot
[927/2237] needs-browser  -                          curl=unknown SHAKA Coffee
[928/2237] needs-browser  -                          curl=unknown ThirsTea - Boba, Rolled Ice Cream
[929/2237] needs-browser  -                          curl=unknown Millport
[930/2237] filed          -                          curl=true    Dreamwave Coffee
[931/2237] needs-browser  -                          curl=unknown Panorama Bar & Grill
[932/2237] gated          -                          curl=unknown Interim Coffee
[933/2237] needs-browser  -                          curl=unknown Seahorse Coffee
[934/2237] needs-browser  -                          curl=unknown Bonehead Burger Co.
[935/2237] gated          -                          curl=unknown Michi Michi Baking Collective
[936/2237] needs-browser  -                          curl=unknown Matoi
[937/2237] needs-browser  -                          curl=unknown Ichifuji Sushi
[938/2237] needs-browser  -                          curl=unknown Tsunami Modern Cuisine
[939/2237] filed          -                          curl=false   The Deli Stop
[940/2237] screened-out   -                          curl=unknown Lakes Market & Deli
[941/2237] needs-browser  -                          curl=unknown Cargo Cafe
[942/2237] needs-browser  -                          curl=unknown Concepto Pizza Co.
[943/2237] fetch-failed   -                          curl=unknown Rose D Amour Cafe
[944/2237] needs-browser  -                          curl=unknown Poki Poki - Encinitas
[945/2237] needs-browser  -                          curl=unknown JCK Asia Kitchen & Bar
[946/2237] filed          -                          curl=true    Corner Pizza Oceanside
[947/2237] needs-browser  -                          curl=unknown Parkys
[948/2237] needs-browser  -                          curl=unknown Trining's Bakery & Cafe
[949/2237] needs-browser  -                          curl=unknown Zhengxin Chicken Steak
[950/2237] gate-personal  -                          curl=unknown Shanghai Cuisine
[951/2237] gated          -                          curl=unknown Elixir Espresso Bar
[952/2237] needs-browser  -                          curl=unknown Sul & Beans
[953/2237] needs-browser  -                          curl=unknown Tita's Taco Shop
[954/2237] needs-browser  -                          curl=unknown CoLab Public House
[955/2237] filed          -                          curl=true    La Fresita Y Mas
[956/2237] needs-browser  -                          curl=unknown China Express
[957/2237] fetch-failed   -                          curl=unknown Pho Olala
[958/2237] needs-browser  -                          curl=unknown Little Joy Coffee Bar
[959/2237] needs-browser  -                          curl=unknown ZzanG Hotdog & Chicken
[960/2237] gate-personal  -                          curl=unknown Mr. Pulpo Sea Food
[961/2237] needs-browser  -                          curl=unknown Fuzziwig's Candy Factory
[962/2237] needs-browser  -                          curl=unknown Finca
[963/2237] needs-browser  -                          curl=unknown Hooked On Pokè
[964/2237] filed          -                          curl=true    Good Source Coffee
[965/2237] filed          -                          curl=true    Fresh Café
[966/2237] needs-browser  -                          curl=unknown Reds Whites and Brews
[967/2237] fetch-failed   -                          curl=unknown Hi!Dumplings
[968/2237] gated          -                          curl=unknown Hancock Street Cafe
[969/2237] needs-browser  -                          curl=unknown The Lean Machine Meal Prep
[970/2237] needs-browser  -                          curl=unknown EsKiNiTa
[971/2237] filed          -                          curl=true    The Modern Churro mexican food
[972/2237] needs-browser  -                          curl=unknown Sweetfin
[973/2237] fetch-failed   -                          curl=unknown Deano's Pub
[974/2237] needs-browser  -                          curl=unknown Saffron and Rose Persian Ice Cream Del Mar
[975/2237] needs-browser  -                          curl=unknown Daniel's Taco Shop
[976/2237] gate-personal  -                          curl=unknown Channel 2 Sports Bar
[977/2237] filed          -                          curl=true    Sunday Ice Cream
[978/2237] needs-browser  -                          curl=unknown Chen Golden Palace
[979/2237] gate-personal  -                          curl=unknown Chee-Chee Club
[980/2237] needs-browser  -                          curl=unknown Crest Taco
[981/2237] needs-browser  -                          curl=unknown Paris En Rose Bakery & Cafe
[982/2237] gated          -                          curl=unknown JAVA GARDEN
[983/2237] needs-browser  -                          curl=unknown Borrego Rooftop
[984/2237] needs-browser  -                          curl=unknown El Culichi - Birriería y Cenaduría
[985/2237] needs-browser  -                          curl=unknown Hot or Not Thai
[986/2237] needs-browser  -                          curl=unknown Spitfire Tacos - La Jolla
[987/2237] filed          -                          curl=false   Stella Jean's Ice Cream Pacific Beach
[988/2237] needs-browser  -                          curl=unknown Instant Replay
[989/2237] filed          -                          curl=true    Pina Smoothies Twin Peaks
[990/2237] fetch-failed   -                          curl=unknown Szechuan Chef Chinese Cuisine
[991/2237] fetch-failed   -                          curl=unknown 858 Burger
[992/2237] needs-browser  -                          curl=unknown Pure Green Carlsbad - smoothies + acai + cold-pressed juice
[993/2237] gated          -                          curl=unknown Bistro Kaz
[994/2237] gate-personal  -                          curl=unknown Rosa's Ice Cream and Fruit Bar
[995/2237] filed          -                          curl=true    Carino's Restaurant
[996/2237] needs-browser  -                          curl=unknown 8th & B Poke
[997/2237] needs-browser  -                          curl=unknown Flippin Pizza Encinitas
[998/2237] filed          -                          curl=true    Vanessa's Cocina Mexicana
[999/2237] gated          -                          curl=unknown The Landing Strip Restaurant and Bar
[1000/2237] filed          -                          curl=true    Hilltop Deli (Amy's)
[1001/2237] needs-browser  -                          curl=unknown Between Us
[1002/2237] filed          -                          curl=true    Sweet Spot
[1003/2237] needs-browser  -                          curl=unknown Danny's Deli - Jacumba
[1004/2237] needs-browser  -                          curl=unknown Mess Hall
[1005/2237] needs-browser  -                          curl=unknown Elote Restaurant
[1006/2237] fetch-failed   -                          curl=unknown Chef’s Wok & Dumplings
[1007/2237] filed          -                          curl=true    Thai2You Restaurant
[1008/2237] needs-browser  -                          curl=unknown When Pigs Fly BBQ
[1009/2237] needs-browser  -                          curl=unknown Yummy Spoon
[1010/2237] fetch-failed   -                          curl=unknown OB Garden Café
[1011/2237] needs-browser  -                          curl=unknown Wine Girl San Diego
[1012/2237] needs-browser  -                          curl=unknown Stella Jean's Ice Cream Kensington
[1013/2237] fetch-failed   -                          curl=unknown Long Story Irish Pub
[1014/2237] needs-browser  -                          curl=unknown Upper East
[1015/2237] needs-browser  -                          curl=unknown It's A Piece A Cake
[1016/2237] needs-browser  -                          curl=unknown City Dragon
[1017/2237] needs-browser  -                          curl=unknown San Diego Eagle
[1018/2237] needs-browser  -                          curl=unknown 24 Suns
[1019/2237] needs-browser  -                          curl=unknown Sundaes at The Del
[1020/2237] needs-browser  -                          curl=unknown The Island at Carlsbad
[1021/2237] needs-browser  -                          curl=unknown Perfect Pizza
[1022/2237] fetch-failed   -                          curl=unknown Kinchana
[1023/2237] needs-browser  -                          curl=unknown Capital One Cafe
[1024/2237] gated          -                          curl=unknown Kaki Sushi
[1025/2237] needs-browser  -                          curl=unknown Okavango Outpost
[1026/2237] needs-browser  -                          curl=unknown Canyon Vista Restaurant
[1027/2237] needs-browser  -                          curl=unknown Tender Hooligan
[1028/2237] gate-personal  -                          curl=unknown Yakumi Sushi SD
[1029/2237] needs-browser  -                          curl=unknown The Boochyard
[1030/2237] gated          -                          curl=unknown Bighorn Fudge LLC
[1031/2237] needs-browser  -                          curl=unknown Big City Bagels-(BCB Cafe)-North Park
[1032/2237] needs-browser  -                          curl=unknown Silver Gate Yacht Club
[1033/2237] needs-browser  -                          curl=unknown Cala La Jolla Café
[1034/2237] needs-browser  -                          curl=unknown Burger Bench Vista
[1035/2237] needs-browser  -                          curl=unknown Mikara Cafe
[1036/2237] fetch-failed   -                          curl=unknown Intazza Coffee Mug & Grub
[1037/2237] needs-browser  -                          curl=unknown Karihan Filipino Food
[1038/2237] needs-browser  -                          curl=unknown Elsa's Kitchen
[1039/2237] screened-out   -                          curl=unknown Agave Taco Shop
[1040/2237] needs-browser  -                          curl=unknown Spoon House
[1041/2237] needs-browser  -                          curl=unknown Ryan Bros Coffee City Heights
[1042/2237] needs-browser  -                          curl=unknown Abierto's Mexican Food
[1043/2237] needs-browser  -                          curl=unknown House of Pho
[1044/2237] needs-browser  -                          curl=unknown Hoffer's Cigar Bar
[1045/2237] needs-browser  -                          curl=unknown The Mission Bay Beach Club
[1046/2237] needs-browser  -                          curl=unknown Gloria's Taco Shop
[1047/2237] needs-browser  -                          curl=unknown Juice Alchemy
[1048/2237] needs-browser  -                          curl=unknown Mad Munch Grilled Cheezer Co.
[1049/2237] needs-browser  -                          curl=unknown JNC Pinoy Foodmart
[1050/2237] filed          -                          curl=true    Novecientos Grados by Tony Hawk
[1051/2237] needs-browser  -                          curl=unknown Pure Meal Prep SD
[1052/2237] needs-browser  -                          curl=unknown Fish With You ｜Spicy & Sour Fish Soup 鱼你在一起酸菜鱼
[1053/2237] gated          -                          curl=unknown Dine with Orcas
[1054/2237] needs-browser  -                          curl=unknown Carbonaro's
[1055/2237] wrong-branch   -                          curl=unknown Teriyaki Madness
[1056/2237] fetch-failed   -                          curl=unknown SD Cookie Guru
[1057/2237] needs-browser  -                          curl=unknown Cool Down Coffee
[1058/2237] needs-browser  -                          curl=unknown Thai Ladle
[1059/2237] needs-browser  -                          curl=unknown Goli
[1060/2237] needs-browser  -                          curl=unknown Leos Kitchen
[1061/2237] needs-browser  -                          curl=unknown Common Theory Chula Vista
[1062/2237] needs-browser  -                          curl=unknown Junction Bar & Grill
[1063/2237] gated          -                          curl=unknown Juice Kaboose
[1064/2237] needs-browser  -                          curl=unknown The Gärten
[1065/2237] needs-browser  -                          curl=unknown Smittys Downtown
[1066/2237] needs-browser  -                          curl=unknown Two Hands Corn Dog San Marcos
[1067/2237] needs-browser  -                          curl=unknown Taco Lounge Escaya
[1068/2237] filed          -                          curl=true    Chiim Thai
[1069/2237] needs-browser  -                          curl=unknown The Elwood
[1070/2237] needs-browser  -                          curl=unknown Tom's Chinese BBQ
[1071/2237] needs-browser  -                          curl=unknown Sultan Baklava Mediterranean Grill
[1072/2237] gated          -                          curl=unknown Godfather's Diner
[1073/2237] needs-browser  -                          curl=unknown La Nacional
[1074/2237] needs-browser  -                          curl=unknown Bear Roots Tavern
[1075/2237] needs-browser  -                          curl=unknown Juan Jasper Kitchen & Wine
[1076/2237] needs-browser  -                          curl=unknown JJANG Korean bbq
[1077/2237] needs-browser  -                          curl=unknown All Stars Sports Bar & Grill
[1078/2237] needs-browser  -                          curl=unknown Eggies
[1079/2237] gated          -                          curl=unknown Las Brazas Mexican Food
[1080/2237] needs-browser  -                          curl=unknown 2N1 Korean BBQ
[1081/2237] needs-browser  -                          curl=unknown Forbidden Cove
[1082/2237] gated          -                          curl=unknown The South Park Abbey
[1083/2237] wrong-branch   -                          curl=unknown Tasty Pizza Escondido LLC
[1084/2237] needs-browser  -                          curl=unknown Ma's House
[1085/2237] filed          -                          curl=true    The Wine Pub & Restaurant (Now Juno's)
[1086/2237] fetch-failed   -                          curl=unknown Deano's Pub East
[1087/2237] needs-browser  -                          curl=unknown DoughBoy's Grill
[1088/2237] filed          -                          curl=true    Angela's Eccentric Kitchen
[1089/2237] filed          -                          curl=true    Juice Stop Encinitas
[1090/2237] needs-browser  -                          curl=unknown Agave Bar and Grill
[1091/2237] needs-browser  -                          curl=unknown La Banana Fruits - Fruteria
[1092/2237] screened-out   -                          curl=unknown Angry Petes Pizza Point Loma
[1093/2237] gated          -                          curl=unknown Fuzz Coffee and Records
[1094/2237] needs-browser  -                          curl=unknown Picasso's Naturals
[1095/2237] needs-browser  -                          curl=unknown Understory Bar
[1096/2237] needs-browser  -                          curl=unknown Star Express
[1097/2237] needs-browser  -                          curl=unknown Filipino Grill
[1098/2237] needs-browser  -                          curl=unknown Nova Easy Kombucha
[1099/2237] gate-personal  -                          curl=unknown Taqueria Campos
[1100/2237] filed          -                          curl=false   Alohana Acai Bowls and Smoothies - Vista
[1101/2237] needs-browser  -                          curl=unknown Rad Habits Juice
[1102/2237] needs-browser  -                          curl=unknown Torreyana
[1103/2237] gate-personal  -                          curl=unknown La Corriente Coronado
[1104/2237] needs-browser  -                          curl=unknown Sushi Monster
[1105/2237] filed          -                          curl=false   Mama Made Thai
[1106/2237] needs-browser  -                          curl=unknown Spicy Noodle
[1107/2237] needs-browser  -                          curl=unknown Greek Gyros II
[1108/2237] needs-browser  -                          curl=unknown Dragon's Den
[1109/2237] needs-browser  -                          curl=unknown The Space Pad
[1110/2237] fetch-failed   -                          curl=unknown Quarter Deck Inn Cocktails
[1111/2237] needs-browser  -                          curl=unknown PB Poke House Oceanside
[1112/2237] gated          -                          curl=unknown Vista Bean Coffee
[1113/2237] fetch-failed   -                          curl=unknown Tierra Mia Coffee Drive Thru
[1114/2237] needs-browser  -                          curl=unknown Bowls N Brews
[1115/2237] gated          -                          curl=unknown Linda's Donuts
[1116/2237] needs-browser  -                          curl=unknown Ellie's Wood Fired Pizza
[1117/2237] needs-browser  -                          curl=unknown The Story Caffè
[1118/2237] needs-browser  -                          curl=unknown Village Pub
[1119/2237] needs-browser  -                          curl=unknown Alpine Chill
[1120/2237] screened-out   -                          curl=unknown Fiori’s Pizza
[1121/2237] needs-browser  -                          curl=unknown Mirin Kitchen
[1122/2237] needs-browser  -                          curl=unknown SusieCakes - Carlsbad Forum
[1123/2237] needs-browser  -                          curl=unknown Main Street Pour House - Vista
[1124/2237] needs-browser  -                          curl=unknown Aloha Ice Co
[1125/2237] needs-browser  -                          curl=unknown Tastea
[1126/2237] fetch-failed   -                          curl=unknown Harvey's
[1127/2237] needs-browser  -                          curl=unknown Thovo Mariscos & Birria
[1128/2237] needs-browser  -                          curl=unknown Mariscos y Miches El Patron
[1129/2237] gated          -                          curl=unknown KYODAI 23 SUSHI
[1130/2237] needs-browser  -                          curl=unknown Bag of Beans Cafe & Restaurant
[1131/2237] needs-browser  -                          curl=unknown Tutti Frutti
[1132/2237] gate-personal  -                          curl=unknown KJ Chinese Restaurant
[1133/2237] needs-browser  -                          curl=unknown Pizza 22
[1134/2237] needs-browser  -                          curl=unknown Coffee Wave
[1135/2237] needs-browser  -                          curl=unknown Granny's Apple Fries
[1136/2237] needs-browser  -                          curl=unknown The Candy Pushers
[1137/2237] filed          -                          curl=true    Vigilante Coffee Vista
[1138/2237] needs-browser  -                          curl=unknown Hometown Taste
[1139/2237] gated          -                          curl=unknown Litas Fish Market - Oceanside
[1140/2237] fetch-failed   -                          curl=unknown Vica’s Cafe
[1141/2237] needs-browser  -                          curl=unknown Odysea Lounge
[1142/2237] needs-browser  -                          curl=unknown Parakeet Cafe - Carlsbad
[1143/2237] gate-personal  -                          curl=unknown Saki Saki Sushi Bar & Grill
[1144/2237] needs-browser  -                          curl=unknown Seven Seas Roasting
[1145/2237] needs-browser  -                          curl=unknown Kilowatt Craft Beer & Cocktails Oceanside
[1146/2237] needs-browser  -                          curl=unknown Galata Turkish Ice Cream
[1147/2237] gated          -                          curl=unknown Bowl To Go
[1148/2237] fetch-failed   -                          curl=unknown Juice Adventure
[1149/2237] needs-browser  -                          curl=unknown Marathon Coffee
[1150/2237] needs-browser  -                          curl=unknown El Mercadito
[1151/2237] needs-browser  -                          curl=unknown Unique Sandwiches
[1152/2237] filed          -                          curl=true    Marta
[1153/2237] needs-browser  -                          curl=unknown Frank's Bakery - Gibaldi's Italian Bread
[1154/2237] needs-browser  -                          curl=unknown Star Dust Donut Shop
[1155/2237] fetch-failed   -                          curl=unknown Cheers
[1156/2237] filed          -                          curl=true    Mi Amigo Mexican Food & Sea
[1157/2237] filed          -                          curl=true    Snow Pops San Diego - Snow Pops SD
[1158/2237] needs-browser  -                          curl=unknown Java Earth Coffee
[1159/2237] needs-browser  -                          curl=unknown Taqueria Daily Fresh
[1160/2237] needs-browser  -                          curl=unknown Cj Lounge
[1161/2237] needs-browser  -                          curl=unknown Las Michoacanas
[1162/2237] filed          -                          curl=true    Sunny Scoops
[1163/2237] needs-browser  -                          curl=unknown Tutti Frutti Frozen Yogurt
[1164/2237] fetch-failed   -                          curl=unknown Ferlini Coffee
[1165/2237] needs-browser  -                          curl=unknown Los Cucos Mexican Food
[1166/2237] filed          -                          curl=true    Leu Leu
[1167/2237] needs-browser  -                          curl=unknown The Craft Taco at The Nat
[1168/2237] needs-browser  -                          curl=unknown Meadiocrity Mead
[1169/2237] needs-browser  -                          curl=unknown Ten Seconds Yunnan Rice Noodle
[1170/2237] fetch-failed   -                          curl=unknown Bang Bang
[1171/2237] fetch-failed   -                          curl=unknown Jungle Tea
[1172/2237] needs-browser  -                          curl=unknown Mein St. Asian Kitchen
[1173/2237] needs-browser  -                          curl=unknown Ocean View Bar & Grill
[1174/2237] gated          -                          curl=unknown The Chicken Snack Shack
[1175/2237] needs-browser  -                          curl=unknown Golden Spoon Carlsbad Plaza
[1176/2237] needs-browser  -                          curl=unknown Papa's Pizza
[1177/2237] wrong-branch   -                          curl=unknown Burros and Fries
[1178/2237] needs-browser  -                          curl=unknown Bar Traza
[1179/2237] needs-browser  -                          curl=unknown Cup of Yo
[1180/2237] filed          -                          curl=false   Pho Ever Carlsbad
[1181/2237] needs-browser  -                          curl=unknown OB Smoothies Bar & Subs
[1182/2237] needs-browser  -                          curl=unknown Midnight Animal Coffee
[1183/2237] filed          -                          curl=true    Chen's Kitchen
[1184/2237] needs-browser  -                          curl=unknown Café Ventanas
[1185/2237] fetch-failed   -                          curl=unknown Sher the love of cooking
[1186/2237] gated          -                          curl=unknown Hibisco Tacos and More
[1187/2237] needs-browser  -                          curl=unknown Xolotacos
[1188/2237] needs-browser  -                          curl=unknown Rise + Shine Coffee Shop
[1189/2237] needs-browser  -                          curl=unknown Park Commons
[1190/2237] fetch-failed   -                          curl=unknown Bobalicious
[1191/2237] needs-browser  -                          curl=unknown Badas Burgers Food Truck
[1192/2237] needs-browser  -                          curl=unknown Crab City (La Jolla Cove)
[1193/2237] wrong-branch   -                          curl=unknown Nékter Juice Bar
[1194/2237] needs-browser  -                          curl=unknown Hongyuan Kebab
[1195/2237] needs-browser  -                          curl=unknown moonbowls (Healthy Korean Bowls- Boston Ave)
[1196/2237] screened-out   -                          curl=unknown Little Sisters Pizza
[1197/2237] gated          -                          curl=unknown Mamma Pinsa
[1198/2237] needs-browser  -                          curl=unknown Coastal Cantina
[1199/2237] gated          -                          curl=unknown Colima's Mexican Foods
[1200/2237] filed          -                          curl=true    Pure Fruit Bar & Deli LLC
[1201/2237] wrong-branch   -                          curl=unknown La michoacana Plus San Diego #2
[1202/2237] needs-browser  -                          curl=unknown Rumorosa
[1203/2237] gate-personal  -                          curl=unknown Sourdough & moore
[1204/2237] needs-browser  -                          curl=unknown Crown Landing
[1205/2237] filed          -                          curl=false   Brunch at Hotel del Coronado
[1206/2237] filed          -                          curl=true    Ibis Market
[1207/2237] gate-personal  -                          curl=unknown Señor Taquero Taco Shop
[1208/2237] needs-browser  -                          curl=unknown Brites Soft Serve
[1209/2237] gated          -                          curl=unknown Arteazen Handcrafted Tea
[1210/2237] needs-browser  -                          curl=unknown Kim's Bar-B-Que
[1211/2237] needs-browser  -                          curl=unknown K & K Orient Valley Food Center
[1212/2237] needs-browser  -                          curl=unknown Lilo
[1213/2237] needs-browser  -                          curl=unknown Crickets
[1214/2237] needs-browser  -                          curl=unknown The Coffee Cart Café & Espresso Catering
[1215/2237] filed          -                          curl=true    Jamul Meat Market
[1216/2237] needs-browser  -                          curl=unknown Harissa Mediterranean Kitchen
[1217/2237] fetch-failed   -                          curl=unknown Himalayan Chulo
[1218/2237] needs-browser  -                          curl=unknown Elite Baking
[1219/2237] needs-browser  -                          curl=unknown Ululani's San Diego
[1220/2237] needs-browser  -                          curl=unknown PB Oriental
[1221/2237] filed          -                          curl=false   Merenda
[1222/2237] needs-browser  -                          curl=unknown Uncle Feras Middle Eastern Restaurant
[1223/2237] needs-browser  -                          curl=unknown PKI Sushi
[1224/2237] needs-browser  -                          curl=unknown Sai Japanese Bistro
[1225/2237] needs-browser  -                          curl=unknown Carne & Hueso
[1226/2237] needs-browser  -                          curl=unknown Mantra Raja
[1227/2237] needs-browser  -                          curl=unknown Embolden Beer Co.
[1228/2237] gate-personal  -                          curl=unknown Landshark Bar & Grill
[1229/2237] needs-browser  -                          curl=unknown Sam's Donuts Shop
[1230/2237] needs-browser  -                          curl=unknown Leucadia Pizza
[1231/2237] needs-browser  -                          curl=unknown Del Cerro Pizza
[1232/2237] gated          -                          curl=unknown Spicy Lao Kitchen
[1233/2237] gated          -                          curl=unknown La Cocina De Anita
[1234/2237] needs-browser  -                          curl=unknown Pho Ha Noi Asian Cuisine
[1235/2237] filed          -                          curl=true    The Oasis Patio Bar
[1236/2237] screened-out   -                          curl=unknown Tasty house 味来
[1237/2237] needs-browser  -                          curl=unknown Mexican & Seafood Restaurant
[1238/2237] gate-personal  -                          curl=unknown Tacos La Chorreada
[1239/2237] needs-browser  -                          curl=unknown Dang Brother Camp Pendleton 22 Area
[1240/2237] needs-browser  -                          curl=unknown Barrio Coffee
[1241/2237] needs-browser  -                          curl=unknown Dark Horse Japanese Nikkei Cuisine
[1242/2237] needs-browser  -                          curl=unknown VUE
[1243/2237] needs-browser  -                          curl=unknown Rocko's Family Restaurant
[1244/2237] needs-browser  -                          curl=unknown Lilian's
[1245/2237] needs-browser  -                          curl=unknown Mariscos La Chalupa #1 - Seafood Truck
[1246/2237] needs-browser  -                          curl=unknown Bayside Bar & Grill
[1247/2237] gate-personal  -                          curl=unknown Bubbles & Brews Cafe
[1248/2237] needs-browser  -                          curl=unknown Go Greek Authentic Yogurteria
[1249/2237] needs-browser  -                          curl=unknown Skyline Cafe
[1250/2237] needs-browser  -                          curl=unknown Tous les Jours
[1251/2237] needs-browser  -                          curl=unknown Canton Bakery by Meta Sweets
[1252/2237] needs-browser  -                          curl=unknown Cherry Bomb
[1253/2237] gated          -                          curl=unknown Sieu Sieu BBQ
[1254/2237] needs-browser  -                          curl=unknown JRs Grill / G Street Deli
[1255/2237] needs-browser  -                          curl=unknown 24 Area Messhall
[1256/2237] gated          -                          curl=unknown Kyoto Coast Matcha
[1257/2237] needs-browser  -                          curl=unknown RomBomb Burger
[1258/2237] needs-browser  -                          curl=unknown AMICIBAR
[1259/2237] filed          -                          curl=true    For The Win - San Diego
[1260/2237] needs-browser  -                          curl=unknown Tap That
[1261/2237] filed          -                          curl=true    Giovanetti’s Italian Cuisine
[1262/2237] gate-personal  -                          curl=unknown Tacos El Villasana
[1263/2237] needs-browser  -                          curl=unknown The Pearl Restaurant
[1264/2237] fetch-failed   -                          curl=unknown Mariscos La Morena
[1265/2237] gated          -                          curl=unknown Beach wolf
[1266/2237] filed          -                          curl=true    MAKE Cafe
[1267/2237] needs-browser  -                          curl=unknown CUPPA CUPPA COFFEE LAB
[1268/2237] fetch-failed   -                          curl=unknown Happytime Tea
[1269/2237] needs-browser  -                          curl=unknown Flour Atelier
[1270/2237] gated          -                          curl=unknown Pho Tan
[1271/2237] needs-browser  -                          curl=unknown Zuma San Diego
[1272/2237] needs-browser  -                          curl=unknown Pizza Kaiju
[1273/2237] needs-browser  -                          curl=unknown Witherby Bar & Restaurant
[1274/2237] needs-browser  -                          curl=unknown Donburi Rice Bowls
[1275/2237] needs-browser  -                          curl=unknown Knights' Smokehouse BBQ
[1276/2237] needs-browser  -                          curl=unknown Yogurt Lounge Serra Mesa
[1277/2237] needs-browser  -                          curl=unknown Truva
[1278/2237] needs-browser  -                          curl=unknown ALBACA
[1279/2237] needs-browser  -                          curl=unknown Lapper Kitchen + Tap
[1280/2237] wrong-branch   -                          curl=unknown Nobibi Convoy
[1281/2237] needs-browser  -                          curl=unknown Theresa's Italian Steakhouse
[1282/2237] needs-browser  -                          curl=unknown Imperial Palace
[1283/2237] gated          -                          curl=unknown Lady M Cake Boutique - San Diego
[1284/2237] needs-browser  -                          curl=unknown Swagyu Burger Bar
[1285/2237] needs-browser  -                          curl=unknown Roppongi
[1286/2237] needs-browser  -                          curl=unknown TP TEA – San Diego
[1287/2237] gated          -                          curl=unknown Tina's Baking Addiction
[1288/2237] gated          -                          curl=unknown Kiku Room
[1289/2237] needs-browser  -                          curl=unknown Kim's Deli
[1290/2237] fetch-failed   -                          curl=unknown Coffee Culture
[1291/2237] needs-browser  -                          curl=unknown The Cove Bar & Grill
[1292/2237] needs-browser  -                          curl=unknown Over The Tap
[1293/2237] filed          -                          curl=true    Mr. Buffalo Fries
[1294/2237] filed          -                          curl=true    Qin West
[1295/2237] needs-browser  -                          curl=unknown Vinh Long Food To Go
[1296/2237] filed          -                          curl=true    Origen Coffee Roasters
[1297/2237] filed          -                          curl=true    Mary's Salads
[1298/2237] needs-browser  -                          curl=unknown The Sushi Stand
[1299/2237] fetch-failed   -                          curl=unknown My Vegan Pie
[1300/2237] needs-browser  -                          curl=unknown Taco Loco
[1301/2237] needs-browser  -                          curl=unknown Poki Poki Carlsbad - Boba & Brewski
[1302/2237] needs-browser  -                          curl=unknown Treo Kitchen + Bar
[1303/2237] fetch-failed   -                          curl=unknown Yas Lounge
[1304/2237] gated          -                          curl=unknown Espresso Mio
[1305/2237] gated          -                          curl=unknown Ching's Famous Hopia
[1306/2237] needs-browser  -                          curl=unknown Kaluú Upscale Mexican & Lounge
[1307/2237] gate-personal  -                          curl=unknown Tacos el Niño Santana
[1308/2237] needs-browser  -                          curl=unknown Suspiros Cakes Chula Vista
[1309/2237] filed          -                          curl=true    Fiesta Mexican Grille
[1310/2237] gated          -                          curl=unknown Muse Cheesecakes & Bakery
[1311/2237] gated          -                          curl=unknown Campus Cafe
[1312/2237] gate-personal  -                          curl=unknown Sabroso taco savor a mi tierra
[1313/2237] needs-browser  -                          curl=unknown Sr. Taquito
[1314/2237] needs-browser  -                          curl=unknown Cafe Aero
[1315/2237] gated          -                          curl=unknown LJ Crafted Wines - Wines & Tastings
[1316/2237] needs-browser  -                          curl=unknown Teuscher Chocolates San Diego
[1317/2237] filed          -                          curl=true    Dame Más Cafeina
[1318/2237] needs-browser  -                          curl=unknown El Rinconcito Fruteria
[1319/2237] gated          -                          curl=unknown Necter Juice Bar
[1320/2237] needs-browser  -                          curl=unknown Brain Freeze Premium Frozen Yogurt & Ice Cream of Bonsall
[1321/2237] needs-browser  -                          curl=unknown Parakeet Cafe - Nautilus
[1322/2237] filed          -                          curl=true    Gather
[1323/2237] needs-browser  -                          curl=unknown Presotea
[1324/2237] needs-browser  -                          curl=unknown The Coffee Bar at Foothills Church
[1325/2237] screened-out   -                          curl=unknown Milo’s Pizza & Deli
[1326/2237] needs-browser  -                          curl=unknown J Crepe & Cafe
[1327/2237] needs-browser  -                          curl=unknown Old Hickory Steakhouse
[1328/2237] filed          -                          curl=false   Lezat Indonesian Kitchen
[1329/2237] gated          -                          curl=unknown D'liteful Chocolat
[1330/2237] gated          -                          curl=unknown Mission Donut House
[1331/2237] needs-browser  -                          curl=unknown Oakberry Açaí bowls
[1332/2237] needs-browser  -                          curl=unknown Fat Tuesday
[1333/2237] filed          -                          curl=true    Imperial Beach Kitchen
[1334/2237] needs-browser  -                          curl=unknown Baklava King
[1335/2237] needs-browser  -                          curl=unknown Asado Gaucho - Argentinian Meat Dining Experience
[1336/2237] gated          -                          curl=unknown Common Grounds Cafe - MCRD Base
[1337/2237] gate-personal  -                          curl=unknown 12 HRS MATCHA CAFE
[1338/2237] fetch-failed   -                          curl=unknown CRAVE Mediterranean Grill
[1339/2237] needs-browser  -                          curl=unknown Tasty Donuts
[1340/2237] needs-browser  -                          curl=unknown Loma Salad Bar
[1341/2237] needs-browser  -                          curl=unknown Blendees
[1342/2237] gated          -                          curl=unknown The Nutrition Place
[1343/2237] needs-browser  -                          curl=unknown NuYo Frozen Yogurt Encinitas
[1344/2237] needs-browser  -                          curl=unknown Poke One N Half
[1345/2237] needs-browser  -                          curl=unknown Lambers Chinese Bakery
[1346/2237] filed          -                          curl=true    Old Town Eatery
[1347/2237] needs-browser  -                          curl=unknown Killer Whale Creamery
[1348/2237] needs-browser  -                          curl=unknown Jamal's Chicken
[1349/2237] needs-browser  -                          curl=unknown Bruster's Real Ice Cream
[1350/2237] needs-browser  -                          curl=unknown Nomada
[1351/2237] needs-browser  -                          curl=unknown Bros Kabob
[1352/2237] needs-browser  -                          curl=unknown Charade Speakeasy
[1353/2237] needs-browser  -                          curl=unknown Hooked on Poke
[1354/2237] needs-browser  -                          curl=unknown Sunny Dumpling House
[1355/2237] filed          -                          curl=false   Cha Cha Tea Spot
[1356/2237] needs-browser  -                          curl=unknown Off the Vine Gardens Deli And Catering
[1357/2237] needs-browser  -                          curl=unknown Alona’s Caketots
[1358/2237] filed          -                          curl=true    Mamamia Pizza Kitchen
[1359/2237] gated          -                          curl=unknown S T U D I O Restaurant + Bar
[1360/2237] needs-browser  -                          curl=unknown Cafe Pascale Grill & Deli
[1361/2237] filed          -                          curl=true    Tres Hermanos Locos Tacos
[1362/2237] filed          -                          curl=false   Taqueria El Patron
[1363/2237] needs-browser  -                          curl=unknown Bean Box
[1364/2237] needs-browser  -                          curl=unknown SINTA
[1365/2237] needs-browser  -                          curl=unknown chance's coffee
[1366/2237] screened-out   -                          curl=unknown GOLDEN DRAGON ASIAN CUISINE
[1367/2237] gated          -                          curl=unknown Golden Dragon
[1368/2237] needs-browser  -                          curl=unknown TOUS les JOURS Bakery Café - National City
[1369/2237] gated          -                          curl=unknown Cleopatra's Lounge
[1370/2237] filed          -                          curl=true    Italian Cucina
[1371/2237] needs-browser  -                          curl=unknown Hannegan’s House Beer Co & Creamery
[1372/2237] filed          -                          curl=false   Torta Time
[1373/2237] needs-browser  -                          curl=unknown Manor Coffee Bar
[1374/2237] needs-browser  -                          curl=unknown Divina Matcha
[1375/2237] needs-browser  -                          curl=unknown Pure Squeeze
[1376/2237] needs-browser  -                          curl=unknown La Clochette
[1377/2237] needs-browser  -                          curl=unknown Izakaya Maíze
[1378/2237] needs-browser  -                          curl=unknown Momo Sando&Omakase
[1379/2237] gated          -                          curl=unknown McConnell's Fine Ice Creams - Carlsbad
[1380/2237] needs-browser  -                          curl=unknown Playa Azul Mariscos Restaurant
[1381/2237] needs-browser  -                          curl=unknown Amuse Lounge and Patio
[1382/2237] wrong-branch   -                          curl=unknown Chefs Cafe
[1383/2237] needs-browser  -                          curl=unknown Tower39 Rooftop Lounge
[1384/2237] gated          -                          curl=unknown Mama’s Boy Cookies
[1385/2237] gate-personal  -                          curl=unknown 102 Scone Co.
[1386/2237] fetch-failed   -                          curl=unknown SciEats (Nonprofit Eatery)
[1387/2237] needs-browser  -                          curl=unknown Honey Cafe & Store
[1388/2237] needs-browser  -                          curl=unknown Qualcomm Cafe Q
[1389/2237] needs-browser  -                          curl=unknown Jaguar Paw
[1390/2237] needs-browser  -                          curl=unknown Ohana Nutrition
[1391/2237] needs-browser  -                          curl=unknown Pasta Design
[1392/2237] gate-personal  -                          curl=unknown Cocina De Ledezma LLC
[1393/2237] needs-browser  -                          curl=unknown Market St Pizzeria
[1394/2237] fetch-failed   -                          curl=unknown Warner Springs Golf Shop & Grill
[1395/2237] needs-browser  -                          curl=unknown The Sanctuary by The Lost Abbey
[1396/2237] needs-browser  -                          curl=unknown TJ BURRITO Co.
[1397/2237] needs-browser  -                          curl=unknown Linda's Yogurt & Deli
[1398/2237] filed          -                          curl=true    Neon Moon Bar
[1399/2237] fetch-failed   -                          curl=unknown Delicia's Taco Shop
[1400/2237] filed          -                          curl=true    All That Shabu
[1401/2237] needs-browser  -                          curl=unknown Bivouac Adventure Lodge Coffee Shop
[1402/2237] filed          -                          curl=true    High Marea
[1403/2237] filed          -                          curl=false   Inka'fe SD Coffee Shop
[1404/2237] needs-browser  -                          curl=unknown Papa Bambino's
[1405/2237] wrong-branch   -                          curl=unknown Cosmos Burger Carlsbad
[1406/2237] needs-browser  -                          curl=unknown LUCIEN
[1407/2237] needs-browser  -                          curl=unknown Michael's in Borrego
[1408/2237] needs-browser  -                          curl=unknown Cake
[1409/2237] needs-browser  -                          curl=unknown The Bar at Moniker General
[1410/2237] needs-browser  -                          curl=unknown Cafe X: By Any Beans Necessary
[1411/2237] needs-browser  -                          curl=unknown Weir Beer
[1412/2237] needs-browser  -                          curl=unknown Boba Tea Spot
[1413/2237] needs-browser  -                          curl=unknown Veranda
[1414/2237] needs-browser  -                          curl=unknown Una Mas on Adams
[1415/2237] gate-personal  -                          curl=unknown Lemon City Taphouse
[1416/2237] needs-browser  -                          curl=unknown Moniker Coffee Co. at The Craft Creamery
[1417/2237] needs-browser  -                          curl=unknown Noodles - Authentic Asian Cuisine
[1418/2237] gate-personal  -                          curl=unknown Honney Doffee Coffee
[1419/2237] gated          -                          curl=unknown Panaderia Fuentes
[1420/2237] needs-browser  -                          curl=unknown Cargo Cafe - Sorrento Valley
[1421/2237] needs-browser  -                          curl=unknown One of Us
[1422/2237] needs-browser  -                          curl=unknown Gold Coffee Shop
[1423/2237] needs-browser  -                          curl=unknown The Coffee House at North Coast Church
[1424/2237] needs-browser  -                          curl=unknown L55
[1425/2237] needs-browser  -                          curl=unknown Cali Banh Mi
[1426/2237] needs-browser  -                          curl=unknown Montebello
[1427/2237] fetch-failed   -                          curl=unknown Dream Fountain Catering
[1428/2237] needs-browser  -                          curl=unknown The Golf Bar
[1429/2237] needs-browser  -                          curl=unknown Parakeet Juicery - La Jolla
[1430/2237] needs-browser  -                          curl=unknown Refresh Coffee
[1431/2237] filed          -                          curl=true    The Grillery
[1432/2237] needs-browser  -                          curl=unknown Purl Tea San Marcos
[1433/2237] gated          -                          curl=unknown Nova Boba and Coffee shop
[1434/2237] filed          -                          curl=true    The San Diego Taco Truck
[1435/2237] needs-browser  -                          curl=unknown Culture Craft Coffee & Espresso
[1436/2237] filed          -                          curl=true    Raspados Shave Ice
[1437/2237] gate-personal  -                          curl=unknown Little Fawn
[1438/2237] needs-browser  -                          curl=unknown Milonga Empanadas
[1439/2237] needs-browser  -                          curl=unknown Ba Le French Sandwich Shop
[1440/2237] needs-browser  -                          curl=unknown CHERRYBOMB EC
[1441/2237] needs-browser  -                          curl=unknown Pita Pit
[1442/2237] needs-browser  -                          curl=unknown Tazza D'Oro
[1443/2237] needs-browser  -                          curl=unknown Cakey Bakey
[1444/2237] needs-browser  -                          curl=unknown Cargo Cafe - Paseo Del Mar
[1445/2237] needs-browser  -                          curl=unknown Balboa Candy
[1446/2237] needs-browser  -                          curl=unknown Milonga Empanadas Fashion Valley
[1447/2237] needs-browser  -                          curl=unknown Pompei Pizza
[1448/2237] needs-browser  -                          curl=unknown Las Ricas Tortas
[1449/2237] filed          -                          curl=true    Ho Wan Noodle Shop
[1450/2237] needs-browser  -                          curl=unknown All Things Ube Desserts
[1451/2237] needs-browser  -                          curl=unknown Pub 1795
[1452/2237] gate-personal  -                          curl=unknown Drinky Promise
[1453/2237] needs-browser  -                          curl=unknown Bird-N-Bun
[1454/2237] needs-browser  -                          curl=unknown Copa Vida Torrey Ridge
[1455/2237] screened-out   -                          curl=unknown Capriotti's Sandwich Shop
[1456/2237] gated          -                          curl=unknown OMG Crêpes
[1457/2237] gated          -                          curl=unknown Los Primos Panaderia
[1458/2237] needs-browser  -                          curl=unknown Elegance On Display
[1459/2237] filed          -                          curl=false   Al Umaraa Restaurant & Market
[1460/2237] needs-browser  -                          curl=unknown Plant Power Fast Food Digital Kitchen
[1461/2237] gate-personal  -                          curl=unknown 5 O'Clock Somewhere Rooftop Bar
[1462/2237] needs-browser  -                          curl=unknown Poki Poki & Dragonitea - Fallbrook
[1463/2237] filed          -                          curl=true    Party Time Liquor
[1464/2237] needs-browser  -                          curl=unknown Beard Papa’s San Diego
[1465/2237] gated          -                          curl=unknown Better Buzz Coffee Santee
[1466/2237] needs-browser  -                          curl=unknown Route 6 Coffee & Smoothies
[1467/2237] needs-browser  -                          curl=unknown Pink Buddha
[1468/2237] filed          -                          curl=true    Urban Skillet San Diego
[1469/2237] filed          -                          curl=true    Feisty Kate's Burgers and Malts
[1470/2237] needs-browser  -                          curl=unknown Krak Boba
[1471/2237] filed          -                          curl=true    Sourpuss Donuts
[1472/2237] needs-browser  -                          curl=unknown Scena Fusion Kitchen & Bar
[1473/2237] needs-browser  -                          curl=unknown Johnny Radz Pizza
[1474/2237] fetch-failed   -                          curl=unknown We Cookn
[1475/2237] wrong-branch   -                          curl=unknown Grab & Go
[1476/2237] needs-browser  -                          curl=unknown Ziggi's Coffee
[1477/2237] gated          -                          curl=unknown Phoenix Dessert - San Diego
[1478/2237] needs-browser  -                          curl=unknown Thorntree Terrace
[1479/2237] needs-browser  -                          curl=unknown FLAVORFUL Dessert Atelier
[1480/2237] gated          -                          curl=unknown Ramones Mexican BBQ
[1481/2237] needs-browser  -                          curl=unknown Panini Kabob Grill - Park 12
[1482/2237] needs-browser  -                          curl=unknown Pala Cafe
[1483/2237] filed          -                          curl=true    The Loft at UC San Diego
[1484/2237] needs-browser  -                          curl=unknown Clara's Kitchen ( Soul Food) Micro-enterprise Home Kitchen
[1485/2237] needs-browser  -                          curl=unknown The Cakery
[1486/2237] needs-browser  -                          curl=unknown Blue Bowl Superfoods - Oceanside
[1487/2237] gate-personal  -                          curl=unknown Carnitas la Bendición
[1488/2237] needs-browser  -                          curl=unknown The Cakery Cafe
[1489/2237] gated          -                          curl=unknown Ground Up Cafe
[1490/2237] gated          -                          curl=unknown Birria el Chavita
[1491/2237] needs-browser  -                          curl=unknown Dole Whip
[1492/2237] gate-personal  -                          curl=unknown French Secret Pastry (Pre-Order Only)
[1493/2237] fetch-failed   -                          curl=unknown Shabu Spot
[1494/2237] needs-browser  -                          curl=unknown Lonchera Mariscos El Gordo
[1495/2237] needs-browser  -                          curl=unknown Rank & File
[1496/2237] needs-browser  -                          curl=unknown Pelican's on the Bay
[1497/2237] gated          -                          curl=unknown Le Charcuterie Bar
[1498/2237] needs-browser  -                          curl=unknown Silver Hoof Creamery
[1499/2237] needs-browser  -                          curl=unknown Altered State venue
[1500/2237] needs-browser  -                          curl=unknown The Trap Shack
[1501/2237] gate-personal  -                          curl=unknown Salt & Fin
[1502/2237] needs-browser  -                          curl=unknown Seven Seas Roasting Co.
[1503/2237] gate-personal  -                          curl=unknown Jaybird Superette
[1504/2237] gated          -                          curl=unknown Loving Hut Vegan Express (City Heights/Talmadge)
[1505/2237] needs-browser  -                          curl=unknown Sunright Tea Studio
[1506/2237] gated          -                          curl=unknown Come Back Coffee Co.
[1507/2237] needs-browser  -                          curl=unknown Teaspoon Escondido
[1508/2237] gate-personal  -                          curl=unknown La Rikura Mexican Food
[1509/2237] filed          -                          curl=true    Emerald Chinese Cuisine
[1510/2237] gate-personal  -                          curl=unknown Tamales Oaxaquenos
[1511/2237] filed          -                          curl=false   El Cajon taco shop
[1512/2237] needs-browser  -                          curl=unknown J & J's Mexican Food
[1513/2237] needs-browser  -                          curl=unknown The Cafe
[1514/2237] gated          -                          curl=unknown Tako
[1515/2237] gate-personal  -                          curl=unknown Zodiac Boba
[1516/2237] gate-personal  -                          curl=unknown Super Smoothies
[1517/2237] needs-browser  -                          curl=unknown Dr Boochart
[1518/2237] fetch-failed   -                          curl=unknown Beach Sweets
[1519/2237] needs-browser  -                          curl=unknown Tamales Escondido
[1520/2237] needs-browser  -                          curl=unknown Claudia’s Tea House
[1521/2237] needs-browser  -                          curl=unknown Huy Ky Bakery
[1522/2237] needs-browser  -                          curl=unknown The Honor Bar
[1523/2237] needs-browser  -                          curl=unknown Subterranean Coffee Drive thru
[1524/2237] needs-browser  -                          curl=unknown Shake Bar & Lounge
[1525/2237] fetch-failed   -                          curl=unknown Savvy Macs, Inc.
[1526/2237] filed          -                          curl=true    Hong Kong Kitchen & Dimsum
[1527/2237] needs-browser  -                          curl=unknown 85°C Bakery Cafe-Santee
[1528/2237] wrong-branch   -                          curl=unknown ALOHA GRILL
[1529/2237] needs-browser  -                          curl=unknown The Funky Frenchie (Lemon Grove)
[1530/2237] fetch-failed   -                          curl=unknown Candy Land
[1531/2237] needs-browser  -                          curl=unknown NuYo Frozen Yogurt Solana Beach
[1532/2237] needs-browser  -                          curl=unknown Fres.Co
[1533/2237] gated          -                          curl=unknown Bistro at the Pier
[1534/2237] needs-browser  -                          curl=unknown Knead Artisan Bakery
[1535/2237] filed          -                          curl=true    Bücha Hard Kombucha
[1536/2237] needs-browser  -                          curl=unknown Devil and Angel
[1537/2237] needs-browser  -                          curl=unknown 6 7 Deli & Pizza
[1538/2237] needs-browser  -                          curl=unknown F Street Cafe
[1539/2237] filed          -                          curl=true    Olive Branch Eatery
[1540/2237] needs-browser  -                          curl=unknown Viewpoint Kitchen + Bar
[1541/2237] needs-browser  -                          curl=unknown Golden Grill
[1542/2237] needs-browser  -                          curl=unknown Corner Office Pizza and Craft Bar
[1543/2237] needs-browser  -                          curl=unknown Gandolfo's New York Deli
[1544/2237] needs-browser  -                          curl=unknown Dockside Casual Seafood Counter
[1545/2237] fetch-failed   -                          curl=unknown Phology Noodle House - Pho Vietnamese Chula Vista CA
[1546/2237] needs-browser  -                          curl=unknown Cafe Nordstrom
[1547/2237] needs-browser  -                          curl=unknown Pizza Grande
[1548/2237] needs-browser  -                          curl=unknown The Red Barn
[1549/2237] filed          -                          curl=true    Jery's Pizza
[1550/2237] needs-browser  -                          curl=unknown Bianchi Pizza & Pasta
[1551/2237] needs-browser  -                          curl=unknown The MRKT
[1552/2237] needs-browser  -                          curl=unknown The Morning Grove
[1553/2237] needs-browser  -                          curl=unknown Zest Wine Bistro
[1554/2237] fetch-failed   -                          curl=unknown SAKE BAR GAGA
[1555/2237] needs-browser  -                          curl=unknown Stratus Restaurant & Bar
[1556/2237] fetch-failed   -                          curl=unknown Healthy Grill Mediterranean
[1557/2237] fetch-failed   -                          curl=unknown Yuki Yuki
[1558/2237] needs-browser  -                          curl=unknown Blackmarket Bakery Oceanside
[1559/2237] needs-browser  -                          curl=unknown Craft Pizza
[1560/2237] needs-browser  -                          curl=unknown Sandwich Place
[1561/2237] needs-browser  -                          curl=unknown 62 Area Chow Hall
[1562/2237] filed          -                          curl=true    Oscar's Meat pies
[1563/2237] fetch-failed   -                          curl=unknown El Santo Remedio Cantina
[1564/2237] needs-browser  -                          curl=unknown Thai Thai Melrose Restaurant
[1565/2237] needs-browser  -                          curl=unknown Sunset Thai Ocean Beach
[1566/2237] needs-browser  -                          curl=unknown Three Boys Coffee
[1567/2237] filed          -                          curl=true    Forum Deli
[1568/2237] needs-browser  -                          curl=unknown Royal Pearl Tea
[1569/2237] needs-browser  -                          curl=unknown Dirty Dough - Oceanside
[1570/2237] filed          -                          curl=true    Maria's Coffee Shop
[1571/2237] needs-browser  -                          curl=unknown Cherrie Blossom Tea & Boba
[1572/2237] needs-browser  -                          curl=unknown Whatever Forever Coffee
[1573/2237] needs-browser  -                          curl=unknown Treetops Cafe
[1574/2237] fetch-failed   -                          curl=unknown PAPA GUAPO CANTINA
[1575/2237] wrong-branch   -                          curl=unknown Tapas Bar
[1576/2237] needs-browser  -                          curl=unknown The Guild Bar
[1577/2237] needs-browser  -                          curl=unknown Bao Bar
[1578/2237] needs-browser  -                          curl=unknown Gintaro Sushi
[1579/2237] filed          -                          curl=true    664
[1580/2237] needs-browser  -                          curl=unknown Nicholson Commons
[1581/2237] filed          -                          curl=true    Last Spot Bar
[1582/2237] gate-personal  -                          curl=unknown Koobrew
[1583/2237] wrong-branch   -                          curl=unknown Marzul Coastal Cuisine
[1584/2237] needs-browser  -                          curl=unknown Mantra Sukha Tea Lounge
[1585/2237] fetch-failed   -                          curl=unknown Drunk Confections
[1586/2237] needs-browser  -                          curl=unknown Panadería González
[1587/2237] gate-personal  -                          curl=unknown Barbeer
[1588/2237] wrong-branch   -                          curl=unknown Alohana Acai Bowls and Smoothies - North Park
[1589/2237] needs-browser  -                          curl=unknown Carnitas Paracho Garibay
[1590/2237] needs-browser  -                          curl=unknown Petite Paleo Bakery
[1591/2237] gated          -                          curl=unknown Crafted Coastal Bakery
[1592/2237] filed          -                          curl=true    Test Kitchen
[1593/2237] gated          -                          curl=unknown The Mudbar
[1594/2237] needs-browser  -                          curl=unknown ABC Market & Deli
[1595/2237] gate-personal  -                          curl=unknown The Boarding Home
[1596/2237] gate-personal  -                          curl=unknown 117⁰ West Spirits Speakeasy
[1597/2237] needs-browser  -                          curl=unknown Candy Land Café San Diego
[1598/2237] needs-browser  -                          curl=unknown Super Express Chinese Food
[1599/2237] filed          -                          curl=true    Solana Frosty
[1600/2237] gated          -                          curl=unknown Tommy's Pizza & Subs
[1601/2237] fetch-failed   -                          curl=unknown Casa Del Marisco Rafaelas
[1602/2237] screened-out   -                          curl=unknown Sea Ridge Cafe
[1603/2237] gated          -                          curl=unknown Manta Pizza
[1604/2237] gated          -                          curl=unknown Zonkey
[1605/2237] fetch-failed   -                          curl=unknown Boo Boo's sweet Potato Pies
[1606/2237] needs-browser  -                          curl=unknown MCX Food & Service Plaza, Camp Pendleton, CA
[1607/2237] fetch-failed   -                          curl=unknown Joyee Noodle House(UTC)
[1608/2237] needs-browser  -                          curl=unknown Get Baked Cookie Co.
[1609/2237] filed          -                          curl=true    Plaza Deli
[1610/2237] fetch-failed   -                          curl=unknown Tacos Locos Tasty Mexican Food
[1611/2237] needs-browser  -                          curl=unknown CHINA CHEF 1
[1612/2237] needs-browser  -                          curl=unknown Street Corner
[1613/2237] needs-browser  -                          curl=unknown Oasis Breads
[1614/2237] fetch-failed   -                          curl=unknown Taqueria Los Famosos
[1615/2237] needs-browser  -                          curl=unknown Amalfi Enoteca Italiana
[1616/2237] fetch-failed   -                          curl=unknown Tortillas de Harina Elice, Flour Tortillas
[1617/2237] needs-browser  -                          curl=unknown New Motion Beverages
[1618/2237] needs-browser  -                          curl=unknown KAFE'SITO
[1619/2237] needs-browser  -                          curl=unknown East Village Nutrition
[1620/2237] gate-personal  -                          curl=unknown Tortas Ahogadas El Gallito
[1621/2237] filed          -                          curl=false   The Salty Cookie
[1622/2237] gated          -                          curl=unknown 86d (inside Coin-Op)
[1623/2237] needs-browser  -                          curl=unknown Sweet Story Company LLC
[1624/2237] needs-browser  -                          curl=unknown Blue Bowl Superfoods
[1625/2237] gate-personal  -                          curl=unknown Shaka Java
[1626/2237] needs-browser  -                          curl=unknown Market One
[1627/2237] needs-browser  -                          curl=unknown Katy’s Diner
[1628/2237] needs-browser  -                          curl=unknown Middy's Pizza
[1629/2237] needs-browser  -                          curl=unknown longball cocktail
[1630/2237] needs-browser  -                          curl=unknown Tacos El Jalón
[1631/2237] needs-browser  -                          curl=unknown Secret Sauce Wok & Grill
[1632/2237] gate-personal  -                          curl=unknown Hotdogs Sonora
[1633/2237] needs-browser  -                          curl=unknown La Paloma
[1634/2237] needs-browser  -                          curl=unknown Cargo Cafe - Torrey Pines
[1635/2237] needs-browser  -                          curl=unknown Sweet Factory
[1636/2237] filed          -                          curl=true    The Poke Tea House
[1637/2237] needs-browser  -                          curl=unknown Fresca Deli .
[1638/2237] needs-browser  -                          curl=unknown Ambiance Kitchen + Lounge
[1639/2237] needs-browser  -                          curl=unknown Great American Cookies - Otay Ranch Town Center
[1640/2237] filed          -                          curl=false   Heftyboy BBQ dba 716 BBQ & more....
[1641/2237] gate-personal  -                          curl=unknown La Cucina
[1642/2237] gated          -                          curl=unknown Tejedas' Peruvian Kitchen
[1643/2237] needs-browser  -                          curl=unknown WUHU TEA & DELI
[1644/2237] filed          -                          curl=true    Barona Coffee Company
[1645/2237] needs-browser  -                          curl=unknown Cafe Pascale
[1646/2237] gated          -                          curl=unknown Prado Perk
[1647/2237] needs-browser  -                          curl=unknown Cocina de Tamales
[1648/2237] needs-browser  -                          curl=unknown Chester's
[1649/2237] needs-browser  -                          curl=unknown The Lookout at Lake Poway
[1650/2237] needs-browser  -                          curl=unknown Sweets by Victoria
[1651/2237] needs-browser  -                          curl=unknown Rumi
[1652/2237] gated          -                          curl=unknown Mister G Salsa
[1653/2237] needs-browser  -                          curl=unknown Sugared Cookie Company
[1654/2237] needs-browser  -                          curl=unknown Seaside BBQ
[1655/2237] needs-browser  -                          curl=unknown Mombasa Cooker
[1656/2237] needs-browser  -                          curl=unknown Thérapie Bistro
[1657/2237] needs-browser  -                          curl=unknown FiveO3 Pupusas
[1658/2237] needs-browser  -                          curl=unknown DEN
[1659/2237] filed          -                          curl=true    KayeSimplyBakes
[1660/2237] needs-browser  -                          curl=unknown Burgers & Shakes
[1661/2237] needs-browser  -                          curl=unknown Soleil @k
[1662/2237] gate-personal  -                          curl=unknown Immersion Express / Coffee and Matcha
[1663/2237] needs-browser  -                          curl=unknown Juliantla Chocolate Boutique
[1664/2237] gated          -                          curl=unknown Mariposa Ice Cream Oceanside
[1665/2237] gate-personal  -                          curl=unknown The Boss Crepas
[1666/2237] needs-browser  -                          curl=unknown My O My Coffee and More
[1667/2237] fetch-failed   -                          curl=unknown Unico Juice Shop
[1668/2237] filed          -                          curl=true    Mason Ale Works Tasting Room
[1669/2237] needs-browser  -                          curl=unknown Carlo
[1670/2237] needs-browser  -                          curl=unknown So Cal Famous Beach Ice
[1671/2237] needs-browser  -                          curl=unknown Wild Child Ice Cream
[1672/2237] filed          -                          curl=true    Ocean Rainbow
[1673/2237] needs-browser  -                          curl=unknown The Bean Box 701
[1674/2237] needs-browser  -                          curl=unknown Michoacana Mia - Vista
[1675/2237] needs-browser  -                          curl=unknown Saigon Alley Kitchen & Bar
[1676/2237] fetch-failed   -                          curl=unknown Fiesta Pinoy
[1677/2237] fetch-failed   -                          curl=unknown Midnight Skewer 深夜酒馆
[1678/2237] needs-browser  -                          curl=unknown FallbrkEats
[1679/2237] filed          -                          curl=true    FLAVORS EXPRESS SDSU
[1680/2237] gated          -                          curl=unknown Beach Street Tacos
[1681/2237] needs-browser  -                          curl=unknown Breakfast and Bubbles
[1682/2237] gated          -                          curl=unknown Juice Holler
[1683/2237] needs-browser  -                          curl=unknown Oriste Fairway Cafe
[1684/2237] filed          -                          curl=true    Netta's Bakery
[1685/2237] fetch-failed   -                          curl=unknown Frutti Mas
[1686/2237] needs-browser  -                          curl=unknown Chagee
[1687/2237] filed          -                          curl=true    Numbskulls Shave Ice
[1688/2237] needs-browser  -                          curl=unknown Lori's Custom Cakes
[1689/2237] needs-browser  -                          curl=unknown Lò Bánh Cuốn Tân Định
[1690/2237] filed          -                          curl=true    Delicious Treats
[1691/2237] needs-browser  -                          curl=unknown La Vida
[1692/2237] needs-browser  -                          curl=unknown Pacific Point
[1693/2237] gated          -                          curl=unknown Boardwalk Pizza
[1694/2237] needs-browser  -                          curl=unknown The Deck at 264
[1695/2237] gated          -                          curl=unknown Higher Grounds Coffee and Cafe
[1696/2237] needs-browser  -                          curl=unknown Fatburger
[1697/2237] gated          -                          curl=unknown Deleitte
[1698/2237] gate-personal  -                          curl=unknown IB Espresso
[1699/2237] needs-browser  -                          curl=unknown EL CAMARON FELIZ TACOS Y BIRRIA
[1700/2237] needs-browser  -                          curl=unknown Cutwater
[1701/2237] gated          -                          curl=unknown Dolce Italia Desserts, Inc.
[1702/2237] fetch-failed   -                          curl=unknown Ramen Inn - San Diego
[1703/2237] gated          -                          curl=unknown Colibri Cafe
[1704/2237] needs-browser  -                          curl=unknown Bueno Wine & Goods
[1705/2237] gate-personal  -                          curl=unknown Street Tacos El Camino Food Truck
[1706/2237] needs-browser  -                          curl=unknown Cold Smoke BBQ
[1707/2237] needs-browser  -                          curl=unknown Mosaic Restaurant & Bar
[1708/2237] gated          -                          curl=unknown LA PETITE BAKERY
[1709/2237] filed          -                          curl=true    MyPozole
[1710/2237] needs-browser  -                          curl=unknown Kazukii Sushi & Japanese Cuisine
[1711/2237] needs-browser  -                          curl=unknown Ramen Station
[1712/2237] fetch-failed   -                          curl=unknown Golf Grill
[1713/2237] fetch-failed   -                          curl=unknown Tu Madres Bakery
[1714/2237] fetch-failed   -                          curl=unknown Suki Hana Japan
[1715/2237] needs-browser  -                          curl=unknown Queenstown Del Mar
[1716/2237] needs-browser  -                          curl=unknown seaglass restaurant
[1717/2237] filed          -                          curl=true    Blade Shanghai
[1718/2237] wrong-branch   -                          curl=unknown Pizza On Pearl North Park
[1719/2237] needs-browser  -                          curl=unknown Vanilla Oasis
[1720/2237] needs-browser  -                          curl=unknown Le Macaron French Pastries Westfield UTC
[1721/2237] needs-browser  -                          curl=unknown Dalu Hawaiian BBQ Oceanside
[1722/2237] needs-browser  -                          curl=unknown Hydout Cafe Hillcrest
[1723/2237] needs-browser  -                          curl=unknown Harborside Cuisine
[1724/2237] needs-browser  -                          curl=unknown BREANS
[1725/2237] needs-browser  -                          curl=unknown Finca Casa Blanca
[1726/2237] gated          -                          curl=unknown Dimassi's Mediterranean Buffet
[1727/2237] fetch-failed   -                          curl=unknown The Grub Station (South African )
[1728/2237] needs-browser  -                          curl=unknown Julian Food Truck
[1729/2237] needs-browser  -                          curl=unknown Windows Cafe
[1730/2237] needs-browser  -                          curl=unknown Side Piece
[1731/2237] fetch-failed   -                          curl=unknown Punkers Cafe
[1732/2237] needs-browser  -                          curl=unknown La Michoacana San Diego
[1733/2237] needs-browser  -                          curl=unknown Aryana Restaurant & Bar
[1734/2237] filed          -                          curl=true    The Victorian at Hill Street
[1735/2237] needs-browser  -                          curl=unknown Copa Vida - Del Mar
[1736/2237] needs-browser  -                          curl=unknown Living Room Bar
[1737/2237] needs-browser  -                          curl=unknown California Ice Cream
[1738/2237] fetch-failed   -                          curl=unknown Crispy Fish Tacos
[1739/2237] gated          -                          curl=unknown Super Creamery
[1740/2237] fetch-failed   -                          curl=unknown Kona Craft Cafe
[1741/2237] needs-browser  -                          curl=unknown Cargo Cafe - Wateridge
[1742/2237] needs-browser  -                          curl=unknown Boba n More
[1743/2237] needs-browser  -                          curl=unknown Side Street Bowls & Smoothies
[1744/2237] needs-browser  -                          curl=unknown Grand Ole BBQ PETCO PARK
[1745/2237] needs-browser  -                          curl=unknown Cali BBQ- NEX (base access required)
[1746/2237] fetch-failed   -                          curl=unknown El huevo estrellado # 2
[1747/2237] needs-browser  -                          curl=unknown Trifecta Tavern
[1748/2237] needs-browser  -                          curl=unknown Common Good Coffee
[1749/2237] filed          -                          curl=true    Steady State Roasting
[1750/2237] needs-browser  -                          curl=unknown ZENTRL Kitchen + Bar - Liberty Station
[1751/2237] needs-browser  -                          curl=unknown Windmill Canyon Restaurant
[1752/2237] filed          -                          curl=true    Noel's Cookies
[1753/2237] needs-browser  -                          curl=unknown Lulu’s Buns Wholesale Bakery
[1754/2237] needs-browser  -                          curl=unknown The Darling Dough Co.
[1755/2237] needs-browser  -                          curl=unknown Cargo Cafe - Gateway
[1756/2237] needs-browser  -                          curl=unknown XENiA Mediterranean Kitchen - San Diego
[1757/2237] needs-browser  -                          curl=unknown ICE POPS
[1758/2237] fetch-failed   -                          curl=unknown Cafe 477 La Jolla
[1759/2237] needs-browser  -                          curl=unknown ZENTRL Kitchen + Bar
[1760/2237] needs-browser  -                          curl=unknown Pizza Trolley
[1761/2237] needs-browser  -                          curl=unknown Corner Deli & Pizza
[1762/2237] filed          -                          curl=true    Bambucha Kombucha
[1763/2237] gated          -                          curl=unknown Surje Coffee at The Gallery
[1764/2237] needs-browser  -                          curl=unknown Pizza Port Tasting Room
[1765/2237] fetch-failed   -                          curl=unknown Cafe Carlsbad
[1766/2237] needs-browser  -                          curl=unknown Cocinita Express
[1767/2237] fetch-failed   -                          curl=unknown ETNA DULCIS
[1768/2237] gate-personal  -                          curl=unknown La Botana Loca
[1769/2237] needs-browser  -                          curl=unknown Come On In Cafe
[1770/2237] needs-browser  -                          curl=unknown MOTO Pizza San Diego
[1771/2237] filed          -                          curl=true    La Tienda Lounge
[1772/2237] needs-browser  -                          curl=unknown Seven Seas Cafe
[1773/2237] needs-browser  -                          curl=unknown Indulge Restaurant and Bar
[1774/2237] needs-browser  -                          curl=unknown Sun Coast Pizza
[1775/2237] needs-browser  -                          curl=unknown Dyno Bar
[1776/2237] gated          -                          curl=unknown Ocean Journey Cafe
[1777/2237] filed          -                          curl=true    The Hidden Gazebo Eatery
[1778/2237] needs-browser  -                          curl=unknown Matcha On Ice Cafe
[1779/2237] gated          -                          curl=unknown THRONE ROOM
[1780/2237] needs-browser  -                          curl=unknown Pavilion Dining
[1781/2237] filed          -                          curl=true    Three Amigos World Famous Street Tacos
[1782/2237] filed          -                          curl=true    Zephyr Café
[1783/2237] gate-personal  -                          curl=unknown Alebrije Food Truck Twin Oaks
[1784/2237] needs-browser  -                          curl=unknown Tres Fuegos Cocina
[1785/2237] needs-browser  -                          curl=unknown Lobby Lounge - Park Hyatt Aviara
[1786/2237] needs-browser  -                          curl=unknown Don Maguro
[1787/2237] filed          -                          curl=false   Vie Café
[1788/2237] gate-personal  -                          curl=unknown Carnitas La Bendicion Market St
[1789/2237] needs-browser  -                          curl=unknown NandosHotBox
[1790/2237] filed          -                          curl=true    Scorched Earth- Fire Sandwiches
[1791/2237] needs-browser  -                          curl=unknown The Bean
[1792/2237] needs-browser  -                          curl=unknown Lounge 72
[1793/2237] needs-browser  -                          curl=unknown Mama’s Bowl
[1794/2237] needs-browser  -                          curl=unknown Julian Wine & Chocolate
[1795/2237] needs-browser  -                          curl=unknown Bulldog Tavern
[1796/2237] needs-browser  -                          curl=unknown Double Down Grill
[1797/2237] filed          -                          curl=true    Plaza Grill
[1798/2237] needs-browser  -                          curl=unknown On the Rocks
[1799/2237] needs-browser  -                          curl=unknown The Monastery by The Lost Abbey (Miramar Area)
[1800/2237] gated          -                          curl=unknown Five Pillars Coffee
[1801/2237] needs-browser  -                          curl=unknown The Café at Rady Children’s Hospital
[1802/2237] gate-personal  -                          curl=unknown Limon Mexican food
[1803/2237] needs-browser  -                          curl=unknown El Clamatazo
[1804/2237] gate-personal  -                          curl=unknown Anigma
[1805/2237] filed          -                          curl=true    Coatl Coffee
[1806/2237] gated          -                          curl=unknown El Ranchero Food Truck
[1807/2237] needs-browser  -                          curl=unknown TOCHO MOROCHO
[1808/2237] gate-personal  -                          curl=unknown Tacos El Chris
[1809/2237] filed          -                          curl=true    Abuelita's Birria & Mexican Food
[1810/2237] needs-browser  -                          curl=unknown GgoolBap, Korean BBQ Bowls
[1811/2237] needs-browser  -                          curl=unknown The Westgate Room's Plaza Bar
[1812/2237] fetch-failed   -                          curl=unknown Victorious Pizza
[1813/2237] filed          -                          curl=false   El Rincon del sabor
[1814/2237] needs-browser  -                          curl=unknown Kona Kai Club
[1815/2237] needs-browser  -                          curl=unknown Xtravaganza and Sinbad Restaurant
[1816/2237] needs-browser  -                          curl=unknown Temporarily Closed - Garlic and Tahini Egyptian Kitchen - Delivery & Carry Out Only
[1817/2237] filed          -                          curl=true    Rock N’ Roost Rotisserie
[1818/2237] needs-browser  -                          curl=unknown J. Brix Wines Tasting Room
[1819/2237] needs-browser  -                          curl=unknown Little Thai Cottage (Mobile Vendor)
[1820/2237] gated          -                          curl=unknown Bholat's
[1821/2237] needs-browser  -                          curl=unknown Colors Gourmet Pizza
[1822/2237] needs-browser  -                          curl=unknown Hidden City Nutrition
[1823/2237] gate-personal  -                          curl=unknown Emilio's Food Truck
[1824/2237] fetch-failed   -                          curl=unknown Blu Temple | Blu Cabana
[1825/2237] needs-browser  -                          curl=unknown Freshly Prepped
[1826/2237] needs-browser  -                          curl=unknown Sammy's Woodfired Pizza and Grill
[1827/2237] gate-personal  -                          curl=unknown ‘ritas Taco Truck
[1828/2237] fetch-failed   -                          curl=unknown Manny's Bar & Grill
[1829/2237] filed          -                          curl=false   Naija Fusion Cuisine
[1830/2237] needs-browser  -                          curl=unknown JIVe Lounge
[1831/2237] needs-browser  -                          curl=unknown Huerta Taco Stand
[1832/2237] gated          -                          curl=unknown Inflection Point Coffee
[1833/2237] needs-browser  -                          curl=unknown Namino (Tahchin)
[1834/2237] needs-browser  -                          curl=unknown lulubowls (Hawaiian-Inspired Bowls- Boston Ave.)
[1835/2237] needs-browser  -                          curl=unknown North County Food Hub
[1836/2237] filed          -                          curl=true    Mar & Ember
[1837/2237] needs-browser  -                          curl=unknown The Fountains Restaurant
[1838/2237] needs-browser  -                          curl=unknown GRAB & GO Viejas
[1839/2237] needs-browser  -                          curl=unknown Bert's Bistro
[1840/2237] needs-browser  -                          curl=unknown SDSU Faculty Staff Club
[1841/2237] needs-browser  -                          curl=unknown El Patron Mexican Food
[1842/2237] screened-out   -                          curl=unknown Georgette's
[1843/2237] needs-browser  -                          curl=unknown The SoCal Vegan
[1844/2237] needs-browser  -                          curl=unknown Hommunlii & Co
[1845/2237] filed          -                          curl=true    Staxx Burger House
[1846/2237] gate-personal  -                          curl=unknown Tacos Berlin
[1847/2237] needs-browser  -                          curl=unknown Mkutano House
[1848/2237] needs-browser  -                          curl=unknown Fireside Bar & Grill
[1849/2237] needs-browser  -                          curl=unknown Wing SZN - El Cajon
[1850/2237] filed          -                          curl=true    Sushi @ Commissary
[1851/2237] needs-browser  -                          curl=unknown MexiBowls By Cali Craft Tacos- 2707 Boston Avenue Sa Diego CA 92113
[1852/2237] gate-personal  -                          curl=unknown Ta’ Corn Madre
[1853/2237] needs-browser  -                          curl=unknown Casa Campus Point
[1854/2237] fetch-failed   -                          curl=unknown Jamul Indian Village
[1855/2237] fetch-failed   -                          curl=unknown El Más Chingón SD
[1856/2237] needs-browser  -                          curl=unknown SHIO Japanese Dining
[1857/2237] filed          -                          curl=false   Cataleya’s Cafe & Sweets
[1858/2237] needs-browser  -                          curl=unknown Daymar Select Fine Coffees
[1859/2237] needs-browser  -                          curl=unknown El Camino
[1860/2237] needs-browser  -                          curl=unknown Sang Dao Kitchen
[1861/2237] fetch-failed   -                          curl=unknown Angie's Place
[1862/2237] needs-browser  -                          curl=unknown Element 8 Cafe
[1863/2237] needs-browser  -                          curl=unknown Gomeznutricion
[1864/2237] gate-personal  -                          curl=unknown Santaluz Bistro
[1865/2237] needs-browser  -                          curl=unknown Solrisa
[1866/2237] needs-browser  -                          curl=unknown Hollywood Market and Giant Pizza
[1867/2237] gate-personal  -                          curl=unknown Grinds & Grooves
[1868/2237] needs-browser  -                          curl=unknown Bosley Cafe
[1869/2237] fetch-failed   -                          curl=unknown Med Cafe
[1870/2237] gated          -                          curl=unknown Manzanita Roasting Company and Coffee House
[1871/2237] filed          -                          curl=true    Calypso Cocktails
[1872/2237] filed          -                          curl=false   Jewel Box
[1873/2237] gate-personal  -                          curl=unknown Sabor a Mi Kitchen (Birrieria)
[1874/2237] needs-browser  -                          curl=unknown Spinnaker Coffee
[1875/2237] needs-browser  -                          curl=unknown Coffee Shop at the Lullabar
[1876/2237] needs-browser  -                          curl=unknown CaMau Bakery & Deli
[1877/2237] needs-browser  -                          curl=unknown Soy Leaf Juice Bar & Healthy Grill
[1878/2237] needs-browser  -                          curl=unknown Fish Restaurant
[1879/2237] needs-browser  -                          curl=unknown The Caddyshack
[1880/2237] needs-browser  -                          curl=unknown Sierra's Baking Corner
[1881/2237] needs-browser  -                          curl=unknown Safari Coffee Outpost
[1882/2237] needs-browser  -                          curl=unknown Grand Social
[1883/2237] needs-browser  -                          curl=unknown Pastry Pedaler - Bakery Delivery in Pacific Beach, San Diego
[1884/2237] needs-browser  -                          curl=unknown Mindy’s Bakery
[1885/2237] needs-browser  -                          curl=unknown Coffee Amore
[1886/2237] needs-browser  -                          curl=unknown Anila's Cucina Rustica
[1887/2237] needs-browser  -                          curl=unknown Baba's Pizza
[1888/2237] needs-browser  -                          curl=unknown Canyon Inn
[1889/2237] fetch-failed   -                          curl=unknown That Girl Can Bake
[1890/2237] gated          -                          curl=unknown E. Lee's Sweets
[1891/2237] gate-personal  -                          curl=unknown Deli & Go
[1892/2237] filed          -                          curl=true    HOB on Park
[1893/2237] fetch-failed   -                          curl=unknown Cafe Virtuoso
[1894/2237] needs-browser  -                          curl=unknown Cafe Fresh
[1895/2237] needs-browser  -                          curl=unknown Soda & Swine
[1896/2237] needs-browser  -                          curl=unknown Cabo Cantina
[1897/2237] needs-browser  -                          curl=unknown I Love Pho
[1898/2237] needs-browser  -                          curl=unknown The Market
[1899/2237] needs-browser  -                          curl=unknown Sweet Cheeks Homestead
[1900/2237] gate-personal  -                          curl=unknown Seaside Cowboy Coffee
[1901/2237] gated          -                          curl=unknown India Princess
[1902/2237] needs-browser  -                          curl=unknown Original Mariscos German
[1903/2237] needs-browser  -                          curl=unknown Mo-Mo Paradise
[1904/2237] gated          -                          curl=unknown Lang's Bakery
[1905/2237] needs-browser  -                          curl=unknown Shallow End Grill
[1906/2237] needs-browser  -                          curl=unknown Bridget Bakery
[1907/2237] gated          -                          curl=unknown PCH Café & Market
[1908/2237] needs-browser  -                          curl=unknown Veronica's Goodies
[1909/2237] needs-browser  -                          curl=unknown Ruthii's Coffee
[1910/2237] needs-browser  -                          curl=unknown Cays Lounge
[1911/2237] fetch-failed   -                          curl=unknown Kae’s Kreations
[1912/2237] gated          -                          curl=unknown The Waterfront
[1913/2237] filed          -                          curl=true    Klatch Coffee - Santee
[1914/2237] needs-browser  -                          curl=unknown Mama Dukes Roadside
[1915/2237] needs-browser  -                          curl=unknown The Hamlett
[1916/2237] needs-browser  -                          curl=unknown Crave
[1917/2237] needs-browser  -                          curl=unknown Sunset Lounge
[1918/2237] fetch-failed   -                          curl=unknown OB Kebab
[1919/2237] gated          -                          curl=unknown Dryer's Ice Cream Parlor
[1920/2237] fetch-failed   -                          curl=unknown Marisco's Sabor A Mexico
[1921/2237] gated          -                          curl=unknown Rancho Cafe
[1922/2237] gate-personal  -                          curl=unknown Chippy's Diner
[1923/2237] fetch-failed   -                          curl=unknown Little Red Cafe
[1924/2237] needs-browser  -                          curl=unknown Vemma
[1925/2237] needs-browser  -                          curl=unknown BCB Coffee Company
[1926/2237] needs-browser  -                          curl=unknown Cali Cream Bakery
[1927/2237] filed          -                          curl=true    King Kream Ice Cream
[1928/2237] needs-browser  -                          curl=unknown 2GOOD2B Bakery & Cafe
[1929/2237] filed          -                          curl=false   little Estrella bakes
[1930/2237] needs-browser  -                          curl=unknown Terra Cafe
[1931/2237] needs-browser  -                          curl=unknown Gelato 101 Temporary store
[1932/2237] needs-browser  -                          curl=unknown Baja Fresh
[1933/2237] filed          -                          curl=true    Pizza Place
[1934/2237] needs-browser  -                          curl=unknown Scoopy Scoopy Ice Cream
[1935/2237] needs-browser  -                          curl=unknown Bocas Del Sol. (MissShelly's Shack )
[1936/2237] needs-browser  -                          curl=unknown Taquizas Maria
[1937/2237] wrong-branch   -                          curl=unknown The Coffee Spot
[1938/2237] needs-browser  -                          curl=unknown Coco's Bakery
[1939/2237] gate-personal  -                          curl=unknown DELISTRABERRY
[1940/2237] needs-browser  -                          curl=unknown Daily Roast
[1941/2237] needs-browser  -                          curl=unknown Olly's Baked Assortments
[1942/2237] needs-browser  -                          curl=unknown Chuck's Wagon Deli
[1943/2237] needs-browser  -                          curl=unknown Sweet Treats by Thick
[1944/2237] filed          -                          curl=true    La Gordita
[1945/2237] gate-personal  -                          curl=unknown Valerio's Finest Bake Shop
[1946/2237] needs-browser  -                          curl=unknown Weapon Ramen
[1947/2237] needs-browser  -                          curl=unknown Bobby B's
[1948/2237] fetch-failed   -                          curl=unknown Escondido Joe's
[1949/2237] needs-browser  -                          curl=unknown Sprinkles Ice Cream Shop And Bakery
[1950/2237] gated          -                          curl=unknown Goats Rose Sourdough
[1951/2237] gated          -                          curl=unknown Lofty Coffee
[1952/2237] filed          -                          curl=false   Veggyjess
[1953/2237] filed          -                          curl=true    Beer Company
[1954/2237] needs-browser  -                          curl=unknown The Palma Bar & Grill
[1955/2237] fetch-failed   -                          curl=unknown Casa Ocho
[1956/2237] fetch-failed   -                          curl=unknown Baked Babe Cakes & Bakes
[1957/2237] needs-browser  -                          curl=unknown Tide and Treats
[1958/2237] needs-browser  -                          curl=unknown SAN DIEGO FRIES
[1959/2237] fetch-failed   -                          curl=unknown The Shop _ Coffee + Thrift
[1960/2237] gated          -                          curl=unknown Grover's Grill
[1961/2237] needs-browser  -                          curl=unknown SPACE
[1962/2237] gated          -                          curl=unknown Mayari Coffee
[1963/2237] needs-browser  -                          curl=unknown House of Black
[1964/2237] needs-browser  -                          curl=unknown Terrace Lounge
[1965/2237] needs-browser  -                          curl=unknown Dainty Dessert
[1966/2237] needs-browser  -                          curl=unknown Daisy’s Amazing Cakes
[1967/2237] gated          -                          curl=unknown Snout & Scone
[1968/2237] needs-browser  -                          curl=unknown La Cantina
[1969/2237] filed          -                          curl=true    Old Fashioned Creamery at Barona
[1970/2237] filed          -                          curl=true    Noodles
[1971/2237] needs-browser  -                          curl=unknown Taco Villa
[1972/2237] fetch-failed   -                          curl=unknown Las Pinches Tortas
[1973/2237] needs-browser  -                          curl=unknown Lobster Lab - Sky Deck at Del Mar Highlands Town Center
[1974/2237] needs-browser  -                          curl=unknown The Warehouse
[1975/2237] needs-browser  -                          curl=unknown Tortuga Bar and Grill
[1976/2237] filed          -                          curl=true    Sextons Pizza
[1977/2237] wrong-branch   -                          curl=unknown Muse Cheesecake
[1978/2237] gated          -                          curl=unknown Bird Rock Coffee Roasters - Park & Market
[1979/2237] needs-browser  -                          curl=unknown Twist New Zealand Style Real Fruit Ice Cream
[1980/2237] fetch-failed   -                          curl=unknown Más Veggies Vegan Taqueria
[1981/2237] needs-browser  -                          curl=unknown Filling Station Pub and Grill
[1982/2237] needs-browser  -                          curl=unknown All Fried Up
[1983/2237] gated          -                          curl=unknown Sabor Al Gusto
[1984/2237] needs-browser  -                          curl=unknown Copper Kings Oceanside
[1985/2237] needs-browser  -                          curl=unknown Fouet & Co.
[1986/2237] fetch-failed   -                          curl=unknown Lovely Creations Co
[1987/2237] needs-browser  -                          curl=unknown Makai
[1988/2237] needs-browser  -                          curl=unknown Calzone Life Escondido
[1989/2237] needs-browser  -                          curl=unknown SD Custom Cakes
[1990/2237] fetch-failed   -                          curl=unknown Café Rhône
[1991/2237] needs-browser  -                          curl=unknown Bing's Bar
[1992/2237] gate-personal  -                          curl=unknown Elena’s Pastry
[1993/2237] gated          -                          curl=unknown Sweet Escape Homemade Treats
[1994/2237] needs-browser  -                          curl=unknown Village Inn
[1995/2237] needs-browser  -                          curl=unknown Cent'Anni Café
[1996/2237] gated          -                          curl=unknown Underwater Cantina
[1997/2237] needs-browser  -                          curl=unknown Blue Wave Bistro
[1998/2237] needs-browser  -                          curl=unknown Kava Lounge
[1999/2237] wrong-branch   -                          curl=unknown Diamond Jims
[2000/2237] needs-browser  -                          curl=unknown Greenbrier Inn
[2001/2237] needs-browser  -                          curl=unknown Crepes
[2002/2237] needs-browser  -                          curl=unknown Fundant Cookies
[2003/2237] needs-browser  -                          curl=unknown Dumonts
[2004/2237] needs-browser  -                          curl=unknown El Dorado
[2005/2237] needs-browser  -                          curl=unknown Thai Basil
[2006/2237] needs-browser  -                          curl=unknown Mr Gs Tavern
[2007/2237] needs-browser  -                          curl=unknown Veladora
[2008/2237] needs-browser  -                          curl=unknown Krispy Krunchy Chicken
[2009/2237] needs-browser  -                          curl=unknown Villa Fresh Italian Kitchen
[2010/2237] filed          -                          curl=true    Old World Meat Company
[2011/2237] needs-browser  -                          curl=unknown Thai Pasta
[2012/2237] needs-browser  -                          curl=unknown Cork Oak Cafe
[2013/2237] fetch-failed   -                          curl=unknown Blue Bayou
[2014/2237] gated          -                          curl=unknown Tundra Treats
[2015/2237] needs-browser  -                          curl=unknown Jordan
[2016/2237] needs-browser  -                          curl=unknown Big Oven Tacos
[2017/2237] needs-browser  -                          curl=unknown Barcino Grill
[2018/2237] needs-browser  -                          curl=unknown El Ranchero
[2019/2237] needs-browser  -                          curl=unknown Freedom Carts
[2020/2237] needs-browser  -                          curl=unknown Trinacria Pizza Co.
[2021/2237] gate-personal  -                          curl=unknown Corner Counter
[2022/2237] needs-browser  -                          curl=unknown Brick & Bell Plus
[2023/2237] fetch-failed   -                          curl=unknown Sunny Bunny Bakes
[2024/2237] fetch-failed   -                          curl=unknown Blessed by Cake
[2025/2237] needs-browser  -                          curl=unknown Calvins' Sportsbar
[2026/2237] needs-browser  -                          curl=unknown Marketplace
[2027/2237] needs-browser  -                          curl=unknown Sushi Freak
[2028/2237] needs-browser  -                          curl=unknown Simply Baked Box
[2029/2237] needs-browser  -                          curl=unknown Bake and beach
[2030/2237] needs-browser  -                          curl=unknown Chow Hall
[2031/2237] needs-browser  -                          curl=unknown Arctic Snacks
[2032/2237] wrong-branch   -                          curl=unknown Papi Tacos
[2033/2237] fetch-failed   -                          curl=unknown Mis Dos Gallos Taqueria, Fruit & Deli
[2034/2237] needs-browser  -                          curl=unknown Island Girl Bakes
[2035/2237] needs-browser  -                          curl=unknown Café Sand Castle
[2036/2237] needs-browser  -                          curl=unknown M & M Patisserie
[2037/2237] filed          -                          curl=false   Sushi Heights
[2038/2237] needs-browser  -                          curl=unknown Lilac Heights Bakery
[2039/2237] gate-personal  -                          curl=unknown RASPARSWEET
[2040/2237] wrong-branch   -                          curl=unknown Candelas
[2041/2237] needs-browser  -                          curl=unknown Fiesta Mexicana Bakery
[2042/2237] filed          -                          curl=true    Sushi Cafe + Deli
[2043/2237] needs-browser  -                          curl=unknown Carbon Angela’s Kitchen
[2044/2237] needs-browser  -                          curl=unknown Rice
[2045/2237] needs-browser  -                          curl=unknown Cali Craft Tacos
[2046/2237] needs-browser  -                          curl=unknown Coffee Cart
[2047/2237] needs-browser  -                          curl=unknown Sweet land ice cream truck
[2048/2237] needs-browser  -                          curl=unknown Jungle Cart
[2049/2237] needs-browser  -                          curl=unknown The Dive Bar
[2050/2237] needs-browser  -                          curl=unknown Big Daddy's Hawaiian BBQ (San Diego)
[2051/2237] needs-browser  -                          curl=unknown Lefty's Cheesesteaks
[2052/2237] gated          -                          curl=unknown Fox Den Bar
[2053/2237] fetch-failed   -                          curl=unknown Fruteria el Manguito
[2054/2237] gated          -                          curl=unknown Casa Café & Market
[2055/2237] needs-browser  -                          curl=unknown Stone Oven
[2056/2237] needs-browser  -                          curl=unknown Truluck's
[2057/2237] needs-browser  -                          curl=unknown La Salsa
[2058/2237] gate-personal  -                          curl=unknown The Coyote Den
[2059/2237] needs-browser  -                          curl=unknown Kasi
[2060/2237] needs-browser  -                          curl=unknown HapiVegan
[2061/2237] wrong-branch   -                          curl=unknown Bubba’s Smokehouse BBQ
[2062/2237] fetch-failed   -                          curl=unknown BBQUSION
[2063/2237] filed          -                          curl=true    K1 Paddock Lounge - Sports Bar & Restaurant - San Diego, CA
[2064/2237] gated          -                          curl=unknown Uumbal
[2065/2237] gated          -                          curl=unknown Coffee Bean
[2066/2237] needs-browser  -                          curl=unknown Brigitte's Bakery
[2067/2237] fetch-failed   -                          curl=unknown CARAVAN
[2068/2237] needs-browser  -                          curl=unknown Pacific Seafood
[2069/2237] needs-browser  -                          curl=unknown Maderas Golf Club
[2070/2237] fetch-failed   -                          curl=unknown The TriTiperia
[2071/2237] gate-personal  -                          curl=unknown Haven Cafe
[2072/2237] needs-browser  -                          curl=unknown Five Corners Coffee & Bakery Co.
[2073/2237] filed          -                          curl=true    La Pizza del Barrio
[2074/2237] needs-browser  -                          curl=unknown Lion Camp Slush and Snacks
[2075/2237] needs-browser  -                          curl=unknown Mexicana Lab 2707 Boston Avenue
[2076/2237] gate-personal  -                          curl=unknown Marquesitas Liah
[2077/2237] needs-browser  -                          curl=unknown The Gold Reserve Kitchen & Bar
[2078/2237] needs-browser  -                          curl=unknown Sabor a Vida Cafe & Deli
[2079/2237] needs-browser  -                          curl=unknown Emjaye's Coffee
[2080/2237] gated          -                          curl=unknown Hacienda De Vega
[2081/2237] needs-browser  -                          curl=unknown Rift Sand Bar
[2082/2237] needs-browser  -                          curl=unknown My O My Coffee and Deli
[2083/2237] needs-browser  -                          curl=unknown Daphne's California Greek
[2084/2237] needs-browser  -                          curl=unknown Bovino
[2085/2237] needs-browser  -                          curl=unknown Sweet Maison Bakery
[2086/2237] needs-browser  -                          curl=unknown Snax
[2087/2237] needs-browser  -                          curl=unknown Corner Market
[2088/2237] needs-browser  -                          curl=unknown Stix
[2089/2237] needs-browser  -                          curl=unknown elementa
[2090/2237] needs-browser  -                          curl=unknown SugarWater BakeHouse
[2091/2237] needs-browser  -                          curl=unknown Center Bar
[2092/2237] needs-browser  -                          curl=unknown Sweets
[2093/2237] needs-browser  -                          curl=unknown Hectors pizza
[2094/2237] needs-browser  -                          curl=unknown Ituri Hut
[2095/2237] needs-browser  -                          curl=unknown Sifted and Sugared
[2096/2237] fetch-failed   -                          curl=unknown Javelina Craft Barbecue
[2097/2237] wrong-branch   -                          curl=unknown Carls Tavern
[2098/2237] needs-browser  -                          curl=unknown Nami
[2099/2237] needs-browser  -                          curl=unknown Herb & Eatery
[2100/2237] needs-browser  -                          curl=unknown Badas burgers
[2101/2237] filed          -                          curl=true    Linden Crust Bakehouse
[2102/2237] needs-browser  -                          curl=unknown Puesto Taco Bar
[2103/2237] gated          -                          curl=unknown Monster Snacks
[2104/2237] needs-browser  -                          curl=unknown Airport Lounge
[2105/2237] gate-personal  -                          curl=unknown Sugar Treats n Cakes
[2106/2237] filed          -                          curl=true    IMPE Bar
[2107/2237] needs-browser  -                          curl=unknown Time Out Café
[2108/2237] needs-browser  -                          curl=unknown Shibuya Nights
[2109/2237] needs-browser  -                          curl=unknown Annabel Cohen Gourmet
[2110/2237] fetch-failed   -                          curl=unknown Nat Sweet Treats
[2111/2237] needs-browser  -                          curl=unknown Give Us This Day LLC Micro-Bakery
[2112/2237] needs-browser  -                          curl=unknown Carlsbad Cookie Company
[2113/2237] needs-browser  -                          curl=unknown Skewers Grill
[2114/2237] gate-personal  -                          curl=unknown Taste & Sea Cakery
[2115/2237] needs-browser  -                          curl=unknown Phils Place
[2116/2237] needs-browser  -                          curl=unknown Thyme Of Essence
[2117/2237] needs-browser  -                          curl=unknown TOAST & TALES
[2118/2237] fetch-failed   -                          curl=unknown Antique Thai
[2119/2237] needs-browser  -                          curl=unknown Taqueria
[2120/2237] needs-browser  -                          curl=unknown Vintage Rose Sourdough
[2121/2237] needs-browser  -                          curl=unknown Roadtrip Bowls Made by Lazy Dog
[2122/2237] needs-browser  -                          curl=unknown Stuffed Ice Cream
[2123/2237] needs-browser  -                          curl=unknown Coin Toss
[2124/2237] needs-browser  -                          curl=unknown Dana Andrew Celebrations
[2125/2237] filed          -                          curl=true    Jammy Toast Bakery
[2126/2237] needs-browser  -                          curl=unknown Voqozo
[2127/2237] needs-browser  -                          curl=unknown Topwater Grill
[2128/2237] filed          -                          curl=true    The Malt House
[2129/2237] needs-browser  -                          curl=unknown Chicken & Crown
[2130/2237] needs-browser  -                          curl=unknown tiger!tiger!
[2131/2237] gate-personal  -                          curl=unknown Dharma Bread Co
[2132/2237] needs-browser  -                          curl=unknown Oconnells Sports Lounge
[2133/2237] needs-browser  -                          curl=unknown Alborz Restaurant
[2134/2237] needs-browser  -                          curl=unknown Photo House
[2135/2237] needs-browser  -                          curl=unknown The French Gourmet
[2136/2237] needs-browser  -                          curl=unknown Market La Jolla
[2137/2237] needs-browser  -                          curl=unknown Boston Market
[2138/2237] needs-browser  -                          curl=unknown Winners Circle
[2139/2237] needs-browser  -                          curl=unknown University Towers Kitchen
[2140/2237] gate-personal  -                          curl=unknown TEC Cafe
[2141/2237] filed          -                          curl=true    3 Day Suit Broker
[2142/2237] needs-browser  -                          curl=unknown Eclipse Chocolat
[2143/2237] needs-browser  -                          curl=unknown bcb Cafe
[2144/2237] filed          -                          curl=true    Sweet Labors
[2145/2237] needs-browser  -                          curl=unknown The Heritage Steakhouse
[2146/2237] needs-browser  -                          curl=unknown Bacio di Latte | Flower Hill, SD
[2147/2237] needs-browser  -                          curl=unknown Trade Restaurant & Lounge
[2148/2237] needs-browser  -                          curl=unknown Yonny Mini Hotpot
[2149/2237] needs-browser  -                          curl=unknown Café de Anza
[2150/2237] needs-browser  -                          curl=unknown Cafecito 1806
[2151/2237] needs-browser  -                          curl=unknown Mawazo Kitchen
[2152/2237] needs-browser  -                          curl=unknown Cozy Corner
[2153/2237] needs-browser  -                          curl=unknown LUNAS
[2154/2237] filed          -                          curl=true    Stacy's SUGAR Shop
[2155/2237] needs-browser  -                          curl=unknown Hummus Mediterranean Kitchen
[2156/2237] needs-browser  -                          curl=unknown Promised Goods
[2157/2237] gated          -                          curl=unknown Gourmet Tamales
[2158/2237] needs-browser  -                          curl=unknown Lagoon Terrace
[2159/2237] filed          -                          curl=true    Sangucheria PSF Hillcrest
[2160/2237] gated          -                          curl=unknown Negro Durazo
[2161/2237] needs-browser  -                          curl=unknown Rocko's Modern Taphouse
[2162/2237] fetch-failed   -                          curl=unknown All Better Products Commissary Kitchen
[2163/2237] needs-browser  -                          curl=unknown Lone Pine Eatery
[2164/2237] filed          -                          curl=false   Humphrey Nutrición club herbalife
[2165/2237] needs-browser  -                          curl=unknown The Poke Co. - Linda Vista
[2166/2237] needs-browser  -                          curl=unknown Rock Steady
[2167/2237] needs-browser  -                          curl=unknown Country Waffles
[2168/2237] fetch-failed   -                          curl=unknown HACIENDITA BAKERY
[2169/2237] needs-browser  -                          curl=unknown The Mighty Bean Coffee Co.
[2170/2237] filed          -                          curl=false   30Z Dive Club (Three Ounce)
[2171/2237] gate-personal  -                          curl=unknown Thum SD
[2172/2237] needs-browser  -                          curl=unknown Tocumbo Ice Cream National City
[2173/2237] gate-personal  -                          curl=unknown High Seas Bar
[2174/2237] fetch-failed   -                          curl=unknown Monserrate Pastries
[2175/2237] fetch-failed   -                          curl=unknown Filo
[2176/2237] needs-browser  -                          curl=unknown Hui Hua
[2177/2237] fetch-failed   -                          curl=unknown The Macaron Shop SD
[2178/2237] needs-browser  -                          curl=unknown Pinsarella Ancient Roman Pizza
[2179/2237] needs-browser  -                          curl=unknown The Quay Cafe
[2180/2237] fetch-failed   -                          curl=unknown Cafe 477 Encinitas
[2181/2237] needs-browser  -                          curl=unknown Mexico City Cuisine LLC
[2182/2237] gate-personal  -                          curl=unknown The Santaluz Club Dining Room and Events
[2183/2237] gated          -                          curl=unknown By The Sea
[2184/2237] needs-browser  -                          curl=unknown Rhino Cake and Coffee Company
[2185/2237] gated          -                          curl=unknown Chandelier BY G
[2186/2237] needs-browser  -                          curl=unknown Stony Mountain Bar & Grill
[2187/2237] needs-browser  -                          curl=unknown Nono José Empanadas
[2188/2237] gated          -                          curl=unknown The Village Mission Valley Cafe
[2189/2237] needs-browser  -                          curl=unknown Mexico City Cuisine-CoLab
[2190/2237] gated          -                          curl=unknown OTAY CAFE
[2191/2237] needs-browser  -                          curl=unknown The Workshop at Sae Kitchen
[2192/2237] filed          -                          curl=true    Hilltop Cafe
[2193/2237] needs-browser  -                          curl=unknown Heritage
[2194/2237] needs-browser  -                          curl=unknown Michoacana Mia - Escondido
[2195/2237] needs-browser  -                          curl=unknown Bean Sprouts
[2196/2237] gate-personal  -                          curl=unknown The Divers Cup
[2197/2237] needs-browser  -                          curl=unknown The Reading Club
[2198/2237] gate-personal  -                          curl=unknown Avo & Ocha
[2199/2237] needs-browser  -                          curl=unknown Mielimon Bakery
[2200/2237] fetch-failed   -                          curl=unknown Fallbrook Kitchen Rentals
[2201/2237] filed          -                          curl=true    The Encore Sushi
[2202/2237] needs-browser  -                          curl=unknown Crave & Feast
[2203/2237] needs-browser  -                          curl=unknown Blank Slate
[2204/2237] filed          -                          curl=true    Lindo Valle Mexican Grill
[2205/2237] fetch-failed   -                          curl=unknown SALT N SAVOR DELI & CAFE
[2206/2237] needs-browser  -                          curl=unknown Mama Kat's Restaurant and Pie Shop
[2207/2237] gate-personal  -                          curl=unknown Masa Madre
[2208/2237] wrong-branch   -                          curl=unknown Famous Famiglia
[2209/2237] needs-browser  -                          curl=unknown Joes on the Nose
[2210/2237] gate-personal  -                          curl=unknown Sweet Munchies
[2211/2237] needs-browser  -                          curl=unknown De Los Altos Restaurant
[2212/2237] needs-browser  -                          curl=unknown Egg Tuck
[2213/2237] fetch-failed   -                          curl=unknown The Banshee Bar
[2214/2237] needs-browser  -                          curl=unknown Deli and Pizzeria
[2215/2237] filed          -                          curl=true    Sangucheria PSF Liberty Station
[2216/2237] fetch-failed   -                          curl=unknown Griffin Grind
[2217/2237] needs-browser  -                          curl=unknown Vella Brasserie
[2218/2237] needs-browser  -                          curl=unknown NM Cafe
[2219/2237] needs-browser  -                          curl=unknown Mi Pan Bakery
[2220/2237] needs-browser  -                          curl=unknown Health Center Deli
[2221/2237] needs-browser  -                          curl=unknown Nrgize
[2222/2237] filed          -                          curl=true    Gaslamp Coffee Bar
[2223/2237] needs-browser  -                          curl=unknown Amalfi Cucina Italiana at Orfila Vineyards
[2224/2237] needs-browser  -                          curl=unknown Afghan Table
[2225/2237] fetch-failed   -                          curl=unknown Tango Restaurant & Lounge
[2226/2237] needs-browser  -                          curl=unknown Coast Coffee Co
[2227/2237] needs-browser  -                          curl=unknown Oliva
[2228/2237] gate-personal  -                          curl=unknown Don Ramon Méxican and sea food
[2229/2237] needs-browser  -                          curl=unknown Tu Taco Taco Shop #2
[2230/2237] gated          -                          curl=unknown Rancho Sandwich & Creamery
[2231/2237] gated          -                          curl=unknown Buka - Taste of Nigeria
[2232/2237] needs-browser  -                          curl=unknown Petite Perk Cafe
[2233/2237] needs-browser  -                          curl=unknown The Grand Tradition
[2234/2237] needs-browser  -                          curl=unknown Nicolosi's Pizza (Mira Lee Way)
[2235/2237] needs-browser  -                          curl=unknown Kabul West Mediterranean Grill
[2236/2237] filed          -                          curl=true    Inland Tavern
[2237/2237] fetch-failed   -                          curl=unknown In Between

platform       attempted   filed  curl-ok
none                2237     251      215

251 menus filed of 2237 attempted
wrote menus/wip/browser-20260906-022447.json
wrote menus/wip/browser-20260906-022447.notes.json
bodies under C:/Users/Calvin  Lensink/AppData/Local/Temp/claude/browser-menus
