queue 2868 (1858 with a website, 1010 via serper fallback only); routing 2868 at concurrency 4

[   1/2868] no-platform   -            Oceanside Harbor Village
[   2/2868] no-platform   -            Westfield UTC
[   3/2868] no-platform   -            Crumbl Cookies
[   4/2868] no-platform   -            Sessions by the Bay Cannabis Dispensary and Lounge
[   5/2868] filed         own-jsonld   Peterson's Donut Corner
[   6/2868] needs-browser toast        Liberty Public Market
[   7/2868] no-platform   -            Kaelin's Market
[   8/2868] screened-out  order.online Wood Ranch Mission Valley
[   9/2868] needs-browser chownow      Burger Bench Escondido
[  10/2868] needs-browser -            Casa de Freds
[  11/2868] no-platform   -            Mitsuwa Marketplace - San Diego
[  12/2868] no-platform   -            Cardiff Seaside Market
[  13/2868] no-platform   -            Mama Kat's Restaurant
[  14/2868] needs-browser order.online Rodizio Grill Brazilian Steakhouse San Diego
[  15/2868] no-platform   -            Mimi's Cafe
[  16/2868] no-platform   -            Somisomi
[  17/2868] needs-browser toast        Draft South Mission
[  18/2868] no-platform   -            Taquería Imperial
[  19/2868] no-platform   -            El Super
[  20/2868] no-platform   -            Yogurt Mill
[  21/2868] no-platform   -            Sally's Waterfront Dining
[  22/2868] no-platform   -            Windmill Food Hall
[  23/2868] no-platform   -            Twin Peaks
[  24/2868] no-platform   -            Crumbl Cookies
[  25/2868] needs-browser chownow      Brigantine Seafood
[  26/2868] no-platform   -            Public Square Coffee House
[  27/2868] no-platform   -            Acai Republic - Oceanside
[  28/2868] no-platform   -            VG Donut & Bakery
[  29/2868] no-platform   -            Original Pancake House Vista
[  30/2868] no-platform   -            Portside Pier
[  31/2868] no-platform   -            Crumbl Cookies
[  32/2868] no-platform   -            Khyber Pass Zarparan Restaurant | Afghan
[  33/2868] no-platform   -            Lake Cuyamaca Restaurant & Store
[  34/2868] no-platform   -            Otay Farms Market & Mexican Food
[  35/2868] needs-browser toast        Barrio Star
[  36/2868] no-platform   -            Con Pane Rustic Breads & Cafe
[  37/2868] wrong-branch  toast        Lucha Libre Taco Shop
[  38/2868] needs-browser olo          Dog Haus Biergarten
[  39/2868] no-platform   -            Menudería Don Vicente
[  40/2868] needs-browser order.online Tom's Famous Family Restaurant 24
[  41/2868] no-platform   -            Prohibition Lounge
[  42/2868] no-platform   -            Islands Restaurant Chula Vista
[  43/2868] needs-browser toast        FIT Social
[  44/2868] no-platform   -            Saigon Restaurant
[  45/2868] needs-browser Square Online storefront Wayfarer Bread & Pastry
[  46/2868] needs-browser olo          Better Buzz Coffee San Marcos
[  47/2868] no-platform   -            Crumbl Cookies
[  48/2868] no-platform   -            Quartyard
[  49/2868] needs-browser toast        MooTime Creamery
[  50/2868] no-platform   -            Rubio's Coastal Grill
[  51/2868] no-platform   -            Kiko's Place-The Seafood King
[  52/2868] wrong-branch  toast        Good Night John Boy
[  53/2868] no-platform   -            Huckleberry's Breakfast & Lunch
[  54/2868] no-platform   -            Phở Vân Restaurant
[  55/2868] no-platform   -            Fridas Street Tacos
[  56/2868] needs-browser order.online Primos Mexican Food & Cantina
[  57/2868] no-platform   -            Crumbl Cookies
[  58/2868] needs-browser order.online TOM's Famous Family Restaurant 22
[  59/2868] no-platform   -            Hong Kong Restaurant
[  60/2868] no-platform   -            Sweet Spot Real Jamaican Restaurant
[  61/2868] no-platform   -            Crumbl Cookies
[  62/2868] no-platform   -            Crumbl Cookies
[  63/2868] needs-browser -            Noble Experiment
[  64/2868] needs-browser plain-html   Por Favor El Cajon
[  65/2868] needs-browser slice        Massachusetts Mike's Pizzeria
[  66/2868] no-platform   -            Loreto's Taco Shop
[  67/2868] too-few       netwaiter    Su Pan Bakery El Cajon
[  68/2868] needs-browser toast        Tom's Watch Bar - Petco Park
[  69/2868] no-platform   -            Taco Bar
[  70/2868] needs-browser plain-html   Papas & Tacos Mexican Food
[  71/2868] needs-browser chownow      Parakeet Cafe - Little Italy
[  72/2868] no-platform   -            Deiberto's Mexican Restaurant
[  73/2868] no-platform   -            Plazas Mexican Food
[  74/2868] no-platform   -            Carnitas Las Michoacánas
[  75/2868] no-platform   -            The Shores Restaurant
[  76/2868] needs-browser plain-html   Nick's on State
[  77/2868] no-platform   -            Red Fox Room and Steakhouse
[  78/2868] no-platform   -            Los Reyes Mexican Restaurant & Cantina
[  79/2868] needs-browser GloriaFood widget That Mexican Place
[  80/2868] needs-browser order.online Jimbo's - Escondido
[  81/2868] too-few       spothopper   Kebab Craft
[  82/2868] no-platform   -            Los Garcia's Taco Shop
[  83/2868] needs-browser toast        Lanna Thai Cuisine
[  84/2868] needs-browser toast        Coya Peruvian Secret
[  85/2868] no-platform   -            Fallbrook Cafe
[  86/2868] no-platform   -            El Real Mexican Food
[  87/2868] no-platform   -            Stone Brewing Tap Room - Oceanside
[  88/2868] needs-browser olo          Better Buzz Coffee Escondido
[  89/2868] no-platform   -            Round1 Bowling & Arcade - National City
[  90/2868] needs-browser olo          DQ GRILL & CHILL, OCEANSIDE
[  91/2868] screened-out  order.online Grandma Tofu & BBQ
[  92/2868] needs-browser order.online Vaqueros Carne Asada
[  93/2868] no-platform   -            Barrio Food Hub
[  94/2868] no-platform   -            Los Junior's Mexican Food
[  95/2868] needs-browser Square Online storefront Empanada Kitchen
[  96/2868] needs-browser order.online Jimbo’s - Carmel Valley
[  97/2868] needs-browser slice        Pastalini
[  98/2868] needs-browser slice        Pastalini
[  99/2868] no-platform   -            I Love Bagels
[ 100/2868] no-platform   -            BunZ
[ 101/2868] no-platform   -            Newtopia Cyder
[ 102/2868] no-platform   -            Hanu Korean BBQ
[ 103/2868] no-platform   -            Tiajuana Food Court
[ 104/2868] no-platform   -            Rubio's Coastal Grill
[ 105/2868] needs-browser toast        The Asian Bistro
[ 106/2868] no-platform   -            Tocumbo Ice Cream
[ 107/2868] screened-out  shopify      4th Ave Lounge
[ 108/2868] no-platform   -            Tacotarian San Diego
[ 109/2868] needs-browser Square Online storefront skybound coffee + dessert lounge
[ 110/2868] needs-browser olo          Panini Kabob Grill - Mission Valley
[ 111/2868] needs-browser order.online Sancho's Tacos
[ 112/2868] no-platform   -            Paradise Lounge & Grill - San Diego's Best Sports Bar
[ 113/2868] needs-browser Square Online (own domain) Up2You Cafe
[ 114/2868] no-platform   -            Antonio's Mexican Food
[ 115/2868] no-platform   -            It's Raw Poke Shop
[ 116/2868] needs-browser plain-html   Nick's Del Mar
[ 117/2868] needs-browser olo          Better Buzz Coffee Coronado
[ 118/2868] no-platform   -            Iceskimo
[ 119/2868] no-platform   -            Crumbl Cookies
[ 120/2868] needs-browser Square Online storefront Sunny Side Kitchen
[ 121/2868] needs-browser olo          Better Buzz Coffee Pacific Beach Grand
[ 122/2868] no-platform   -            El Primo Birriería
[ 123/2868] no-platform   -            Cute Cakes Bakery & Café
[ 124/2868] needs-browser toast        Galpão Gaucho Brazilian Steakhouse
[ 125/2868] no-platform   -            EQ San Diego
[ 126/2868] no-platform   -            La Concha Bakery
[ 127/2868] needs-browser -            1022 Cafe & Gelateria
[ 128/2868] needs-browser plain-html   Pancho's Mexican Restaurant
[ 129/2868] needs-browser SpotOn       allmine pizza and pasta
[ 130/2868] no-platform   -            Lucy's Bakery
[ 131/2868] no-platform   -            O'side Bakery
[ 132/2868] no-platform   -            VAGA Restaurant & Bar
[ 133/2868] needs-browser spothopper   Village Pizza
[ 134/2868] needs-browser -            Sammy's Woodfire Pizza and Grille
[ 135/2868] needs-browser toast        Risers Pizza
[ 136/2868] no-platform   -            Zarlitos Family Restaurant
[ 137/2868] no-platform   -            Eppig Brewing Co. Waterfront Biergarten
[ 138/2868] needs-browser order.online Robertito's Mexican Food
[ 139/2868] no-platform   -            Baci Restaurant | Italian
[ 140/2868] needs-browser toast        Shaks Mediterranean Bistro
[ 141/2868] no-platform   -            Golden Mandarin
[ 142/2868] needs-browser order.online Sukho Thai Extraordinaire
[ 143/2868] needs-browser Square Online (own domain) Camp Coffee Company
[ 144/2868] needs-browser -            Beyer Deli
[ 145/2868] needs-browser Square Online (own domain) Beach City Smoothies
[ 146/2868] needs-browser Square Online (own domain) Portal Coffee
[ 147/2868] no-platform   -            Golden Donut
[ 148/2868] needs-browser SpotOn       Souplantation
[ 149/2868] no-platform   -            Frida’s Taqueria Oceanside
[ 150/2868] needs-browser Square Online storefront Prager Brothers Artisan Breads
[ 151/2868] needs-browser spothopper   Los Panchos Mexican Grill & Seafood
[ 152/2868] no-platform   -            The Bella Lounge
[ 153/2868] no-platform   -            Mi Ranchito Taco Shop
[ 154/2868] no-platform   -            Rubio's Coastal Grill
[ 155/2868] no-platform   -            Edelweiss Bakery
[ 156/2868] no-platform   -            Niederfrank's Ice Cream
[ 157/2868] no-platform   -            Superbloom Coffee & Juice
[ 158/2868] needs-browser -            California Pizza Kitchen at Solana Beach
[ 159/2868] needs-browser MealKeyWay   Dumplings N More
[ 160/2868] needs-browser spothopper   Penelopes Mexican Food
[ 161/2868] needs-browser Square Online storefront Maan's Mediterranean Grill
[ 162/2868] no-platform   -            Konito's Cafe
[ 163/2868] no-platform   -            Market on 8th
[ 164/2868] no-platform   -            Birria El Rey
[ 165/2868] screened-out  shopify      Ascend Coffee Roasters
[ 166/2868] no-platform   -            GelatoLove Carlsbad Village
[ 167/2868] needs-browser toast        The Remy
[ 168/2868] no-platform   -            Quixote
[ 169/2868] no-platform   -            Panda Imperial Restaurant
[ 170/2868] no-platform   -            Mariscos Mar Y Tierra
[ 171/2868] too-few       order.online Ben & Jerry's
[ 172/2868] no-platform   -            The Cowshed
[ 173/2868] no-platform   -            Manna Heaven BBQ - National City
[ 174/2868] needs-browser order.online Rise Southern Biscuits & Righteous Chicken - San Diego
[ 175/2868] no-platform   -            The Cowshed
[ 176/2868] no-platform   -            Bonchon Chicken
[ 177/2868] no-platform   -            Crumbl Cookies
[ 178/2868] needs-browser toast        Sultan Baklava
[ 179/2868] no-platform   -            Red Lobster
[ 180/2868] no-platform   -            Chiroys Cafe
[ 181/2868] no-platform   -            Yingli Restaurant | Chula Vista
[ 182/2868] needs-browser -            The Invigatorium
[ 183/2868] needs-browser spothopper   Curry & More - Indian Bistro
[ 184/2868] needs-browser HungerRush   Flippin' Pizza NY Pies and Slices
[ 185/2868] needs-browser spothopper   3N1 Sports Bar & Grill
[ 186/2868] no-platform   -            Green Vine Delicatessen
[ 187/2868] no-platform   -            Jts Clubhouse Pub and Grill
[ 188/2868] no-platform   -            The Vibe
[ 189/2868] too-few       netwaiter    Aiberto's Taco Shop
[ 190/2868] no-platform   -            Marina Kitchen
[ 191/2868] no-platform   -            Manna Heaven BBQ Downtown
[ 192/2868] no-platform   -            Pacific Beach Ice Cream Co.
[ 193/2868] needs-browser spothopper   Julian Hard Cider
[ 194/2868] no-platform   -            Curbside Eatery & Drinkery
[ 195/2868] no-platform   -            Leucadia Donut Shoppe
[ 196/2868] no-platform   -            Arizona Chinese Restaurant
[ 197/2868] needs-browser -            The Rooftop by STK
[ 198/2868] needs-browser -            Canyon Grille
[ 199/2868] no-platform   -            ICHIBAN RAMEN AND SUSHI
[ 200/2868] no-platform   -            Muri Coffee & Dessert
[ 201/2868] no-platform   -            China Fun
[ 202/2868] needs-browser toast        Tabu Sushi Bar & Grill Santee
[ 203/2868] no-platform   -            Savory Thai Restaurant
[ 204/2868] no-platform   -            SOMISOMI
[ 205/2868] no-platform   -            Lighthouse Ice Cream
[ 206/2868] no-platform   -            The Buffet
[ 207/2868] no-platform   -            Ami Sushi
[ 208/2868] no-platform   -            Hidden Fish
[ 209/2868] no-platform   -            Seafood La 57
[ 210/2868] no-platform   -            Coffee by Malibu Farm
[ 211/2868] no-platform   -            Draft Republic San Marcos
[ 212/2868] needs-browser Square Online storefront Bay Park Coffee
[ 213/2868] no-platform   -            Sandwich Emporium
[ 214/2868] needs-browser Square Online storefront Portinos Restaurant
[ 215/2868] too-few       shopify      Mr. Coconut CA
[ 216/2868] needs-browser toast        QUICK BITES CAFE / Best Sandwiches
[ 217/2868] no-platform   -            Hurricane Grill & Wings
[ 218/2868] no-platform   -            El Charro Mexican Food
[ 219/2868] no-platform   -            Black Cat Bar
[ 220/2868] needs-browser -            Truckstop Saloon
[ 221/2868] no-platform   -            Emma's Mexican Food
[ 222/2868] no-platform   -            La Sabrosita
[ 223/2868] needs-browser MealKeyWay   大鼓米线Dagu Miishien
[ 224/2868] no-platform   -            La Central - Birrieria y Menuderia
[ 225/2868] needs-browser spothopper   il Sogno Italiano
[ 226/2868] no-platform   -            Duck Foot Brewing
[ 227/2868] no-platform   -            Mariscos La Perla Negra
[ 228/2868] screened-out  toast        Agave Birrieria
[ 229/2868] no-platform   -            Rancho Las Palmas Mexican Grill & Seafood
[ 230/2868] no-platform   -            Spitz Mediterranean Street Food
[ 231/2868] no-platform   -            Helix Brewing Co.
[ 232/2868] no-platform   -            Paris Baguette
[ 233/2868] no-platform   -            Angelito's Fruteria Y Neveria
[ 234/2868] needs-browser toast        Healthy Creations Cafe
[ 235/2868] no-platform   -            New York Buffalo Wings
[ 236/2868] no-platform   -            Fortuna Ristorante Italiano
[ 237/2868] needs-browser Square Online storefront El Cajon Elks Lodge 1812
[ 238/2868] no-platform   -            Kinaly Thai Restaurant
[ 239/2868] needs-browser toast        Valentina
[ 240/2868] no-platform   -            Phở Carlsbad
[ 241/2868] no-platform   -            Phở Carlsbad
[ 242/2868] no-platform   -            SanSai Japanese Grill
[ 243/2868] needs-browser toast        Novo Brazil Brewing Mission Valley
[ 244/2868] no-platform   -            Camel's Bar and Grill
[ 245/2868] no-platform   -            Handel's Homemade Ice Cream Vista
[ 246/2868] no-platform   -            Fugu
[ 247/2868] needs-browser Square Online storefront Genteel Coffee Roasters
[ 248/2868] needs-browser order.online TOUS les JOURS Bakery Café - La Jolla
[ 249/2868] needs-browser toast        NOIR Sushi and Sake Fusion Lounge
[ 250/2868] no-platform   -            Hopnonymous Brewing Company
[ 251/2868] no-platform   -            The Par Lounge and Deck
[ 252/2868] no-platform   -            Marisco's German
[ 253/2868] no-platform   -            Flora
[ 254/2868] no-platform   -            Tocumbo Ice Cream CV
[ 255/2868] needs-browser order.online Burrito Leo's Mexican Food
[ 256/2868] needs-browser slice        HillCrust Pizza
[ 257/2868] no-platform   -            Zen 5
[ 258/2868] no-platform   -            Ramones Cantina
[ 259/2868] needs-browser toast        Angry Chickz - Oceanside
[ 260/2868] screened-out  order.online Yogurt Heaven
[ 261/2868] needs-browser Square Online (own domain) CUPPA CUPPA COFFEE COMPANY
[ 262/2868] gated         chownow      Bob's Steak & Chop House
[ 263/2868] no-platform   -            1St Street Bar
[ 264/2868] no-platform   -            Catalina Offshore Products
[ 265/2868] needs-browser toast        Burgeon Beer Company
[ 266/2868] needs-browser Square Online storefront New English Brewing - San Diego Brewery
[ 267/2868] no-platform   -            A.R. Valentien
[ 268/2868] no-platform   -            Lucy's Bakery
[ 269/2868] no-platform   -            Aztec Brewing Company
[ 270/2868] no-platform   -            Sweet Bakery Mexico Lindo
[ 271/2868] gated         order.online NuYo Frozen Yogurt Telegraph Canyon
[ 272/2868] no-platform   -            Cafe Bella Drive Thru
[ 273/2868] no-platform   -            Off The 8 Café
[ 274/2868] no-platform   -            Booze Brothers Brewing Co.
[ 275/2868] needs-browser olo          Randy's Donuts
[ 276/2868] needs-browser olo          Luna Grill Millenia
[ 277/2868] no-platform   -            Sushi On San Marcos - Japanese Restaurant
[ 278/2868] needs-browser HungerRush   Buonasera New York Pizzeria
[ 279/2868] needs-browser Square Online (own domain) Solana Sumptuous Cookies
[ 280/2868] needs-browser MealKeyWay   Surfing Crab Escondido
[ 281/2868] no-platform   -            Royal India Express
[ 282/2868] screened-out  menufy       Ginza Sushi
[ 283/2868] no-platform   -            We Olive & Wine Bar
[ 284/2868] no-platform   -            Dragon Express
[ 285/2868] wrong-branch  toast        Belching Beaver Brewery Oceanside
[ 286/2868] no-platform   -            California Mountain Bakery
[ 287/2868] no-platform   -            The Confessional by The Lost Abbey
[ 288/2868] no-platform   -            The Craft Creamery
[ 289/2868] needs-browser toast        Tacaliente Mexican Grill
[ 290/2868] needs-browser order.online bb.q Chicken Chula Vista
[ 291/2868] needs-browser Square Online (own domain) BattleMage Brewing Company
[ 292/2868] no-platform   -            Ike's Love & Sandwiches
[ 293/2868] wrong-branch  popmenu      Max's Restaurant Chula Vista, Cuisine of the Philippines
[ 294/2868] no-platform   -            Thai Island@
[ 295/2868] needs-browser toast        Rosemonts Cafe
[ 296/2868] needs-browser HungerRush   Pop Pops Paleta
[ 297/2868] needs-browser spothopper   Santos Coffee
[ 298/2868] no-platform   -            BKK THAI KITCHEN
[ 299/2868] no-platform   -            Palomino's Mexican & Seafood
[ 300/2868] no-platform   -            Crumbl Cookies
[ 301/2868] no-platform   -            The Art of Espresso
[ 302/2868] no-platform   -            Deft Brewing
[ 303/2868] no-platform   -            Rolling-Out
[ 304/2868] no-platform   -            Los Armando's Mexican Food
[ 305/2868] no-platform   -            Mesa Pizza
[ 306/2868] wrong-branch  toast        Madi Pacific Beach
[ 307/2868] no-platform   -            Athens Market Taverna
[ 308/2868] needs-browser order.online bb.q Chicken National City
[ 309/2868] needs-browser order.online San Diego Sandwich Co
[ 310/2868] no-platform   -            Teriyaki Sun
[ 311/2868] no-platform   -            TapShack Kombucha & Coffee
[ 312/2868] needs-browser MealKeyWay   Ocean Buffet
[ 313/2868] no-platform   -            Avenue Subs Coronado
[ 314/2868] needs-browser Square Online (own domain) Matcha Cafe Maiko - Escondido
[ 315/2868] no-platform   -            Kaka Rawand - كباب كاكه روند (ملحمة أنوار)
[ 316/2868] needs-browser olo          Better Buzz Coffee Oceanside South
[ 317/2868] needs-browser HungerRush   Flippin' Pizza La Costa
[ 318/2868] wrong-branch  order.online Lourdes Mexican Food San Elijo
[ 319/2868] no-platform   -            Botani Breakfast & Pizzeria
[ 320/2868] needs-browser -            Marieta's Mexican Food
[ 321/2868] no-platform   -            Eugenio Italian Ristorante & More
[ 322/2868] needs-browser spothopper   Johnny Mañanas Ocean Beach
[ 323/2868] no-platform   -            Sky Deck at Del Mar Highlands Town Center
[ 324/2868] no-platform   -            Mi Barra Bar
[ 325/2868] needs-browser order.online Poki Poki - Oceanside # 1
[ 326/2868] no-platform   -            The Library Tavern
[ 327/2868] no-platform   -            Cake de Partie
[ 328/2868] screened-out  own-jsonld   Hanna Garden
[ 329/2868] needs-browser toast        Novo Brazil Brewing - Lane Ave
[ 330/2868] no-platform   -            Saigon Star Restaurant
[ 331/2868] no-platform   -            Kababayan Bakery
[ 332/2868] screened-out  own-jsonld   Hanna Garden
[ 333/2868] no-platform   -            Paris Baguette
[ 334/2868] no-platform   -            Mama G’s Kitchen & Sauces Peruvian Cuisine
[ 335/2868] no-platform   -            Thai Garden
[ 336/2868] no-platform   -            the Koffie Co
[ 337/2868] no-platform   -            Donuts Plus
[ 338/2868] needs-browser -            Galu Café and Delicatessen
[ 339/2868] no-platform   -            Continent Delicatessen
[ 340/2868] no-platform   -            Relic Bakery & Kitchen
[ 341/2868] no-platform   -            The Camp Store
[ 342/2868] no-platform   -            Valerio's 1979
[ 343/2868] no-platform   -            Surf City Squeeze
[ 344/2868] screened-out  shopify      Barefoot Coffee Roasters
[ 345/2868] no-platform   -            Backdraft Bar & Grill
[ 346/2868] no-platform   -            Bravo Cafe
[ 347/2868] no-platform   -            Pizza Mania
[ 348/2868] needs-browser Square Online storefront Crossroads Deli
[ 349/2868] filed         shopify      Flor and Seed Coffee Roasters
[ 350/2868] needs-browser SpotOn       Porky's Lechon Barbecue
[ 351/2868] needs-browser order.online Primos Mexican Food & Cantina
[ 352/2868] needs-browser spothopper   Isabelle Briens French Pastry Cafe
[ 353/2868] no-platform   -            Wisteria Candy Cottage
[ 354/2868] needs-browser Square Online (own domain) Elixir Espresso & Wine Bar
[ 355/2868] no-platform   -            Famous Oasis Ice Cream Parlor
[ 356/2868] too-few       netwaiter    Opa Greek Restaurant & Grill
[ 357/2868] needs-browser plain-html   South of Nick's Del Mar | Mexican Kitchen + Bar
[ 358/2868] no-platform   -            KD's Donuts
[ 359/2868] no-platform   -            P.L. Bagels
[ 360/2868] needs-browser SpotOn       Lupe's Cafe Mexican Restaurant
[ 361/2868] no-platform   -            Ginza Sushi
[ 362/2868] needs-browser MenuSifu     Sizzling Pot King
[ 363/2868] no-platform   -            Imperial Express
[ 364/2868] no-platform   -            Bica Coffee Shop
[ 365/2868] needs-browser olo          Tocaya Modern Mexican
[ 366/2868] gated         chownow      CinKuni (Italian & Japanese Cuisine)
[ 367/2868] no-platform   -            Taste of Denmark
[ 368/2868] no-platform   -            Potato Corner
[ 369/2868] needs-browser SpotOn       Tasty Pho
[ 370/2868] no-platform   -            California Bean
[ 371/2868] needs-browser Square Online (own domain) Tyne Coffee Co.
[ 372/2868] needs-browser toast        The Outpost by Valley Farm
[ 373/2868] no-platform   -            Cielo Rooftop
[ 374/2868] needs-browser olo          Better Buzz Coffee Imperial Beach
[ 375/2868] wrong-branch  order.online Ciné Café
[ 376/2868] no-platform   -            Beginners Diner
[ 377/2868] no-platform   -            El Original Mariscos German
[ 378/2868] no-platform   -            Calico Cidery
[ 379/2868] needs-browser Square Online (own domain) Chef Budda Blasian Soul Food LLC
[ 380/2868] no-platform   -            Alibi
[ 381/2868] needs-browser order.online Swami's
[ 382/2868] too-few       shopify      Culture Brewing
[ 383/2868] no-platform   -            KM BBQ
[ 384/2868] filed         order.online The Pad Thai Stand
[ 385/2868] no-platform   -            Kaffee Meister
[ 386/2868] no-platform   -            Glazed Coffee & Creamery
[ 387/2868] no-platform   -            Mariscos Gonzalez
[ 388/2868] needs-browser olo          Luna Grill Encinitas
[ 389/2868] no-platform   -            East Village Brewing Company
[ 390/2868] no-platform   -            Piedra Santa
[ 391/2868] no-platform   -            Live Oak Market & restaurant @ gas station
[ 392/2868] too-few       netwaiter    Wings mix
[ 393/2868] no-platform   -            The Leucadian
[ 394/2868] no-platform   -            Menuderia y mariscos GDL
[ 395/2868] no-platform   -            Mariscos La Bola
[ 396/2868] needs-browser toast        Na Tart
[ 397/2868] no-platform   -            Beach + Taco Shack
[ 398/2868] no-platform   -            Hill Street Donut House
[ 399/2868] no-platform   -            Brewjería Taproom & Kitchen
[ 400/2868] no-platform   -            Gyrogrill
[ 401/2868] needs-browser Square Online storefront Garden Coffee
[ 402/2868] needs-browser Square Online storefront Thyme for Lunch Cafe & Grill
[ 403/2868] wrong-branch  popmenu      Cocina de Barrio North Park
[ 404/2868] no-platform   -            Fridas Taqueria
[ 405/2868] needs-browser slice        Giant Pizza King Linda Vista
[ 406/2868] needs-browser toast        Okama Ramen and Grill
[ 407/2868] no-platform   -            ENO Market & Pizzeria
[ 408/2868] needs-browser -            Olala Crepes
[ 409/2868] no-platform   -            Nickel Beer Company
[ 410/2868] needs-browser clover       Himalayan Bistro Oceanside
[ 411/2868] no-platform   -            SoCal Sushi
[ 412/2868] no-platform   -            Phở Hòa Restaurant | Vietnamese
[ 413/2868] no-platform   -            Ko-Li Bar
[ 414/2868] screened-out  menufy       IB Thai
[ 415/2868] needs-browser order.online Fatboy's Deli & Spirits
[ 416/2868] no-platform   -            Fusion Bar & Lounge
[ 417/2868] no-platform   -            Mujeres Brew House
[ 418/2868] no-platform   -            Gooseberries kafe
[ 419/2868] needs-browser Square Online storefront Mesa Agricola
[ 420/2868] needs-browser toast        Chula Vista Brewery
[ 421/2868] needs-browser Square Online (own domain) Industrial Grind Coffee
[ 422/2868] needs-browser chownow      Ironsmith Coffee Roasters
[ 423/2868] no-platform   -            Paris Baguette
[ 424/2868] no-platform   -            Home Coffee
[ 425/2868] no-platform   -            The Grounds Bean Bar
[ 426/2868] no-platform   -            Caffé Adesso
[ 427/2868] needs-browser order.online Memo's Bagel Café
[ 428/2868] needs-browser chownow      Pho Hiep & Grill
[ 429/2868] no-platform   -            Gelabong
[ 430/2868] no-platform   -            Oculto 477
[ 431/2868] screened-out  shopify      Seven Seas Roasting Company
[ 432/2868] needs-browser slice        West Coast Pizza Company
[ 433/2868] needs-browser Square Online storefront iWok Chinese Kitchen
[ 434/2868] needs-browser Square Online storefront Mnemonic Coffee
[ 435/2868] no-platform   -            Donut Factory
[ 436/2868] needs-browser order.online L&L Hawaiian Barbecue - San Marcos (Inside Walmart)
[ 437/2868] no-platform   -            Charli's Landing
[ 438/2868] needs-browser toast        Fat Joe’s O’side
[ 439/2868] no-platform   -            Chopsticks Chinese Cuisine
[ 440/2868] needs-browser toast        SOBREMESA
[ 441/2868] no-platform   -            La Moreliana
[ 442/2868] gated         toast        Convoy Music Bar
[ 443/2868] no-platform   -            Pick Up Stix Fresh Asian Flavors
[ 444/2868] no-platform   -            Mutual Friend Ice Cream
[ 445/2868] no-platform   -            Tea Pavilion
[ 446/2868] no-platform   -            Poki Poki - Escondido
[ 447/2868] needs-browser -            Banh Mi Blvd
[ 448/2868] no-platform   -            Katsuya Ko
[ 449/2868] no-platform   -            The BLVD Bar
[ 450/2868] needs-browser toast        Paradisaea
[ 451/2868] needs-browser Square Online (own domain) Dot Cafe
[ 452/2868] needs-browser order.online BB's Deli
[ 453/2868] no-platform   -            Bistro Pazzo
[ 454/2868] no-platform   -            Bronze Bird
[ 455/2868] no-platform   -            Valentinas Taco Shop
[ 456/2868] no-platform   -            Paris Baguette
[ 457/2868] no-platform   -            Memo's Golden Bagel
[ 458/2868] no-platform   -            YGF Malatang
[ 459/2868] needs-browser -            Seaview Restaurant
[ 460/2868] needs-browser order.online Le Macaron French Pastries
[ 461/2868] needs-browser slice        Pop's Pizza
[ 462/2868] no-platform   -            The Reunion
[ 463/2868] needs-browser order.online bb.q Chicken Vista
[ 464/2868] no-platform   -            Premier Pub
[ 465/2868] no-platform   -            The Lean Bean
[ 466/2868] needs-browser SpotOn       Kalei's Kitchenette
[ 467/2868] no-platform   -            Eat Your Heart Out II
[ 468/2868] no-platform   -            Side Chick - Chicken & Fries
[ 469/2868] needs-browser MealKeyWay   Iron Wok
[ 470/2868] needs-browser order.online Häagen-Dazs
[ 471/2868] no-platform   -            Julian Station
[ 472/2868] needs-browser toast        Origen
[ 473/2868] no-platform   -            EL ENCANTO SD
[ 474/2868] no-platform   -            San Diego Blenders
[ 475/2868] needs-browser toast        Tahini Authentic Middle Eastern Street Food - Mission Valley
[ 476/2868] no-platform   -            Quality Taste Pot
[ 477/2868] needs-browser slice        Rock On Pizza
[ 478/2868] no-platform   -            Pazzos Italian
[ 479/2868] no-platform   -            Masala house Indian Restaurant & Catering
[ 480/2868] no-platform   -            Bar Kamon
[ 481/2868] no-platform   -            Nanay's Best BBQ
[ 482/2868] needs-browser Square Online storefront Sue's Korean Kitchen
[ 483/2868] no-platform   -            Al Teatro Panini Grill
[ 484/2868] no-platform   -            Fruttos Yogurt
[ 485/2868] screened-out  shopify      BEAURISTA COFFEE
[ 486/2868] no-platform   -            Delah Coffee - North Park
[ 487/2868] no-platform   -            Idego Coffee Roasters
[ 488/2868] no-platform   -            Jalisco Cantina
[ 489/2868] no-platform   -            Explorers Café
[ 490/2868] no-platform   -            Frutas
[ 491/2868] needs-browser Square Online storefront Tacoman
[ 492/2868] no-platform   -            Criscito Pizza
[ 493/2868] needs-browser Square Online storefront La Ola Seafood
[ 494/2868] too-few       netwaiter    Nolberto's Taco Shop
[ 495/2868] no-platform   -            43 Area Mess Hall
[ 496/2868] no-platform   -            Nory's Donut & Bakery
[ 497/2868] needs-browser olo          Panini Kabob Grill - Westfield UTC
[ 498/2868] no-platform   -            NuYo Frozen Yogurt Eastlake
[ 499/2868] needs-browser spothopper   Liberty Wing Co
[ 500/2868] no-platform   -            Great Khan's Mongolian Grill Carlsbad
[ 501/2868] no-platform   -            Victor's Kafe - Poway
[ 502/2868] wrong-branch  toast        Lucha Libre Taco Shop
[ 503/2868] no-platform   -            Captain's Quarters
[ 504/2868] no-platform   -            Nana's and Pops Sweet Shop
[ 505/2868] no-platform   -            SHELTER Encinitas
[ 506/2868] no-platform   -            Sideways Bar
[ 507/2868] no-platform   -            Crispy Cones - Carlsbad
[ 508/2868] no-platform   -            Red Ribbon Bakeshop
[ 509/2868] no-platform   -            Coral Tree Tea House
[ 510/2868] no-platform   -            The Luau
[ 511/2868] needs-browser olo          Better Buzz Coffee Del Mar
[ 512/2868] needs-browser spothopper   N City Sports Lounge
[ 513/2868] no-platform   -            Hino
[ 514/2868] no-platform   -            World Famous I Bar
[ 515/2868] no-platform   -            Prince Hookah Cafe
[ 516/2868] no-platform   -            P B Pub
[ 517/2868] needs-browser Square Online storefront Prager Brothers Artisan Bread
[ 518/2868] no-platform   -            Red Ribbon Bakeshop
[ 519/2868] no-platform   -            Christophe Rull Patisserie
[ 520/2868] no-platform   -            Cafe Bella Midway
[ 521/2868] needs-browser toast        La Jollita
[ 522/2868] no-platform   -            Thai Style
[ 523/2868] no-platform   -            JOEHNS Coffee
[ 524/2868] no-platform   -            The Halal Shack
[ 525/2868] no-platform   -            Brown Bag Deli
[ 526/2868] wrong-branch  toast        Chin's Szechwan - Point Loma
[ 527/2868] needs-browser toast        Mr. Charlie's
[ 528/2868] needs-browser Square Online storefront Fan-Fan
[ 529/2868] needs-browser -            Sammy's Restaurant & Bar
[ 530/2868] no-platform   -            Aztec Food Hub
[ 531/2868] needs-browser MealKeyWay   One More Bite Dumpling--San Marcos
[ 532/2868] no-platform   -            Tacos de Birria El Chinito Jr
[ 533/2868] no-platform   -            Penguin Yogurt Factory
[ 534/2868] no-platform   -            Dos Vaqueros Mexican Food
[ 535/2868] needs-browser plain-html   Donut Stop
[ 536/2868] no-platform   -            Taco Time Food Truck
[ 537/2868] no-platform   -            Gong Cha
[ 538/2868] screened-out  clover       OB Quik Stop Liquor & OB Deli
[ 539/2868] no-platform   -            Kona Coffee
[ 540/2868] needs-browser Square Online storefront Prager Brothers Artisan Breads
[ 541/2868] needs-browser SpotOn       D Wings & Ribs
[ 542/2868] needs-browser Square Online (own domain) Beach City Smoothies - Oceanside
[ 543/2868] no-platform   -            The Elegant Truffle
[ 544/2868] wrong-branch  order.online Party Burgers by Booze Brothers Brewing Co
[ 545/2868] needs-browser -            SHAKA Coffee
[ 546/2868] needs-browser toast        Prey Brewing Company
[ 547/2868] no-platform   -            ThirsTea - Boba, Rolled Ice Cream
[ 548/2868] needs-browser -            Panorama Bar & Grill
[ 549/2868] no-platform   -            Millport
[ 550/2868] no-platform   -            Dreamwave Coffee
[ 551/2868] needs-browser Square Online (own domain) Interim Coffee
[ 552/2868] no-platform   -            Stagecoach Inn
[ 553/2868] no-platform   -            The Saloon
[ 554/2868] no-platform   -            Michi Michi Baking Collective
[ 555/2868] no-platform   -            Seahorse Coffee
[ 556/2868] no-platform   -            Ichifuji Sushi
[ 557/2868] no-platform   -            The Deli Stop
[ 558/2868] needs-browser toast        Matoi
[ 559/2868] needs-browser slice        Lakes Market & Deli
[ 560/2868] no-platform   -            Tony’s Newport Cafe
[ 561/2868] needs-browser toast        Tsunami Modern Cuisine
[ 562/2868] needs-browser order.online Poki Poki - Encinitas
[ 563/2868] needs-browser MealKeyWay   JCK Asia Kitchen & Bar
[ 564/2868] needs-browser Square Online storefront Cargo Cafe
[ 565/2868] needs-browser MealKeyWay   Dumplings N More
[ 566/2868] no-platform   -            Parkys
[ 567/2868] needs-browser MealKeyWay   Zhengxin Chicken Steak
[ 568/2868] needs-browser HungerRush   Trining's Bakery & Cafe
[ 569/2868] no-platform   -            Shanghai Cuisine
[ 570/2868] needs-browser Square Online (own domain) Elixir Espresso Bar
[ 571/2868] needs-browser Square Online storefront Sul & Beans
[ 572/2868] needs-browser MealKeyWay   Ten Gu Ramen
[ 573/2868] no-platform   -            China Express
[ 574/2868] no-platform   -            Poor House Brewing Company
[ 575/2868] needs-browser toast        Bonehead Burger Co.
[ 576/2868] no-platform   -            Little Joy Coffee Bar
[ 577/2868] no-platform   -            Mr. Pulpo Sea Food
[ 578/2868] needs-browser Square Online storefront ZzanG Hotdog & Chicken
[ 579/2868] screened-out  order.online La Fresita Y Mas
[ 580/2868] needs-browser MealKeyWay   Hi!Dumplings
[ 581/2868] no-platform   -            Reds Whites and Brews
[ 582/2868] no-platform   -            CoLab Public House
[ 583/2868] no-platform   -            Finca
[ 584/2868] needs-browser toast        Tita's Taco Shop
[ 585/2868] no-platform   -            The Lean Machine Meal Prep
[ 586/2868] no-platform   -            Fuzziwig's Candy Factory
[ 587/2868] needs-browser olo          Sweetfin
[ 588/2868] wrong-branch  order.online Saffron and Rose Persian Ice Cream Del Mar
[ 589/2868] too-few       shopify      Culture Brewing
[ 590/2868] screened-out  clover       Hooked On Pokè
[ 591/2868] needs-browser order.online EsKiNiTa
[ 592/2868] needs-browser SpotOn       Crest Taco
[ 593/2868] no-platform   -            Chee-Chee Club
[ 594/2868] no-platform   -            Channel 2 Sports Bar
[ 595/2868] no-platform   -            Pick Up Stix Fresh Asian Flavors
[ 596/2868] needs-browser Square Online (own domain) JAVA GARDEN
[ 597/2868] needs-browser order.online Daniel's Taco Shop
[ 598/2868] no-platform   -            El Culichi - Birriería y Cenaduría
[ 599/2868] needs-browser SpotOn       Hot or Not Thai
[ 600/2868] no-platform   -            858 Burger
[ 601/2868] needs-browser Paytronix    Pure Green Carlsbad - smoothies + acai + cold-pressed juice
[ 602/2868] needs-browser MealKeyWay   Szechuan Chef Chinese Cuisine
[ 603/2868] no-platform   -            Borrego Rooftop
[ 604/2868] no-platform   -            8th & B Poke
[ 605/2868] no-platform   -            Bistro Kaz
[ 606/2868] no-platform   -            Rosa's Ice Cream and Fruit Bar
[ 607/2868] needs-browser HungerRush   Flippin Pizza Encinitas
[ 608/2868] screened-out  shopify      Mcilhenney Brewing Co.
[ 609/2868] no-platform   -            The Landing Strip Restaurant and Bar
[ 610/2868] filed         own-jsonld   Donut Star
[ 611/2868] needs-browser order.online DaYung's Tea
[ 612/2868] no-platform   -            La Central
[ 613/2868] needs-browser toast        Mess Hall
[ 614/2868] no-platform   -            Danny's Deli - Jacumba
[ 615/2868] no-platform   -            Chen Golden Palace
[ 616/2868] needs-browser toast        Between Us
[ 617/2868] needs-browser -            Elote Restaurant
[ 618/2868] no-platform   -            Mike Hess Brewing Tasting Room
[ 619/2868] too-few       shopify      Wine Girl San Diego
[ 620/2868] no-platform   -            Yummy Spoon
[ 621/2868] no-platform   -            Deano's Pub
[ 622/2868] needs-browser plain-html   Chef’s Wok & Dumplings
[ 623/2868] needs-browser toast        Stella Jean's Ice Cream Kensington
[ 624/2868] no-platform   -            It's A Piece A Cake
[ 625/2868] no-platform   -            San Diego Eagle
[ 626/2868] no-platform   -            24 Suns
[ 627/2868] no-platform   -            City Dragon
[ 628/2868] no-platform   -            Sundaes at The Del
[ 629/2868] no-platform   -            The Island at Carlsbad
[ 630/2868] no-platform   -            Okavango Outpost
[ 631/2868] no-platform   -            Canyon Vista Restaurant
[ 632/2868] needs-browser toast        Upper East
[ 633/2868] no-platform   -            Tender Hooligan
[ 634/2868] no-platform   -            Yakumi Sushi SD
[ 635/2868] no-platform   -            Kaki Sushi
[ 636/2868] needs-browser order.online Poki Poki
[ 637/2868] wrong-branch  toast        Perfect Pizza
[ 638/2868] needs-browser chownow      The Boochyard
[ 639/2868] no-platform   -            Bighorn Fudge LLC
[ 640/2868] no-platform   -            Silver Gate Yacht Club
[ 641/2868] needs-browser chownow      Burger Bench Vista
[ 642/2868] no-platform   -            Mikara Cafe
[ 643/2868] needs-browser toast        Big City Bagels-(BCB Cafe)-North Park
[ 644/2868] needs-browser order.online Taste of Thai
[ 645/2868] no-platform   -            Intazza Coffee Mug & Grub
[ 646/2868] no-platform   -            Somisomi
[ 647/2868] no-platform   -            Karihan Filipino Food
[ 648/2868] no-platform   -            Kinchana
[ 649/2868] needs-browser clover       Ryan Bros Coffee City Heights
[ 650/2868] no-platform   -            Spoon House
[ 651/2868] needs-browser order.online Elsa's Kitchen
[ 652/2868] needs-browser Square Online storefront Copa Vida
[ 653/2868] needs-browser Square Online storefront House of Pho
[ 654/2868] wrong-branch  toast        Cala La Jolla Café
[ 655/2868] no-platform   -            The Mission Bay Beach Club
[ 656/2868] no-platform   -            Juice Alchemy
[ 657/2868] no-platform   -            Gloria's Taco Shop
[ 658/2868] no-platform   -            Hoffer's Cigar Bar
[ 659/2868] needs-browser Square Online storefront Mad Munch Grilled Cheezer Co.
[ 660/2868] screened-out  toast        Agave Taco Shop
[ 661/2868] screened-out  slice        Mike's Giant New York Pizza
[ 662/2868] wrong-branch  toast        Achilles Coffee Roasters
[ 663/2868] needs-browser MealKeyWay   Fish With You ｜Spicy & Sour Fish Soup 鱼你在一起酸菜鱼
[ 664/2868] screened-out  order.online Carbonaro's
[ 665/2868] needs-browser plain-html   JNC Pinoy Foodmart
[ 666/2868] needs-browser spothopper   Bear Roots Brewing Co.
[ 667/2868] screened-out  order.online Frida's Taqueria
[ 668/2868] no-platform   -            Pure Meal Prep SD
[ 669/2868] no-platform   -            Cool Down Coffee
[ 670/2868] no-platform   -            Teriyaki Madness
[ 671/2868] no-platform   -            The Gärten
[ 672/2868] needs-browser chownow      Leos Kitchen
[ 673/2868] needs-browser toast        Junction Bar & Grill
[ 674/2868] wrong-branch  toast        Common Theory Chula Vista
[ 675/2868] needs-browser chownow      Juice Kaboose
[ 676/2868] no-platform   -            SD Cookie Guru
[ 677/2868] no-platform   -            Two Hands Corn Dog San Marcos
[ 678/2868] needs-browser toast        Thai Ladle
[ 679/2868] no-platform   -            Smittys Downtown
[ 680/2868] no-platform   -            The Elwood
[ 681/2868] filed         own-jsonld   Chiim Thai
[ 682/2868] no-platform   -            Arcana Brewing Company
[ 683/2868] no-platform   -            Tom's Chinese BBQ
[ 684/2868] needs-browser toast        Sultan Baklava Mediterranean Grill
[ 685/2868] no-platform   -            Godfather's Diner
[ 686/2868] no-platform   -            Juan Jasper Kitchen & Wine
[ 687/2868] needs-browser spothopper   Bear Roots Tavern
[ 688/2868] no-platform   -            La Nacional
[ 689/2868] wrong-branch  toast        Taco Lounge Escaya
[ 690/2868] no-platform   -            2N1 Korean BBQ
[ 691/2868] needs-browser order.online Deli Belly
[ 692/2868] no-platform   -            Las Brazas Mexican Food
[ 693/2868] no-platform   -            JJANG Korean bbq
[ 694/2868] no-platform   -            All Stars Sports Bar & Grill
[ 695/2868] no-platform   -            Forbidden Cove
[ 696/2868] needs-browser Square Online storefront Tasty Pizza Escondido LLC
[ 697/2868] needs-browser MealKeyWay   Ma's House
[ 698/2868] needs-browser order.online Eggies
[ 699/2868] no-platform   -            DoughBoy's Grill
[ 700/2868] needs-browser toast        Barley & Sword Brewing Company
[ 701/2868] needs-browser Square Online storefront The Brewers Tap Room
[ 702/2868] no-platform   -            Agave Bar and Grill
[ 703/2868] needs-browser SpotOn       La Banana Fruits - Fruteria
[ 704/2868] no-platform   -            Kind Coffee
[ 705/2868] too-few       netwaiter    Star Express
[ 706/2868] no-platform   -            Picasso's Naturals
[ 707/2868] no-platform   -            Deano's Pub East
[ 708/2868] screened-out  shopify      Fuzz Coffee and Records
[ 709/2868] needs-browser toast        Understory Bar
[ 710/2868] no-platform   -            Filipino Grill
[ 711/2868] needs-browser Square Online (own domain) Slurp
[ 712/2868] no-platform   -            Hill Top Winery
[ 713/2868] no-platform   -            Nova Easy Kombucha
[ 714/2868] needs-browser Square Online (own domain) Rad Habits Juice
[ 715/2868] no-platform   -            Taqueria Campos
[ 716/2868] needs-browser toast        Angry Petes Pizza Point Loma
[ 717/2868] needs-browser Square Online storefront Mama Made Thai
[ 718/2868] needs-browser MealKeyWay   Spicy Noodle
[ 719/2868] screened-out  menufy       Sushi Monster
[ 720/2868] no-platform   -            Quarter Deck Inn Cocktails
[ 721/2868] needs-browser -            Torreyana
[ 722/2868] no-platform   -            La Corriente Coronado
[ 723/2868] no-platform   -            Bonchon Chicken
[ 724/2868] no-platform   -            Vista Bean Coffee
[ 725/2868] no-platform   -            The Space Pad
[ 726/2868] no-platform   -            Linda's Donuts
[ 727/2868] needs-browser Square Online storefront PB Poke House Oceanside
[ 728/2868] no-platform   -            Dragon's Den
[ 729/2868] no-platform   -            Ellie's Wood Fired Pizza
[ 730/2868] no-platform   -            The Story Caffè
[ 731/2868] needs-browser order.online Bowls N Brews
[ 732/2868] no-platform   -            Village Pub
[ 733/2868] no-platform   -            Alpine Chill
[ 734/2868] no-platform   -            Main Street Pour House - Vista
[ 735/2868] needs-browser Square Online (own domain) Mirin Kitchen
[ 736/2868] needs-browser slice        Fiori’s Pizza
[ 737/2868] no-platform   -            Harvey's
[ 738/2868] no-platform   -            Tastea
[ 739/2868] needs-browser Square Online (own domain) Aloha Ice Co
[ 740/2868] no-platform   -            SusieCakes - Carlsbad Forum
[ 741/2868] needs-browser chownow      Juice Caboose
[ 742/2868] needs-browser GloriaFood widget Fuego Mediterranean Grill
[ 743/2868] no-platform   -            Rush Bowls
[ 744/2868] needs-browser order.online Bag of Beans Cafe & Restaurant
[ 745/2868] needs-browser chownow      Juice Caboose
[ 746/2868] no-platform   -            Tierra Mia Coffee Drive Thru
[ 747/2868] no-platform   -            Coffee Wave
[ 748/2868] no-platform   -            KYODAI 23 SUSHI
[ 749/2868] no-platform   -            KJ Chinese Restaurant
[ 750/2868] no-platform   -            Thovo Mariscos & Birria
[ 751/2868] no-platform   -            Immersion Coffee
[ 752/2868] no-platform   -            Tutti Frutti
[ 753/2868] needs-browser SpotOn       Mariscos y Miches El Patron
[ 754/2868] no-platform   -            Hometown Taste
[ 755/2868] no-platform   -            Granny's Apple Fries
[ 756/2868] no-platform   -            Litas Fish Market - Oceanside
[ 757/2868] needs-browser -            Odysea Lounge
[ 758/2868] wrong-branch  toast        Pizza 22
[ 759/2868] needs-browser chownow      Parakeet Cafe - Carlsbad
[ 760/2868] no-platform   -            Growlers Sports Bar & Taproom
[ 761/2868] screened-out  shopify      Seven Seas Roasting
[ 762/2868] needs-browser Square Online storefront Kilowatt Craft Beer & Cocktails Oceanside
[ 763/2868] no-platform   -            Unique Sandwiches
[ 764/2868] no-platform   -            Marathon Coffee
[ 765/2868] no-platform   -            Vica’s Cafe
[ 766/2868] no-platform   -            Bowl To Go
[ 767/2868] no-platform   -            Galata Turkish Ice Cream
[ 768/2868] no-platform   -            El Mercadito
[ 769/2868] needs-browser Square Online storefront Dog Leg Brewing
[ 770/2868] no-platform   -            Star Dust Donut Shop
[ 771/2868] no-platform   -            Juice Adventure
[ 772/2868] no-platform   -            Frank's Bakery - Gibaldi's Italian Bread
[ 773/2868] no-platform   -            Volcan Mountain Winery
[ 774/2868] needs-browser Square Online storefront Goli
[ 775/2868] no-platform   -            Mi Amigo Mexican Food & Sea
[ 776/2868] no-platform   -            Java Earth Coffee
[ 777/2868] no-platform   -            Cj Lounge
[ 778/2868] no-platform   -            Las Michoacanas
[ 779/2868] no-platform   -            Taqueria Daily Fresh
[ 780/2868] needs-browser -            Tutti Frutti Frozen Yogurt
[ 781/2868] no-platform   -            Carruth Cellars Tasting Room
[ 782/2868] no-platform   -            Los Cucos Mexican Food
[ 783/2868] no-platform   -            Fall Brewing Company South Park Taproom
[ 784/2868] wrong-branch  order.online The Pad Thai Stand
[ 785/2868] needs-browser MealKeyWay   Ten Seconds Yunnan Rice Noodle
[ 786/2868] needs-browser Square Online (own domain) The Craft Taco at The Nat
[ 787/2868] no-platform   -            Meadiocrity Mead
[ 788/2868] no-platform   -            Bang Bang
[ 789/2868] no-platform   -            Ocean View Bar & Grill
[ 790/2868] needs-browser Square Online storefront Mein St. Asian Kitchen
[ 791/2868] no-platform   -            Jungle Tea
[ 792/2868] no-platform   -            Social hookah lounge
[ 793/2868] needs-browser Square Online (own domain) Castelli & Pizarro Family Vineyards & Winery
[ 794/2868] needs-browser -            Golden Spoon Carlsbad Plaza
[ 795/2868] no-platform   -            Cheers
[ 796/2868] needs-browser slice        Papa's Pizza
[ 797/2868] wrong-branch  clover       Burros and Fries
[ 798/2868] needs-browser Square Online (own domain) Pho Ever Carlsbad
[ 799/2868] no-platform   -            Cup of Yo
[ 800/2868] no-platform   -            Latchkey Brewing Company
[ 801/2868] needs-browser -            Bar Traza
[ 802/2868] no-platform   -            Belinda's Familia Mexican Food Truck
[ 803/2868] no-platform   -            Midnight Animal Coffee
[ 804/2868] no-platform   -            Saki Saki Sushi Bar & Grill
[ 805/2868] no-platform   -            OB Smoothies Bar & Subs
[ 806/2868] no-platform   -            Bobalicious
[ 807/2868] no-platform   -            Badas Burgers Food Truck
[ 808/2868] no-platform   -            Park Commons
[ 809/2868] no-platform   -            Rise + Shine Coffee Shop
[ 810/2868] no-platform   -            Café Ventanas
[ 811/2868] no-platform   -            Ferlini Coffee
[ 812/2868] no-platform   -            Crab City (La Jolla Cove)
[ 813/2868] needs-browser Square Online storefront Empanada Kitchen
[ 814/2868] no-platform   -            Nékter Juice Bar
[ 815/2868] no-platform   -            Hongyuan Kebab
[ 816/2868] no-platform   -            China Fun
[ 817/2868] needs-browser chownow      moonbowls (Healthy Korean Bowls- Boston Ave)
[ 818/2868] no-platform   -            Zodiak Hookah Lounge
[ 819/2868] no-platform   -            Mamma Pinsa
[ 820/2868] needs-browser slice        Little Sisters Pizza
[ 821/2868] wrong-branch  order.online La michoacana Plus San Diego #2
[ 822/2868] needs-browser -            Coastal Cantina
[ 823/2868] no-platform   -            Colima's Mexican Foods
[ 824/2868] no-platform   -            Crown Landing
[ 825/2868] no-platform   -            South O Brewing Company & Kitchen
[ 826/2868] no-platform   -            Señor Taquero Taco Shop
[ 827/2868] no-platform   -            Sourdough & moore
[ 828/2868] no-platform   -            Rumorosa
[ 829/2868] no-platform   -            Arteazen Handcrafted Tea
[ 830/2868] too-few       netwaiter    K & K Orient Valley Food Center
[ 831/2868] needs-browser toast        Lilo
[ 832/2868] needs-browser order.online The Coffee Cart Café & Espresso Catering
[ 833/2868] no-platform   -            Inzane Brewing Co.
[ 834/2868] too-few       netwaiter    Kim's Bar-B-Que
[ 835/2868] no-platform   -            Sher the love of cooking
[ 836/2868] needs-browser toast        Brites Soft Serve
[ 837/2868] no-platform   -            Merenda
[ 838/2868] no-platform   -            Elite Baking
[ 839/2868] no-platform   -            PB Oriental
[ 840/2868] needs-browser Square Online storefront Ululani's San Diego
[ 841/2868] needs-browser GloriaFood widget Jamul Meat Market
[ 842/2868] no-platform   -            Xolotacos
[ 843/2868] no-platform   -            Harissa Mediterranean Kitchen
[ 844/2868] no-platform   -            Uncle Feras Middle Eastern Restaurant
[ 845/2868] no-platform   -            Sai Japanese Bistro
[ 846/2868] no-platform   -            Sunny Grove Brewing Company
[ 847/2868] no-platform   -            PKI Sushi
[ 848/2868] no-platform   -            Carne & Hueso
[ 849/2868] no-platform   -            Landshark Bar & Grill
[ 850/2868] no-platform   -            Embolden Beer Co.
[ 851/2868] no-platform   -            Mantra Raja
[ 852/2868] no-platform   -            La Cocina De Anita
[ 853/2868] needs-browser Square Online storefront Pho Ha Noi Asian Cuisine
[ 854/2868] needs-browser -            Modern Times Coffee
[ 855/2868] no-platform   -            Leucadia Pizza
[ 856/2868] no-platform   -            Sam's Donuts Shop
[ 857/2868] no-platform   -            Spicy Lao Kitchen
[ 858/2868] no-platform   -            Dang Brother Camp Pendleton 22 Area
[ 859/2868] needs-browser slice        Del Cerro Pizza
[ 860/2868] no-platform   -            Barrio Coffee
[ 861/2868] no-platform   -            Tacos La Chorreada
[ 862/2868] needs-browser MealKeyWay   Tasty house 味来
[ 863/2868] no-platform   -            Himalayan Chulo
[ 864/2868] needs-browser SpotOn       Mexican & Seafood Restaurant
[ 865/2868] no-platform   -            Rocko's Family Restaurant
[ 866/2868] no-platform   -            Mariscos La Chalupa #1 - Seafood Truck
[ 867/2868] no-platform   -            VUE
[ 868/2868] no-platform   -            Bubbles & Brews Cafe
[ 869/2868] no-platform   -            Lilian's
[ 870/2868] no-platform   -            Skyline Cafe
[ 871/2868] no-platform   -            Bayside Bar & Grill
[ 872/2868] needs-browser toast        Go Greek Authentic Yogurteria
[ 873/2868] needs-browser order.online Tous les Jours
[ 874/2868] no-platform   -            Cherry Bomb
[ 875/2868] no-platform   -            Sieu Sieu BBQ
[ 876/2868] needs-browser chownow      JRs Grill / G Street Deli
[ 877/2868] no-platform   -            24 Area Messhall
[ 878/2868] needs-browser order.online Häagen-Dazs
[ 879/2868] no-platform   -            AMICIBAR
[ 880/2868] filed         shopify      Kyoto Coast Matcha
[ 881/2868] no-platform   -            RomBomb Burger
[ 882/2868] no-platform   -            Beach wolf
[ 883/2868] no-platform   -            Tap That
[ 884/2868] no-platform   -            Tacos El Villasana
[ 885/2868] no-platform   -            Mariscos La Morena
[ 886/2868] no-platform   -            The Pearl Restaurant
[ 887/2868] needs-browser MealKeyWay   Pho Tan
[ 888/2868] needs-browser toast        Dark Horse Japanese Nikkei Cuisine
[ 889/2868] needs-browser toast        Canton Bakery by Meta Sweets
[ 890/2868] needs-browser Square Online (own domain) CUPPA CUPPA COFFEE LAB
[ 891/2868] needs-browser -            Yogurt Lounge Serra Mesa
[ 892/2868] needs-browser Square Online storefront Flour Atelier
[ 893/2868] no-platform   -            Truva
[ 894/2868] no-platform   -            ALBACA
[ 895/2868] no-platform   -            Pizza Kaiju
[ 896/2868] no-platform   -            Easy Thai
[ 897/2868] needs-browser Square Online storefront Nobibi Convoy
[ 898/2868] no-platform   -            Witherby Bar & Restaurant
[ 899/2868] no-platform   -            Easy Thai
[ 900/2868] needs-browser order.online Lady M Cake Boutique - San Diego
[ 901/2868] no-platform   -            Zuma San Diego
[ 902/2868] no-platform   -            Imperial Palace
[ 903/2868] no-platform   -            Lapper Kitchen + Tap
[ 904/2868] no-platform   -            Theresa's Italian Steakhouse
[ 905/2868] no-platform   -            Tina's Baking Addiction
[ 906/2868] needs-browser plain-html   Roppongi
[ 907/2868] no-platform   -            TP TEA – San Diego
[ 908/2868] no-platform   -            Over The Tap
[ 909/2868] no-platform   -            Kim's Deli
[ 910/2868] no-platform   -            The Cove Bar & Grill
[ 911/2868] needs-browser toast        Swagyu Burger Bar
[ 912/2868] no-platform   -            Happytime Tea
[ 913/2868] no-platform   -            Kiku Room
[ 914/2868] no-platform   -            Vinya Yoga and Wine Bar
[ 915/2868] needs-browser order.online Poki Poki Carlsbad - Boba & Brewski
[ 916/2868] too-few       own-jsonld   Vinh Long Food To Go
[ 917/2868] no-platform   -            The Sushi Stand
[ 918/2868] needs-browser toast        Taco Loco
[ 919/2868] needs-browser MealKeyWay   Tengu Ramen
[ 920/2868] no-platform   -            Tacos el Niño Santana
[ 921/2868] no-platform   -            Treo Kitchen + Bar
[ 922/2868] no-platform   -            Campus Cafe
[ 923/2868] needs-browser Square Online storefront Muse Cheesecakes & Bakery
[ 924/2868] needs-browser -            Kaluú Upscale Mexican & Lounge
[ 925/2868] no-platform   -            Coffee Culture
[ 926/2868] no-platform   -            Suspiros Cakes Chula Vista
[ 927/2868] no-platform   -            Ching's Famous Hopia
[ 928/2868] no-platform   -            LJ Crafted Wines - Wines & Tastings
[ 929/2868] needs-browser Square Online (own domain) Teuscher Chocolates San Diego
[ 930/2868] no-platform   -            Cafe Aero
[ 931/2868] needs-browser toast        Fiesta Mexican Grille
[ 932/2868] no-platform   -            Sabroso taco savor a mi tierra
[ 933/2868] no-platform   -            Brain Freeze Premium Frozen Yogurt & Ice Cream of Bonsall
[ 934/2868] no-platform   -            My Vegan Pie
[ 935/2868] no-platform   -            Necter Juice Bar
[ 936/2868] needs-browser order.online Sr. Taquito
[ 937/2868] no-platform   -            Josie's Hideout Saloon
[ 938/2868] needs-browser order.online El Rinconcito Fruteria
[ 939/2868] wrong-branch  order.online The Pad Thai Stand
[ 940/2868] no-platform   -            Buttery Bakes
[ 941/2868] needs-browser chownow      Parakeet Cafe - Nautilus
[ 942/2868] no-platform   -            Valerio's 1979
[ 943/2868] no-platform   -            Mission Donut House
[ 944/2868] no-platform   -            Presotea
[ 945/2868] no-platform   -            Oakberry Açaí bowls
[ 946/2868] no-platform   -            The Coffee Bar at Foothills Church
[ 947/2868] no-platform   -            D'liteful Chocolat
[ 948/2868] no-platform   -            Fat Tuesday
[ 949/2868] no-platform   -            Old Hickory Steakhouse
[ 950/2868] needs-browser slice        Milo’s Pizza & Deli
[ 951/2868] no-platform   -            Baklava King
[ 952/2868] needs-browser Square Online storefront Societe Brewing Company
[ 953/2868] needs-browser Square Online storefront Common Grounds Cafe - MCRD Base
[ 954/2868] no-platform   -            CRAVE Mediterranean Grill
[ 955/2868] no-platform   -            12 HRS MATCHA CAFE
[ 956/2868] screened-out  toast        Asado Gaucho - Argentinian Meat Dining Experience
[ 957/2868] no-platform   -            J Crepe & Cafe
[ 958/2868] no-platform   -            Trevi Hills Winery
[ 959/2868] no-platform   -            Fall Brewing Company
[ 960/2868] no-platform   -            Yas Lounge
[ 961/2868] no-platform   -            Tasty Donuts
[ 962/2868] no-platform   -            Ono Hawaiian BBQ
[ 963/2868] no-platform   -            The Nutrition Place
[ 964/2868] no-platform   -            Arevalo's Bakery
[ 965/2868] needs-browser order.online Poke One N Half
[ 966/2868] needs-browser Square Online storefront Loma Salad Bar
[ 967/2868] no-platform   -            NuYo Frozen Yogurt Encinitas
[ 968/2868] no-platform   -            Arevalo's Bakery
[ 969/2868] needs-browser clover       Blendees
[ 970/2868] no-platform   -            Jamal's Chicken
[ 971/2868] no-platform   -            Charade Speakeasy
[ 972/2868] no-platform   -            Killer Whale Creamery
[ 973/2868] needs-browser clover       Bruster's Real Ice Cream
[ 974/2868] needs-browser toast        Nomada
[ 975/2868] no-platform   -            S T U D I O Restaurant + Bar
[ 976/2868] no-platform   -            Carruth Cellars Urban Winegarden & Cheese Shop: Liberty Station
[ 977/2868] no-platform   -            Cha Cha Tea Spot
[ 978/2868] no-platform   -            Sunny Dumpling House
[ 979/2868] needs-browser chownow      Off the Vine Gardens Deli And Catering
[ 980/2868] needs-browser Square Online (own domain) Cafe Pascale Grill & Deli
[ 981/2868] no-platform   -            Alona’s Caketots
[ 982/2868] no-platform   -            chance's coffee
[ 983/2868] needs-browser Square Online storefront Golden Dragon
[ 984/2868] no-platform   -            Shake Smart
[ 985/2868] no-platform   -            SINTA
[ 986/2868] no-platform   -            GOLDEN DRAGON ASIAN CUISINE
[ 987/2868] wrong-branch  toast        Bros Kabob
[ 988/2868] needs-browser Square Online storefront Bean Box
[ 989/2868] needs-browser order.online TOUS les JOURS Bakery Café - National City
[ 990/2868] no-platform   -            Cleopatra's Lounge
[ 991/2868] no-platform   -            Burtech Family Vineyard Tasting Room
[ 992/2868] needs-browser -            Cluck N Sip
[ 993/2868] no-platform   -            Brewery X
[ 994/2868] needs-browser olo          Randy’s Donuts
[ 995/2868] no-platform   -            Hannegan’s House Beer Co & Creamery
[ 996/2868] no-platform   -            La Clochette
[ 997/2868] needs-browser -            Pure Squeeze
[ 998/2868] no-platform   -            Izakaya Maíze
[ 999/2868] needs-browser Square Online storefront Manor Coffee Bar
[1000/2868] needs-browser order.online Torta Time
[1001/2868] no-platform   -            102 Scone Co.
[1002/2868] too-few       netwaiter    Playa Azul Mariscos Restaurant
[1003/2868] no-platform   -            SciEats (Nonprofit Eatery)
[1004/2868] needs-browser olo          McConnell's Fine Ice Creams - Carlsbad
[1005/2868] no-platform   -            Mama’s Boy Cookies
[1006/2868] no-platform   -            Lambers Chinese Bakery
[1007/2868] needs-browser Square Online (own domain) Chefs Cafe
[1008/2868] needs-browser toast        Divina Matcha
[1009/2868] no-platform   -            Momo Sando&Omakase
[1010/2868] no-platform   -            Tower39 Rooftop Lounge
[1011/2868] no-platform   -            Jaguar Paw
[1012/2868] no-platform   -            Qualcomm Cafe Q
[1013/2868] no-platform   -            Pasta Design
[1014/2868] no-platform   -            Golden Donut
[1015/2868] no-platform   -            Honey Cafe & Store
[1016/2868] no-platform   -            Cocina De Ledezma LLC
[1017/2868] no-platform   -            Smoking Cannon Brewery
[1018/2868] no-platform   -            Amuse Lounge and Patio
[1019/2868] no-platform   -            TJ BURRITO Co.
[1020/2868] no-platform   -            Linda's Yogurt & Deli
[1021/2868] no-platform   -            Ohana Nutrition
[1022/2868] no-platform   -            Bivouac Adventure Lodge Coffee Shop
[1023/2868] no-platform   -            The Sanctuary by The Lost Abbey
[1024/2868] needs-browser toast        Market St Pizzeria
[1025/2868] no-platform   -            Delicia's Taco Shop
[1026/2868] needs-browser Square Online (own domain) Inka'fe SD Coffee Shop
[1027/2868] no-platform   -            Backstreet Brewery
[1028/2868] no-platform   -            Cake
[1029/2868] needs-browser order.online Fatboy's Deli & Spirits
[1030/2868] no-platform   -            Michael's in Borrego
[1031/2868] no-platform   -            Papa Bambino's
[1032/2868] no-platform   -            Backyard Brewery
[1033/2868] no-platform   -            Warner Springs Golf Shop & Grill
[1034/2868] no-platform   -            Una Mas on Adams
[1035/2868] no-platform   -            Weir Beer
[1036/2868] wrong-branch  toast        Cosmos Burger Carlsbad
[1037/2868] no-platform   -            Veranda
[1038/2868] no-platform   -            The Bar at Moniker General
[1039/2868] no-platform   -            Lemon City Taphouse
[1040/2868] no-platform   -            Honney Doffee Coffee
[1041/2868] no-platform   -            Panaderia Fuentes
[1042/2868] needs-browser Square Online storefront Moniker Coffee Co. at The Craft Creamery
[1043/2868] no-platform   -            Noodles - Authentic Asian Cuisine
[1044/2868] no-platform   -            Red Ribbon Bakeshop
[1045/2868] no-platform   -            Iceskimo
[1046/2868] needs-browser Square Online storefront Cargo Cafe - Sorrento Valley
[1047/2868] no-platform   -            Michi Brew Co.
[1048/2868] needs-browser toast        One of Us
[1049/2868] filed         toast        Napatini Bistro and Wine Bar
[1050/2868] no-platform   -            The Coffee House at North Coast Church
[1051/2868] no-platform   -            Cali Banh Mi
[1052/2868] wrong-branch  toast        Boba Tea Spot
[1053/2868] no-platform   -            LUCIEN
[1054/2868] needs-browser Square Online storefront Montebello
[1055/2868] filed         own-jsonld   The San Diego Taco Truck
[1056/2868] no-platform   -            Culture Craft Coffee & Espresso
[1057/2868] needs-browser chownow      Parakeet Juicery - La Jolla
[1058/2868] no-platform   -            The Golf Bar
[1059/2868] no-platform   -            Nova Boba and Coffee shop
[1060/2868] needs-browser Square Online storefront Purl Tea San Marcos
[1061/2868] no-platform   -            CHERRYBOMB EC
[1062/2868] wrong-branch  toast        Gold Coffee Shop
[1063/2868] no-platform   -            Milonga Empanadas
[1064/2868] screened-out  shopify      Ascend Coffee Roasters
[1065/2868] too-few       netwaiter    Ba Le French Sandwich Shop
[1066/2868] no-platform   -            Tazza D'Oro
[1067/2868] no-platform   -            Little Fawn
[1068/2868] no-platform   -            Cakey Bakey
[1069/2868] needs-browser Square Online storefront Cargo Cafe - Paseo Del Mar
[1070/2868] no-platform   -            All Things Ube Desserts
[1071/2868] no-platform   -            Pub 1795
[1072/2868] no-platform   -            Las Ricas Tortas
[1073/2868] no-platform   -            Dream Fountain Catering
[1074/2868] needs-browser Square Online (own domain) Balboa Candy
[1075/2868] no-platform   -            Milonga Empanadas Fashion Valley
[1076/2868] needs-browser toast        Pompei Pizza
[1077/2868] no-platform   -            Los Primos Panaderia
[1078/2868] no-platform   -            Elegance On Display
[1079/2868] no-platform   -            Hopnonymous Brewing - Normal Heights
[1080/2868] needs-browser toast        Pita Pit
[1081/2868] no-platform   -            OMG Crêpes
[1082/2868] needs-browser order.online Bird-N-Bun
[1083/2868] no-platform   -            Drinky Promise
[1084/2868] no-platform   -            Poki Poki & Dragonitea - Fallbrook
[1085/2868] no-platform   -            Plant Power Fast Food Digital Kitchen
[1086/2868] needs-browser Square Online storefront Copa Vida Torrey Ridge
[1087/2868] no-platform   -            Route 6 Coffee & Smoothies
[1088/2868] needs-browser olo          Better Buzz Coffee Santee
[1089/2868] needs-browser order.online Beard Papa’s San Diego
[1090/2868] no-platform   -            Elote
[1091/2868] no-platform   -            5 O'Clock Somewhere Rooftop Bar
[1092/2868] no-platform   -            Scena Fusion Kitchen & Bar
[1093/2868] no-platform   -            Krak Boba
[1094/2868] needs-browser spothopper   Tipping Pint Brewing Co.
[1095/2868] no-platform   -            Pink Buddha
[1096/2868] no-platform   -            Red Eye Saloon
[1097/2868] no-platform   -            El Flako's Wrangler Barbecue
[1098/2868] no-platform   -            Guadalupe Brewery Tap House
[1099/2868] wrong-branch  toast        Johnny Radz Pizza
[1100/2868] needs-browser Square Online storefront Copa Vida
[1101/2868] needs-browser toast        Grab & Go
[1102/2868] no-platform   -            Pala Cafe
[1103/2868] needs-browser Paytronix    Ziggi's Coffee
[1104/2868] no-platform   -            Ramones Mexican BBQ
[1105/2868] needs-browser olo          Panini Kabob Grill - Park 12
[1106/2868] needs-browser toast        Duck Foot Brewing
[1107/2868] no-platform   -            FLAVORFUL Dessert Atelier
[1108/2868] no-platform   -            Mike Hess Brewing - Seaport Village Taphouse
[1109/2868] no-platform   -            El Flako's Wrangler Barbecue
[1110/2868] no-platform   -            Dole Whip
[1111/2868] needs-browser toast        Clara's Kitchen ( Soul Food) Micro-enterprise Home Kitchen
[1112/2868] no-platform   -            Blue Bowl Superfoods - Oceanside
[1113/2868] needs-browser Square Online (own domain) The Cakery Cafe
[1114/2868] no-platform   -            Birria el Chavita
[1115/2868] needs-browser Square Online (own domain) The Cakery
[1116/2868] no-platform   -            Carnitas la Bendición
[1117/2868] no-platform   -            French Secret Pastry (Pre-Order Only)
[1118/2868] no-platform   -            Dulzura Vineyard and Winery
[1119/2868] no-platform   -            Plant Power Fast Food
[1120/2868] no-platform   -            Citizen Brewers
[1121/2868] needs-browser -            Pelican's on the Bay
[1122/2868] needs-browser Square Online (own domain) Le Charcuterie Bar
[1123/2868] no-platform   -            Shabu Spot
[1124/2868] no-platform   -            Salt & Fin
[1125/2868] no-platform   -            Silver Hoof Creamery
[1126/2868] no-platform   -            La Michoacana Elite
[1127/2868] no-platform   -            Lonchera Mariscos El Gordo
[1128/2868] no-platform   -            Rank & File
[1129/2868] no-platform   -            We Cookn
[1130/2868] no-platform   -            The Trap Shack
[1131/2868] screened-out  shopify      Seven Seas Roasting Co.
[1132/2868] screened-out  shopify      Come Back Coffee Co.
[1133/2868] no-platform   -            KD`S Donuts
[1134/2868] no-platform   -            Jaybird Superette
[1135/2868] no-platform   -            Teaspoon Escondido
[1136/2868] no-platform   -            Sunright Tea Studio
[1137/2868] no-platform   -            La Mesa Wine Works
[1138/2868] no-platform   -            Starbread Bakery
[1139/2868] no-platform   -            La Rikura Mexican Food
[1140/2868] no-platform   -            El Cajon taco shop
[1141/2868] no-platform   -            Side Chick - Chicken & Fries
[1142/2868] no-platform   -            Tamales Oaxaquenos
[1143/2868] no-platform   -            Zodiac Boba
[1144/2868] no-platform   -            Dr Boochart
[1145/2868] no-platform   -            The Cafe
[1146/2868] wrong-branch  own-jsonld   Tako
[1147/2868] no-platform   -            California Bean
[1148/2868] too-few       netwaiter    J & J's Mexican Food
[1149/2868] no-platform   -            Super Smoothies
[1150/2868] no-platform   -            Claudia’s Tea House
[1151/2868] no-platform   -            The Funky Frenchie (Lemon Grove)
[1152/2868] no-platform   -            Fres.Co
[1153/2868] needs-browser -            85°C Bakery Cafe-Santee
[1154/2868] no-platform   -            Subterranean Coffee Drive thru
[1155/2868] no-platform   -            Tamales Escondido
[1156/2868] no-platform   -            Huy Ky Bakery
[1157/2868] filed         own-jsonld   Hong Kong Kitchen & Dimsum
[1158/2868] no-platform   -            Candy Land
[1159/2868] no-platform   -            NuYo Frozen Yogurt Solana Beach
[1160/2868] no-platform   -            Bistro at the Pier
[1161/2868] no-platform   -            The Honor Bar
[1162/2868] no-platform   -            Beach Sweets
[1163/2868] wrong-branch  toast        ALOHA GRILL
[1164/2868] no-platform   -            Shake Bar & Lounge
[1165/2868] no-platform   -            6 7 Deli & Pizza
[1166/2868] no-platform   -            Viewpoint Kitchen + Bar
[1167/2868] needs-browser Square Online storefront Its Cafe Thai
[1168/2868] no-platform   -            Devil and Angel
[1169/2868] needs-browser toast        Knead Artisan Bakery
[1170/2868] too-few       netwaiter    Pizza Grande
[1171/2868] no-platform   -            Zoo Brew
[1172/2868] no-platform   -            Golden Grill
[1173/2868] no-platform   -            Savvy Macs, Inc.
[1174/2868] no-platform   -            Cafe Nordstrom
[1175/2868] no-platform   -            The Red Barn
[1176/2868] no-platform   -            Corner Office Pizza and Craft Bar
[1177/2868] no-platform   -            Dockside Casual Seafood Counter
[1178/2868] no-platform   -            The MRKT
[1179/2868] no-platform   -            Stratus Restaurant & Bar
[1180/2868] no-platform   -            Bianchi Pizza & Pasta
[1181/2868] no-platform   -            The Morning Grove
[1182/2868] needs-browser toast        Zest Wine Bistro
[1183/2868] no-platform   -            Phology Noodle House - Pho Vietnamese Chula Vista CA
[1184/2868] no-platform   -            Little Victory Wine Bar
[1185/2868] no-platform   -            SAKE BAR GAGA
[1186/2868] no-platform   -            Shake Smart
[1187/2868] no-platform   -            Diego's Taco Shop
[1188/2868] no-platform   -            Surf City Squeeze
[1189/2868] no-platform   -            Ground Up Cafe
[1190/2868] needs-browser MealKeyWay   Yuki Yuki
[1191/2868] no-platform   -            Craft Pizza
[1192/2868] no-platform   -            Board & Brew - Downtown San Diego
[1193/2868] too-few       netwaiter    Sandwich Place
[1194/2868] needs-browser -            Sammy's Restaurant & Bar
[1195/2868] no-platform   -            Three Boys Coffee
[1196/2868] needs-browser chownow      Sunset Thai Ocean Beach
[1197/2868] no-platform   -            Thai Thai Melrose Restaurant
[1198/2868] no-platform   -            Dirty Dough - Oceanside
[1199/2868] no-platform   -            Cherrie Blossom Tea & Boba
[1200/2868] needs-browser GloriaFood widget Maria's Coffee Shop
[1201/2868] no-platform   -            Royal Pearl Tea
[1202/2868] no-platform   -            The Guild Bar
[1203/2868] wrong-branch  toast        Tapas Bar
[1204/2868] no-platform   -            Healthy Grill Mediterranean
[1205/2868] no-platform   -            Mission Brewing - Kensington
[1206/2868] needs-browser Square Online storefront Whatever Forever Coffee
[1207/2868] no-platform   -            PAPA GUAPO CANTINA
[1208/2868] no-platform   -            Panadería González
[1209/2868] needs-browser toast        Bao Bar
[1210/2868] no-platform   -            Marzul Coastal Cuisine
[1211/2868] no-platform   -            Koobrew
[1212/2868] no-platform   -            Mantra Sukha Tea Lounge
[1213/2868] no-platform   -            El Santo Remedio Cantina
[1214/2868] no-platform   -            Crafted Coastal Bakery
[1215/2868] no-platform   -            Carnitas Paracho Garibay
[1216/2868] needs-browser Square Online storefront Petite Paleo Bakery
[1217/2868] no-platform   -            Barbeer
[1218/2868] no-platform   -            The Mudbar
[1219/2868] no-platform   -            Gintaro Sushi
[1220/2868] no-platform   -            Hillside Ranch Vineyard
[1221/2868] no-platform   -            Drunk Confections
[1222/2868] no-platform   -            117⁰ West Spirits Speakeasy
[1223/2868] no-platform   -            Super Express Chinese Food
[1224/2868] no-platform   -            The Boarding Home
[1225/2868] no-platform   -            Candy Land Café San Diego
[1226/2868] needs-browser Square Online (own domain) Sea Ridge Cafe
[1227/2868] needs-browser HungerRush   Pop Pops Paleta
[1228/2868] no-platform   -            Casa Del Marisco Rafaelas
[1229/2868] no-platform   -            ABC Market & Deli
[1230/2868] no-platform   -            Tommy's Pizza & Subs
[1231/2868] screened-out  toast        Agave Birrieria
[1232/2868] no-platform   -            Get Baked Cookie Co.
[1233/2868] needs-browser MenuSifu     Joyee Noodle House(UTC)
[1234/2868] no-platform   -            MCX Food & Service Plaza, Camp Pendleton, CA
[1235/2868] wrong-branch  popmenu      Alohana Acai Bowls and Smoothies - North Park
[1236/2868] wrong-branch  toast        Zonkey
[1237/2868] no-platform   -            Manta Pizza
[1238/2868] no-platform   -            CHINA CHEF 1
[1239/2868] no-platform   -            Tacos Locos Tasty Mexican Food
[1240/2868] wrong-branch  toast        Amalfi Enoteca Italiana
[1241/2868] no-platform   -            Oasis Breads
[1242/2868] no-platform   -            Taqueria Los Famosos
[1243/2868] needs-browser Square Online (own domain) KAFE'SITO
[1244/2868] no-platform   -            Street Corner
[1245/2868] no-platform   -            New Motion Beverages
[1246/2868] no-platform   -            Sip Fresh
[1247/2868] no-platform   -            Surf City Squeeze
[1248/2868] needs-browser Square Online (own domain) The Salty Cookie
[1249/2868] needs-browser -            Market One
[1250/2868] needs-browser Square Online storefront 86d (inside Coin-Op)
[1251/2868] no-platform   -            Cork N Brew
[1252/2868] no-platform   -            Shaka Java
[1253/2868] no-platform   -            longball cocktail
[1254/2868] no-platform   -            Tortas Ahogadas El Gallito
[1255/2868] needs-browser toast        Katy’s Diner
[1256/2868] no-platform   -            Boo Boo's sweet Potato Pies
[1257/2868] no-platform   -            Blue Bowl Superfoods
[1258/2868] no-platform   -            Middy's Pizza
[1259/2868] needs-browser Square Online storefront Cargo Cafe - Torrey Pines
[1260/2868] needs-browser Square Online storefront Secret Sauce Wok & Grill
[1261/2868] no-platform   -            La Paloma
[1262/2868] no-platform   -            Hotdogs Sonora
[1263/2868] no-platform   -            Tacos El Jalón
[1264/2868] no-platform   -            Sweet Factory
[1265/2868] needs-browser -            Fresca Deli .
[1266/2868] no-platform   -            Sweet Story Company LLC
[1267/2868] no-platform   -            Tejedas' Peruvian Kitchen
[1268/2868] no-platform   -            Ambiance Kitchen + Lounge
[1269/2868] no-platform   -            Great American Cookies - Otay Ranch Town Center
[1270/2868] no-platform   -            La Cucina
[1271/2868] no-platform   -            The Lookout at Lake Poway
[1272/2868] no-platform   -            Chester's
[1273/2868] no-platform   -            Cocina de Tamales
[1274/2868] needs-browser Square Online (own domain) Cafe Pascale
[1275/2868] no-platform   -            Surf City Squeeze
[1276/2868] needs-browser order.online WUHU TEA & DELI
[1277/2868] no-platform   -            Mister G Salsa
[1278/2868] no-platform   -            Sweets by Victoria
[1279/2868] no-platform   -            Prado Perk
[1280/2868] no-platform   -            Sugared Cookie Company
[1281/2868] no-platform   -            Tortillas de Harina Elice, Flour Tortillas
[1282/2868] no-platform   -            Seaside BBQ
[1283/2868] no-platform   -            Rumi
[1284/2868] no-platform   -            Mombasa Cooker
[1285/2868] needs-browser order.online Poki One N Half San Marcos
[1286/2868] no-platform   -            FiveO3 Pupusas
[1287/2868] no-platform   -            Immersion Express / Coffee and Matcha
[1288/2868] needs-browser order.online Poki One N Half San Marcos
[1289/2868] no-platform   -            Burgers & Shakes
[1290/2868] wrong-branch  popmenu      Max's Restaurant National City
[1291/2868] needs-browser Square Online (own domain) Juliantla Chocolate Boutique
[1292/2868] no-platform   -            Thérapie Bistro
[1293/2868] no-platform   -            Unico Juice Shop
[1294/2868] no-platform   -            Mariposa Ice Cream Oceanside
[1295/2868] no-platform   -            So Cal Famous Beach Ice
[1296/2868] no-platform   -            DEN
[1297/2868] no-platform   -            Soleil @k
[1298/2868] no-platform   -            My O My Coffee and More
[1299/2868] no-platform   -            Wild Child Ice Cream
[1300/2868] no-platform   -            Carlo
[1301/2868] needs-browser Square Online (own domain) Slurp
[1302/2868] no-platform   -            The Boss Crepas
[1303/2868] needs-browser ubereats     FallbrkEats
[1304/2868] needs-browser MealKeyWay   Midnight Skewer 深夜酒馆
[1305/2868] needs-browser Square Online storefront The Bean Box 701
[1306/2868] no-platform   -            Beach Street Tacos
[1307/2868] no-platform   -            Frutti Mas
[1308/2868] no-platform   -            Michoacana Mia - Vista
[1309/2868] needs-browser SpotOn       Oriste Fairway Cafe
[1310/2868] no-platform   -            Chagee
[1311/2868] no-platform   -            Juice Holler
[1312/2868] no-platform   -            Boardwalk Pizza
[1313/2868] wrong-branch  toast        Saigon Alley Kitchen & Bar
[1314/2868] needs-browser toast        The Tavern at Barley & Sword Brewing Company
[1315/2868] no-platform   -            Lò Bánh Cuốn Tân Định
[1316/2868] no-platform   -            IB Espresso
[1317/2868] no-platform   -            Fatburger
[1318/2868] no-platform   -            Lori's Custom Cakes
[1319/2868] no-platform   -            Deleitte
[1320/2868] no-platform   -            Board & Brew - Mission Valley
[1321/2868] wrong-branch  toast        Oto Sushi Encinitas
[1322/2868] no-platform   -            Sip Fresh
[1323/2868] no-platform   -            Colibri Cafe
[1324/2868] needs-browser toast        La Vida
[1325/2868] no-platform   -            Pacific Point
[1326/2868] filed         shopify      LA PETITE BAKERY
[1327/2868] no-platform   -            EL CAMARON FELIZ TACOS Y BIRRIA
[1328/2868] no-platform   -            Cold Smoke BBQ
[1329/2868] needs-browser Square Online storefront Ramen Station
[1330/2868] needs-browser -            Mosaic Restaurant & Bar
[1331/2868] no-platform   -            Street Tacos El Camino Food Truck
[1332/2868] no-platform   -            Dolce Italia Desserts, Inc.
[1333/2868] no-platform   -            Ramen Inn - San Diego
[1334/2868] no-platform   -            Bueno Wine & Goods
[1335/2868] no-platform   -            Cutwater
[1336/2868] needs-browser order.online Le Macaron French Pastries Westfield UTC
[1337/2868] needs-browser MealKeyWay   Suki Hana Japan
[1338/2868] no-platform   -            Kazukii Sushi & Japanese Cuisine
[1339/2868] no-platform   -            Dalu Hawaiian BBQ Oceanside
[1340/2868] no-platform   -            Queenstown Del Mar
[1341/2868] needs-browser slice        Pizza On Pearl North Park
[1342/2868] no-platform   -            Vanilla Oasis
[1343/2868] needs-browser -            seaglass restaurant
[1344/2868] no-platform   -            The Bistro - Eat. Drink. Connect.®
[1345/2868] no-platform   -            Ono Hawaiian BBQ
[1346/2868] no-platform   -            Side Piece
[1347/2868] needs-browser -            Windows Cafe
[1348/2868] no-platform   -            Punkers Cafe
[1349/2868] no-platform   -            Fiesta Pinoy
[1350/2868] needs-browser Square Online storefront Dulce Tentación
[1351/2868] needs-browser toast        Hydout Cafe Hillcrest
[1352/2868] no-platform   -            Harborside Cuisine
[1353/2868] no-platform   -            BREANS
[1354/2868] no-platform   -            The Grub Station (South African )
[1355/2868] no-platform   -            Finca Casa Blanca
[1356/2868] no-platform   -            Julian Food Truck
[1357/2868] needs-browser olo          Dimassi's Mediterranean Buffet
[1358/2868] no-platform   -            Golf Grill
[1359/2868] no-platform   -            Common Good Coffee
[1360/2868] needs-browser Square Online storefront Copa Vida
[1361/2868] no-platform   -            Side Street Bowls & Smoothies
[1362/2868] no-platform   -            California Ice Cream
[1363/2868] no-platform   -            Living Room Bar
[1364/2868] no-platform   -            Cali BBQ- NEX (base access required)
[1365/2868] needs-browser Square Online storefront Copa Vida - Del Mar
[1366/2868] wrong-branch  toast        Grand Ole BBQ PETCO PARK
[1367/2868] needs-browser Square Online storefront Cargo Cafe - Wateridge
[1368/2868] no-platform   -            Boba n More
[1369/2868] no-platform   -            Crispy Fish Tacos
[1370/2868] no-platform   -            El huevo estrellado # 2
[1371/2868] no-platform   -            Tu Madres Bakery
[1372/2868] no-platform   -            Trifecta Tavern
[1373/2868] no-platform   -            La Michoacana San Diego
[1374/2868] wrong-branch  toast        Super Creamery
[1375/2868] no-platform   -            Lulu’s Buns Wholesale Bakery
[1376/2868] needs-browser order.online XENiA Mediterranean Kitchen - San Diego
[1377/2868] no-platform   -            Aryana Restaurant & Bar
[1378/2868] needs-browser order.online The Meltdown
[1379/2868] no-platform   -            ZENTRL Kitchen + Bar - Liberty Station
[1380/2868] no-platform   -            ICE POPS
[1381/2868] needs-browser Square Online storefront Cargo Cafe - Gateway
[1382/2868] no-platform   -            The Darling Dough Co.
[1383/2868] no-platform   -            Cafe 477 La Jolla
[1384/2868] no-platform   -            Windmill Canyon Restaurant
[1385/2868] no-platform   -            Kona Craft Cafe
[1386/2868] screened-out  shopify      Surje Coffee at The Gallery
[1387/2868] no-platform   -            La Central
[1388/2868] needs-browser order.online Häagen-Dazs
[1389/2868] needs-browser olo          MOTO Pizza San Diego
[1390/2868] no-platform   -            ZENTRL Kitchen + Bar
[1391/2868] no-platform   -            La Botana Loca
[1392/2868] no-platform   -            Seven Seas Cafe
[1393/2868] no-platform   -            Cocinita Express
[1394/2868] no-platform   -            Corner Deli & Pizza
[1395/2868] no-platform   -            Pizza Trolley
[1396/2868] wrong-branch  toast        Pizza Port Tasting Room
[1397/2868] needs-browser -            Indulge Restaurant and Bar
[1398/2868] no-platform   -            Sun Coast Pizza
[1399/2868] no-platform   -            Mission Brewing - Sky Deck
[1400/2868] screened-out  shopify      THRONE ROOM
[1401/2868] no-platform   -            Mission Brewing - Miramar
[1402/2868] no-platform   -            Dyno Bar
[1403/2868] no-platform   -            ETNA DULCIS
[1404/2868] no-platform   -            Ocean Journey Cafe
[1405/2868] no-platform   -            BLAH Brewing
[1406/2868] no-platform   -            Matcha On Ice Cafe
[1407/2868] no-platform   -            Alebrije Food Truck Twin Oaks
[1408/2868] no-platform   -            Vie Café
[1409/2868] no-platform   -            Tres Fuegos Cocina
[1410/2868] no-platform   -            Don Maguro
[1411/2868] needs-browser order.online The Meltdown
[1412/2868] no-platform   -            NandosHotBox
[1413/2868] no-platform   -            Carnitas La Bendicion Market St
[1414/2868] no-platform   -            Lobby Lounge - Park Hyatt Aviara
[1415/2868] needs-browser order.online The Meltdown
[1416/2868] no-platform   -            On the Rocks
[1417/2868] no-platform   -            The Bean
[1418/2868] no-platform   -            Mama’s Bowl
[1419/2868] needs-browser -            Lounge 72
[1420/2868] no-platform   -            Julian Wine & Chocolate
[1421/2868] no-platform   -            Bulldog Tavern
[1422/2868] too-few       shopify      Five Pillars Coffee
[1423/2868] needs-browser order.online The Burger Den
[1424/2868] no-platform   -            Double Down Grill
[1425/2868] no-platform   -            The Monastery by The Lost Abbey (Miramar Area)
[1426/2868] needs-browser order.online The Meltdown
[1427/2868] no-platform   -            The Café at Rady Children’s Hospital
[1428/2868] no-platform   -            Limon Mexican food
[1429/2868] no-platform   -            El Ranchero Food Truck
[1430/2868] no-platform   -            Anigma
[1431/2868] no-platform   -            TOCHO MOROCHO
[1432/2868] no-platform   -            Coatl Coffee
[1433/2868] no-platform   -            El Clamatazo
[1434/2868] no-platform   -            Tacos El Chris
[1435/2868] needs-browser chownow      GgoolBap, Korean BBQ Bowls
[1436/2868] no-platform   -            Little Thai Cottage (Mobile Vendor)
[1437/2868] no-platform   -            Cafe Carlsbad
[1438/2868] no-platform   -            Turtle Rock Ridge Wine Bar
[1439/2868] no-platform   -            Kona Kai Club
[1440/2868] no-platform   -            Xtravaganza and Sinbad Restaurant
[1441/2868] needs-browser -            Temporarily Closed - Garlic and Tahini Egyptian Kitchen - Delivery & Carry Out Only
[1442/2868] needs-browser order.online The Meltdown
[1443/2868] no-platform   -            J. Brix Wines Tasting Room
[1444/2868] no-platform   -            Blu Temple | Blu Cabana
[1445/2868] no-platform   -            Bholat's
[1446/2868] no-platform   -            The Westgate Room's Plaza Bar
[1447/2868] needs-browser Square Online (own domain) Slurp
[1448/2868] no-platform   -            Freshly Prepped
[1449/2868] wrong-branch  toast        Rock N’ Roost Rotisserie
[1450/2868] no-platform   -            Emilio's Food Truck
[1451/2868] needs-browser order.online The Meltdown
[1452/2868] no-platform   -            Hidden City Nutrition
[1453/2868] no-platform   -            ‘ritas Taco Truck
[1454/2868] no-platform   -            Victorious Pizza
[1455/2868] needs-browser order.online The Meltdown
[1456/2868] needs-browser -            Sammy's Woodfired Pizza and Grill
[1457/2868] no-platform   -            North County Food Hub
[1458/2868] no-platform   -            Colors Gourmet Pizza
[1459/2868] no-platform   -            Huerta Taco Stand
[1460/2868] no-platform   -            JIVe Lounge
[1461/2868] no-platform   -            Namino (Tahchin)
[1462/2868] needs-browser order.online The Burger Den
[1463/2868] needs-browser order.online The Meltdown
[1464/2868] needs-browser order.online The Meltdown
[1465/2868] needs-browser order.online lulubowls (Hawaiian-Inspired Bowls- Boston Ave.)
[1466/2868] screened-out  shopify      Inflection Point Coffee
[1467/2868] no-platform   -            SDSU Faculty Staff Club
[1468/2868] no-platform   -            Bert's Bistro
[1469/2868] no-platform   -            The Fountains Restaurant
[1470/2868] no-platform   -            El Patron Mexican Food
[1471/2868] no-platform   -            GRAB & GO Viejas
[1472/2868] no-platform   -            Breakwater Brewing Co.
[1473/2868] needs-browser order.online The Meltdown
[1474/2868] no-platform   -            Manny's Bar & Grill
[1475/2868] needs-browser order.online The Burger Den
[1476/2868] no-platform   -            The Bistro - Eat. Drink. Connect.®
[1477/2868] no-platform   -            MexiBowls By Cali Craft Tacos- 2707 Boston Avenue Sa Diego CA 92113
[1478/2868] needs-browser order.online The Burger Den
[1479/2868] needs-browser toast        Georgette's
[1480/2868] no-platform   -            Staxx Burger House
[1481/2868] no-platform   -            Tacos Berlin
[1482/2868] no-platform   -            Ta’ Corn Madre
[1483/2868] needs-browser Square Online storefront Hommunlii & Co
[1484/2868] needs-browser -            Wing SZN - El Cajon
[1485/2868] no-platform   -            Perky’s
[1486/2868] no-platform   -            Casa Campus Point
[1487/2868] no-platform   -            Mkutano House
[1488/2868] no-platform   -            The SoCal Vegan
[1489/2868] needs-browser order.online The Meltdown
[1490/2868] needs-browser order.online The Meltdown
[1491/2868] no-platform   -            Jamul Indian Village
[1492/2868] no-platform   -            El Camino
[1493/2868] no-platform   -            El Más Chingón SD
[1494/2868] no-platform   -            Daymar Select Fine Coffees
[1495/2868] no-platform   -            SHIO Japanese Dining
[1496/2868] no-platform   -            Sang Dao Kitchen
[1497/2868] no-platform   -            Element 8 Cafe
[1498/2868] no-platform   -            Angie's Place
[1499/2868] needs-browser order.online The Meltdown
[1500/2868] no-platform   -            Santaluz Bistro
[1501/2868] no-platform   -            Fireside Bar & Grill
[1502/2868] no-platform   -            Grinds & Grooves
[1503/2868] needs-browser slice        Hollywood Market and Giant Pizza
[1504/2868] no-platform   -            Bosley Cafe
[1505/2868] no-platform   -            Med Cafe
[1506/2868] no-platform   -            Gomeznutricion
[1507/2868] no-platform   -            Papi Tacos
[1508/2868] no-platform   -            The Waterfront
[1509/2868] needs-browser -            Market La Jolla
[1510/2868] no-platform   -            Solrisa
[1511/2868] no-platform   -            Mawazo Kitchen
[1512/2868] needs-browser order.online The Meltdown
[1513/2868] no-platform   -            Dharma Bread Co
[1514/2868] needs-browser Square Online storefront Cafecito 1806
[1515/2868] no-platform   -            Café de Anza
[1516/2868] needs-browser MealKeyWay   Yonny Mini Hotpot
[1517/2868] no-platform   -            Coin Toss
[1518/2868] no-platform   -            The Caddyshack
[1519/2868] no-platform   -            Trade Restaurant & Lounge
[1520/2868] no-platform   -            Airport Lounge
[1521/2868] needs-browser order.online Poki Poki
[1522/2868] no-platform   -            Bovino
[1523/2868] no-platform   -            Fairbanks
[1524/2868] no-platform   -            TEC Cafe
[1525/2868] no-platform   -            Hacienda De Vega
[1526/2868] no-platform   -            University Towers Kitchen
[1527/2868] no-platform   -            Skewers Grill
[1528/2868] no-platform   -            Fruteria el Manguito
[1529/2868] needs-browser Square Online storefront Sushi Freak
[1530/2868] no-platform   -            Thai Basil
[1531/2868] needs-browser order.online Sabor a Vida Cafe & Deli
[1532/2868] needs-browser Square Online (own domain) Crepes
[1533/2868] needs-browser order.online Hummus Mediterranean Kitchen
[1534/2868] needs-browser order.online El Ranchero
[1535/2868] too-few       netwaiter    Thai Pasta
[1536/2868] no-platform   -            Veronica's Goodies
[1537/2868] no-platform   -            Carbon Angela’s Kitchen
[1538/2868] no-platform   -            Baja Fresh
[1539/2868] wrong-branch  toast        Bubba’s Smokehouse BBQ
[1540/2868] no-platform   -            Chicken & Crown
[1541/2868] no-platform   -            I Love Pho
[1542/2868] no-platform   -            Stone Oven
[1543/2868] no-platform   -            Valerio's Finest Bake Shop
[1544/2868] needs-browser olo          Coffee Bean
[1545/2868] no-platform   -            Mission Brewing (fka Rough Draft)
[1546/2868] no-platform   -            Herb & Eatery
[1547/2868] no-platform   -            Crave
[1548/2868] no-platform   -            Deli & Go
[1549/2868] needs-browser Square Online (own domain) Veggyjess
[1550/2868] no-platform   -            Pei Wei
[1551/2868] no-platform   -            Terrace Lounge
[1552/2868] no-platform   -            Fairbanks
[1553/2868] no-platform   -            Boston Market
[1554/2868] no-platform   -            Breakwater Brewing Co.
[1555/2868] no-platform   -            Truluck's
[1556/2868] needs-browser toast        bcb Cafe
[1557/2868] no-platform   -            Taco Villa
[1558/2868] wrong-branch  toast        Cozy Corner
[1559/2868] no-platform   -            Noodles
[1560/2868] no-platform   -            Border X Brewing
[1561/2868] no-platform   -            The Shop _ Coffee + Thrift
[1562/2868] no-platform   -            All Fried Up
[1563/2868] no-platform   -            Diego's Taco Shop
[1564/2868] no-platform   -            Pei Wei
[1565/2868] no-platform   -            House of Black
[1566/2868] no-platform   -            tiger!tiger!
[1567/2868] no-platform   -            Antique Thai
[1568/2868] no-platform   -            Grover's Grill
[1569/2868] no-platform   -            Alborz Restaurant
[1570/2868] no-platform   -            Native Foods
[1571/2868] needs-browser Square Online (own domain) Sweet Escape Homemade Treats
[1572/2868] no-platform   -            Bacio di Latte | Flower Hill, SD
[1573/2868] needs-browser order.online Mexicana Lab 2707 Boston Avenue
[1574/2868] no-platform   -            Sweets
[1575/2868] needs-browser Square Online storefront Copa Vida
[1576/2868] no-platform   -            Kasi
[1577/2868] needs-browser order.online Big Daddy's Hawaiian BBQ (San Diego)
[1578/2868] needs-browser toast        BCB Coffee Company
[1579/2868] no-platform   -            Blessed by Cake
[1580/2868] no-platform   -            Bake and beach
[1581/2868] no-platform   -            Dryer's Ice Cream Parlor
[1582/2868] no-platform   -            OB Kebab
[1583/2868] no-platform   -            El Dorado
[1584/2868] no-platform   -            LUNAS
[1585/2868] no-platform   -            Blue Wave Bistro
[1586/2868] no-platform   -            Cork Oak Cafe
[1587/2868] needs-browser Square Online storefront Emjaye's Coffee
[1588/2868] no-platform   -            Badas burgers
[1589/2868] no-platform   -            Big Oven Tacos
[1590/2868] no-platform   -            The Gold Reserve Kitchen & Bar
[1591/2868] no-platform   -            Pavilions Bakery
[1592/2868] needs-browser Square Online (own domain) Annabel Cohen Gourmet
[1593/2868] no-platform   -            Baba's Pizza
[1594/2868] screened-out  order.online Fish Restaurant
[1595/2868] no-platform   -            CARAVAN
[1596/2868] no-platform   -            The Market
[1597/2868] no-platform   -            Soda & Swine
[1598/2868] wrong-branch  toast        Blue Water Grill
[1599/2868] needs-browser order.online Deli Belly
[1600/2868] no-platform   -            Cafe Fresh
[1601/2868] no-platform   -            Lang's Bakery
[1602/2868] no-platform   -            Rancho Cafe
[1603/2868] no-platform   -            Cali Cream Bakery
[1604/2868] no-platform   -            Original Mariscos German
[1605/2868] no-platform   -            Cays Lounge
[1606/2868] no-platform   -            Scoopy Scoopy Ice Cream
[1607/2868] no-platform   -            Gelato 101 Temporary store
[1608/2868] filed         spothopper   Cabo Cantina
[1609/2868] screened-out  shopify      Lofty Coffee
[1610/2868] needs-browser Square Online (own domain) Mayari Coffee
[1611/2868] no-platform   -            The Heritage Steakhouse
[1612/2868] needs-browser -            Makai
[1613/2868] no-platform   -            Safari Coffee Outpost
[1614/2868] no-platform   -            Canyon Inn
[1615/2868] no-platform   -            Time Out Café
[1616/2868] no-platform   -            Island Market
[1617/2868] no-platform   -            Monster Snacks
[1618/2868] no-platform   -            The Neighborhood Cafe
[1619/2868] needs-browser toast        Carls Tavern
[1620/2868] no-platform   -            Chuck's Wagon Deli
[1621/2868] no-platform   -            Dana Andrew Celebrations
[1622/2868] no-platform   -            Roadtrip Bowls Made by Lazy Dog
[1623/2868] no-platform   -            Vintage Rose Sourdough
[1624/2868] no-platform   -            Taqueria
[1625/2868] no-platform   -            TOAST & TALES
[1626/2868] needs-browser Square Online storefront Stuffed Ice Cream
[1627/2868] no-platform   -            Elena’s Pastry
[1628/2868] no-platform   -            Bing's Bar
[1629/2868] no-platform   -            SD Custom Cakes
[1630/2868] no-platform   -            Topwater Grill
[1631/2868] no-platform   -            Calzone Life Escondido
[1632/2868] no-platform   -            Copper Kings Oceanside
[1633/2868] no-platform   -            Fouet & Co.
[1634/2868] no-platform   -            Sabor Al Gusto
[1635/2868] no-platform   -            Más Veggies Vegan Taqueria
[1636/2868] needs-browser chownow      Wanderlust Creamery
[1637/2868] no-platform   -            Twist New Zealand Style Real Fruit Ice Cream
[1638/2868] screened-out  shopify      Bird Rock Coffee Roasters - Park & Market
[1639/2868] needs-browser Square Online storefront Muse Cheesecake
[1640/2868] no-platform   -            The Warehouse
[1641/2868] no-platform   -            Lobster Lab - Sky Deck at Del Mar Highlands Town Center
[1642/2868] no-platform   -            Tortuga Bar and Grill
[1643/2868] no-platform   -            Shake Smart
[1644/2868] needs-browser order.online Pavilions Bakery
[1645/2868] no-platform   -            La Cantina
[1646/2868] needs-browser -            Daisy’s Amazing Cakes
[1647/2868] no-platform   -            Snout & Scone
[1648/2868] no-platform   -            Dainty Dessert
[1649/2868] no-platform   -            SAN DIEGO FRIES
[1650/2868] no-platform   -            Tide and Treats
[1651/2868] no-platform   -            Café Rhône
[1652/2868] no-platform   -            Rush Bowls
[1653/2868] no-platform   -            The Palma Bar & Grill
[1654/2868] no-platform   -            Goats Rose Sourdough
[1655/2868] no-platform   -            Sprinkles Ice Cream Shop And Bakery
[1656/2868] no-platform   -            Bobby B's
[1657/2868] no-platform   -            Baked Babe Cakes & Bakes
[1658/2868] no-platform   -            Weapon Ramen
[1659/2868] no-platform   -            La Salsa
[1660/2868] needs-browser -            Sweet Treats by Thick
[1661/2868] no-platform   -            La Gordita
[1662/2868] no-platform   -            Olly's Baked Assortments
[1663/2868] no-platform   -            Lovely Creations Co
[1664/2868] no-platform   -            Daily Roast
[1665/2868] no-platform   -            Lefty's Cheesesteaks
[1666/2868] no-platform   -            Coco's Bakery
[1667/2868] no-platform   -            DELISTRABERRY
[1668/2868] no-platform   -            Jungle Cart
[1669/2868] needs-browser order.online Taquizas Maria
[1670/2868] too-few       wix          Bocas Del Sol. (MissShelly's Shack )
[1671/2868] wrong-branch  toast        The Coffee Spot
[1672/2868] no-platform   -            little Estrella bakes
[1673/2868] no-platform   -            Farmer's Fridge
[1674/2868] no-platform   -            Terra Cafe
[1675/2868] no-platform   -            Marisco's Sabor A Mexico
[1676/2868] needs-browser order.online The Meltdown
[1677/2868] no-platform   -            The Hamlett
[1678/2868] no-platform   -            Mis Dos Gallos Taqueria, Fruit & Deli
[1679/2868] no-platform   -            Mama Dukes Roadside
[1680/2868] no-platform   -            Fiesta Mexicana Bakery
[1681/2868] no-platform   -            Kae’s Kreations
[1682/2868] needs-browser order.online Coffee Cart
[1683/2868] needs-browser order.online The Meltdown
[1684/2868] no-platform   -            Ruthii's Coffee
[1685/2868] no-platform   -            Bridget Bakery
[1686/2868] no-platform   -            Casa Ocho
[1687/2868] no-platform   -            PCH Café & Market
[1688/2868] no-platform   -            Shallow End Grill
[1689/2868] no-platform   -            Mariscos la Baja mar y fuego
[1690/2868] no-platform   -            UrbanLife Cafe
[1691/2868] no-platform   -            Seaside Cowboy Coffee
[1692/2868] no-platform   -            India Princess
[1693/2868] no-platform   -            Fairbanks
[1694/2868] no-platform   -            Brick & Bell Plus
[1695/2868] no-platform   -            Sweet Cheeks Homestead
[1696/2868] no-platform   -            Anila's Cucina Rustica
[1697/2868] no-platform   -            Coffee Amore
[1698/2868] no-platform   -            Trinacria Pizza Co.
[1699/2868] no-platform   -            Freedom Carts
[1700/2868] no-platform   -            E. Lee's Sweets
[1701/2868] needs-browser Square Online storefront Mindy’s Bakery
[1702/2868] no-platform   -            Corner Counter
[1703/2868] no-platform   -            1022 Cafe & Gelateria
[1704/2868] no-platform   -            Grand Social
[1705/2868] no-platform   -            Sierra's Baking Corner
[1706/2868] no-platform   -            Pastry Pedaler - Bakery Delivery in Pacific Beach, San Diego
[1707/2868] no-platform   -            Jordan
[1708/2868] no-platform   -            Soy Leaf Juice Bar & Healthy Grill
[1709/2868] no-platform   -            Villa Fresh Italian Kitchen
[1710/2868] needs-browser order.online The Meltdown
[1711/2868] no-platform   -            Blue Bayou
[1712/2868] no-platform   -            Veladora
[1713/2868] no-platform   -            That Girl Can Bake
[1714/2868] no-platform   -            CaMau Bakery & Deli
[1715/2868] no-platform   -            Spinnaker Coffee
[1716/2868] needs-browser chownow      Mr Gs Tavern
[1717/2868] no-platform   -            Sabor a Mi Kitchen (Birrieria)
[1718/2868] no-platform   -            Dumonts
[1719/2868] wrong-branch  clover       Manzanita Roasting Company and Coffee House
[1720/2868] no-platform   -            Fundant Cookies
[1721/2868] no-platform   -            Diamond Jims
[1722/2868] no-platform   -            Coffee Shop at the Lullabar
[1723/2868] no-platform   -            Thyme Of Essence
[1724/2868] needs-browser order.online The Meltdown
[1725/2868] no-platform   -            Rancho Bakers
[1726/2868] no-platform   -            Rancho Bakers
[1727/2868] needs-browser -            Carlsbad Cookie Company
[1728/2868] too-few       shopify      Taste & Sea Cakery
[1729/2868] no-platform   -            Give Us This Day LLC Micro-Bakery
[1730/2868] wrong-branch  own-jsonld   Shibuya Nights
[1731/2868] no-platform   -            Deja Vu
[1732/2868] no-platform   -            Sugar Treats n Cakes
[1733/2868] needs-browser order.online Puesto Taco Bar
[1734/2868] no-platform   -            Javelina Craft Barbecue
[1735/2868] no-platform   -            Kava Lounge
[1736/2868] no-platform   -            Village Inn
[1737/2868] no-platform   -            Sifted and Sugared
[1738/2868] no-platform   -            Hectors pizza
[1739/2868] no-platform   -            Farmer's Fridge
[1740/2868] no-platform   -            Gourmet Tamales
[1741/2868] no-platform   -            Center Bar
[1742/2868] no-platform   -            Promised Goods
[1743/2868] no-platform   -            SugarWater BakeHouse
[1744/2868] no-platform   -            Kellys Pub
[1745/2868] no-platform   -            Iron Brew Coffee
[1746/2868] no-platform   -            elementa
[1747/2868] no-platform   -            Stix
[1748/2868] no-platform   -            Sweet Maison Bakery
[1749/2868] no-platform   -            Corner Market
[1750/2868] no-platform   -            Nat Sweet Treats
[1751/2868] no-platform   -            Snax
[1752/2868] no-platform   -            Marquesitas Liah
[1753/2868] no-platform   -            Cent'Anni Café
[1754/2868] no-platform   -            Buttery Bakes
[1755/2868] no-platform   -            My O My Coffee and Deli
[1756/2868] no-platform   -            Five Corners Coffee & Bakery Co.
[1757/2868] no-platform   -            Haven Cafe
[1758/2868] no-platform   -            Krispy Krunchy Chicken
[1759/2868] no-platform   -            The TriTiperia
[1760/2868] no-platform   -            Maderas Golf Club
[1761/2868] no-platform   -            Uumbal
[1762/2868] needs-browser -            Barcino Grill
[1763/2868] no-platform   -            Pacific Seafood
[1764/2868] no-platform   -            The Coyote Den
[1765/2868] needs-browser order.online HapiVegan
[1766/2868] no-platform   -            Casa Café & Market
[1767/2868] no-platform   -            Fox Den Bar
[1768/2868] no-platform   -            The Dive Bar
[1769/2868] needs-browser -            The Landing
[1770/2868] no-platform   -            Sweet land ice cream truck
[1771/2868] no-platform   -            Cali Craft Tacos
[1772/2868] wrong-branch  toast        Brigitte's Bakery
[1773/2868] no-platform   -            Lilac Heights Bakery
[1774/2868] needs-browser Square Online storefront Sushi Heights
[1775/2868] no-platform   -            RASPARSWEET
[1776/2868] no-platform   -            Sunny Bunny Bakes
[1777/2868] no-platform   -            M & M Patisserie
[1778/2868] no-platform   -            Simply Baked Box
[1779/2868] no-platform   -            Pavilions Bakery
[1780/2868] no-platform   -            Calvins' Sportsbar
[1781/2868] no-platform   -            Café Sand Castle
[1782/2868] no-platform   -            Chow Hall
[1783/2868] no-platform   -            Marketplace
[1784/2868] no-platform   -            Bean Sprouts
[1785/2868] no-platform   -            Island Girl Bakes
[1786/2868] needs-browser -            Verde Kitchen & Bar
[1787/2868] no-platform   -            NM Cafe
[1788/2868] needs-browser Square Online (own domain) The Mighty Bean Coffee Co.
[1789/2868] no-platform   -            Don Ramon Méxican and sea food
[1790/2868] screened-out  shopify      OTAY CAFE
[1791/2868] wrong-branch  slice        Famous Famiglia
[1792/2868] needs-browser Square Online storefront Petite Perk Cafe
[1793/2868] no-platform   -            The Grand Tradition
[1794/2868] no-platform   -            De Los Altos Restaurant
[1795/2868] no-platform   -            Modern Times Coffee
[1796/2868] wrong-branch  order.online The Poke Co. - Linda Vista
[1797/2868] no-platform   -            Lone Pine Eatery
[1798/2868] no-platform   -            Vella Brasserie
[1799/2868] no-platform   -            BBQUSION
[1800/2868] no-platform   -            Health Center Deli
[1801/2868] no-platform   -            Rock Steady
[1802/2868] no-platform   -            Crave & Feast
[1803/2868] no-platform   -            The Santaluz Club Dining Room and Events
[1804/2868] wrong-branch  toast        Blank Slate
[1805/2868] no-platform   -            Fallbrook Kitchen Rentals
[1806/2868] no-platform   -            Griffin Grind
[1807/2868] no-platform   -            Nrgize
[1808/2868] no-platform   -            Masa Madre
[1809/2868] no-platform   -            Oliva
[1810/2868] no-platform   -            MeloMelo Coconut Dessert
[1811/2868] no-platform   -            Country Waffles
[1812/2868] no-platform   -            The brew inn tavern
[1813/2868] no-platform   -            The Banshee Bar
[1814/2868] no-platform   -            By The Sea
[1815/2868] no-platform   -            Tocumbo Ice Cream National City
[1816/2868] no-platform   -            Coast Coffee Co
[1817/2868] no-platform   -            Nicolosi's Pizza (Mira Lee Way)
[1818/2868] no-platform   -            Rocko's Modern Taphouse
[1819/2868] no-platform   -            Stony Mountain Bar & Grill
[1820/2868] no-platform   -            Thum SD
[1821/2868] no-platform   -            Mexico City Cuisine-CoLab
[1822/2868] no-platform   -            Mexico City Cuisine LLC
[1823/2868] no-platform   -            Negro Durazo
[1824/2868] no-platform   -            Deli and Pizzeria
[1825/2868] no-platform   -            Heritage
[1826/2868] no-platform   -            Avo & Ocha
[1827/2868] no-platform   -            Cafe 477 Encinitas
[1828/2868] no-platform   -            Mi Pan Bakery
[1829/2868] no-platform   -            Pinsarella Ancient Roman Pizza
[1830/2868] no-platform   -            Tu Taco Taco Shop #2
[1831/2868] no-platform   -            30Z Dive Club (Three Ounce)
[1832/2868] no-platform   -            Hui Hua
[1833/2868] no-platform   -            Nono José Empanadas
[1834/2868] no-platform   -            The Quay Cafe
[1835/2868] no-platform   -            Rhino Cake and Coffee Company
[1836/2868] no-platform   -            HACIENDITA BAKERY
[1837/2868] no-platform   -            Afghan Table
[1838/2868] no-platform   -            Mielimon Bakery
[1839/2868] no-platform   -            Mama Kat's Restaurant and Pie Shop
[1840/2868] no-platform   -            The Reading Club
[1841/2868] no-platform   -            Ono Hawaiian BBQ
[1842/2868] no-platform   -            Kabul West Mediterranean Grill
[1843/2868] no-platform   -            The Village Mission Valley Cafe
[1844/2868] no-platform   -            The Macaron Shop SD
[1845/2868] no-platform   -            Michoacana Mia - Escondido
[1846/2868] no-platform   -            Monserrate Pastries
[1847/2868] needs-browser Square Online storefront Rancho Sandwich & Creamery
[1848/2868] no-platform   -            Egg Tuck
[1849/2868] no-platform   -            Amalfi Cucina Italiana at Orfila Vineyards
[1850/2868] no-platform   -            High Seas Bar
[1851/2868] no-platform   -            Chandelier BY G
[1852/2868] no-platform   -            Sweet Munchies
[1853/2868] no-platform   -            The Divers Cup
[1854/2868] no-platform   -            In Between
[1855/2868] no-platform   -            Joes on the Nose
[1856/2868] no-platform   -            Buffet House
[1857/2868] no-platform   -            El Puerto Taco Shop
[1858/2868] no-platform   -            La Sierra Cafe
[1859/2868] no-platform   -            Bonny's Cafe
[1860/2868] no-platform   -            Por Vida
[1861/2868] no-platform   -            Fasia Buffet
[1862/2868] no-platform   -            The Best Donuts
[1863/2868] no-platform   -            Paul's Place
[1864/2868] no-platform   -            Señor Pancho Mexican Grill
[1865/2868] no-platform   -            Jeong Won BBQ Buffet
[1866/2868] no-platform   -            VanDough French Bakery
[1867/2868] no-platform   -            Hilberto's Mexican Food
[1868/2868] no-platform   -            Saray Restaurant Charcoal Grill
[1869/2868] no-platform   -            El Ranchero Taco Shop
[1870/2868] no-platform   -            Buka - Taste of Nigeria
[1871/2868] no-platform   -            Germán Seafood Food Truck
[1872/2868] no-platform   -            Mr Pho
[1873/2868] no-platform   -            Niban Japanese Restaurant
[1874/2868] no-platform   -            Franks Mexican Grill
[1875/2868] no-platform   -            Birrieria y menuderia Guadalajara
[1876/2868] no-platform   -            Plaza Donuts
[1877/2868] no-platform   -            Triple Crown Pub
[1878/2868] no-platform   -            Kesling's Kitchen
[1879/2868] no-platform   -            La India Bonita
[1880/2868] no-platform   -            Kotija Taco Shop Mexican Food
[1881/2868] no-platform   -            Tavos Tacos n Beer
[1882/2868] no-platform   -            D-K-Che Fruteria
[1883/2868] no-platform   -            LA MALCRIADA BIRRIERIA
[1884/2868] no-platform   -            Mariscos Fili La Carreta
[1885/2868] no-platform   -            Dolche cafe/ Mexifood
[1886/2868] no-platform   -            Mi Rancho Market
[1887/2868] no-platform   -            Beijing Express
[1888/2868] no-platform   -            Pho46 & Banh Mi
[1889/2868] no-platform   -            Estrada's Taco Shop
[1890/2868] no-platform   -            O B Donuts
[1891/2868] no-platform   -            Tekila Cocina Mexicana
[1892/2868] no-platform   -            Mr Holy Gao
[1893/2868] no-platform   -            Nice Food Restaurant
[1894/2868] no-platform   -            Terzo Bakery & Cafe
[1895/2868] no-platform   -            Chitos Taco Shop
[1896/2868] no-platform   -            Taqueria Revolución
[1897/2868] no-platform   -            Arrieros
[1898/2868] no-platform   -            Dannys Palm Bar and Grill
[1899/2868] no-platform   -            Cafecito on Palm
[1900/2868] no-platform   -            Juan Bertos Mexican Food
[1901/2868] no-platform   -            Margarita’s
[1902/2868] no-platform   -            Pho 4 Queen
[1903/2868] no-platform   -            The Salty Frog Bar
[1904/2868] no-platform   -            Yogurt Barn
[1905/2868] no-platform   -            Elena's French Crepes Cafe & Peet's Coffee
[1906/2868] no-platform   -            Meshuggah Shack
[1907/2868] no-platform   -            Bravo's Taco Shop
[1908/2868] no-platform   -            LAS UVAS TEJUINO LA DONA
[1909/2868] no-platform   -            Wicked Poke
[1910/2868] no-platform   -            Cow Shed Bar and Grill
[1911/2868] no-platform   -            Pho Anh & Grill
[1912/2868] no-platform   -            Chico's Restaurant
[1913/2868] no-platform   -            Wahine Kai Shave Ice
[1914/2868] no-platform   -            Orlando's Taco Shop
[1915/2868] no-platform   -            Mikki's Cafe
[1916/2868] no-platform   -            Los Reyes Mexican Food
[1917/2868] no-platform   -            Apple Country Restaurants
[1918/2868] no-platform   -            The Break Room
[1919/2868] no-platform   -            Tacos Oasis
[1920/2868] no-platform   -            PHOnomenal
[1921/2868] no-platform   -            La Rosa Giant Pizza
[1922/2868] no-platform   -            Sunrise Deli & Grill
[1923/2868] no-platform   -            Jilberto's
[1924/2868] no-platform   -            Tacos El Gordo
[1925/2868] no-platform   -            Veronica's Kitchen
[1926/2868] no-platform   -            Faridas
[1927/2868] no-platform   -            Chung Hing
[1928/2868] no-platform   -            Poncho Villa's Mexican Food
[1929/2868] no-platform   -            Sub-marine
[1930/2868] no-platform   -            The Latin Chef Liberty Station
[1931/2868] no-platform   -            Lisa's Filipino Cuisine
[1932/2868] no-platform   -            Don Lucio's Mexican Grill
[1933/2868] no-platform   -            Hilda's Mexican Bakery
[1934/2868] no-platform   -            Swan Bar
[1935/2868] no-platform   -            Mis Cuates Taco Shop
[1936/2868] no-platform   -            664 TJ Birriería
[1937/2868] no-platform   -            Panda Chef
[1938/2868] no-platform   -            Super Donuts
[1939/2868] no-platform   -            San Diego Blenders
[1940/2868] no-platform   -            Starbread Bakery
[1941/2868] no-platform   -            Tj Tortas & Tacos
[1942/2868] no-platform   -            Original Yogurt Shack
[1943/2868] no-platform   -            R&B Filipino Cuisine
[1944/2868] no-platform   -            Lucky Donuts & Deli
[1945/2868] no-platform   -            Rock N Roll Scoops
[1946/2868] no-platform   -            Pam's Donuts and Frozen Yogurt
[1947/2868] no-platform   -            S K's Donuts
[1948/2868] no-platform   -            El Primo Birrieria Mexican cuisine
[1949/2868] no-platform   -            Birriería Y Menudería Guadalajara
[1950/2868] no-platform   -            Rising Dragon Chinese Restaurant
[1951/2868] no-platform   -            BLUE NILE Ethiopian market and restaurant
[1952/2868] no-platform   -            The Keep Coffee
[1953/2868] no-platform   -            Rosemary & Thyme Cafe
[1954/2868] no-platform   -            California Mexican Food
[1955/2868] no-platform   -            6 Grados Coffee
[1956/2868] no-platform   -            Sammy's Mexican Bakery
[1957/2868] no-platform   -            Sawaya Brothers Jr/ Pollo Mex
[1958/2868] no-platform   -            Dia Del Cafe
[1959/2868] no-platform   -            Taquería Imperial Taco Shop
[1960/2868] no-platform   -            Desi's Bar & Grill
[1961/2868] no-platform   -            Sky Hookah Lounge
[1962/2868] no-platform   -            Yogurt Express
[1963/2868] no-platform   -            One More Thats It
[1964/2868] no-platform   -            Ringers Cocktails
[1965/2868] no-platform   -            Mi Reyna Tortilleria
[1966/2868] no-platform   -            Heavenly Donuts
[1967/2868] no-platform   -            George's Cafe
[1968/2868] no-platform   -            Tacos El Flaco
[1969/2868] no-platform   -            Scotland Yard Restaurant
[1970/2868] no-platform   -            Golden Donut
[1971/2868] no-platform   -            Tans Donuts
[1972/2868] no-platform   -            R&B Tea San Carlos
[1973/2868] no-platform   -            The Vybe Lounge
[1974/2868] no-platform   -            Chico Club
[1975/2868] no-platform   -            Hello Deli
[1976/2868] no-platform   -            El Tigre Churros Y Platanos
[1977/2868] no-platform   -            Don Jilberto's Mexican Food
[1978/2868] no-platform   -            La Dama y Sus Takonez
[1979/2868] no-platform   -            Wings Mix
[1980/2868] no-platform   -            Crafted Culture
[1981/2868] no-platform   -            Cesar's Taco Shop
[1982/2868] no-platform   -            Raymundo's Taco Shop
[1983/2868] no-platform   -            Gonzales Mess Hall
[1984/2868] no-platform   -            La Cresta Restaurant and Caffé
[1985/2868] no-platform   -            Sorianas Mexican Food
[1986/2868] no-platform   -            Candied Apple Cafe
[1987/2868] no-platform   -            Chamango Mango
[1988/2868] no-platform   -            China Fun
[1989/2868] no-platform   -            The Whet Noodle
[1990/2868] no-platform   -            Marvelous Muffins
[1991/2868] no-platform   -            Manna Restaurant Pancake House And Chinese Fast Food
[1992/2868] no-platform   -            Maxdon's
[1993/2868] no-platform   -            Yogurt Lounge III
[1994/2868] no-platform   -            Panaderia La Buena
[1995/2868] no-platform   -            Caffe Positano, Village
[1996/2868] no-platform   -            Mike's Cocktails
[1997/2868] no-platform   -            Donut Factory
[1998/2868] no-platform   -            garage.79
[1999/2868] no-platform   -            Savoy Donuts
[2000/2868] no-platform   -            Yogurt Palace
[2001/2868] no-platform   -            The Watering Hole
[2002/2868] no-platform   -            Formosa Club
[2003/2868] no-platform   -            Happy Lemon Del Mar
[2004/2868] no-platform   -            Fatte's Pizza
[2005/2868] no-platform   -            Steph's Donut Hole
[2006/2868] no-platform   -            14 Area Chow Hall
[2007/2868] no-platform   -            Nice Food Restaurant
[2008/2868] no-platform   -            Lucita Taco Shop
[2009/2868] no-platform   -            Plantology Cafe
[2010/2868] no-platform   -            Best Donuts
[2011/2868] no-platform   -            Sweet Shoppe
[2012/2868] no-platform   -            Manila Fastfood and Desserts
[2013/2868] no-platform   -            BALBOA PERK, Coffee & Tea
[2014/2868] no-platform   -            21 Area Mess Hall
[2015/2868] no-platform   -            Banh Mi Express
[2016/2868] no-platform   -            Ujin
[2017/2868] no-platform   -            Express Pizza 'N Wings
[2018/2868] no-platform   -            Tijuanero By Tijuanazo - Little Italy
[2019/2868] no-platform   -            Chico's Panaderia
[2020/2868] no-platform   -            Mi Taco Shop
[2021/2868] no-platform   -            Las Morelias
[2022/2868] no-platform   -            Spring Valley Inn
[2023/2868] no-platform   -            Gualberto's Taco Shop
[2024/2868] no-platform   -            El Huarache Taco Shop
[2025/2868] no-platform   -            Growing Edge Coffee & Community
[2026/2868] no-platform   -            Coal Bros Taqueria
[2027/2868] no-platform   -            Mike's Giant New York Pizza
[2028/2868] no-platform   -            33 Area Chow Hall
[2029/2868] no-platform   -            BaBa Ice Cream
[2030/2868] no-platform   -            Bonsall Donut House
[2031/2868] no-platform   -            e•'lo•te
[2032/2868] no-platform   -            Manka Peruvian Cuisine
[2033/2868] no-platform   -            The Cardiff Office
[2034/2868] no-platform   -            Circus Ma'am Ice Cream
[2035/2868] no-platform   -            Tuétano Taquería
[2036/2868] no-platform   -            Supreme Donuts
[2037/2868] no-platform   -            Bakery Corner Donuts
[2038/2868] no-platform   -            On the Rocks Cocktails
[2039/2868] no-platform   -            A1 sports Bar
[2040/2868] no-platform   -            Calico's
[2041/2868] no-platform   -            La Pesca Cevichería Baja
[2042/2868] no-platform   -            Muir Coffee House
[2043/2868] no-platform   -            Dcs Across The Street
[2044/2868] no-platform   -            Paleteria La Michoacana
[2045/2868] no-platform   -            Noemas Tex Mex cuisine
[2046/2868] no-platform   -            La Mexican Fiesta
[2047/2868] no-platform   -            Panda Restaurant
[2048/2868] no-platform   -            Deli Mart
[2049/2868] no-platform   -            Martini Hall 53
[2050/2868] no-platform   -            Immersion Coffee
[2051/2868] no-platform   -            Plume & Brew Coffee
[2052/2868] no-platform   -            Foster's Family Donouts
[2053/2868] no-platform   -            Sportsmans Pub
[2054/2868] no-platform   -            Judy's Deli
[2055/2868] no-platform   -            Morada Restaurant Rancho Santa Fe
[2056/2868] no-platform   -            Lollicup Tea Zone
[2057/2868] no-platform   -            Hilberto's Mexican Food
[2058/2868] no-platform   -            YOHED COFFEE
[2059/2868] no-platform   -            Julian Pit Stop
[2060/2868] no-platform   -            The coffee machine
[2061/2868] no-platform   -            Chico's Bakery
[2062/2868] no-platform   -            Taste of African Cuisine
[2063/2868] no-platform   -            The Round Up Grill
[2064/2868] no-platform   -            Papayas Juice Bar
[2065/2868] no-platform   -            Yogurt Barn
[2066/2868] no-platform   -            Euros Hookah Lounge
[2067/2868] no-platform   -            West Pac Noodle Bar
[2068/2868] no-platform   -            Super Donuts #2
[2069/2868] no-platform   -            Oceanside Donut
[2070/2868] no-platform   -            Donut star
[2071/2868] no-platform   -            DJ's Pizza Express
[2072/2868] no-platform   -            Fresh Donuts
[2073/2868] no-platform   -            Donut Stop
[2074/2868] no-platform   -            Jessie's Bake Shop
[2075/2868] no-platform   -            La Nueva Mexican Bakery
[2076/2868] no-platform   -            mammys coffee
[2077/2868] no-platform   -            664 TJ Birriería
[2078/2868] no-platform   -            Summer's Deli & Catering
[2079/2868] no-platform   -            La Especial
[2080/2868] no-platform   -            Mi Amigo Restaurant and bakery
[2081/2868] no-platform   -            TJ birrierria 664 #4
[2082/2868] no-platform   -            La Barca - Mexican Seafood and Craft Cocktails
[2083/2868] no-platform   -            Pansang's Filipino Cuisine
[2084/2868] no-platform   -            Wild Wooly's Saloon
[2085/2868] no-platform   -            SeaTaco
[2086/2868] no-platform   -            Lycha Tea, Coffee & Desserts
[2087/2868] no-platform   -            Bakery
[2088/2868] no-platform   -            Sunset Café
[2089/2868] no-platform   -            Vegan Tacos SD
[2090/2868] no-platform   -            California Kumpir
[2091/2868] no-platform   -            TJ Birrieria
[2092/2868] no-platform   -            La Cochinita
[2093/2868] no-platform   -            Hacienda Jamul
[2094/2868] no-platform   -            Pearson Deli
[2095/2868] no-platform   -            The Shop Cafe Barrio Logan
[2096/2868] no-platform   -            Purebowl
[2097/2868] no-platform   -            Cardiff By The Sea Buisness District
[2098/2868] no-platform   -            La Michoacana Ice Cream Shop
[2099/2868] no-platform   -            It's in the Filling!
[2100/2868] no-platform   -            Java Shack
[2101/2868] no-platform   -            TORI CAFE
[2102/2868] no-platform   -            Feliz Coffee Club
[2103/2868] no-platform   -            Tasty Bakery
[2104/2868] no-platform   -            Chief's Da Tiki Bar
[2105/2868] no-platform   -            Fresh Catch Fish Market & Grill
[2106/2868] no-platform   -            Taqueria y mariscos el kiki
[2107/2868] no-platform   -            Queenstage Coffee House
[2108/2868] no-platform   -            Birrieria la Loteria
[2109/2868] no-platform   -            Stadium Club
[2110/2868] no-platform   -            Yomie's Rice x Yogurt
[2111/2868] no-platform   -            Olive Oil Cafe
[2112/2868] no-platform   -            Seaside Yogurt
[2113/2868] no-platform   -            Donuts N Things
[2114/2868] no-platform   -            Nahomie's Cafe & Deli
[2115/2868] no-platform   -            PARA
[2116/2868] no-platform   -            Danish & Donuts
[2117/2868] no-platform   -            Asian Kitchen
[2118/2868] no-platform   -            Club 13
[2119/2868] no-platform   -            Mayra's Bakery
[2120/2868] no-platform   -            Cafe des Artistes
[2121/2868] no-platform   -            Executive Friendship Deli
[2122/2868] no-platform   -            Jitters Espresso
[2123/2868] no-platform   -            Plaza Donuts & Yogurt
[2124/2868] no-platform   -            Cafecito on Seacoast
[2125/2868] no-platform   -            Donut Pantry
[2126/2868] no-platform   -            Cilantro's Mexican Food,
[2127/2868] no-platform   -            Lemon Grove Bakery
[2128/2868] no-platform   -            Donut World
[2129/2868] no-platform   -            ESSNTL Coffee
[2130/2868] no-platform   -            Dubai Cafe
[2131/2868] no-platform   -            Chiquibaby's Bar
[2132/2868] no-platform   -            Mr Donuts
[2133/2868] no-platform   -            Raspados Michoacan
[2134/2868] no-platform   -            Burritos Luna
[2135/2868] no-platform   -            Tamales Brenda's
[2136/2868] no-platform   -            El Cevichero PB
[2137/2868] no-platform   -            Brick 95
[2138/2868] no-platform   -            Great Happiness
[2139/2868] no-platform   -            Wasa Sushi Bar
[2140/2868] no-platform   -            Champs Korean Bbq
[2141/2868] no-platform   -            Cristallo Cafe
[2142/2868] no-platform   -            The Iconic Coffee Club
[2143/2868] no-platform   -            Pacific lounge
[2144/2868] no-platform   -            SweetLife on 3rd
[2145/2868] no-platform   -            Ho Won Express
[2146/2868] no-platform   -            Bakin' it Up Collective - An Artisan Bakery
[2147/2868] no-platform   -            Los Tapatios Mexican Food
[2148/2868] no-platform   -            San Diego Bakery & Café
[2149/2868] no-platform   -            Don Munchies SD
[2150/2868] no-platform   -            Tommy V's Pizzeria
[2151/2868] no-platform   -            E.S.B. Cafe
[2152/2868] no-platform   -            Mango Mania Frutas & More
[2153/2868] no-platform   -            Tram Chim - Live King Crab
[2154/2868] no-platform   -            Dr. Juice
[2155/2868] no-platform   -            CORAL SPORTS BAR
[2156/2868] no-platform   -            El Rinconcito Taco Shop
[2157/2868] no-platform   -            Audrey's Café
[2158/2868] no-platform   -            Mariscos La Reyna del Sur
[2159/2868] no-platform   -            Birria Blvd
[2160/2868] no-platform   -            Yum Yum Yo Frozen Yogurt/Sandwiches/Boba
[2161/2868] no-platform   -            Cup 'n Go
[2162/2868] no-platform   -            Tacos El Orejas
[2163/2868] no-platform   -            Trining’s Bakery & Cafe National City
[2164/2868] no-platform   -            Tacos AlPastor Spring Valley
[2165/2868] no-platform   -            Gold Soul Coffee
[2166/2868] no-platform   -            Java Time
[2167/2868] no-platform   -            Camden Food Co.
[2168/2868] no-platform   -            Barrio Street Tacos
[2169/2868] no-platform   -            El Jefes Taco Shop
[2170/2868] no-platform   -            Family Golden Palace
[2171/2868] no-platform   -            The Parks Cafe
[2172/2868] no-platform   -            Cui Daore
[2173/2868] no-platform   -            Harbor Island Deli & Spirits
[2174/2868] no-platform   -            AWOL
[2175/2868] no-platform   -            Vinum Locus
[2176/2868] no-platform   -            Okayama Steakhouse
[2177/2868] no-platform   -            Bedda
[2178/2868] no-platform   -            Layali nights lounge
[2179/2868] no-platform   -            Da Nang Restaurant and Cafe
[2180/2868] no-platform   -            Layali nights lounge
[2181/2868] no-platform   -            Rancho Roasters
[2182/2868] no-platform   -            My Cup of Tea Unique Gifts
[2183/2868] no-platform   -            La Isla Neveria
[2184/2868] no-platform   -            La Barbacoa Autentica De Borrego
[2185/2868] no-platform   -            Very Tasty Coffee
[2186/2868] no-platform   -            Heavy's Smokehouse
[2187/2868] no-platform   -            Bean Me Up Coffee
[2188/2868] no-platform   -            Arc & Kin
[2189/2868] no-platform   -            Carnitas La Caldera
[2190/2868] no-platform   -            Frutas Frescas
[2191/2868] no-platform   -            The Tin Scoop
[2192/2868] no-platform   -            Yakitori Tsuta
[2193/2868] no-platform   -            Encinitas Donut House
[2194/2868] no-platform   -            Village Tacos
[2195/2868] no-platform   -            Viche Marina Deli & Coffee
[2196/2868] no-platform   -            Marcella June's Coffee Lounge
[2197/2868] no-platform   -            Blend & Bite Cafe
[2198/2868] no-platform   -            Saigon Corner
[2199/2868] no-platform   -            Stage stop pizza
[2200/2868] no-platform   -            ESB Coffee
[2201/2868] no-platform   -            Locally Toasted Delicatessen
[2202/2868] no-platform   -            The Yogo, Handcrafted Ice Cream & Desserts
[2203/2868] no-platform   -            Pepita's Cafe
[2204/2868] no-platform   -            Sinbad Restaurant And Lounge
[2205/2868] no-platform   -            Los sushi lovers
[2206/2868] no-platform   -            Honey Banana
[2207/2868] no-platform   -            Tokyo Express
[2208/2868] no-platform   -            Taqueria Don Chamango
[2209/2868] no-platform   -            Awesome Jamaican Jerk Wings by Laylahs
[2210/2868] no-platform   -            Cafe Dawny
[2211/2868] no-platform   -            Balboa Bakery
[2212/2868] no-platform   -            Pan paulitas mexican bakery
[2213/2868] no-platform   -            Polanco Kitchen & Bar
[2214/2868] no-platform   -            The Library Coffee Shop
[2215/2868] no-platform   -            Veterans of Foriegn Wars Post 9327
[2216/2868] no-platform   -            Teo's Kitchen
[2217/2868] no-platform   -            Linda Vista Market
[2218/2868] no-platform   -            Larisa's Mexican Bakery
[2219/2868] no-platform   -            Sandwich Co.
[2220/2868] no-platform   -            DACAFÉ
[2221/2868] no-platform   -            El Primo Birrieria Taco Truck
[2222/2868] no-platform   -            KD's Donuts
[2223/2868] no-platform   -            Green Light Cafe & Deli
[2224/2868] no-platform   -            Rancho's Taco Shop And Seafood
[2225/2868] no-platform   -            Shelly's Deli
[2226/2868] no-platform   -            Aurora's Bakery
[2227/2868] no-platform   -            Seoul Street
[2228/2868] no-platform   -            Hector's Taco Shop & Fruteria
[2229/2868] no-platform   -            Jimmy's Cafe & Pub
[2230/2868] no-platform   -            Roselys Eats and Sweets
[2231/2868] no-platform   -            Menuderia Y Taqueria El Flako
[2232/2868] no-platform   -            Sandok Filipino Cuisine
[2233/2868] no-platform   -            Made in Chinaloa
[2234/2868] no-platform   -            Over The Border
[2235/2868] no-platform   -            BARESSITO ANTRO BAR
[2236/2868] no-platform   -            Akari Sushi
[2237/2868] no-platform   -            Old Town Ice Cream
[2238/2868] no-platform   -            1904 Street Dogs
[2239/2868] no-platform   -            Tortas Tj
[2240/2868] no-platform   -            Sea Ridge Coffee
[2241/2868] no-platform   -            Caffe Positano, Fairbanks
[2242/2868] no-platform   -            Weapon Ramen Liberty Public Market
[2243/2868] no-platform   -            Golden Spoon Frozen Yogurt
[2244/2868] no-platform   -            Doh Doh Coffee
[2245/2868] no-platform   -            The Cookie Opera
[2246/2868] no-platform   -            Tacos Minali
[2247/2868] no-platform   -            22 Area Galley
[2248/2868] no-platform   -            Isabela’s Mexican food
[2249/2868] no-platform   -            LA MICHOACANA SON MEX OF POWAY
[2250/2868] no-platform   -            La Cucina di Silvana
[2251/2868] no-platform   -            Sonora Steak Asadero El Prieto #13
[2252/2868] no-platform   -            Autentica Comida Oaxaquena
[2253/2868] no-platform   -            Mr. Manitas Taco Bar and Fruteria
[2254/2868] no-platform   -            Water Store
[2255/2868] no-platform   -            Panadería El Trigal
[2256/2868] no-platform   -            Filo
[2257/2868] no-platform   -            El Uno Bar
[2258/2868] no-platform   -            EL PASO TACO SHOP
[2259/2868] no-platform   -            SALT N SAVOR DELI & CAFE
[2260/2868] no-platform   -            The coffee machine
[2261/2868] no-platform   -            Jason's Courtyard Cafe
[2262/2868] no-platform   -            Logan Inn
[2263/2868] no-platform   -            Casa Del Lobo
[2264/2868] no-platform   -            Notorious Barbecue
[2265/2868] no-platform   -            Boba Life La Mesa
[2266/2868] no-platform   -            Birrieria La Vaquita
[2267/2868] no-platform   -            Javier’s Mexican Food
[2268/2868] no-platform   -            TG Cafe
[2269/2868] no-platform   -            Smoke and Salt Restaurant
[2270/2868] no-platform   -            Rancho Roasters
[2271/2868] no-platform   -            Pink Donuts
[2272/2868] no-platform   -            Mood ALsham restaurant
[2273/2868] no-platform   -            Aalami Restaurant - Somali Cuisine
[2274/2868] no-platform   -            Franco's Flapjack
[2275/2868] no-platform   -            The Pocket Pool & Bar
[2276/2868] no-platform   -            Sara's Bakery
[2277/2868] no-platform   -            La Michoacana Ice Cream
[2278/2868] no-platform   -            Acai Roots
[2279/2868] no-platform   -            Ortiz Bakery
[2280/2868] no-platform   -            De La Torre Cenaduria
[2281/2868] no-platform   -            Lizs Cocina
[2282/2868] no-platform   -            La Cocina De Chata
[2283/2868] no-platform   -            Cafecito at EPOCA
[2284/2868] no-platform   -            Ramen Girl
[2285/2868] no-platform   -            Tasty Buds LLC
[2286/2868] no-platform   -            Mariscos Guille
[2287/2868] no-platform   -            Ana’s Fruit & Deli
[2288/2868] no-platform   -            Cafe Del Mar
[2289/2868] no-platform   -            Pines
[2290/2868] no-platform   -            Las Delicias de Alicia
[2291/2868] no-platform   -            Taquería Imperial Taco Shop
[2292/2868] no-platform   -            Las Ranas Lonchera Mariscos
[2293/2868] no-platform   -            Coastal Coffee - Scripps Memorial Hospital
[2294/2868] no-platform   -            The Galley
[2295/2868] no-platform   -            Tacos el uzzi
[2296/2868] no-platform   -            Hot Blend Café
[2297/2868] no-platform   -            La Espiga de Oro Mexican Bakery
[2298/2868] no-platform   -            Wow Donuts
[2299/2868] no-platform   -            Taco de Ojo Sports Cantina
[2300/2868] no-platform   -            Dubu San Diego Tofu Company
[2301/2868] no-platform   -            El Camaron Negro
[2302/2868] no-platform   -            Black Sea Cafe & Market
[2303/2868] no-platform   -            Rising Sun Sushi
[2304/2868] no-platform   -            Koakai Brewing Co.
[2305/2868] no-platform   -            Cacio
[2306/2868] no-platform   -            Erlene's Family Style Cuisine
[2307/2868] no-platform   -            San Diego Beer House
[2308/2868] no-platform   -            Tus Chefs Favoritas
[2309/2868] no-platform   -            Al Chile Mexican Food
[2310/2868] no-platform   -            Manila Bistro
[2311/2868] no-platform   -            Family Tacos
[2312/2868] no-platform   -            Tlaloc Deli
[2313/2868] no-platform   -            EL SAZON DE MAMA
[2314/2868] no-platform   -            The Other Side Bar and Grill
[2315/2868] no-platform   -            Pinoy Express Fastfood
[2316/2868] no-platform   -            Tortillas De Harina El Trigal
[2317/2868] no-platform   -            FENIX LOUNGE
[2318/2868] no-platform   -            Rey Tj Burger's San Diego
[2319/2868] no-platform   -            Lizzie's Cake Couture
[2320/2868] no-platform   -            Macy's Cafe at Fashion Valley
[2321/2868] no-platform   -            Fruit
[2322/2868] no-platform   -            Xicanitos
[2323/2868] no-platform   -            La Chalupa Mariscos #2 Food Truck
[2324/2868] no-platform   -            Downtown cafe pizza
[2325/2868] no-platform   -            Kikos Place cantina
[2326/2868] no-platform   -            Perk Social
[2327/2868] no-platform   -            Chula Tacos Taquerias
[2328/2868] no-platform   -            Maple Tree Coffee
[2329/2868] no-platform   -            The Café at Alma San Diego
[2330/2868] no-platform   -            Marina Kitchen at Mariott Marquis
[2331/2868] no-platform   -            Juicers
[2332/2868] no-platform   -            Beaudevin
[2333/2868] no-platform   -            Rita's of Mission Hills
[2334/2868] no-platform   -            El Kafecito
[2335/2868] no-platform   -            Louisiana Banana Pudding
[2336/2868] no-platform   -            Cali Cafe
[2337/2868] no-platform   -            Korean Bingsoo Cafe
[2338/2868] no-platform   -            La Flor Bakery
[2339/2868] no-platform   -            Smash’d Burgers
[2340/2868] no-platform   -            J-Town Grab and Go
[2341/2868] no-platform   -            Rapido Y Sabroso Taco Truck
[2342/2868] no-platform   -            Valerio's Bakehouse
[2343/2868] no-platform   -            D's Coffee
[2344/2868] no-platform   -            The Propeller Bar and Grill
[2345/2868] no-platform   -            Noodle Bowl and dumplings
[2346/2868] no-platform   -            Clayton's Galley
[2347/2868] no-platform   -            Uphori Cafe
[2348/2868] no-platform   -            Pho On The Go
[2349/2868] no-platform   -            Star Gazer Club
[2350/2868] no-platform   -            Verde Kitchen & Bar
[2351/2868] no-platform   -            Coffee Shop
[2352/2868] no-platform   -            Smash Bacon
[2353/2868] no-platform   -            Jue Wei food
[2354/2868] no-platform   -            La Patrona
[2355/2868] no-platform   -            Goodspot
[2356/2868] no-platform   -            Bethlehem Baking Co.
[2357/2868] no-platform   -            Burritos Salomè
[2358/2868] no-platform   -            Candy's Boom Boom Room
[2359/2868] no-platform   -            Taiyo
[2360/2868] no-platform   -            Meal and Munch
[2361/2868] no-platform   -            Skinny Jake Smokehouse
[2362/2868] no-platform   -            Cedar Rose
[2363/2868] no-platform   -            Burger Kitchen
[2364/2868] no-platform   -            SWEET & SPICY SD LLC
[2365/2868] no-platform   -            Daniel's West
[2366/2868] no-platform   -            The Meantime
[2367/2868] no-platform   -            Ranas Hotdogs & Hamburgers
[2368/2868] no-platform   -            Tacos la Guera
[2369/2868] no-platform   -            La Perla del Pacífico
[2370/2868] no-platform   -            Chupacabras taco shop
[2371/2868] no-platform   -            Front Street Sweet Shack
[2372/2868] no-platform   -            Rapha Tea
[2373/2868] no-platform   -            Guau Guau Taza de Cafe
[2374/2868] no-platform   -            Miguel’s Street Tacos
[2375/2868] no-platform   -            Bayside Bar
[2376/2868] no-platform   -            Cup of Bloom La Jolla
[2377/2868] no-platform   -            Freeze Gourmet
[2378/2868] no-platform   -            Marina Market and Café
[2379/2868] no-platform   -            Bailey House
[2380/2868] no-platform   -            Alberto's
[2381/2868] no-platform   -            Tacos El Unico
[2382/2868] no-platform   -            Chinese Cuisine
[2383/2868] no-platform   -            Barbas Mexican Food
[2384/2868] no-platform   -            MJ's Eatery Philly Cheesesteaks and more
[2385/2868] no-platform   -            La Creperia Nutilda
[2386/2868] no-platform   -            Yesenia’s Mexican Food
[2387/2868] no-platform   -            Thai Style Kitchen Oceanside
[2388/2868] no-platform   -            The Honey Pot
[2389/2868] no-platform   -            El Rinconcito Sinaloense Antojitos
[2390/2868] no-platform   -            Authentic Mexican Bakery
[2391/2868] no-platform   -            Pikolinas
[2392/2868] no-platform   -            Grill chicken Linda vista
[2393/2868] no-platform   -            Puerta Del Cielo Mexican Foods-Food Truck
[2394/2868] no-platform   -            El Chile pelais del Flaco
[2395/2868] no-platform   -            Taco truck
[2396/2868] no-platform   -            La Morena del Fuego
[2397/2868] no-platform   -            Tacos puebla
[2398/2868] no-platform   -            Island Style Sushi
[2399/2868] no-platform   -            Vega’s Kitchen
[2400/2868] no-platform   -            Soulsip
[2401/2868] no-platform   -            New Name Club
[2402/2868] no-platform   -            7 Marcelos Mexican Cafe
[2403/2868] no-platform   -            Da Good Vibes Eats
[2404/2868] no-platform   -            Shrimp on a Skateboard Mariscos
[2405/2868] no-platform   -            El Mejor Taco Avapor
[2406/2868] no-platform   -            Nori Japan
[2407/2868] no-platform   -            "LAS CAZUELITAS" Home made Mexican food
[2408/2868] no-platform   -            taco de ojo sports cantina
[2409/2868] no-platform   -            Brunette Social Sports Bar
[2410/2868] no-platform   -            Bello’s Tacos and Burritos
[2411/2868] no-platform   -            AY MI MAZATLÁN
[2412/2868] no-platform   -            Vivant Bistro & Craft Bar
[2413/2868] no-platform   -            701 FOOD
[2414/2868] no-platform   -            117° West Spirits
[2415/2868] no-platform   -            Taco Stand
[2416/2868] no-platform   -            Filipino Lumpia
[2417/2868] no-platform   -            Rodeó's Cocina Mexican Restaurant
[2418/2868] no-platform   -            El Sonorense Taco Shop
[2419/2868] no-platform   -            Food Truck
[2420/2868] no-platform   -            Mariscos la baja mar y fuego
[2421/2868] no-platform   -            Mariscos y Birrieria El Compa Güero
[2422/2868] no-platform   -            Comida China
[2423/2868] no-platform   -            El Puerquito Hard Frescas
[2424/2868] no-platform   -            Sushi ki To
[2425/2868] no-platform   -            9th Hole Snack Shop
[2426/2868] no-platform   -            Balboa's Grill House
[2427/2868] no-platform   -            HOTDOGS SINALOA 619
[2428/2868] no-platform   -            It's Raw Poke Truck
[2429/2868] no-platform   -            Quick Meal Deal Hunterz
[2430/2868] no-platform   -            Larry's Birria
[2431/2868] no-platform   -            Quel & Tito's Food Shack
[2432/2868] no-platform   -            FIFTEEN 360
[2433/2868] no-platform   -            Gourmet @ Culinary Outlook
[2434/2868] no-platform   -            Pollos Asados Goyos
[2435/2868] no-platform   -            El Peruano Grill
[2436/2868] no-platform   -            El Ostion Mariscos
[2437/2868] no-platform   -            City Chopped Cheese
[2438/2868] no-platform   -            Tacos delicioso
[2439/2868] no-platform   -            Kevin's Convenience Stand
[2440/2868] no-platform   -            Premier Food Services
[2441/2868] no-platform   -            Sliderz & Mo'
[2442/2868] no-platform   -            Taqueria Los Panchos
[2443/2868] no-platform   -            HomeMeals
[2444/2868] no-platform   -            Tacos Los Carnales
[2445/2868] no-platform   -            La catrachita
[2446/2868] no-platform   -            Tacos "El Moy"
[2447/2868] no-platform   -            Squishys619
[2448/2868] no-platform   -            Myung Ka Korean Food
[2449/2868] no-platform   -            El Taco Latino
[2450/2868] no-platform   -            Cassara Kitchen & Bar
[2451/2868] no-platform   -            Marisol's Pie Shop
[2452/2868] no-platform   -            Sushi Love
[2453/2868] no-platform   -            Tamales Landa
[2454/2868] no-platform   -            Galley
[2455/2868] no-platform   -            Kim's House
[2456/2868] no-platform   -            Tacos Loco's
[2457/2868] no-platform   -            La Casa de Don Juan
[2458/2868] no-platform   -            Mariscos La Baja Food Truck
[2459/2868] no-platform   -            Food Pavilion
[2460/2868] no-platform   -            Babylon Restaurant
[2461/2868] no-platform   -            Baba Coffee Mobile
[2462/2868] no-platform   -            Berta & Odina's Food Truck
[2463/2868] no-platform   -            YakiroSushi
[2464/2868] no-platform   -            Oishii Sushi Bar
[2465/2868] no-platform   -            Arrieros Tacos ¡Hecho está!
[2466/2868] no-platform   -            Koffeeing UP
[2467/2868] no-platform   -            CaliTea
[2468/2868] no-platform   -            Hungarian bakery
[2469/2868] no-platform   -            Spreckels Sweets And Treats
[2470/2868] no-platform   -            NA
[2471/2868] no-platform   -            Captain's Seafood Gallery
[2472/2868] no-platform   -            Natural Delights Juice Bar
[2473/2868] no-platform   -            Poke Point
[2474/2868] no-platform   -            BNCafe
[2475/2868] no-platform   -            House Of Draught No 2
[2476/2868] no-platform   -            Oasis On The Rocks
[2477/2868] no-platform   -            El Picnic Tabel
[2478/2868] no-platform   -            The Place
[2479/2868] no-platform   -            Macan Market
[2480/2868] no-platform   -            Stone Brewing Company
[2481/2868] no-platform   -            Lupita's Mexican Food
[2482/2868] no-platform   -            Cafe Europe
[2483/2868] no-platform   -            Kouklas Cafe
[2484/2868] no-platform   -            San Diego Creamery
[2485/2868] no-platform   -            Leading Edge Cafe
[2486/2868] no-platform   -            The Shine Shack
[2487/2868] no-platform   -            V/ Workout Bar
[2488/2868] no-platform   -            AZTECA SAN DIEGO TACO'S
[2489/2868] no-platform   -            Boo Boo Sweetz
[2490/2868] no-platform   -            Speak Easy
[2491/2868] no-platform   -            Mariscos villafaña
[2492/2868] no-platform   -            An's Gelato
[2493/2868] no-platform   -            Caveman BBQ
[2494/2868] no-platform   -            Downtown BBQ
[2495/2868] no-platform   -            DAYGO Brunch’N
[2496/2868] no-platform   -            AVO Vegan Restaurant
[2497/2868] no-platform   -            Ramen Goddess
[2498/2868] no-platform   -            Sattellite Bites
[2499/2868] no-platform   -            Tacos de corazón
[2500/2868] no-platform   -            Americana Restaurant
[2501/2868] no-platform   -            Little Frosty’s
[2502/2868] no-platform   -            The Cow Shed Bar and Grill
[2503/2868] no-platform   -            Randolfo's Tacos
[2504/2868] no-platform   -            P.B. Wellness Health & Nutrition
[2505/2868] no-platform   -            Little Vienna
[2506/2868] no-platform   -            Gallopin In
[2507/2868] no-platform   -            Sprinkles Cafe
[2508/2868] no-platform   -            Gabriel's Taco Stand
[2509/2868] no-platform   -            The Stag Lion
[2510/2868] no-platform   -            Little Owl Coffe & Tea
[2511/2868] no-platform   -            The Pagoda
[2512/2868] no-platform   -            Fifty 9 Fifty
[2513/2868] no-platform   -            Sunshine Poke & Sushi Rolls
[2514/2868] no-platform   -            Desayunos y Baguettes
[2515/2868] no-platform   -            Panniken
[2516/2868] no-platform   -            Robbie's Roadhouse
[2517/2868] no-platform   -            La Michoacana Ice Cream
[2518/2868] no-platform   -            CC Bakehouse
[2519/2868] no-platform   -            Wolftown
[2520/2868] no-platform   -            Regional My Place
[2521/2868] no-platform   -            Ciccicotti’s
[2522/2868] no-platform   -            Casa del Pane
[2523/2868] no-platform   -            Pretzel Market
[2524/2868] no-platform   -            Oasis Bar
[2525/2868] no-platform   -            DeAnza Bar
[2526/2868] no-platform   -            Bakery 7
[2527/2868] no-platform   -            C&C Barkery
[2528/2868] no-platform   -            Mr. Jalepeno El Burrito Mexicano & more.
[2529/2868] no-platform   -            OB Tamales and Taqueria
[2530/2868] no-platform   -            COFFEE CRATE
[2531/2868] no-platform   -            Yogen FrÃ¼z
[2532/2868] no-platform   -            Mariscos La Tia
[2533/2868] no-platform   -            Fronted
[2534/2868] no-platform   -            Out of Towners Bar Grill Lounge
[2535/2868] no-platform   -            Mad Maui BBQ
[2536/2868] no-platform   -            Ramones
[2537/2868] no-platform   -            Rainbow Cafe
[2538/2868] no-platform   -            Marla’s Coffee
[2539/2868] no-platform   -            Bincho taco
[2540/2868] no-platform   -            Roxie’s Sweet Bakes & Treats
[2541/2868] no-platform   -            La delicia
[2542/2868] no-platform   -            Seafood and pub
[2543/2868] no-platform   -            Ice Cream Parlor-Lemon Grove
[2544/2868] no-platform   -            Cultivated Greens
[2545/2868] no-platform   -            Mesa Cafe
[2546/2868] no-platform   -            Bakes By Zena
[2547/2868] no-platform   -            Taco’s El Chaparro
[2548/2868] no-platform   -            Six Degrees
[2549/2868] no-platform   -            Repostería Jexana
[2550/2868] no-platform   -            Nespresso Pop-Up
[2551/2868] no-platform   -            Birria a Mi Gusto
[2552/2868] no-platform   -            Chimbita
[2553/2868] no-platform   -            Mission Hills Coffee Company
[2554/2868] no-platform   -            Smoked Street Tacos
[2555/2868] no-platform   -            Palomar Ice Cream and Candy
[2556/2868] no-platform   -            jr sushi
[2557/2868] no-platform   -            Bella Bakery Boutique LLC
[2558/2868] no-platform   -            Carnitas y Chicharrones Los Marranitos SD #1
[2559/2868] no-platform   -            Pine Valley Java
[2560/2868] no-platform   -            The Pony Express Coffee Bar & Drive Thru
[2561/2868] no-platform   -            Barking Deer Pizza & Beer
[2562/2868] no-platform   -            Nimbus Bakery
[2563/2868] no-platform   -            La Vendimia de María Tavares
[2564/2868] no-platform   -            Nature's emporumh
[2565/2868] no-platform   -            Five Loaves Sourdough Co.
[2566/2868] no-platform   -            Frank’s Ice Cream Wholesale
[2567/2868] no-platform   -            Wash mobile
[2568/2868] no-platform   -            Pop-up Tacos
[2569/2868] no-platform   -            Gilbeys Cocktail Lounge
[2570/2868] no-platform   -            Marbella Oyster Bar
[2571/2868] no-platform   -            Jupiter Leucadia
[2572/2868] no-platform   -            Zoe’s Place Bakery
[2573/2868] no-platform   -            Mama’s Cucina Italiana
[2574/2868] no-platform   -            CHI
[2575/2868] no-platform   -            Coral Market
[2576/2868] no-platform   -            Rds Log Cabin
[2577/2868] no-platform   -            Ball Three
[2578/2868] no-platform   -            Wednesday Cake
[2579/2868] no-platform   -            Recognize Cocktails
[2580/2868] no-platform   -            Club Iguana
[2581/2868] no-platform   -            Heros
[2582/2868] no-platform   -            Ximena
[2583/2868] no-platform   -            Coffee & Smoothies
[2584/2868] no-platform   -            Rooster Ramen
[2585/2868] no-platform   -            Rooster Ramen
[2586/2868] no-platform   -            Oscars Cocktail Bar
[2587/2868] no-platform   -            Shibari
[2588/2868] no-platform   -            SHOR
[2589/2868] no-platform   -            Eryan Sweets
[2590/2868] no-platform   -            Beach Cuisine Inc
[2591/2868] no-platform   -            CottageKitchen
[2592/2868] no-platform   -            The Coop
[2593/2868] no-platform   -            Sweet Rose Cottage Bakery, LLC
[2594/2868] no-platform   -            The Beekeeper's Oven Farmstand - Santa Ysabel
[2595/2868] no-platform   -            Porters Grille & BBQ
[2596/2868] no-platform   -            Elbo Rest
[2597/2868] no-platform   -            Molly Malones Sports Tavern
[2598/2868] no-platform   -            Sweetheart farms
[2599/2868] no-platform   -            Omas Delectables
[2600/2868] no-platform   -            Cozy Crumble Cottage Bakery
[2601/2868] no-platform   -            Bakery San Jorge
[2602/2868] no-platform   -            The Cove
[2603/2868] no-platform   -            Bread of Life Bakes
[2604/2868] no-platform   -            Cafe Pho
[2605/2868] no-platform   -            Embassy Room
[2606/2868] no-platform   -            Tacos el jefe
[2607/2868] no-platform   -            Luckyz Sports Pub
[2608/2868] no-platform   -            Sabor Michoacán
[2609/2868] no-platform   -            Desi N Friends
[2610/2868] no-platform   -            HomemadebyNashae
[2611/2868] no-platform   -            Kneading Love Micro Bakery
[2612/2868] no-platform   -            Raspabros
[2613/2868] no-platform   -            Cozy Cat Bakehouse
[2614/2868] no-platform   -            Vero's Sweet Bakeshop
[2615/2868] no-platform   -            Techy Cafe Chula Vista
[2616/2868] no-platform   -            Yute Keto Bakery
[2617/2868] no-platform   -            Lumière Café San Diego
[2618/2868] no-platform   -            Romo Baker and general store
[2619/2868] no-platform   -            Higher Grounds Coffee
[2620/2868] no-platform   -            No excuse income
[2621/2868] no-platform   -            Oside Shave Ice
[2622/2868] no-platform   -            Birdies Bar and Grill
[2623/2868] no-platform   -            Panderia Bakery
[2624/2868] no-platform   -            Sweet By Saray
[2625/2868] no-platform   -            Joe's Pizza and Bistro
[2626/2868] no-platform   -            Ramone's
[2627/2868] no-platform   -            Bin Kheer Café
[2628/2868] no-platform   -            Raspados Aloha 2
[2629/2868] no-platform   -            A Piece of Cake
[2630/2868] no-platform   -            Windansea Bar and Grill
[2631/2868] no-platform   -            Cafecito del Monte
[2632/2868] no-platform   -            Viva el Cafe
[2633/2868] no-platform   -            Trolley
[2634/2868] no-platform   -            La Perla del Pacífico
[2635/2868] no-platform   -            Canela Bake
[2636/2868] no-platform   -            Steves Cabana
[2637/2868] no-platform   -            Pikes Iron Wagon Real Pit BBQ
[2638/2868] no-platform   -            Indigo Pineapple Café
[2639/2868] no-platform   -            The Patch Coffee
[2640/2868] no-platform   -            Porciones De Dulzura Bakery
[2641/2868] no-platform   -            The Dulzura Cafe%2C
[2642/2868] no-platform   -            Pannakin Coffee & Tea
[2643/2868] no-platform   -            Tortilleria Bakery
[2644/2868] no-platform   -            Tacos Las Huesas
[2645/2868] no-platform   -            Island Market
[2646/2868] no-platform   -            Tides
[2647/2868] no-platform   -            La Cucharita
[2648/2868] no-platform   -            Maggie’s Cake Shop
[2649/2868] no-platform   -            Ghost tacos downtown
[2650/2868] no-platform   -            Rusty Spur Cocktails and Dancing
[2651/2868] no-platform   -            Arevalo's Raspados
[2652/2868] no-platform   -            1935 Artisan Desserts & Kitchen
[2653/2868] no-platform   -            Blooming Vegans
[2654/2868] no-platform   -            Southbay Cafe & Cantina
[2655/2868] no-platform   -            Mariscos Seafood
[2656/2868] no-platform   -            Mongus Grill
[2657/2868] no-platform   -            KGP Pizza & Grill
[2658/2868] no-platform   -            Mike’s Sourdough Bakery
[2659/2868] no-platform   -            Takos El Michi
[2660/2868] no-platform   -            Cocinita La Michoacana
[2661/2868] no-platform   -            On Point BBQ
[2662/2868] no-platform   -            Sweet Robin's
[2663/2868] no-platform   -            Foundation X
[2664/2868] no-platform   -            Sapporo Rock & Roll Sushi
[2665/2868] no-platform   -            Bakery
[2666/2868] no-platform   -            SideYard Coffee
[2667/2868] no-platform   -            MIKAKU sushi and grill
[2668/2868] no-platform   -            Chicanos Pastries
[2669/2868] no-platform   -            Kaphe Muna
[2670/2868] no-platform   -            Sweet Bean Cafe
[2671/2868] no-platform   -            Lili antojitos and Mexican food Boulevard
[2672/2868] no-platform   -            El Rancho Bar & Grill
[2673/2868] no-platform   -            Neat treats by Rachel
[2674/2868] no-platform   -            El Rancho Grande Bar & Grill
[2675/2868] no-platform   -            Tacos
[2676/2868] no-platform   -            Taco Lovers
[2677/2868] no-platform   -            Galley
[2678/2868] no-platform   -            The Bistro Restaurant
[2679/2868] no-platform   -            VAQUERO TJ GRILL
[2680/2868] no-platform   -            Powder Technology Laboratory Coffee
[2681/2868] no-platform   -            College Corner Cafe
[2682/2868] no-platform   -            Its Cafe Thai
[2683/2868] no-platform   -            Fairbanks Coffee Stand
[2684/2868] no-platform   -            Mimosa
[2685/2868] no-platform   -            Izakaya En
[2686/2868] no-platform   -            Fox Point Pizza
[2687/2868] no-platform   -            Nik's BBQ
[2688/2868] no-platform   -            Lina's Bakery
[2689/2868] no-platform   -            Dees Sports Tavern
[2690/2868] no-platform   -            49Er
[2691/2868] no-platform   -            Lemonlade
[2692/2868] no-platform   -            MC's Kitchen
[2693/2868] no-platform   -            Pizza
[2694/2868] no-platform   -            Cafe Pronto
[2695/2868] no-platform   -            Parkway Social 619
[2696/2868] no-platform   -            La Sheesh Bar & Grill
[2697/2868] no-platform   -            Taste of Home Cakes and Cupcakes
[2698/2868] no-platform   -            CC Bakehouse
[2699/2868] no-platform   -            Bloomix studio
[2700/2868] no-platform   -            Mission Grounds Coffee
[2701/2868] no-platform   -            Hajime Ramen
[2702/2868] no-platform   -            Men-ya Mufu - Coming Soon
[2703/2868] no-platform   -            Los hotchos del barrio
[2704/2868] no-platform   -            Seafood San Diego
[2705/2868] no-platform   -            Puffs SD- HomeBased
[2706/2868] no-platform   -            Mariscos El Paisa
[2707/2868] no-platform   -            Sinaloa Fish
[2708/2868] no-platform   -            valarias
[2709/2868] no-platform   -            El Patrón Mar y Tierra
[2710/2868] no-platform   -            Nooni’s Taco Shop
[2711/2868] no-platform   -            The Taco Stop
[2712/2868] no-platform   -            K-Bakery
[2713/2868] no-platform   -            Tacos Los Carnales
[2714/2868] no-platform   -            Amanda Pandas Bakery
[2715/2868] no-platform   -            Tonkatsu Narikura - Coming Soon
[2716/2868] no-platform   -            Sushi In the Ranch
[2717/2868] no-platform   -            Mariscos El Prieto Express
[2718/2868] no-platform   -            Pizzeria
[2719/2868] no-platform   -            Rancho Hookah Lounge
[2720/2868] no-platform   -            Reef Lounge Poolside Bar & Grill
[2721/2868] no-platform   -            Bonnie's Bread Boutique
[2722/2868] no-platform   -            Panaderia Rosarito
[2723/2868] no-platform   -            Tierra Mia Mariscos y Mas
[2724/2868] no-platform   -            The Fusion Bistro
[2725/2868] no-platform   -            (dba) The Wayfarer's Pantry - Cottage Kitchen
[2726/2868] no-platform   -            Carniceria Taco Shop
[2727/2868] no-platform   -            Jayda Marie's Bakery
[2728/2868] no-platform   -            The Sourdough Sweetie
[2729/2868] no-platform   -            Donut Star
[2730/2868] no-platform   -            Incredibowl Cafe & Deli
[2731/2868] no-platform   -            Rise & Brew Coffee
[2732/2868] no-platform   -            Bien Hecho Coffee
[2733/2868] no-platform   -            Café VERA
[2734/2868] no-platform   -            Pho PB
[2735/2868] no-platform   -            Smokehouse Pizza & BBQ
[2736/2868] no-platform   -            The Beekeeper's Oven - Julian
[2737/2868] no-platform   -            Sourworx
[2738/2868] no-platform   -            The Hearth
[2739/2868] no-platform   -            Tlaxcala Hectoir's Taco Shop
[2740/2868] no-platform   -            Birria & Mariscos el Zurdo
[2741/2868] no-platform   -            Mexican Seafood & Grill
[2742/2868] no-platform   -            Sabor A Cielo Sweets
[2743/2868] no-platform   -            Cups Coffee Cart
[2744/2868] no-platform   -            Old California Coffee House and Eatery
[2745/2868] no-platform   -            Las Palmas
[2746/2868] no-platform   -            Coca Cola Market
[2747/2868] no-platform   -            Hawaiian Shaved Ice
[2748/2868] no-platform   -            Cafe Zzo Coffee Shop and Mini Mart
[2749/2868] no-platform   -            DQ Orange Julius
[2750/2868] no-platform   -            Eppig Brewing North Park
[2751/2868] no-platform   -            iDessert
[2752/2868] no-platform   -            Frost Me Gourmet Cupcakes
[2753/2868] no-platform   -            Cocina Tonalnan
[2754/2868] no-platform   -            Walking on Water Cafe
[2755/2868] no-platform   -            Pacific Taco Shop
[2756/2868] no-platform   -            El Paso Bar
[2757/2868] no-platform   -            Sunset by the Park
[2758/2868] no-platform   -            McCozy
[2759/2868] no-platform   -            Churro Con Chocolate
[2760/2868] no-platform   -            Club 42 Tequila Bar
[2761/2868] no-platform   -            Pizzaria, Etc.
[2762/2868] no-platform   -            The Dining Room
[2763/2868] no-platform   -            Fairbanks Coffee Company
[2764/2868] no-platform   -            El Cuervo
[2765/2868] no-platform   -            Valencia Mexican Food
[2766/2868] no-platform   -            Bee's Bread Co
[2767/2868] no-platform   -            Wellspring Tea Room
[2768/2868] no-platform   -            Lush Lounge
[2769/2868] no-platform   -            Mickies Suds Room
[2770/2868] no-platform   -            Barra 8
[2771/2868] no-platform   -            College Sub Shop
[2772/2868] no-platform   -            Dieberto's
[2773/2868] no-platform   -            11th Marines Chow Hall
[2774/2868] no-platform   -            El Cotixan Taco Shop
[2775/2868] no-platform   -            Fruity Fruits
[2776/2868] no-platform   -            Blue Haven
[2777/2868] no-platform   -            La Vuelta Club
[2778/2868] no-platform   -            La Michoacana Elite
[2779/2868] no-platform   -            El Cajon Grand Cocktail Lounge
[2780/2868] no-platform   -            Bonitas Bar and Grill
[2781/2868] no-platform   -            Tutu Taco
[2782/2868] no-platform   -            The Bridge Snacks and Refreshments
[2783/2868] no-platform   -            Spicy Duck
[2784/2868] no-platform   -            Bavarian Inn
[2785/2868] no-platform   -            Walters Cafe and Trailer Pk
[2786/2868] no-platform   -            Joshways Barbeque
[2787/2868] no-platform   -            JT Bros
[2788/2868] no-platform   -            Ettas Place
[2789/2868] no-platform   -            Eds Cocktail Lounge
[2790/2868] no-platform   -            Teris East
[2791/2868] no-platform   -            Nouvelle Latin Cuisine
[2792/2868] no-platform   -            Donburi Kitchen
[2793/2868] no-platform   -            California Taco Club
[2794/2868] no-platform   -            Miramar Fresh Kitchen
[2795/2868] no-platform   -            Sports Lounge & Arcade Bar
[2796/2868] no-platform   -            Olga's Food Place
[2797/2868] no-platform   -            Moreliana Ice Cream & Restaurant
[2798/2868] no-platform   -            Fuego Mediterranean Grill
[2799/2868] no-platform   -            Madina Delicious Restaurant
[2800/2868] no-platform   -            Cafe Bella Express
[2801/2868] no-platform   -            Cafe Rico & Catering LLC
[2802/2868] no-platform   -            Society featuring Bubbas BBQ
[2803/2868] no-platform   -            Hafla Platter Inc
[2804/2868] no-platform   -            Dalat Cafe
[2805/2868] no-platform   -            Modern Kabob - Grill & Smoothies
[2806/2868] no-platform   -            Denis’s Bakery
[2807/2868] no-platform   -            Blue Star Cafe
[2808/2868] no-platform   -            Michele’s Cafe & Galleria
[2809/2868] no-platform   -            Sweet city creamery
[2810/2868] no-platform   -            Mar & Fuego
[2811/2868] no-platform   -            Julie's Desserts & Bakery
[2812/2868] no-platform   -            Taste of egypt cafe
[2813/2868] no-platform   -            The Grove Bar & Grill
[2814/2868] no-platform   -            Taqueria Mucho Toro
[2815/2868] no-platform   -            Colors cafe
[2816/2868] no-platform   -            Cafecito on Park
[2817/2868] no-platform   -            Nutrition Prime Spot
[2818/2868] no-platform   -            Café Noelle
[2819/2868] no-platform   -            Tacos la ocho
[2820/2868] no-platform   -            Chamoyess
[2821/2868] no-platform   -            Dalat Cafe
[2822/2868] no-platform   -            Mariscos Del Barrio
[2823/2868] no-platform   -            Blanco Rosso
[2824/2868] no-platform   -            Ben & Jerry's
[2825/2868] no-platform   -            Baked & Blended
[2826/2868] no-platform   -            Muneca ice cream
[2827/2868] no-platform   -            Dollshie Coffee
[2828/2868] no-platform   -            Sweet Bee Desserts
[2829/2868] no-platform   -            Donas Bakery and Food to Go
[2830/2868] no-platform   -            Shack-House
[2831/2868] no-platform   -            Mission Burger
[2832/2868] no-platform   -            Serina Pizza
[2833/2868] no-platform   -            Café Bien
[2834/2868] no-platform   -            The Nutrition Checkpoint
[2835/2868] no-platform   -            Los 3 Animales Taqueria
[2836/2868] no-platform   -            Chimney Nation
[2837/2868] no-platform   -            Chimney Nation
[2838/2868] no-platform   -            Savioe
[2839/2868] no-platform   -            Duke's Hawaiian Coffee
[2840/2868] no-platform   -            Zen Coffee & Deli
[2841/2868] no-platform   -            Machela
[2842/2868] no-platform   -            Cafe East by Eurest
[2843/2868] no-platform   -            Samba arena cafe
[2844/2868] no-platform   -            Chandelier Lounge Cuisine
[2845/2868] no-platform   -            Mila's Ice cream & snacks
[2846/2868] no-platform   -            Muscle Bar
[2847/2868] no-platform   -            Santos Cafe Old Town
[2848/2868] no-platform   -            National Burrito
[2849/2868] no-platform   -            Paula Jean's Coffee Bean
[2850/2868] no-platform   -            DONUTOPOLIS SCRIPPS RANCH VILLAGES
[2851/2868] no-platform   -            Prinkipia Frozen Yogurt
[2852/2868] no-platform   -            Smoothie Caffe
[2853/2868] no-platform   -            Latte By The Sea
[2854/2868] no-platform   -            Tacos De Birria Mayo
[2855/2868] no-platform   -            AREA DE COMIDA
[2856/2868] no-platform   -            BAKERY FUENTES
[2857/2868] no-platform   -            Dolce Cafe
[2858/2868] no-platform   -            Raymundos taco shop
[2859/2868] no-platform   -            Torpedo Grill
[2860/2868] no-platform   -            Tantuni Turkish Street Food
[2861/2868] no-platform   -            Wynola Pizza Express
[2862/2868] no-platform   -            Sushi Gaga
[2863/2868] no-platform   -            La Sirena
[2864/2868] no-platform   -            Arevalo's Bakery
[2865/2868] no-platform   -            Super Mario's Mexican Food
[2866/2868] no-platform   -            Yeeha Boba
[2867/2868] no-platform   -            Eva's Bakery
[2868/2868] no-platform   -            Las Muñecas tradicional desserts

platform                       attempted         filed       too-few         gated  wrong-branch needs-browser   no-platform  fetch-failed  screened-out
none                                2305             0             0             0             0            51          2254             0             0
toast                                119             1             0             1            33            80             0             0             4
order.online                         109             1             1             1             8            91             0             0             7
Square Online storefront              80             0             0             0             0            80             0             0             0
Square Online (own domain)            46             0             0             0             0            46             0             0             0
shopify                               26             3             6             0             0             0             0             0            17
chownow                               23             0             0             2             0            21             0             0             0
olo                                   23             0             0             0             0            23             0             0             0
MealKeyWay                            23             0             0             0             0            23             0             0             0
slice                                 18             0             0             0             1            16             0             0             1
spothopper                            17             1             1             0             0            15             0             0             0
netwaiter                             14             0            14             0             0             0             0             0             0
SpotOn                                13             0             0             0             0            13             0             0             0
own-jsonld                            10             5             1             0             2             0             0             0             2
plain-html                            10             0             0             0             0            10             0             0             0
clover                                 8             0             0             0             2             4             0             0             2
HungerRush                             7             0             0             0             0             7             0             0             0
GloriaFood widget                      4             0             0             0             0             4             0             0             0
popmenu                                4             0             0             0             4             0             0             0             0
menufy                                 3             0             0             0             0             0             0             0             3
MenuSifu                               2             0             0             0             0             2             0             0             0
Paytronix                              2             0             0             0             0             2             0             0             0
ubereats                               1             0             0             0             0             1             0             0             0
wix                                    1             0             1             0             0             0             0             0             0
TOTAL                               2868            11            24             4            50           489          2254             0            36

11 menus, 251 dishes
wrote menus/wip/router-20260906-220958.json
wrote menus/wip/router-20260906-220958.notes.json
