queue 2875 (1865 with a website, 1010 via serper fallback only); routing 2875 at concurrency 4

[   1/2875] no-platform   -            Oceanside Harbor Village
[   2/2875] no-platform   -            Crumbl Cookies
[   3/2875] no-platform   -            Westfield UTC
[   4/2875] no-platform   -            Ghirardelli Ice Cream & Chocolate Shop
[   5/2875] no-platform   -            Sessions by the Bay Cannabis Dispensary and Lounge
[   6/2875] filed         own-jsonld   Peterson's Donut Corner
[   7/2875] no-platform   -            Kaelin's Market
[   8/2875] no-platform   -            Mitsuwa Marketplace - San Diego
[   9/2875] no-platform   -            Cardiff Seaside Market
[  10/2875] needs-browser -            Casa de Freds
[  11/2875] needs-browser chownow      Burger Bench Escondido
[  12/2875] screened-out  order.online Wood Ranch Mission Valley
[  13/2875] no-platform   -            Mimi's Cafe
[  14/2875] needs-browser toast        Liberty Public Market
[  15/2875] no-platform   -            Mama Kat's Restaurant
[  16/2875] no-platform   -            Somisomi
[  17/2875] no-platform   -            Taquería Imperial
[  18/2875] no-platform   -            Yogurt Mill
[  19/2875] needs-browser toast        Draft South Mission
[  20/2875] needs-browser order.online Rodizio Grill Brazilian Steakhouse San Diego
[  21/2875] no-platform   -            El Super
[  22/2875] no-platform   -            Windmill Food Hall
[  23/2875] no-platform   -            Twin Peaks
[  24/2875] no-platform   -            Sally's Waterfront Dining
[  25/2875] no-platform   -            Crumbl Cookies
[  26/2875] no-platform   -            Acai Republic - Oceanside
[  27/2875] needs-browser chownow      Brigantine Seafood
[  28/2875] no-platform   -            Public Square Coffee House
[  29/2875] no-platform   -            Original Pancake House Vista
[  30/2875] no-platform   -            VG Donut & Bakery
[  31/2875] no-platform   -            Portside Pier
[  32/2875] no-platform   -            Crumbl Cookies
[  33/2875] no-platform   -            Khyber Pass Zarparan Restaurant | Afghan
[  34/2875] no-platform   -            Lake Cuyamaca Restaurant & Store
[  35/2875] wrong-branch  toast        Lucha Libre Taco Shop
[  36/2875] needs-browser toast        Barrio Star
[  37/2875] no-platform   -            Otay Farms Market & Mexican Food
[  38/2875] no-platform   -            Menudería Don Vicente
[  39/2875] no-platform   -            Con Pane Rustic Breads & Cafe
[  40/2875] needs-browser order.online Tom's Famous Family Restaurant 24
[  41/2875] needs-browser olo          Dog Haus Biergarten
[  42/2875] no-platform   -            Islands Restaurant Chula Vista
[  43/2875] no-platform   -            Prohibition Lounge
[  44/2875] needs-browser toast        FIT Social
[  45/2875] needs-browser Square Online storefront Wayfarer Bread & Pastry
[  46/2875] no-platform   -            Saigon Restaurant
[  47/2875] no-platform   -            Quartyard
[  48/2875] needs-browser olo          Better Buzz Coffee San Marcos
[  49/2875] no-platform   -            Crumbl Cookies
[  50/2875] no-platform   -            Rubio's Coastal Grill
[  51/2875] wrong-branch  toast        Good Night John Boy
[  52/2875] no-platform   -            Kiko's Place-The Seafood King
[  53/2875] no-platform   -            Huckleberry's Breakfast & Lunch
[  54/2875] no-platform   -            Fridas Street Tacos
[  55/2875] no-platform   -            Phở Vân Restaurant
[  56/2875] needs-browser order.online Primos Mexican Food & Cantina
[  57/2875] no-platform   -            Crumbl Cookies
[  58/2875] needs-browser toast        MooTime Creamery
[  59/2875] no-platform   -            Hong Kong Restaurant
[  60/2875] no-platform   -            Sweet Spot Real Jamaican Restaurant
[  61/2875] needs-browser order.online TOM's Famous Family Restaurant 22
[  62/2875] no-platform   -            Crumbl Cookies
[  63/2875] no-platform   -            Crumbl Cookies
[  64/2875] needs-browser -            Noble Experiment
[  65/2875] needs-browser plain-html   Por Favor El Cajon
[  66/2875] needs-browser slice        Massachusetts Mike's Pizzeria
[  67/2875] no-platform   -            Loreto's Taco Shop
[  68/2875] too-few       netwaiter    Su Pan Bakery El Cajon
[  69/2875] needs-browser toast        Tom's Watch Bar - Petco Park
[  70/2875] no-platform   -            Taco Bar
[  71/2875] needs-browser plain-html   Papas & Tacos Mexican Food
[  72/2875] no-platform   -            Carnitas Las Michoacánas
[  73/2875] needs-browser chownow      Parakeet Cafe - Little Italy
[  74/2875] no-platform   -            Plazas Mexican Food
[  75/2875] no-platform   -            Deiberto's Mexican Restaurant
[  76/2875] no-platform   -            The Shores Restaurant
[  77/2875] needs-browser plain-html   Nick's on State
[  78/2875] no-platform   -            Los Reyes Mexican Restaurant & Cantina
[  79/2875] needs-browser toast        Lanna Thai Cuisine
[  80/2875] needs-browser order.online Jimbo's - Escondido
[  81/2875] needs-browser GloriaFood widget That Mexican Place
[  82/2875] needs-browser toast        Coya Peruvian Secret
[  83/2875] too-few       spothopper   Kebab Craft
[  84/2875] no-platform   -            Fallbrook Cafe
[  85/2875] no-platform   -            Los Garcia's Taco Shop
[  86/2875] no-platform   -            Stone Brewing Tap Room - Oceanside
[  87/2875] no-platform   -            El Real Mexican Food
[  88/2875] needs-browser olo          Better Buzz Coffee Escondido
[  89/2875] needs-browser olo          DQ GRILL & CHILL, OCEANSIDE
[  90/2875] screened-out  order.online Grandma Tofu & BBQ
[  91/2875] no-platform   -            Round1 Bowling & Arcade - National City
[  92/2875] no-platform   -            Red Fox Room and Steakhouse
[  93/2875] no-platform   -            Barrio Food Hub
[  94/2875] needs-browser order.online Vaqueros Carne Asada
[  95/2875] needs-browser order.online Jimbo’s - Carmel Valley
[  96/2875] no-platform   -            Los Junior's Mexican Food
[  97/2875] needs-browser Square Online storefront Empanada Kitchen
[  98/2875] needs-browser slice        Pastalini
[  99/2875] needs-browser slice        Pastalini
[ 100/2875] no-platform   -            I Love Bagels
[ 101/2875] no-platform   -            BunZ
[ 102/2875] no-platform   -            Newtopia Cyder
[ 103/2875] no-platform   -            Rubio's Coastal Grill
[ 104/2875] needs-browser toast        The Asian Bistro
[ 105/2875] no-platform   -            Tiajuana Food Court
[ 106/2875] needs-browser order.online Sancho's Tacos
[ 107/2875] screened-out  shopify      4th Ave Lounge
[ 108/2875] no-platform   -            Tocumbo Ice Cream
[ 109/2875] no-platform   -            Paradise Lounge & Grill - San Diego's Best Sports Bar
[ 110/2875] needs-browser Square Online storefront skybound coffee + dessert lounge
[ 111/2875] no-platform   -            Tacotarian San Diego
[ 112/2875] needs-browser olo          Panini Kabob Grill - Mission Valley
[ 113/2875] no-platform   -            Antonio's Mexican Food
[ 114/2875] needs-browser Square Online (own domain) Up2You Cafe
[ 115/2875] no-platform   -            It's Raw Poke Shop
[ 116/2875] needs-browser plain-html   Nick's Del Mar
[ 117/2875] needs-browser olo          Better Buzz Coffee Coronado
[ 118/2875] no-platform   -            Crumbl Cookies
[ 119/2875] no-platform   -            Iceskimo
[ 120/2875] needs-browser Square Online storefront Sunny Side Kitchen
[ 121/2875] no-platform   -            EQ San Diego
[ 122/2875] needs-browser olo          Better Buzz Coffee Pacific Beach Grand
[ 123/2875] no-platform   -            El Primo Birriería
[ 124/2875] no-platform   -            Cute Cakes Bakery & Café
[ 125/2875] needs-browser plain-html   Pancho's Mexican Restaurant
[ 126/2875] no-platform   -            Hanu Korean BBQ
[ 127/2875] needs-browser toast        Galpão Gaucho Brazilian Steakhouse
[ 128/2875] needs-browser SpotOn       allmine pizza and pasta
[ 129/2875] needs-browser -            1022 Cafe & Gelateria
[ 130/2875] no-platform   -            La Concha Bakery
[ 131/2875] no-platform   -            Lucy's Bakery
[ 132/2875] no-platform   -            O'side Bakery
[ 133/2875] needs-browser spothopper   Village Pizza
[ 134/2875] needs-browser -            Sammy's Woodfire Pizza and Grille
[ 135/2875] no-platform   -            VAGA Restaurant & Bar
[ 136/2875] needs-browser toast        Risers Pizza
[ 137/2875] needs-browser order.online Robertito's Mexican Food
[ 138/2875] no-platform   -            Eppig Brewing Co. Waterfront Biergarten
[ 139/2875] no-platform   -            Zarlitos Family Restaurant
[ 140/2875] no-platform   -            Baci Restaurant | Italian
[ 141/2875] needs-browser -            Sukho Thai Extraordinaire
[ 142/2875] no-platform   -            Golden Mandarin
[ 143/2875] needs-browser toast        Shaks Mediterranean Bistro
[ 144/2875] needs-browser Square Online (own domain) Camp Coffee Company
[ 145/2875] needs-browser -            Beyer Deli
[ 146/2875] needs-browser Square Online (own domain) Beach City Smoothies
[ 147/2875] needs-browser Square Online (own domain) Portal Coffee
[ 148/2875] no-platform   -            Golden Donut
[ 149/2875] needs-browser SpotOn       Souplantation
[ 150/2875] no-platform   -            Frida’s Taqueria Oceanside
[ 151/2875] needs-browser Square Online storefront Prager Brothers Artisan Breads
[ 152/2875] needs-browser spothopper   Los Panchos Mexican Grill & Seafood
[ 153/2875] no-platform   -            The Bella Lounge
[ 154/2875] no-platform   -            Rubio's Coastal Grill
[ 155/2875] no-platform   -            Mi Ranchito Taco Shop
[ 156/2875] no-platform   -            Edelweiss Bakery
[ 157/2875] no-platform   -            Market on 8th
[ 158/2875] no-platform   -            Niederfrank's Ice Cream
[ 159/2875] no-platform   -            Birria El Rey
[ 160/2875] needs-browser MealKeyWay   Dumplings N More
[ 161/2875] needs-browser -            California Pizza Kitchen at Solana Beach
[ 162/2875] no-platform   -            Superbloom Coffee & Juice
[ 163/2875] needs-browser Square Online storefront Maan's Mediterranean Grill
[ 164/2875] no-platform   -            Konito's Cafe
[ 165/2875] needs-browser spothopper   Penelopes Mexican Food
[ 166/2875] screened-out  shopify      Ascend Coffee Roasters
[ 167/2875] no-platform   -            GelatoLove Carlsbad Village
[ 168/2875] no-platform   -            The Remy
[ 169/2875] no-platform   -            Quixote
[ 170/2875] no-platform   -            Panda Imperial Restaurant
[ 171/2875] too-few       order.online Ben & Jerry's
[ 172/2875] no-platform   -            Mariscos Mar Y Tierra
[ 173/2875] no-platform   -            The Cowshed
[ 174/2875] no-platform   -            Manna Heaven BBQ - National City
[ 175/2875] no-platform   -            The Cowshed
[ 176/2875] needs-browser order.online Rise Southern Biscuits & Righteous Chicken - San Diego
[ 177/2875] no-platform   -            Bonchon Chicken
[ 178/2875] no-platform   -            Red Lobster
[ 179/2875] no-platform   -            Crumbl Cookies
[ 180/2875] no-platform   -            Chiroys Cafe
[ 181/2875] needs-browser -            The Invigatorium
[ 182/2875] needs-browser toast        Sultan Baklava
[ 183/2875] needs-browser spothopper   Curry & More - Indian Bistro
[ 184/2875] needs-browser HungerRush   Flippin' Pizza NY Pies and Slices
[ 185/2875] no-platform   -            Yingli Restaurant | Chula Vista
[ 186/2875] needs-browser spothopper   3N1 Sports Bar & Grill
[ 187/2875] no-platform   -            Green Vine Delicatessen
[ 188/2875] no-platform   -            The Vibe
[ 189/2875] no-platform   -            Jts Clubhouse Pub and Grill
[ 190/2875] too-few       netwaiter    Aiberto's Taco Shop
[ 191/2875] no-platform   -            Marina Kitchen
[ 192/2875] no-platform   -            Manna Heaven BBQ Downtown
[ 193/2875] no-platform   -            Pacific Beach Ice Cream Co.
[ 194/2875] needs-browser spothopper   Julian Hard Cider
[ 195/2875] no-platform   -            Curbside Eatery & Drinkery
[ 196/2875] no-platform   -            Leucadia Donut Shoppe
[ 197/2875] needs-browser -            The Rooftop by STK
[ 198/2875] no-platform   -            Arizona Chinese Restaurant
[ 199/2875] needs-browser -            Canyon Grille
[ 200/2875] no-platform   -            ICHIBAN RAMEN AND SUSHI
[ 201/2875] no-platform   -            Muri Coffee & Dessert
[ 202/2875] no-platform   -            Savory Thai Restaurant
[ 203/2875] no-platform   -            China Fun
[ 204/2875] needs-browser toast        Tabu Sushi Bar & Grill Santee
[ 205/2875] no-platform   -            SOMISOMI
[ 206/2875] no-platform   -            Lighthouse Ice Cream
[ 207/2875] no-platform   -            Hidden Fish
[ 208/2875] no-platform   -            The Buffet
[ 209/2875] no-platform   -            Ami Sushi
[ 210/2875] no-platform   -            Seafood La 57
[ 211/2875] no-platform   -            Coffee by Malibu Farm
[ 212/2875] needs-browser Square Online storefront Bay Park Coffee
[ 213/2875] needs-browser Square Online storefront Portinos Restaurant
[ 214/2875] no-platform   -            Sandwich Emporium
[ 215/2875] no-platform   -            Draft Republic San Marcos
[ 216/2875] too-few       shopify      Mr. Coconut CA
[ 217/2875] no-platform   -            El Charro Mexican Food
[ 218/2875] no-platform   -            Hurricane Grill & Wings
[ 219/2875] no-platform   -            Black Cat Bar
[ 220/2875] needs-browser toast        QUICK BITES CAFE / Best Sandwiches
[ 221/2875] no-platform   -            La Sabrosita
[ 222/2875] needs-browser -            Truckstop Saloon
[ 223/2875] no-platform   -            Emma's Mexican Food
[ 224/2875] needs-browser MealKeyWay   大鼓米线Dagu Miishien
[ 225/2875] no-platform   -            La Central - Birrieria y Menuderia
[ 226/2875] needs-browser spothopper   il Sogno Italiano
[ 227/2875] no-platform   -            Duck Foot Brewing
[ 228/2875] no-platform   -            Mariscos La Perla Negra
[ 229/2875] no-platform   -            Helix Brewing Co.
[ 230/2875] screened-out  toast        Agave Birrieria
[ 231/2875] no-platform   -            Rancho Las Palmas Mexican Grill & Seafood
[ 232/2875] no-platform   -            Spitz Mediterranean Street Food
[ 233/2875] no-platform   -            Paris Baguette
[ 234/2875] needs-browser toast        Healthy Creations Cafe
[ 235/2875] no-platform   -            New York Buffalo Wings
[ 236/2875] no-platform   -            Angelito's Fruteria Y Neveria
[ 237/2875] no-platform   -            Fortuna Ristorante Italiano
[ 238/2875] needs-browser Square Online storefront El Cajon Elks Lodge 1812
[ 239/2875] needs-browser toast        Valentina
[ 240/2875] no-platform   -            Phở Carlsbad
[ 241/2875] no-platform   -            Phở Carlsbad
[ 242/2875] no-platform   -            Camel's Bar and Grill
[ 243/2875] no-platform   -            SanSai Japanese Grill
[ 244/2875] needs-browser toast        Novo Brazil Brewing Mission Valley
[ 245/2875] no-platform   -            Kinaly Thai Restaurant
[ 246/2875] no-platform   -            Handel's Homemade Ice Cream Vista
[ 247/2875] needs-browser Square Online storefront Genteel Coffee Roasters
[ 248/2875] no-platform   -            Fugu
[ 249/2875] needs-browser order.online TOUS les JOURS Bakery Café - La Jolla
[ 250/2875] needs-browser toast        NOIR Sushi and Sake Fusion Lounge
[ 251/2875] no-platform   -            Hopnonymous Brewing Company
[ 252/2875] no-platform   -            The Par Lounge and Deck
[ 253/2875] no-platform   -            Marisco's German
[ 254/2875] no-platform   -            Flora
[ 255/2875] no-platform   -            Tocumbo Ice Cream CV
[ 256/2875] needs-browser toast        Angry Chickz - Oceanside
[ 257/2875] needs-browser slice        HillCrust Pizza
[ 258/2875] needs-browser order.online Burrito Leo's Mexican Food
[ 259/2875] screened-out  order.online Yogurt Heaven
[ 260/2875] no-platform   -            Ramones Cantina
[ 261/2875] gated         chownow      Bob's Steak & Chop House
[ 262/2875] no-platform   -            Zen 5
[ 263/2875] needs-browser Square Online (own domain) CUPPA CUPPA COFFEE COMPANY
[ 264/2875] no-platform   -            Catalina Offshore Products
[ 265/2875] no-platform   -            1St Street Bar
[ 266/2875] needs-browser Square Online storefront New English Brewing - San Diego Brewery
[ 267/2875] no-platform   -            A.R. Valentien
[ 268/2875] needs-browser toast        Burgeon Beer Company
[ 269/2875] no-platform   -            Lucy's Bakery
[ 270/2875] no-platform   -            Aztec Brewing Company
[ 271/2875] no-platform   -            Sweet Bakery Mexico Lindo
[ 272/2875] gated         order.online NuYo Frozen Yogurt Telegraph Canyon
[ 273/2875] no-platform   -            Cafe Bella Drive Thru
[ 274/2875] no-platform   -            Off The 8 Café
[ 275/2875] needs-browser olo          Randy's Donuts
[ 276/2875] no-platform   -            Booze Brothers Brewing Co.
[ 277/2875] needs-browser olo          Luna Grill Millenia
[ 278/2875] needs-browser Square Online (own domain) Solana Sumptuous Cookies
[ 279/2875] no-platform   -            Sushi On San Marcos - Japanese Restaurant
[ 280/2875] needs-browser HungerRush   Buonasera New York Pizzeria
[ 281/2875] no-platform   -            Royal India Express
[ 282/2875] needs-browser MealKeyWay   Surfing Crab Escondido
[ 283/2875] screened-out  menufy       Ginza Sushi
[ 284/2875] no-platform   -            We Olive & Wine Bar
[ 285/2875] wrong-branch  toast        Belching Beaver Brewery Oceanside
[ 286/2875] no-platform   -            Dragon Express
[ 287/2875] no-platform   -            The Confessional by The Lost Abbey
[ 288/2875] no-platform   -            California Mountain Bakery
[ 289/2875] needs-browser -            Tacaliente Mexican Grill
[ 290/2875] no-platform   -            The Craft Creamery
[ 291/2875] needs-browser order.online bb.q Chicken Chula Vista
[ 292/2875] no-platform   -            Ike's Love & Sandwiches
[ 293/2875] needs-browser toast        Rosemonts Cafe
[ 294/2875] needs-browser Square Online (own domain) BattleMage Brewing Company
[ 295/2875] needs-browser HungerRush   Pop Pops Paleta
[ 296/2875] wrong-branch  popmenu      Max's Restaurant Chula Vista, Cuisine of the Philippines
[ 297/2875] no-platform   -            Thai Island@
[ 298/2875] needs-browser spothopper   Santos Coffee
[ 299/2875] no-platform   -            BKK THAI KITCHEN
[ 300/2875] no-platform   -            Palomino's Mexican & Seafood
[ 301/2875] no-platform   -            Crumbl Cookies
[ 302/2875] no-platform   -            Deft Brewing
[ 303/2875] no-platform   -            Rolling-Out
[ 304/2875] no-platform   -            Los Armando's Mexican Food
[ 305/2875] no-platform   -            Mesa Pizza
[ 306/2875] no-platform   -            The Art of Espresso
[ 307/2875] wrong-branch  toast        Madi Pacific Beach
[ 308/2875] no-platform   -            Athens Market Taverna
[ 309/2875] needs-browser order.online bb.q Chicken National City
[ 310/2875] needs-browser MealKeyWay   Ocean Buffet
[ 311/2875] no-platform   -            Teriyaki Sun
[ 312/2875] no-platform   -            TapShack Kombucha & Coffee
[ 313/2875] needs-browser order.online San Diego Sandwich Co
[ 314/2875] no-platform   -            Avenue Subs Coronado
[ 315/2875] needs-browser Square Online (own domain) Matcha Cafe Maiko - Escondido
[ 316/2875] no-platform   -            Kaka Rawand - كباب كاكه روند (ملحمة أنوار)
[ 317/2875] wrong-branch  order.online Lourdes Mexican Food San Elijo
[ 318/2875] needs-browser HungerRush   Flippin' Pizza La Costa
[ 319/2875] needs-browser olo          Better Buzz Coffee Oceanside South
[ 320/2875] no-platform   -            Botani Breakfast & Pizzeria
[ 321/2875] needs-browser -            Marieta's Mexican Food
[ 322/2875] needs-browser spothopper   Johnny Mañanas Ocean Beach
[ 323/2875] no-platform   -            Sky Deck at Del Mar Highlands Town Center
[ 324/2875] no-platform   -            Eugenio Italian Ristorante & More
[ 325/2875] no-platform   -            Mi Barra Bar
[ 326/2875] needs-browser order.online Poki Poki - Oceanside # 1
[ 327/2875] no-platform   -            The Library Tavern
[ 328/2875] no-platform   -            Cake de Partie
[ 329/2875] screened-out  own-jsonld   Hanna Garden
[ 330/2875] needs-browser toast        Novo Brazil Brewing - Lane Ave
[ 331/2875] no-platform   -            Saigon Star Restaurant
[ 332/2875] screened-out  own-jsonld   Hanna Garden
[ 333/2875] no-platform   -            Paris Baguette
[ 334/2875] no-platform   -            Kababayan Bakery
[ 335/2875] no-platform   -            Mama G’s Kitchen & Sauces Peruvian Cuisine
[ 336/2875] no-platform   -            Valerio's 1979
[ 337/2875] no-platform   -            the Koffie Co
[ 338/2875] no-platform   -            Donuts Plus
[ 339/2875] no-platform   -            Thai Garden
[ 340/2875] needs-browser -            Galu Café and Delicatessen
[ 341/2875] no-platform   -            Continent Delicatessen
[ 342/2875] no-platform   -            Relic Bakery & Kitchen
[ 343/2875] no-platform   -            The Camp Store
[ 344/2875] no-platform   -            Surf City Squeeze
[ 345/2875] no-platform   -            Pizza Mania
[ 346/2875] no-platform   -            Bravo Cafe
[ 347/2875] no-platform   -            Backdraft Bar & Grill
[ 348/2875] needs-browser SpotOn       Porky's Lechon Barbecue
[ 349/2875] screened-out  shopify      Barefoot Coffee Roasters
[ 350/2875] needs-browser spothopper   Isabelle Briens French Pastry Cafe
[ 351/2875] needs-browser Square Online storefront Crossroads Deli
[ 352/2875] filed         shopify      Flor and Seed Coffee Roasters
[ 353/2875] needs-browser order.online Primos Mexican Food & Cantina
[ 354/2875] no-platform   -            Wisteria Candy Cottage
[ 355/2875] needs-browser Square Online (own domain) Elixir Espresso & Wine Bar
[ 356/2875] no-platform   -            Famous Oasis Ice Cream Parlor
[ 357/2875] too-few       netwaiter    Opa Greek Restaurant & Grill
[ 358/2875] needs-browser plain-html   South of Nick's Del Mar | Mexican Kitchen + Bar
[ 359/2875] no-platform   -            KD's Donuts
[ 360/2875] no-platform   -            P.L. Bagels
[ 361/2875] needs-browser SpotOn       Lupe's Cafe Mexican Restaurant
[ 362/2875] needs-browser MenuSifu     Sizzling Pot King
[ 363/2875] no-platform   -            Imperial Express
[ 364/2875] no-platform   -            Ginza Sushi
[ 365/2875] no-platform   -            Bica Coffee Shop
[ 366/2875] gated         chownow      CinKuni (Italian & Japanese Cuisine)
[ 367/2875] needs-browser olo          Tocaya Modern Mexican
[ 368/2875] no-platform   -            Taste of Denmark
[ 369/2875] no-platform   -            Potato Corner
[ 370/2875] needs-browser SpotOn       Tasty Pho
[ 371/2875] no-platform   -            California Bean
[ 372/2875] needs-browser Square Online (own domain) Tyne Coffee Co.
[ 373/2875] needs-browser toast        The Outpost by Valley Farm
[ 374/2875] needs-browser olo          Better Buzz Coffee Imperial Beach
[ 375/2875] no-platform   -            Cielo Rooftop
[ 376/2875] no-platform   -            Beginners Diner
[ 377/2875] wrong-branch  order.online Ciné Café
[ 378/2875] no-platform   -            El Original Mariscos German
[ 379/2875] needs-browser Square Online (own domain) Chef Budda Blasian Soul Food LLC
[ 380/2875] no-platform   -            Calico Cidery
[ 381/2875] no-platform   -            Alibi
[ 382/2875] needs-browser order.online Swami's
[ 383/2875] filed         order.online The Pad Thai Stand
[ 384/2875] too-few       shopify      Culture Brewing
[ 385/2875] no-platform   -            KM BBQ
[ 386/2875] no-platform   -            Glazed Coffee & Creamery
[ 387/2875] no-platform   -            Kaffee Meister
[ 388/2875] no-platform   -            Mariscos Gonzalez
[ 389/2875] needs-browser olo          Luna Grill Encinitas
[ 390/2875] no-platform   -            Live Oak Market & restaurant @ gas station
[ 391/2875] no-platform   -            Piedra Santa
[ 392/2875] no-platform   -            East Village Brewing Company
[ 393/2875] no-platform   -            The Leucadian
[ 394/2875] too-few       netwaiter    Wings mix
[ 395/2875] no-platform   -            Mariscos La Bola
[ 396/2875] no-platform   -            Beach + Taco Shack
[ 397/2875] no-platform   -            Menuderia y mariscos GDL
[ 398/2875] needs-browser toast        Na Tart
[ 399/2875] no-platform   -            Brewjería Taproom & Kitchen
[ 400/2875] no-platform   -            Gyrogrill
[ 401/2875] no-platform   -            Hill Street Donut House
[ 402/2875] needs-browser toast        Okama Ramen and Grill
[ 403/2875] needs-browser Square Online storefront Thyme for Lunch Cafe & Grill
[ 404/2875] needs-browser Square Online storefront Garden Coffee
[ 405/2875] no-platform   -            ENO Market & Pizzeria
[ 406/2875] wrong-branch  popmenu      Cocina de Barrio North Park
[ 407/2875] no-platform   -            Fridas Taqueria
[ 408/2875] needs-browser slice        Giant Pizza King Linda Vista
[ 409/2875] needs-browser -            Olala Crepes
[ 410/2875] needs-browser clover       Himalayan Bistro Oceanside
[ 411/2875] no-platform   -            SoCal Sushi
[ 412/2875] needs-browser order.online Fatboy's Deli & Spirits
[ 413/2875] screened-out  menufy       IB Thai
[ 414/2875] no-platform   -            Nickel Beer Company
[ 415/2875] no-platform   -            Phở Hòa Restaurant | Vietnamese
[ 416/2875] no-platform   -            Fusion Bar & Lounge
[ 417/2875] no-platform   -            Ko-Li Bar
[ 418/2875] no-platform   -            Mujeres Brew House
[ 419/2875] no-platform   -            Mesa Agricola
[ 420/2875] no-platform   -            Gooseberries kafe
[ 421/2875] needs-browser toast        Chula Vista Brewery
[ 422/2875] no-platform   -            The Grounds Bean Bar
[ 423/2875] needs-browser Square Online (own domain) Industrial Grind Coffee
[ 424/2875] no-platform   -            Paris Baguette
[ 425/2875] needs-browser chownow      Ironsmith Coffee Roasters
[ 426/2875] no-platform   -            Home Coffee
[ 427/2875] needs-browser chownow      Pho Hiep & Grill
[ 428/2875] needs-browser order.online Memo's Bagel Café
[ 429/2875] no-platform   -            Caffé Adesso
[ 430/2875] no-platform   -            Gelabong
[ 431/2875] needs-browser Square Online storefront iWok Chinese Kitchen
[ 432/2875] screened-out  shopify      Seven Seas Roasting Company
[ 433/2875] needs-browser order.online L&L Hawaiian Barbecue - San Marcos (Inside Walmart)
[ 434/2875] no-platform   -            Oculto 477
[ 435/2875] needs-browser slice        West Coast Pizza Company
[ 436/2875] needs-browser Square Online storefront Mnemonic Coffee
[ 437/2875] no-platform   -            Donut Factory
[ 438/2875] no-platform   -            Charli's Landing
[ 439/2875] needs-browser toast        Fat Joe’s O’side
[ 440/2875] no-platform   -            Chopsticks Chinese Cuisine
[ 441/2875] needs-browser toast        SOBREMESA
[ 442/2875] no-platform   -            La Moreliana
[ 443/2875] gated         toast        Convoy Music Bar
[ 444/2875] no-platform   -            Pick Up Stix Fresh Asian Flavors
[ 445/2875] no-platform   -            Tea Pavilion
[ 446/2875] no-platform   -            Poki Poki - Escondido
[ 447/2875] no-platform   -            Mutual Friend Ice Cream
[ 448/2875] no-platform   -            Katsuya Ko
[ 449/2875] needs-browser -            Banh Mi Blvd
[ 450/2875] no-platform   -            The BLVD Bar
[ 451/2875] needs-browser toast        Paradisaea
[ 452/2875] needs-browser Square Online (own domain) Dot Cafe
[ 453/2875] needs-browser order.online BB's Deli
[ 454/2875] no-platform   -            Bronze Bird
[ 455/2875] no-platform   -            Bistro Pazzo
[ 456/2875] no-platform   -            Valentinas Taco Shop
[ 457/2875] no-platform   -            Paris Baguette
[ 458/2875] needs-browser slice        Pop's Pizza
[ 459/2875] no-platform   -            YGF Malatang
[ 460/2875] no-platform   -            Memo's Golden Bagel
[ 461/2875] needs-browser order.online bb.q Chicken Vista
[ 462/2875] needs-browser -            Seaview Restaurant
[ 463/2875] no-platform   -            The Reunion
[ 464/2875] no-platform   -            The Lean Bean
[ 465/2875] needs-browser order.online Le Macaron French Pastries
[ 466/2875] no-platform   -            Premier Pub
[ 467/2875] no-platform   -            Eat Your Heart Out II
[ 468/2875] needs-browser MealKeyWay   Iron Wok
[ 469/2875] needs-browser SpotOn       Kalei's Kitchenette
[ 470/2875] no-platform   -            Side Chick - Chicken & Fries
[ 471/2875] needs-browser order.online Häagen-Dazs
[ 472/2875] needs-browser toast        Origen
[ 473/2875] no-platform   -            Julian Station
[ 474/2875] no-platform   -            EL ENCANTO SD
[ 475/2875] no-platform   -            San Diego Blenders
[ 476/2875] needs-browser toast        Tahini Authentic Middle Eastern Street Food - Mission Valley
[ 477/2875] no-platform   -            Quality Taste Pot
[ 478/2875] no-platform   -            Masala house Indian Restaurant & Catering
[ 479/2875] needs-browser slice        Rock On Pizza
[ 480/2875] no-platform   -            Pazzos Italian
[ 481/2875] no-platform   -            Nanay's Best BBQ
[ 482/2875] no-platform   -            Bar Kamon
[ 483/2875] needs-browser Square Online storefront Sue's Korean Kitchen
[ 484/2875] no-platform   -            Fruttos Yogurt
[ 485/2875] no-platform   -            Al Teatro Panini Grill
[ 486/2875] screened-out  shopify      BEAURISTA COFFEE
[ 487/2875] no-platform   -            Delah Coffee - North Park
[ 488/2875] no-platform   -            Idego Coffee Roasters
[ 489/2875] no-platform   -            Jalisco Cantina
[ 490/2875] no-platform   -            Explorers Café
[ 491/2875] no-platform   -            Frutas
[ 492/2875] no-platform   -            Criscito Pizza
[ 493/2875] needs-browser Square Online storefront Tacoman
[ 494/2875] too-few       netwaiter    Nolberto's Taco Shop
[ 495/2875] needs-browser Square Online storefront La Ola Seafood
[ 496/2875] no-platform   -            43 Area Mess Hall
[ 497/2875] no-platform   -            Victor's Kafe - Poway
[ 498/2875] needs-browser olo          Panini Kabob Grill - Westfield UTC
[ 499/2875] no-platform   -            Nory's Donut & Bakery
[ 500/2875] no-platform   -            NuYo Frozen Yogurt Eastlake
[ 501/2875] needs-browser spothopper   Liberty Wing Co
[ 502/2875] wrong-branch  toast        Lucha Libre Taco Shop
[ 503/2875] no-platform   -            Captain's Quarters
[ 504/2875] no-platform   -            SHELTER Encinitas
[ 505/2875] no-platform   -            Great Khan's Mongolian Grill Carlsbad
[ 506/2875] no-platform   -            The Luau
[ 507/2875] no-platform   -            Crispy Cones - Carlsbad
[ 508/2875] no-platform   -            Red Ribbon Bakeshop
[ 509/2875] no-platform   -            Sideways Bar
[ 510/2875] no-platform   -            Coral Tree Tea House
[ 511/2875] needs-browser spothopper   N City Sports Lounge
[ 512/2875] no-platform   -            Hino
[ 513/2875] needs-browser olo          Better Buzz Coffee Del Mar
[ 514/2875] no-platform   -            World Famous I Bar
[ 515/2875] no-platform   -            Nana's and Pops Sweet Shop
[ 516/2875] no-platform   -            Prince Hookah Cafe
[ 517/2875] no-platform   -            P B Pub
[ 518/2875] needs-browser Square Online storefront Prager Brothers Artisan Bread
[ 519/2875] no-platform   -            Christophe Rull Patisserie
[ 520/2875] no-platform   -            Red Ribbon Bakeshop
[ 521/2875] no-platform   -            Cafe Bella Midway
[ 522/2875] needs-browser Square Online storefront Fan-Fan
[ 523/2875] no-platform   -            JOEHNS Coffee
[ 524/2875] no-platform   -            Thai Style
[ 525/2875] needs-browser toast        La Jollita
[ 526/2875] no-platform   -            Aztec Food Hub
[ 527/2875] needs-browser toast        Mr. Charlie's
[ 528/2875] no-platform   -            The Halal Shack
[ 529/2875] no-platform   -            Brown Bag Deli
[ 530/2875] wrong-branch  toast        Chin's Szechwan - Point Loma
[ 531/2875] needs-browser MealKeyWay   One More Bite Dumpling--San Marcos
[ 532/2875] needs-browser -            Sammy's Restaurant & Bar
[ 533/2875] no-platform   -            Penguin Yogurt Factory
[ 534/2875] no-platform   -            Tony’s Newport Cafe
[ 535/2875] needs-browser plain-html   Donut Stop
[ 536/2875] no-platform   -            Tacos de Birria El Chinito Jr
[ 537/2875] no-platform   -            Dos Vaqueros Mexican Food
[ 538/2875] no-platform   -            Taco Time Food Truck
[ 539/2875] no-platform   -            Gong Cha
[ 540/2875] screened-out  clover       OB Quik Stop Liquor & OB Deli
[ 541/2875] needs-browser Square Online storefront Prager Brothers Artisan Breads
[ 542/2875] no-platform   -            Kona Coffee
[ 543/2875] needs-browser Square Online (own domain) Beach City Smoothies - Oceanside
[ 544/2875] needs-browser SpotOn       D Wings & Ribs
[ 545/2875] no-platform   -            The Elegant Truffle
[ 546/2875] needs-browser toast        Prey Brewing Company
[ 547/2875] needs-browser -            SHAKA Coffee
[ 548/2875] wrong-branch  order.online Party Burgers by Booze Brothers Brewing Co
[ 549/2875] no-platform   -            Stagecoach Inn
[ 550/2875] no-platform   -            ThirsTea - Boba, Rolled Ice Cream
[ 551/2875] no-platform   -            Dreamwave Coffee
[ 552/2875] needs-browser Square Online (own domain) Interim Coffee
[ 553/2875] needs-browser -            Panorama Bar & Grill
[ 554/2875] no-platform   -            Millport
[ 555/2875] no-platform   -            The Saloon
[ 556/2875] no-platform   -            Ichifuji Sushi
[ 557/2875] no-platform   -            Seahorse Coffee
[ 558/2875] no-platform   -            The Deli Stop
[ 559/2875] no-platform   -            Pier Pizza
[ 560/2875] no-platform   -            Michi Michi Baking Collective
[ 561/2875] needs-browser toast        Matoi
[ 562/2875] needs-browser slice        Lakes Market & Deli
[ 563/2875] needs-browser toast        Bonehead Burger Co.
[ 564/2875] needs-browser order.online Poki Poki - Encinitas
[ 565/2875] needs-browser MealKeyWay   JCK Asia Kitchen & Bar
[ 566/2875] needs-browser Square Online storefront Cargo Cafe
[ 567/2875] needs-browser MealKeyWay   Dumplings N More
[ 568/2875] needs-browser toast        Tsunami Modern Cuisine
[ 569/2875] no-platform   -            Parkys
[ 570/2875] needs-browser HungerRush   Trining's Bakery & Cafe
[ 571/2875] needs-browser MealKeyWay   Zhengxin Chicken Steak
[ 572/2875] no-platform   -            Shanghai Cuisine
[ 573/2875] needs-browser Square Online (own domain) Elixir Espresso Bar
[ 574/2875] needs-browser -            Tita's Taco Shop
[ 575/2875] needs-browser toast        Docent Brewing
[ 576/2875] needs-browser MealKeyWay   Ten Gu Ramen
[ 577/2875] needs-browser Square Online storefront Sul & Beans
[ 578/2875] no-platform   -            Little Joy Coffee Bar
[ 579/2875] no-platform   -            Poor House Brewing Company
[ 580/2875] no-platform   -            China Express
[ 581/2875] needs-browser Square Online storefront ZzanG Hotdog & Chicken
[ 582/2875] screened-out  order.online La Fresita Y Mas
[ 583/2875] no-platform   -            Mr. Pulpo Sea Food
[ 584/2875] no-platform   -            Reds Whites and Brews
[ 585/2875] no-platform   -            The Lean Machine Meal Prep
[ 586/2875] needs-browser MealKeyWay   Hi!Dumplings
[ 587/2875] no-platform   -            Finca
[ 588/2875] no-platform   -            Fuzziwig's Candy Factory
[ 589/2875] too-few       shopify      Culture Brewing
[ 590/2875] needs-browser olo          Sweetfin
[ 591/2875] wrong-branch  order.online Saffron and Rose Persian Ice Cream Del Mar
[ 592/2875] screened-out  clover       Hooked On Pokè
[ 593/2875] no-platform   -            CoLab Public House
[ 594/2875] no-platform   -            Pick Up Stix Fresh Asian Flavors
[ 595/2875] needs-browser order.online Daniel's Taco Shop
[ 596/2875] needs-browser order.online EsKiNiTa
[ 597/2875] no-platform   -            Channel 2 Sports Bar
[ 598/2875] no-platform   -            Chee-Chee Club
[ 599/2875] no-platform   -            El Culichi - Birriería y Cenaduría
[ 600/2875] needs-browser SpotOn       Crest Taco
[ 601/2875] needs-browser Square Online (own domain) JAVA GARDEN
[ 602/2875] needs-browser SpotOn       Hot or Not Thai
[ 603/2875] no-platform   -            858 Burger
[ 604/2875] no-platform   -            Borrego Rooftop
[ 605/2875] needs-browser MealKeyWay   Szechuan Chef Chinese Cuisine
[ 606/2875] needs-browser Paytronix    Pure Green Carlsbad - smoothies + acai + cold-pressed juice
[ 607/2875] no-platform   -            Rosa's Ice Cream and Fruit Bar
[ 608/2875] no-platform   -            8th & B Poke
[ 609/2875] no-platform   -            Bistro Kaz
[ 610/2875] no-platform   -            The Landing Strip Restaurant and Bar
[ 611/2875] screened-out  shopify      Mcilhenney Brewing Co.
[ 612/2875] needs-browser HungerRush   Flippin Pizza Encinitas
[ 613/2875] needs-browser order.online DaYung's Tea
[ 614/2875] filed         own-jsonld   Donut Star
[ 615/2875] no-platform   -            La Central
[ 616/2875] needs-browser toast        Mess Hall
[ 617/2875] no-platform   -            Danny's Deli - Jacumba
[ 618/2875] needs-browser -            Elote Restaurant
[ 619/2875] no-platform   -            Mike Hess Brewing Tasting Room
[ 620/2875] no-platform   -            Chen Golden Palace
[ 621/2875] no-platform   -            Yummy Spoon
[ 622/2875] needs-browser plain-html   Chef’s Wok & Dumplings
[ 623/2875] needs-browser toast        Between Us
[ 624/2875] needs-browser -            Stella Jean's Ice Cream Kensington
[ 625/2875] needs-browser toast        Wine Girl San Diego
[ 626/2875] no-platform   -            It's A Piece A Cake
[ 627/2875] no-platform   -            City Dragon
[ 628/2875] no-platform   -            24 Suns
[ 629/2875] no-platform   -            San Diego Eagle
[ 630/2875] no-platform   -            Deano's Pub
[ 631/2875] no-platform   -            Sundaes at The Del
[ 632/2875] needs-browser toast        Upper East
[ 633/2875] no-platform   -            Okavango Outpost
[ 634/2875] no-platform   -            The Island at Carlsbad
[ 635/2875] no-platform   -            Canyon Vista Restaurant
[ 636/2875] no-platform   -            Yakumi Sushi SD
[ 637/2875] no-platform   -            Kaki Sushi
[ 638/2875] no-platform   -            Tender Hooligan
[ 639/2875] needs-browser order.online Poki Poki
[ 640/2875] needs-browser toast        Big City Bagels-(BCB Cafe)-North Park
[ 641/2875] no-platform   -            Bighorn Fudge LLC
[ 642/2875] wrong-branch  toast        Perfect Pizza
[ 643/2875] needs-browser chownow      The Boochyard
[ 644/2875] needs-browser chownow      Burger Bench Vista
[ 645/2875] no-platform   -            Mikara Cafe
[ 646/2875] no-platform   -            Karihan Filipino Food
[ 647/2875] no-platform   -            Silver Gate Yacht Club
[ 648/2875] no-platform   -            Intazza Coffee Mug & Grub
[ 649/2875] no-platform   -            Somisomi
[ 650/2875] no-platform   -            Kinchana
[ 651/2875] needs-browser clover       Ryan Bros Coffee City Heights
[ 652/2875] needs-browser order.online Taste of Thai
[ 653/2875] no-platform   -            Spoon House
[ 654/2875] wrong-branch  toast        Cala La Jolla Café
[ 655/2875] no-platform   -            The Mission Bay Beach Club
[ 656/2875] needs-browser order.online Elsa's Kitchen
[ 657/2875] needs-browser Square Online storefront House of Pho
[ 658/2875] needs-browser Square Online storefront Mad Munch Grilled Cheezer Co.
[ 659/2875] no-platform   -            Juice Alchemy
[ 660/2875] no-platform   -            Gloria's Taco Shop
[ 661/2875] needs-browser Square Online storefront Copa Vida
[ 662/2875] no-platform   -            Hoffer's Cigar Bar
[ 663/2875] screened-out  toast        Agave Taco Shop
[ 664/2875] wrong-branch  toast        Achilles Coffee Roasters
[ 665/2875] screened-out  slice        Mike's Giant New York Pizza
[ 666/2875] needs-browser plain-html   JNC Pinoy Foodmart
[ 667/2875] needs-browser MealKeyWay   Fish With You ｜Spicy & Sour Fish Soup 鱼你在一起酸菜鱼
[ 668/2875] screened-out  order.online Carbonaro's
[ 669/2875] no-platform   -            Cool Down Coffee
[ 670/2875] needs-browser spothopper   Bear Roots Brewing Co.
[ 671/2875] no-platform   -            Pure Meal Prep SD
[ 672/2875] no-platform   -            Teriyaki Madness
[ 673/2875] screened-out  order.online Frida's Taqueria
[ 674/2875] needs-browser toast        Thai Ladle
[ 675/2875] needs-browser chownow      Juice Kaboose
[ 676/2875] no-platform   -            The Gärten
[ 677/2875] needs-browser chownow      Leos Kitchen
[ 678/2875] wrong-branch  toast        Common Theory Chula Vista
[ 679/2875] needs-browser toast        Junction Bar & Grill
[ 680/2875] no-platform   -            Smittys Downtown
[ 681/2875] no-platform   -            Two Hands Corn Dog San Marcos
[ 682/2875] no-platform   -            SD Cookie Guru
[ 683/2875] no-platform   -            Arcana Brewing Company
[ 684/2875] no-platform   -            The Elwood
[ 685/2875] filed         own-jsonld   Chiim Thai
[ 686/2875] no-platform   -            Tom's Chinese BBQ
[ 687/2875] wrong-branch  toast        Taco Lounge Escaya
[ 688/2875] no-platform   -            Godfather's Diner
[ 689/2875] needs-browser spothopper   Bear Roots Tavern
[ 690/2875] needs-browser toast        Sultan Baklava Mediterranean Grill
[ 691/2875] no-platform   -            Juan Jasper Kitchen & Wine
[ 692/2875] no-platform   -            La Nacional
[ 693/2875] needs-browser order.online Deli Belly
[ 694/2875] needs-browser order.online Eggies
[ 695/2875] no-platform   -            JJANG Korean bbq
[ 696/2875] no-platform   -            All Stars Sports Bar & Grill
[ 697/2875] no-platform   -            Forbidden Cove
[ 698/2875] no-platform   -            Las Brazas Mexican Food
[ 699/2875] no-platform   -            2N1 Korean BBQ
[ 700/2875] needs-browser Square Online storefront Tasty Pizza Escondido LLC
[ 701/2875] needs-browser MealKeyWay   Ma's House
[ 702/2875] no-platform   -            DoughBoy's Grill
[ 703/2875] needs-browser toast        Barley & Sword Brewing Company
[ 704/2875] no-platform   -            Agave Bar and Grill
[ 705/2875] no-platform   -            Kind Coffee
[ 706/2875] needs-browser SpotOn       La Banana Fruits - Fruteria
[ 707/2875] no-platform   -            Deano's Pub East
[ 708/2875] needs-browser Square Online storefront The Brewers Tap Room
[ 709/2875] too-few       netwaiter    Star Express
[ 710/2875] no-platform   -            Brew Wave Coffee
[ 711/2875] no-platform   -            Picasso's Naturals
[ 712/2875] screened-out  shopify      Fuzz Coffee and Records
[ 713/2875] no-platform   -            Filipino Grill
[ 714/2875] needs-browser Square Online (own domain) Slurp
[ 715/2875] no-platform   -            Nova Easy Kombucha
[ 716/2875] no-platform   -            Hill Top Winery
[ 717/2875] no-platform   -            Taqueria Campos
[ 718/2875] needs-browser toast        Understory Bar
[ 719/2875] needs-browser Square Online (own domain) Rad Habits Juice
[ 720/2875] needs-browser -            Torreyana
[ 721/2875] needs-browser toast        Angry Petes Pizza Point Loma
[ 722/2875] no-platform   -            La Corriente Coronado
[ 723/2875] no-platform   -            Raging Cider & Mead Co
[ 724/2875] needs-browser Square Online storefront Mama Made Thai
[ 725/2875] no-platform   -            Bonchon Chicken
[ 726/2875] needs-browser MealKeyWay   Spicy Noodle
[ 727/2875] no-platform   -            Quarter Deck Inn Cocktails
[ 728/2875] screened-out  menufy       Sushi Monster
[ 729/2875] no-platform   -            The Space Pad
[ 730/2875] no-platform   -            Vista Bean Coffee
[ 731/2875] needs-browser Square Online storefront PB Poke House Oceanside
[ 732/2875] no-platform   -            Dragon's Den
[ 733/2875] no-platform   -            Village Pub
[ 734/2875] no-platform   -            The Story Caffè
[ 735/2875] needs-browser order.online Bowls N Brews
[ 736/2875] no-platform   -            Linda's Donuts
[ 737/2875] no-platform   -            Ellie's Wood Fired Pizza
[ 738/2875] no-platform   -            Alpine Chill
[ 739/2875] needs-browser Square Online (own domain) Mirin Kitchen
[ 740/2875] no-platform   -            SusieCakes - Carlsbad Forum
[ 741/2875] no-platform   -            Main Street Pour House - Vista
[ 742/2875] needs-browser slice        Fiori’s Pizza
[ 743/2875] no-platform   -            Harvey's
[ 744/2875] no-platform   -            Tastea
[ 745/2875] needs-browser chownow      Juice Caboose
[ 746/2875] needs-browser Square Online (own domain) Aloha Ice Co
[ 747/2875] no-platform   -            Rush Bowls
[ 748/2875] no-platform   -            Tierra Mia Coffee Drive Thru
[ 749/2875] needs-browser order.online Bag of Beans Cafe & Restaurant
[ 750/2875] no-platform   -            KYODAI 23 SUSHI
[ 751/2875] needs-browser chownow      Juice Caboose
[ 752/2875] no-platform   -            Tutti Frutti
[ 753/2875] needs-browser SpotOn       Mariscos y Miches El Patron
[ 754/2875] no-platform   -            Coffee Wave
[ 755/2875] no-platform   -            Thovo Mariscos & Birria
[ 756/2875] needs-browser GloriaFood widget Fuego Mediterranean Grill
[ 757/2875] no-platform   -            Immersion Coffee
[ 758/2875] wrong-branch  toast        Pizza 22
[ 759/2875] no-platform   -            Hometown Taste
[ 760/2875] no-platform   -            KJ Chinese Restaurant
[ 761/2875] no-platform   -            Litas Fish Market - Oceanside
[ 762/2875] no-platform   -            Granny's Apple Fries
[ 763/2875] needs-browser -            Odysea Lounge
[ 764/2875] screened-out  shopify      Seven Seas Roasting
[ 765/2875] no-platform   -            Growlers Sports Bar & Taproom
[ 766/2875] needs-browser chownow      Parakeet Cafe - Carlsbad
[ 767/2875] needs-browser Square Online storefront Kilowatt Craft Beer & Cocktails Oceanside
[ 768/2875] needs-browser Square Online storefront Goli
[ 769/2875] no-platform   -            El Mercadito
[ 770/2875] no-platform   -            Vica’s Cafe
[ 771/2875] no-platform   -            Bowl To Go
[ 772/2875] no-platform   -            Marathon Coffee
[ 773/2875] no-platform   -            Unique Sandwiches
[ 774/2875] needs-browser Square Online storefront Dog Leg Brewing
[ 775/2875] no-platform   -            Galata Turkish Ice Cream
[ 776/2875] no-platform   -            Star Dust Donut Shop
[ 777/2875] no-platform   -            Mi Amigo Mexican Food & Sea
[ 778/2875] no-platform   -            Java Earth Coffee
[ 779/2875] no-platform   -            Volcan Mountain Winery
[ 780/2875] no-platform   -            Juice Adventure
[ 781/2875] no-platform   -            Las Michoacanas
[ 782/2875] no-platform   -            Frank's Bakery - Gibaldi's Italian Bread
[ 783/2875] no-platform   -            Cj Lounge
[ 784/2875] no-platform   -            Carruth Cellars Tasting Room
[ 785/2875] no-platform   -            Taqueria Daily Fresh
[ 786/2875] no-platform   -            Fall Brewing Company South Park Taproom
[ 787/2875] gated         order.online Tutti Frutti Frozen Yogurt
[ 788/2875] no-platform   -            Los Cucos Mexican Food
[ 789/2875] wrong-branch  order.online The Pad Thai Stand
[ 790/2875] no-platform   -            Meadiocrity Mead
[ 791/2875] needs-browser Square Online (own domain) The Craft Taco at The Nat
[ 792/2875] needs-browser MealKeyWay   Ten Seconds Yunnan Rice Noodle
[ 793/2875] no-platform   -            Ocean View Bar & Grill
[ 794/2875] needs-browser Square Online storefront Mein St. Asian Kitchen
[ 795/2875] needs-browser Square Online (own domain) Castelli & Pizarro Family Vineyards & Winery
[ 796/2875] no-platform   -            Social hookah lounge
[ 797/2875] gated         order.online Golden Spoon Carlsbad Plaza
[ 798/2875] needs-browser slice        Papa's Pizza
[ 799/2875] no-platform   -            Jungle Tea
[ 800/2875] no-platform   -            Bang Bang
[ 801/2875] no-platform   -            Cheers
[ 802/2875] wrong-branch  clover       Burros and Fries
[ 803/2875] needs-browser Square Online (own domain) Pho Ever Carlsbad
[ 804/2875] no-platform   -            Cup of Yo
[ 805/2875] no-platform   -            Latchkey Brewing Company
[ 806/2875] no-platform   -            Bar Traza
[ 807/2875] no-platform   -            Belinda's Familia Mexican Food Truck
[ 808/2875] no-platform   -            Midnight Animal Coffee
[ 809/2875] no-platform   -            Saki Saki Sushi Bar & Grill
[ 810/2875] no-platform   -            Ferlini Coffee
[ 811/2875] no-platform   -            Hongyuan Kebab
[ 812/2875] no-platform   -            Park Commons
[ 813/2875] needs-browser Square Online storefront Empanada Kitchen
[ 814/2875] no-platform   -            Café Ventanas
[ 815/2875] no-platform   -            Bobalicious
[ 816/2875] no-platform   -            OB Smoothies Bar & Subs
[ 817/2875] no-platform   -            Nékter Juice Bar
[ 818/2875] no-platform   -            South O Brewing Company & Kitchen
[ 819/2875] no-platform   -            Crab City (La Jolla Cove)
[ 820/2875] no-platform   -            Badas Burgers Food Truck
[ 821/2875] no-platform   -            Zodiak Hookah Lounge
[ 822/2875] needs-browser slice        Little Sisters Pizza
[ 823/2875] no-platform   -            China Fun
[ 824/2875] no-platform   -            Mamma Pinsa
[ 825/2875] needs-browser chownow      moonbowls (Healthy Korean Bowls- Boston Ave)
[ 826/2875] no-platform   -            Colima's Mexican Foods
[ 827/2875] wrong-branch  order.online La michoacana Plus San Diego #2
[ 828/2875] no-platform   -            Rise + Shine Coffee Shop
[ 829/2875] needs-browser -            Coastal Cantina
[ 830/2875] no-platform   -            Señor Taquero Taco Shop
[ 831/2875] no-platform   -            Crown Landing
[ 832/2875] no-platform   -            Sourdough & moore
[ 833/2875] no-platform   -            Rumorosa
[ 834/2875] no-platform   -            Sher the love of cooking
[ 835/2875] needs-browser toast        Lilo
[ 836/2875] too-few       netwaiter    Kim's Bar-B-Que
[ 837/2875] needs-browser order.online The Coffee Cart Café & Espresso Catering
[ 838/2875] too-few       netwaiter    K & K Orient Valley Food Center
[ 839/2875] no-platform   -            Xolotacos
[ 840/2875] no-platform   -            Inzane Brewing Co.
[ 841/2875] no-platform   -            Arteazen Handcrafted Tea
[ 842/2875] needs-browser toast        Brites Soft Serve
[ 843/2875] no-platform   -            Merenda
[ 844/2875] needs-browser GloriaFood widget Jamul Meat Market
[ 845/2875] needs-browser Square Online storefront Ululani's San Diego
[ 846/2875] no-platform   -            PB Oriental
[ 847/2875] no-platform   -            Elite Baking
[ 848/2875] no-platform   -            Harissa Mediterranean Kitchen
[ 849/2875] no-platform   -            Mantra Raja
[ 850/2875] no-platform   -            Sai Japanese Bistro
[ 851/2875] no-platform   -            Carne & Hueso
[ 852/2875] no-platform   -            Uncle Feras Middle Eastern Restaurant
[ 853/2875] no-platform   -            PKI Sushi
[ 854/2875] no-platform   -            Sunny Grove Brewing Company
[ 855/2875] no-platform   -            Leucadia Pizza
[ 856/2875] no-platform   -            Embolden Beer Co.
[ 857/2875] no-platform   -            Sam's Donuts Shop
[ 858/2875] no-platform   -            Spicy Lao Kitchen
[ 859/2875] needs-browser Square Online storefront Pho Ha Noi Asian Cuisine
[ 860/2875] no-platform   -            La Cocina De Anita
[ 861/2875] needs-browser -            Modern Times Coffee
[ 862/2875] needs-browser slice        Del Cerro Pizza
[ 863/2875] no-platform   -            Landshark Bar & Grill
[ 864/2875] needs-browser SpotOn       Mexican & Seafood Restaurant
[ 865/2875] no-platform   -            Barrio Coffee
[ 866/2875] needs-browser MealKeyWay   Tasty house 味来
[ 867/2875] no-platform   -            Dang Brother Camp Pendleton 22 Area
[ 868/2875] no-platform   -            Tacos La Chorreada
[ 869/2875] no-platform   -            Rocko's Family Restaurant
[ 870/2875] no-platform   -            VUE
[ 871/2875] no-platform   -            Lilian's
[ 872/2875] no-platform   -            Himalayan Chulo
[ 873/2875] no-platform   -            Mariscos La Chalupa #1 - Seafood Truck
[ 874/2875] no-platform   -            Bubbles & Brews Cafe
[ 875/2875] needs-browser order.online Tous les Jours
[ 876/2875] no-platform   -            Bayside Bar & Grill
[ 877/2875] no-platform   -            Skyline Cafe
[ 878/2875] needs-browser toast        Go Greek Authentic Yogurteria
[ 879/2875] filed         shopify      Kyoto Coast Matcha
[ 880/2875] needs-browser order.online Häagen-Dazs
[ 881/2875] no-platform   -            Sieu Sieu BBQ
[ 882/2875] needs-browser chownow      JRs Grill / G Street Deli
[ 883/2875] needs-browser toast        Dark Horse Japanese Nikkei Cuisine
[ 884/2875] no-platform   -            Cherry Bomb
[ 885/2875] no-platform   -            24 Area Messhall
[ 886/2875] no-platform   -            RomBomb Burger
[ 887/2875] no-platform   -            AMICIBAR
[ 888/2875] no-platform   -            Mariscos La Morena
[ 889/2875] no-platform   -            The Pearl Restaurant
[ 890/2875] no-platform   -            Tacos El Villasana
[ 891/2875] needs-browser MealKeyWay   Pho Tan
[ 892/2875] no-platform   -            Tap That
[ 893/2875] no-platform   -            Beach wolf
[ 894/2875] needs-browser Square Online storefront Flour Atelier
[ 895/2875] no-platform   -            Mother Earth Brew Co.
[ 896/2875] needs-browser toast        Canton Bakery by Meta Sweets
[ 897/2875] needs-browser Square Online (own domain) CUPPA CUPPA COFFEE LAB
[ 898/2875] no-platform   -            Pizza Kaiju
[ 899/2875] no-platform   -            ALBACA
[ 900/2875] wrong-branch  order.online Yogurt Lounge Serra Mesa
[ 901/2875] no-platform   -            Truva
[ 902/2875] no-platform   -            Witherby Bar & Restaurant
[ 903/2875] no-platform   -            Easy Thai
[ 904/2875] no-platform   -            Zuma San Diego
[ 905/2875] needs-browser Square Online storefront Nobibi Convoy
[ 906/2875] no-platform   -            Theresa's Italian Steakhouse
[ 907/2875] no-platform   -            Easy Thai
[ 908/2875] needs-browser order.online Lady M Cake Boutique - San Diego
[ 909/2875] no-platform   -            Imperial Palace
[ 910/2875] no-platform   -            Lapper Kitchen + Tap
[ 911/2875] needs-browser plain-html   Roppongi
[ 912/2875] no-platform   -            Tina's Baking Addiction
[ 913/2875] no-platform   -            TP TEA – San Diego
[ 914/2875] no-platform   -            Kim's Deli
[ 915/2875] no-platform   -            Happytime Tea
[ 916/2875] no-platform   -            Kiku Room
[ 917/2875] no-platform   -            The Cove Bar & Grill
[ 918/2875] needs-browser toast        Swagyu Burger Bar
[ 919/2875] no-platform   -            Over The Tap
[ 920/2875] no-platform   -            Vinya Yoga and Wine Bar
[ 921/2875] needs-browser MealKeyWay   Tengu Ramen
[ 922/2875] no-platform   -            The Sushi Stand
[ 923/2875] too-few       own-jsonld   Vinh Long Food To Go
[ 924/2875] needs-browser order.online Poki Poki Carlsbad - Boba & Brewski
[ 925/2875] needs-browser toast        Taco Loco
[ 926/2875] no-platform   -            Treo Kitchen + Bar
[ 927/2875] no-platform   -            Suspiros Cakes Chula Vista
[ 928/2875] no-platform   -            Ching's Famous Hopia
[ 929/2875] no-platform   -            Tacos el Niño Santana
[ 930/2875] no-platform   -            Coffee Culture
[ 931/2875] no-platform   -            Campus Cafe
[ 932/2875] needs-browser Square Online storefront Muse Cheesecakes & Bakery
[ 933/2875] needs-browser -            Kaluú Upscale Mexican & Lounge
[ 934/2875] needs-browser toast        Fiesta Mexican Grille
[ 935/2875] no-platform   -            LJ Crafted Wines - Wines & Tastings
[ 936/2875] no-platform   -            Brain Freeze Premium Frozen Yogurt & Ice Cream of Bonsall
[ 937/2875] no-platform   -            My Vegan Pie
[ 938/2875] needs-browser order.online Sr. Taquito
[ 939/2875] no-platform   -            Josie's Hideout Saloon
[ 940/2875] no-platform   -            Necter Juice Bar
[ 941/2875] needs-browser order.online El Rinconcito Fruteria
[ 942/2875] no-platform   -            Cafe Aero
[ 943/2875] needs-browser Square Online (own domain) Teuscher Chocolates San Diego
[ 944/2875] no-platform   -            Sabroso taco savor a mi tierra
[ 945/2875] no-platform   -            Presotea
[ 946/2875] needs-browser chownow      Parakeet Cafe - Nautilus
[ 947/2875] no-platform   -            Buttery Bakes
[ 948/2875] wrong-branch  order.online The Pad Thai Stand
[ 949/2875] no-platform   -            Valerio's 1979
[ 950/2875] no-platform   -            The Coffee Bar at Foothills Church
[ 951/2875] needs-browser slice        Milo’s Pizza & Deli
[ 952/2875] no-platform   -            D'liteful Chocolat
[ 953/2875] no-platform   -            Old Hickory Steakhouse
[ 954/2875] no-platform   -            Oakberry Açaí bowls
[ 955/2875] no-platform   -            Mission Donut House
[ 956/2875] no-platform   -            J Crepe & Cafe
[ 957/2875] needs-browser Square Online storefront Societe Brewing Company
[ 958/2875] no-platform   -            Baklava King
[ 959/2875] no-platform   -            Fat Tuesday
[ 960/2875] no-platform   -            CRAVE Mediterranean Grill
[ 961/2875] no-platform   -            Tasty Donuts
[ 962/2875] no-platform   -            Trevi Hills Winery
[ 963/2875] screened-out  toast        Asado Gaucho - Argentinian Meat Dining Experience
[ 964/2875] no-platform   -            12 HRS MATCHA CAFE
[ 965/2875] needs-browser Square Online storefront Common Grounds Cafe - MCRD Base
[ 966/2875] no-platform   -            Fall Brewing Company
[ 967/2875] no-platform   -            Ono Hawaiian BBQ
[ 968/2875] no-platform   -            The Nutrition Place
[ 969/2875] no-platform   -            Arevalo's Bakery
[ 970/2875] needs-browser order.online Poke One N Half
[ 971/2875] no-platform   -            Arevalo's Bakery
[ 972/2875] no-platform   -            Yas Lounge
[ 973/2875] no-platform   -            NuYo Frozen Yogurt Encinitas
[ 974/2875] needs-browser Square Online storefront Loma Salad Bar
[ 975/2875] needs-browser clover       Blendees
[ 976/2875] no-platform   -            Killer Whale Creamery
[ 977/2875] no-platform   -            Jamal's Chicken
[ 978/2875] needs-browser clover       Bruster's Real Ice Cream
[ 979/2875] no-platform   -            Charade Speakeasy
[ 980/2875] no-platform   -            Cha Cha Tea Spot
[ 981/2875] needs-browser chownow      Off the Vine Gardens Deli And Catering
[ 982/2875] no-platform   -            Carruth Cellars Urban Winegarden & Cheese Shop: Liberty Station
[ 983/2875] no-platform   -            Alona’s Caketots
[ 984/2875] needs-browser toast        Nomada
[ 985/2875] no-platform   -            Sunny Dumpling House
[ 986/2875] needs-browser Square Online (own domain) Cafe Pascale Grill & Deli
[ 987/2875] no-platform   -            S T U D I O Restaurant + Bar
[ 988/2875] needs-browser Square Online storefront Bean Box
[ 989/2875] no-platform   -            GOLDEN DRAGON ASIAN CUISINE
[ 990/2875] wrong-branch  toast        Bros Kabob
[ 991/2875] needs-browser Square Online storefront Golden Dragon
[ 992/2875] no-platform   -            chance's coffee
[ 993/2875] no-platform   -            Shake Smart
[ 994/2875] needs-browser olo          Randy’s Donuts
[ 995/2875] no-platform   -            SINTA
[ 996/2875] needs-browser order.online TOUS les JOURS Bakery Café - National City
[ 997/2875] no-platform   -            Cleopatra's Lounge
[ 998/2875] no-platform   -            Burtech Family Vineyard Tasting Room
[ 999/2875] needs-browser -            Cluck N Sip
[1000/2875] needs-browser order.online Torta Time
[1001/2875] no-platform   -            Brewery X
[1002/2875] no-platform   -            Izakaya Maíze
[1003/2875] no-platform   -            Hannegan’s House Beer Co & Creamery
[1004/2875] needs-browser Square Online storefront Manor Coffee Bar
[1005/2875] needs-browser -            Pure Squeeze
[1006/2875] needs-browser -            Divina Matcha
[1007/2875] no-platform   -            Mama’s Boy Cookies
[1008/2875] no-platform   -            La Clochette
[1009/2875] no-platform   -            Momo Sando&Omakase
[1010/2875] no-platform   -            102 Scone Co.
[1011/2875] needs-browser Square Online (own domain) Chefs Cafe
[1012/2875] no-platform   -            Tower39 Rooftop Lounge
[1013/2875] no-platform   -            SciEats (Nonprofit Eatery)
[1014/2875] too-few       netwaiter    Playa Azul Mariscos Restaurant
[1015/2875] needs-browser olo          McConnell's Fine Ice Creams - Carlsbad
[1016/2875] no-platform   -            Pasta Design
[1017/2875] no-platform   -            Amuse Lounge and Patio
[1018/2875] no-platform   -            Golden Donut
[1019/2875] no-platform   -            Qualcomm Cafe Q
[1020/2875] no-platform   -            Smoking Cannon Brewery
[1021/2875] no-platform   -            Honey Cafe & Store
[1022/2875] no-platform   -            Cocina De Ledezma LLC
[1023/2875] no-platform   -            Lambers Chinese Bakery
[1024/2875] no-platform   -            Jaguar Paw
[1025/2875] no-platform   -            Ohana Nutrition
[1026/2875] no-platform   -            TJ BURRITO Co.
[1027/2875] no-platform   -            The Sanctuary by The Lost Abbey
[1028/2875] no-platform   -            Linda's Yogurt & Deli
[1029/2875] no-platform   -            Bivouac Adventure Lodge Coffee Shop
[1030/2875] no-platform   -            Backstreet Brewery
[1031/2875] no-platform   -            Delicia's Taco Shop
[1032/2875] needs-browser Square Online (own domain) Inka'fe SD Coffee Shop
[1033/2875] needs-browser toast        Market St Pizzeria
[1034/2875] no-platform   -            Michael's in Borrego
[1035/2875] wrong-branch  toast        Cosmos Burger Carlsbad
[1036/2875] needs-browser order.online Fatboy's Deli & Spirits
[1037/2875] no-platform   -            Cake
[1038/2875] no-platform   -            Papa Bambino's
[1039/2875] no-platform   -            Warner Springs Golf Shop & Grill
[1040/2875] no-platform   -            Backyard Brewery
[1041/2875] no-platform   -            Lemon City Taphouse
[1042/2875] no-platform   -            Una Mas on Adams
[1043/2875] no-platform   -            Veranda
[1044/2875] no-platform   -            Weir Beer
[1045/2875] no-platform   -            The Bar at Moniker General
[1046/2875] no-platform   -            Panaderia Fuentes
[1047/2875] no-platform   -            Red Ribbon Bakeshop
[1048/2875] needs-browser Square Online storefront Cargo Cafe - Sorrento Valley
[1049/2875] no-platform   -            Michi Brew Co.
[1050/2875] no-platform   -            LUCIEN
[1051/2875] needs-browser Square Online storefront Moniker Coffee Co. at The Craft Creamery
[1052/2875] no-platform   -            Iceskimo
[1053/2875] no-platform   -            Honney Doffee Coffee
[1054/2875] no-platform   -            Noodles - Authentic Asian Cuisine
[1055/2875] needs-browser toast        One of Us
[1056/2875] filed         toast        Napatini Bistro and Wine Bar
[1057/2875] no-platform   -            Cali Banh Mi
[1058/2875] no-platform   -            The Coffee House at North Coast Church
[1059/2875] needs-browser Square Online storefront Montebello
[1060/2875] wrong-branch  toast        Boba Tea Spot
[1061/2875] no-platform   -            Culture Craft Coffee & Espresso
[1062/2875] needs-browser Square Online storefront Purl Tea San Marcos
[1063/2875] filed         own-jsonld   The San Diego Taco Truck
[1064/2875] no-platform   -            Nova Boba and Coffee shop
[1065/2875] needs-browser chownow      Parakeet Juicery - La Jolla
[1066/2875] no-platform   -            The Golf Bar
[1067/2875] no-platform   -            CHERRYBOMB EC
[1068/2875] too-few       netwaiter    Ba Le French Sandwich Shop
[1069/2875] screened-out  shopify      Ascend Coffee Roasters
[1070/2875] no-platform   -            Milonga Empanadas
[1071/2875] no-platform   -            Little Fawn
[1072/2875] needs-browser Square Online storefront Cargo Cafe - Paseo Del Mar
[1073/2875] wrong-branch  toast        Gold Coffee Shop
[1074/2875] no-platform   -            Tazza D'Oro
[1075/2875] no-platform   -            Cakey Bakey
[1076/2875] no-platform   -            Dream Fountain Catering
[1077/2875] needs-browser Square Online (own domain) Balboa Candy
[1078/2875] no-platform   -            Milonga Empanadas Fashion Valley
[1079/2875] no-platform   -            Pub 1795
[1080/2875] no-platform   -            Las Ricas Tortas
[1081/2875] no-platform   -            All Things Ube Desserts
[1082/2875] no-platform   -            Elegance On Display
[1083/2875] needs-browser order.online Bird-N-Bun
[1084/2875] needs-browser toast        Pita Pit
[1085/2875] no-platform   -            OMG Crêpes
[1086/2875] no-platform   -            Los Primos Panaderia
[1087/2875] needs-browser toast        Pompei Pizza
[1088/2875] no-platform   -            Drinky Promise
[1089/2875] no-platform   -            Poki Poki & Dragonitea - Fallbrook
[1090/2875] no-platform   -            Hopnonymous Brewing - Normal Heights
[1091/2875] no-platform   -            Plant Power Fast Food Digital Kitchen
[1092/2875] no-platform   -            5 O'Clock Somewhere Rooftop Bar
[1093/2875] no-platform   -            Route 6 Coffee & Smoothies
[1094/2875] needs-browser olo          Better Buzz Coffee Santee
[1095/2875] needs-browser Square Online storefront Copa Vida Torrey Ridge
[1096/2875] needs-browser order.online Beard Papa’s San Diego
[1097/2875] no-platform   -            Krak Boba
[1098/2875] needs-browser -            Johnny Radz Pizza
[1099/2875] no-platform   -            Scena Fusion Kitchen & Bar
[1100/2875] needs-browser spothopper   Tipping Pint Brewing Co.
[1101/2875] no-platform   -            Elote
[1102/2875] no-platform   -            El Flako's Wrangler Barbecue
[1103/2875] no-platform   -            Guadalupe Brewery Tap House
[1104/2875] no-platform   -            Pink Buddha
[1105/2875] no-platform   -            Red Eye Saloon
[1106/2875] needs-browser toast        Grab & Go
[1107/2875] needs-browser Square Online storefront Copa Vida
[1108/2875] no-platform   -            Ramones Mexican BBQ
[1109/2875] needs-browser Paytronix    Ziggi's Coffee
[1110/2875] needs-browser olo          Panini Kabob Grill - Park 12
[1111/2875] no-platform   -            El Flako's Wrangler Barbecue
[1112/2875] no-platform   -            Mike Hess Brewing - Seaport Village Taphouse
[1113/2875] no-platform   -            FLAVORFUL Dessert Atelier
[1114/2875] no-platform   -            Pala Cafe
[1115/2875] needs-browser Square Online (own domain) The Cakery Cafe
[1116/2875] no-platform   -            French Secret Pastry (Pre-Order Only)
[1117/2875] no-platform   -            Dulzura Vineyard and Winery
[1118/2875] no-platform   -            Dole Whip
[1119/2875] no-platform   -            Carnitas la Bendición
[1120/2875] no-platform   -            Blue Bowl Superfoods - Oceanside
[1121/2875] needs-browser toast        Duck Foot Brewing
[1122/2875] no-platform   -            Plant Power Fast Food
[1123/2875] no-platform   -            Birria el Chavita
[1124/2875] needs-browser Square Online (own domain) The Cakery
[1125/2875] no-platform   -            Citizen Brewers
[1126/2875] needs-browser -            Pelican's on the Bay
[1127/2875] needs-browser toast        Clara's Kitchen ( Soul Food) Micro-enterprise Home Kitchen
[1128/2875] needs-browser Square Online (own domain) Le Charcuterie Bar
[1129/2875] no-platform   -            La Michoacana Elite
[1130/2875] no-platform   -            Rank & File
[1131/2875] no-platform   -            Lonchera Mariscos El Gordo
[1132/2875] no-platform   -            KD`S Donuts
[1133/2875] no-platform   -            Silver Hoof Creamery
[1134/2875] no-platform   -            Shabu Spot
[1135/2875] no-platform   -            The Trap Shack
[1136/2875] no-platform   -            Salt & Fin
[1137/2875] no-platform   -            Jaybird Superette
[1138/2875] no-platform   -            We Cookn
[1139/2875] screened-out  shopify      Seven Seas Roasting Co.
[1140/2875] no-platform   -            Sunright Tea Studio
[1141/2875] no-platform   -            Teaspoon Escondido
[1142/2875] screened-out  shopify      Come Back Coffee Co.
[1143/2875] no-platform   -            La Mesa Wine Works
[1144/2875] no-platform   -            El Cajon taco shop
[1145/2875] no-platform   -            La Rikura Mexican Food
[1146/2875] no-platform   -            Tamales Oaxaquenos
[1147/2875] no-platform   -            Side Chick - Chicken & Fries
[1148/2875] no-platform   -            Starbread Bakery
[1149/2875] no-platform   -            The Cafe
[1150/2875] too-few       netwaiter    J & J's Mexican Food
[1151/2875] wrong-branch  own-jsonld   Tako
[1152/2875] no-platform   -            Super Smoothies
[1153/2875] no-platform   -            Dr Boochart
[1154/2875] no-platform   -            California Bean
[1155/2875] no-platform   -            Zodiac Boba
[1156/2875] no-platform   -            Claudia’s Tea House
[1157/2875] no-platform   -            Tamales Escondido
[1158/2875] no-platform   -            Shake Bar & Lounge
[1159/2875] no-platform   -            Huy Ky Bakery
[1160/2875] no-platform   -            Beach Sweets
[1161/2875] no-platform   -            NuYo Frozen Yogurt Solana Beach
[1162/2875] no-platform   -            Savvy Macs, Inc.
[1163/2875] no-platform   -            Fres.Co
[1164/2875] no-platform   -            Subterranean Coffee Drive thru
[1165/2875] no-platform   -            The Funky Frenchie (Lemon Grove)
[1166/2875] no-platform   -            The Honor Bar
[1167/2875] needs-browser -            85°C Bakery Cafe-Santee
[1168/2875] filed         own-jsonld   Hong Kong Kitchen & Dimsum
[1169/2875] no-platform   -            Bistro at the Pier
[1170/2875] no-platform   -            Candy Land
[1171/2875] wrong-branch  toast        ALOHA GRILL
[1172/2875] no-platform   -            Devil and Angel
[1173/2875] no-platform   -            6 7 Deli & Pizza
[1174/2875] needs-browser Square Online storefront Its Cafe Thai
[1175/2875] no-platform   -            Viewpoint Kitchen + Bar
[1176/2875] no-platform   -            F Street Cafe
[1177/2875] too-few       netwaiter    Pizza Grande
[1178/2875] no-platform   -            Corner Office Pizza and Craft Bar
[1179/2875] no-platform   -            The Red Barn
[1180/2875] no-platform   -            Phology Noodle House - Pho Vietnamese Chula Vista CA
[1181/2875] no-platform   -            Dockside Casual Seafood Counter
[1182/2875] no-platform   -            Golden Grill
[1183/2875] wrong-branch  toast        Knead Artisan Bakery
[1184/2875] no-platform   -            Zoo Brew
[1185/2875] no-platform   -            Cafe Nordstrom
[1186/2875] needs-browser toast        Zest Wine Bistro
[1187/2875] no-platform   -            Stratus Restaurant & Bar
[1188/2875] no-platform   -            The MRKT
[1189/2875] no-platform   -            Little Victory Wine Bar
[1190/2875] no-platform   -            The Morning Grove
[1191/2875] no-platform   -            Bianchi Pizza & Pasta
[1192/2875] no-platform   -            SAKE BAR GAGA
[1193/2875] needs-browser MealKeyWay   Yuki Yuki
[1194/2875] no-platform   -            Shake Smart
[1195/2875] too-few       netwaiter    Sandwich Place
[1196/2875] no-platform   -            Craft Pizza
[1197/2875] no-platform   -            Ground Up Cafe
[1198/2875] no-platform   -            Diego's Taco Shop
[1199/2875] no-platform   -            Surf City Squeeze
[1200/2875] needs-browser -            Sammy's Restaurant & Bar
[1201/2875] needs-browser chownow      Sunset Thai Ocean Beach
[1202/2875] no-platform   -            Three Boys Coffee
[1203/2875] no-platform   -            Royal Pearl Tea
[1204/2875] no-platform   -            Thai Thai Melrose Restaurant
[1205/2875] no-platform   -            Board & Brew - Downtown San Diego
[1206/2875] no-platform   -            Dirty Dough - Oceanside
[1207/2875] no-platform   -            PAPA GUAPO CANTINA
[1208/2875] no-platform   -            Mission Brewing - Kensington
[1209/2875] no-platform   -            The Guild Bar
[1210/2875] needs-browser Square Online storefront Whatever Forever Coffee
[1211/2875] needs-browser GloriaFood widget Maria's Coffee Shop
[1212/2875] needs-browser toast        Bao Bar
[1213/2875] no-platform   -            Healthy Grill Mediterranean
[1214/2875] no-platform   -            Cherrie Blossom Tea & Boba
[1215/2875] no-platform   -            Koobrew
[1216/2875] wrong-branch  toast        Tapas Bar
[1217/2875] no-platform   -            El Santo Remedio Cantina
[1218/2875] no-platform   -            Panadería González
[1219/2875] no-platform   -            Mantra Sukha Tea Lounge
[1220/2875] no-platform   -            Marzul Coastal Cuisine
[1221/2875] no-platform   -            Carnitas Paracho Garibay
[1222/2875] needs-browser Square Online storefront Petite Paleo Bakery
[1223/2875] no-platform   -            The Mudbar
[1224/2875] no-platform   -            Barbeer
[1225/2875] no-platform   -            Gintaro Sushi
[1226/2875] no-platform   -            Candy Land Café San Diego
[1227/2875] no-platform   -            Drunk Confections
[1228/2875] no-platform   -            ABC Market & Deli
[1229/2875] no-platform   -            Hillside Ranch Vineyard
[1230/2875] no-platform   -            The Boarding Home
[1231/2875] no-platform   -            Super Express Chinese Food
[1232/2875] needs-browser Square Online (own domain) Sea Ridge Cafe
[1233/2875] no-platform   -            117⁰ West Spirits Speakeasy
[1234/2875] no-platform   -            Casa Del Marisco Rafaelas
[1235/2875] no-platform   -            Crafted Coastal Bakery
[1236/2875] needs-browser HungerRush   Pop Pops Paleta
[1237/2875] no-platform   -            Tommy's Pizza & Subs
[1238/2875] needs-browser MenuSifu     Joyee Noodle House(UTC)
[1239/2875] screened-out  toast        Agave Birrieria
[1240/2875] no-platform   -            Manta Pizza
[1241/2875] no-platform   -            Get Baked Cookie Co.
[1242/2875] no-platform   -            MCX Food & Service Plaza, Camp Pendleton, CA
[1243/2875] no-platform   -            CHINA CHEF 1
[1244/2875] wrong-branch  popmenu      Alohana Acai Bowls and Smoothies - North Park
[1245/2875] no-platform   -            Tacos Locos Tasty Mexican Food
[1246/2875] wrong-branch  toast        Zonkey
[1247/2875] wrong-branch  toast        Amalfi Enoteca Italiana
[1248/2875] no-platform   -            Taqueria Los Famosos
[1249/2875] no-platform   -            Oasis Breads
[1250/2875] no-platform   -            New Motion Beverages
[1251/2875] needs-browser Square Online (own domain) KAFE'SITO
[1252/2875] no-platform   -            Street Corner
[1253/2875] no-platform   -            Shaka Java
[1254/2875] needs-browser Square Online storefront 86d (inside Coin-Op)
[1255/2875] no-platform   -            Blue Bowl Superfoods
[1256/2875] no-platform   -            Cork N Brew
[1257/2875] no-platform   -            Tortas Ahogadas El Gallito
[1258/2875] needs-browser -            Market One
[1259/2875] no-platform   -            Surf City Squeeze
[1260/2875] needs-browser Square Online (own domain) The Salty Cookie
[1261/2875] no-platform   -            Middy's Pizza
[1262/2875] no-platform   -            Sip Fresh
[1263/2875] no-platform   -            Sweet Story Company LLC
[1264/2875] no-platform   -            longball cocktail
[1265/2875] no-platform   -            Boo Boo's sweet Potato Pies
[1266/2875] no-platform   -            La Paloma
[1267/2875] no-platform   -            Hotdogs Sonora
[1268/2875] needs-browser Square Online storefront Cargo Cafe - Torrey Pines
[1269/2875] no-platform   -            Tacos El Jalón
[1270/2875] needs-browser Square Online storefront Secret Sauce Wok & Grill
[1271/2875] no-platform   -            Sweet Factory
[1272/2875] needs-browser -            Fresca Deli .
[1273/2875] no-platform   -            La Cucina
[1274/2875] no-platform   -            Tejedas' Peruvian Kitchen
[1275/2875] no-platform   -            Great American Cookies - Otay Ranch Town Center
[1276/2875] no-platform   -            Ambiance Kitchen + Lounge
[1277/2875] no-platform   -            Chester's
[1278/2875] needs-browser toast        Katy’s Diner
[1279/2875] no-platform   -            The Lookout at Lake Poway
[1280/2875] no-platform   -            Cocina de Tamales
[1281/2875] needs-browser Square Online (own domain) Cafe Pascale
[1282/2875] needs-browser order.online WUHU TEA & DELI
[1283/2875] no-platform   -            Surf City Squeeze
[1284/2875] no-platform   -            Sweets by Victoria
[1285/2875] no-platform   -            Prado Perk
[1286/2875] no-platform   -            Mister G Salsa
[1287/2875] no-platform   -            Rumi
[1288/2875] needs-browser order.online Poki One N Half San Marcos
[1289/2875] no-platform   -            Mombasa Cooker
[1290/2875] no-platform   -            Tortillas de Harina Elice, Flour Tortillas
[1291/2875] no-platform   -            Seaside BBQ
[1292/2875] no-platform   -            Thérapie Bistro
[1293/2875] needs-browser order.online Poki One N Half San Marcos
[1294/2875] no-platform   -            Immersion Express / Coffee and Matcha
[1295/2875] no-platform   -            Burgers & Shakes
[1296/2875] no-platform   -            Sugared Cookie Company
[1297/2875] no-platform   -            Soleil @k
[1298/2875] needs-browser Square Online (own domain) Juliantla Chocolate Boutique
[1299/2875] no-platform   -            FiveO3 Pupusas
[1300/2875] no-platform   -            DEN
[1301/2875] no-platform   -            My O My Coffee and More
[1302/2875] no-platform   -            Mariposa Ice Cream Oceanside
[1303/2875] no-platform   -            Unico Juice Shop
[1304/2875] no-platform   -            Wild Child Ice Cream
[1305/2875] no-platform   -            Carlo
[1306/2875] no-platform   -            The Boss Crepas
[1307/2875] no-platform   -            So Cal Famous Beach Ice
[1308/2875] needs-browser Square Online storefront The Bean Box 701
[1309/2875] wrong-branch  popmenu      Max's Restaurant National City
[1310/2875] needs-browser ubereats     FallbrkEats
[1311/2875] needs-browser MealKeyWay   Midnight Skewer 深夜酒馆
[1312/2875] needs-browser Square Online (own domain) Slurp
[1313/2875] no-platform   -            Beach Street Tacos
[1314/2875] no-platform   -            Chagee
[1315/2875] wrong-branch  toast        Saigon Alley Kitchen & Bar
[1316/2875] no-platform   -            Frutti Mas
[1317/2875] needs-browser SpotOn       Oriste Fairway Cafe
[1318/2875] no-platform   -            Michoacana Mia - Vista
[1319/2875] no-platform   -            Juice Holler
[1320/2875] no-platform   -            Lò Bánh Cuốn Tân Định
[1321/2875] no-platform   -            Deleitte
[1322/2875] no-platform   -            Boardwalk Pizza
[1323/2875] needs-browser toast        The Tavern at Barley & Sword Brewing Company
[1324/2875] needs-browser toast        La Vida
[1325/2875] no-platform   -            Fatburger
[1326/2875] no-platform   -            IB Espresso
[1327/2875] no-platform   -            Board & Brew - Mission Valley
[1328/2875] no-platform   -            Lori's Custom Cakes
[1329/2875] no-platform   -            Bueno Wine & Goods
[1330/2875] wrong-branch  toast        Oto Sushi Encinitas
[1331/2875] no-platform   -            Pacific Point
[1332/2875] no-platform   -            Ramen Inn - San Diego
[1333/2875] no-platform   -            Kazukii Sushi & Japanese Cuisine
[1334/2875] no-platform   -            Colibri Cafe
[1335/2875] needs-browser Square Online storefront Ramen Station
[1336/2875] no-platform   -            Fiesta Pinoy
[1337/2875] no-platform   -            Dolce Italia Desserts, Inc.
[1338/2875] filed         shopify      LA PETITE BAKERY
[1339/2875] no-platform   -            EL CAMARON FELIZ TACOS Y BIRRIA
[1340/2875] no-platform   -            Sip Fresh
[1341/2875] no-platform   -            Cold Smoke BBQ
[1342/2875] no-platform   -            Queenstown Del Mar
[1343/2875] no-platform   -            Cutwater
[1344/2875] no-platform   -            Street Tacos El Camino Food Truck
[1345/2875] no-platform   -            Dalu Hawaiian BBQ Oceanside
[1346/2875] needs-browser -            Mosaic Restaurant & Bar
[1347/2875] no-platform   -            Golf Grill
[1348/2875] needs-browser slice        Pizza On Pearl North Park
[1349/2875] no-platform   -            Vanilla Oasis
[1350/2875] no-platform   -            The Bistro - Eat. Drink. Connect.®
[1351/2875] needs-browser MealKeyWay   Suki Hana Japan
[1352/2875] no-platform   -            Finca Casa Blanca
[1353/2875] needs-browser order.online Le Macaron French Pastries Westfield UTC
[1354/2875] needs-browser -            seaglass restaurant
[1355/2875] needs-browser olo          Dimassi's Mediterranean Buffet
[1356/2875] no-platform   -            Tu Madres Bakery
[1357/2875] no-platform   -            Ono Hawaiian BBQ
[1358/2875] needs-browser -            Windows Cafe
[1359/2875] needs-browser Square Online storefront Dulce Tentación
[1360/2875] no-platform   -            Harborside Cuisine
[1361/2875] no-platform   -            Punkers Cafe
[1362/2875] no-platform   -            BREANS
[1363/2875] no-platform   -            The Grub Station (South African )
[1364/2875] no-platform   -            Julian Food Truck
[1365/2875] needs-browser toast        Hydout Cafe Hillcrest
[1366/2875] no-platform   -            Boba n More
[1367/2875] no-platform   -            Side Piece
[1368/2875] no-platform   -            Aryana Restaurant & Bar
[1369/2875] needs-browser Square Online storefront Copa Vida
[1370/2875] no-platform   -            Cali BBQ- NEX (base access required)
[1371/2875] no-platform   -            California Ice Cream
[1372/2875] wrong-branch  toast        Grand Ole BBQ PETCO PARK
[1373/2875] no-platform   -            La Michoacana San Diego
[1374/2875] no-platform   -            Living Room Bar
[1375/2875] needs-browser Square Online storefront Copa Vida - Del Mar
[1376/2875] no-platform   -            Trifecta Tavern
[1377/2875] no-platform   -            El huevo estrellado # 2
[1378/2875] needs-browser order.online The Meltdown
[1379/2875] needs-browser Square Online storefront Cargo Cafe - Wateridge
[1380/2875] no-platform   -            Common Good Coffee
[1381/2875] no-platform   -            Kona Craft Cafe
[1382/2875] no-platform   -            Side Street Bowls & Smoothies
[1383/2875] no-platform   -            ICE POPS
[1384/2875] no-platform   -            Windmill Canyon Restaurant
[1385/2875] needs-browser order.online XENiA Mediterranean Kitchen - San Diego
[1386/2875] needs-browser Square Online storefront Cargo Cafe - Gateway
[1387/2875] wrong-branch  toast        Super Creamery
[1388/2875] no-platform   -            Lulu’s Buns Wholesale Bakery
[1389/2875] no-platform   -            Crispy Fish Tacos
[1390/2875] no-platform   -            ZENTRL Kitchen + Bar - Liberty Station
[1391/2875] screened-out  shopify      Surje Coffee at The Gallery
[1392/2875] no-platform   -            The Darling Dough Co.
[1393/2875] no-platform   -            La Botana Loca
[1394/2875] needs-browser order.online Häagen-Dazs
[1395/2875] no-platform   -            ZENTRL Kitchen + Bar
[1396/2875] no-platform   -            Cafe Carlsbad
[1397/2875] no-platform   -            Cocinita Express
[1398/2875] no-platform   -            La Central
[1399/2875] no-platform   -            Cafe 477 La Jolla
[1400/2875] no-platform   -            Seven Seas Cafe
[1401/2875] no-platform   -            ETNA DULCIS
[1402/2875] needs-browser olo          MOTO Pizza San Diego
[1403/2875] no-platform   -            Corner Deli & Pizza
[1404/2875] wrong-branch  toast        Pizza Port Tasting Room
[1405/2875] no-platform   -            Sun Coast Pizza
[1406/2875] no-platform   -            Mission Brewing - Sky Deck
[1407/2875] no-platform   -            Matcha On Ice Cafe
[1408/2875] no-platform   -            Dyno Bar
[1409/2875] needs-browser -            Indulge Restaurant and Bar
[1410/2875] no-platform   -            Pizza Trolley
[1411/2875] screened-out  shopify      THRONE ROOM
[1412/2875] no-platform   -            Ocean Journey Cafe
[1413/2875] no-platform   -            Mission Brewing - Miramar
[1414/2875] no-platform   -            BLAH Brewing
[1415/2875] no-platform   -            Vie Café
[1416/2875] no-platform   -            Alebrije Food Truck Twin Oaks
[1417/2875] no-platform   -            Tres Fuegos Cocina
[1418/2875] needs-browser order.online The Meltdown
[1419/2875] no-platform   -            Don Maguro
[1420/2875] needs-browser order.online The Meltdown
[1421/2875] no-platform   -            NandosHotBox
[1422/2875] no-platform   -            Carnitas La Bendicion Market St
[1423/2875] no-platform   -            The Bean
[1424/2875] needs-browser order.online The Meltdown
[1425/2875] needs-browser -            Lounge 72
[1426/2875] needs-browser order.online The Burger Den
[1427/2875] no-platform   -            Bulldog Tavern
[1428/2875] no-platform   -            Lobby Lounge - Park Hyatt Aviara
[1429/2875] no-platform   -            Double Down Grill
[1430/2875] no-platform   -            Mama’s Bowl
[1431/2875] no-platform   -            On the Rocks
[1432/2875] no-platform   -            El Ranchero Food Truck
[1433/2875] no-platform   -            Julian Wine & Chocolate
[1434/2875] too-few       shopify      Five Pillars Coffee
[1435/2875] no-platform   -            The Monastery by The Lost Abbey (Miramar Area)
[1436/2875] needs-browser chownow      GgoolBap, Korean BBQ Bowls
[1437/2875] no-platform   -            Tacos El Chris
[1438/2875] no-platform   -            The Café at Rady Children’s Hospital
[1439/2875] no-platform   -            TOCHO MOROCHO
[1440/2875] no-platform   -            Anigma
[1441/2875] no-platform   -            Limon Mexican food
[1442/2875] no-platform   -            El Clamatazo
[1443/2875] no-platform   -            Coatl Coffee
[1444/2875] no-platform   -            Xtravaganza and Sinbad Restaurant
[1445/2875] no-platform   -            Little Thai Cottage (Mobile Vendor)
[1446/2875] needs-browser -            Temporarily Closed - Garlic and Tahini Egyptian Kitchen - Delivery & Carry Out Only
[1447/2875] needs-browser order.online The Meltdown
[1448/2875] wrong-branch  toast        Rock N’ Roost Rotisserie
[1449/2875] no-platform   -            J. Brix Wines Tasting Room
[1450/2875] no-platform   -            The Westgate Room's Plaza Bar
[1451/2875] needs-browser Square Online (own domain) Slurp
[1452/2875] no-platform   -            Kona Kai Club
[1453/2875] no-platform   -            Manny's Bar & Grill
[1454/2875] no-platform   -            Freshly Prepped
[1455/2875] no-platform   -            Turtle Rock Ridge Wine Bar
[1456/2875] no-platform   -            ‘ritas Taco Truck
[1457/2875] no-platform   -            Hidden City Nutrition
[1458/2875] no-platform   -            Emilio's Food Truck
[1459/2875] needs-browser -            Sammy's Woodfired Pizza and Grill
[1460/2875] no-platform   -            Blu Temple | Blu Cabana
[1461/2875] needs-browser order.online The Meltdown
[1462/2875] needs-browser order.online The Meltdown
[1463/2875] no-platform   -            Bholat's
[1464/2875] screened-out  shopify      Inflection Point Coffee
[1465/2875] no-platform   -            Victorious Pizza
[1466/2875] needs-browser order.online The Meltdown
[1467/2875] no-platform   -            Colors Gourmet Pizza
[1468/2875] no-platform   -            Namino (Tahchin)
[1469/2875] no-platform   -            North County Food Hub
[1470/2875] no-platform   -            Huerta Taco Stand
[1471/2875] no-platform   -            JIVe Lounge
[1472/2875] no-platform   -            SDSU Faculty Staff Club
[1473/2875] needs-browser order.online lulubowls (Hawaiian-Inspired Bowls- Boston Ave.)
[1474/2875] needs-browser order.online The Meltdown
[1475/2875] no-platform   -            The Bistro - Eat. Drink. Connect.®
[1476/2875] needs-browser order.online The Burger Den
[1477/2875] no-platform   -            Breakwater Brewing Co.
[1478/2875] no-platform   -            Bert's Bistro
[1479/2875] no-platform   -            GRAB & GO Viejas
[1480/2875] needs-browser toast        Georgette's
[1481/2875] no-platform   -            El Patron Mexican Food
[1482/2875] needs-browser order.online The Meltdown
[1483/2875] no-platform   -            The Fountains Restaurant
[1484/2875] no-platform   -            The SoCal Vegan
[1485/2875] needs-browser order.online The Burger Den
[1486/2875] no-platform   -            Staxx Burger House
[1487/2875] no-platform   -            Ta’ Corn Madre
[1488/2875] no-platform   -            Tacos Berlin
[1489/2875] needs-browser -            Wing SZN - El Cajon
[1490/2875] needs-browser Square Online storefront Hommunlii & Co
[1491/2875] no-platform   -            Casa Campus Point
[1492/2875] needs-browser order.online The Burger Den
[1493/2875] no-platform   -            Perky’s
[1494/2875] no-platform   -            Mkutano House
[1495/2875] no-platform   -            MexiBowls By Cali Craft Tacos- 2707 Boston Avenue Sa Diego CA 92113
[1496/2875] no-platform   -            El Más Chingón SD
[1497/2875] no-platform   -            SHIO Japanese Dining
[1498/2875] no-platform   -            El Camino
[1499/2875] no-platform   -            Jamul Indian Village
[1500/2875] needs-browser order.online The Meltdown
[1501/2875] no-platform   -            Element 8 Cafe
[1502/2875] no-platform   -            Angie's Place
[1503/2875] needs-browser order.online The Meltdown
[1504/2875] needs-browser order.online The Meltdown
[1505/2875] no-platform   -            Santaluz Bistro
[1506/2875] no-platform   -            Daymar Select Fine Coffees
[1507/2875] needs-browser order.online The Meltdown
[1508/2875] needs-browser slice        Hollywood Market and Giant Pizza
[1509/2875] needs-browser -            Fireside Bar & Grill
[1510/2875] no-platform   -            Sang Dao Kitchen
[1511/2875] no-platform   -            Solrisa
[1512/2875] no-platform   -            Med Cafe
[1513/2875] no-platform   -            Bosley Cafe
[1514/2875] no-platform   -            Grinds & Grooves
[1515/2875] needs-browser -            Market La Jolla
[1516/2875] no-platform   -            SAN DIEGO FRIES
[1517/2875] no-platform   -            Gomeznutricion
[1518/2875] no-platform   -            Dharma Bread Co
[1519/2875] no-platform   -            The Caddyshack
[1520/2875] no-platform   -            Coin Toss
[1521/2875] needs-browser order.online Poki Poki
[1522/2875] no-platform   -            Airport Lounge
[1523/2875] no-platform   -            Fairbanks
[1524/2875] no-platform   -            Bovino
[1525/2875] no-platform   -            Hacienda De Vega
[1526/2875] no-platform   -            Skewers Grill
[1527/2875] no-platform   -            Fruteria el Manguito
[1528/2875] needs-browser Square Online storefront Sushi Freak
[1529/2875] needs-browser order.online Sabor a Vida Cafe & Deli
[1530/2875] no-platform   -            Thai Basil
[1531/2875] needs-browser Square Online (own domain) Crepes
[1532/2875] needs-browser order.online Hummus Mediterranean Kitchen
[1533/2875] needs-browser order.online El Ranchero
[1534/2875] too-few       netwaiter    Thai Pasta
[1535/2875] no-platform   -            Carbon Angela’s Kitchen
[1536/2875] no-platform   -            Baja Fresh
[1537/2875] no-platform   -            Veronica's Goodies
[1538/2875] no-platform   -            I Love Pho
[1539/2875] wrong-branch  toast        Bubba’s Smokehouse BBQ
[1540/2875] no-platform   -            Valerio's Finest Bake Shop
[1541/2875] no-platform   -            Stone Oven
[1542/2875] needs-browser olo          Coffee Bean
[1543/2875] no-platform   -            Crave
[1544/2875] no-platform   -            Deli & Go
[1545/2875] no-platform   -            Herb & Eatery
[1546/2875] no-platform   -            The Shop _ Coffee + Thrift
[1547/2875] needs-browser Square Online (own domain) Veggyjess
[1548/2875] no-platform   -            Pei Wei
[1549/2875] no-platform   -            Boston Market
[1550/2875] no-platform   -            Fairbanks
[1551/2875] no-platform   -            Breakwater Brewing Co.
[1552/2875] no-platform   -            Truluck's
[1553/2875] no-platform   -            Terrace Lounge
[1554/2875] needs-browser toast        bcb Cafe
[1555/2875] wrong-branch  toast        Cozy Corner
[1556/2875] no-platform   -            Pei Wei
[1557/2875] no-platform   -            Diego's Taco Shop
[1558/2875] no-platform   -            Bacio di Latte | Flower Hill, SD
[1559/2875] no-platform   -            Antique Thai
[1560/2875] no-platform   -            tiger!tiger!
[1561/2875] no-platform   -            Alborz Restaurant
[1562/2875] needs-browser Square Online (own domain) Sweet Escape Homemade Treats
[1563/2875] no-platform   -            Native Foods
[1564/2875] no-platform   -            CARAVAN
[1565/2875] no-platform   -            Sweets
[1566/2875] needs-browser order.online Mexicana Lab 2707 Boston Avenue
[1567/2875] no-platform   -            Bake and beach
[1568/2875] no-platform   -            Blessed by Cake
[1569/2875] needs-browser order.online Big Daddy's Hawaiian BBQ (San Diego)
[1570/2875] no-platform   -            LUNAS
[1571/2875] no-platform   -            El Dorado
[1572/2875] no-platform   -            Cork Oak Cafe
[1573/2875] no-platform   -            Blue Wave Bistro
[1574/2875] no-platform   -            Kasi
[1575/2875] no-platform   -            Big Oven Tacos
[1576/2875] no-platform   -            Badas burgers
[1577/2875] no-platform   -            The Gold Reserve Kitchen & Bar
[1578/2875] needs-browser Square Online storefront Emjaye's Coffee
[1579/2875] needs-browser Square Online (own domain) Annabel Cohen Gourmet
[1580/2875] no-platform   -            Pavilions Bakery
[1581/2875] no-platform   -            Baba's Pizza
[1582/2875] screened-out  order.online Fish Restaurant
[1583/2875] no-platform   -            Soda & Swine
[1584/2875] no-platform   -            Island Market
[1585/2875] wrong-branch  toast        Blue Water Grill
[1586/2875] no-platform   -            Cafe Fresh
[1587/2875] no-platform   -            Original Mariscos German
[1588/2875] no-platform   -            Lang's Bakery
[1589/2875] no-platform   -            Rancho Cafe
[1590/2875] needs-browser order.online Deli Belly
[1591/2875] no-platform   -            Cali Cream Bakery
[1592/2875] no-platform   -            Cays Lounge
[1593/2875] no-platform   -            Gelato 101 Temporary store
[1594/2875] needs-browser Square Online storefront Copa Vida
[1595/2875] no-platform   -            Scoopy Scoopy Ice Cream
[1596/2875] screened-out  shopify      Lofty Coffee
[1597/2875] needs-browser Square Online (own domain) Mayari Coffee
[1598/2875] no-platform   -            The Heritage Steakhouse
[1599/2875] needs-browser -            Makai
[1600/2875] no-platform   -            The Neighborhood Cafe
[1601/2875] no-platform   -            Dana Andrew Celebrations
[1602/2875] no-platform   -            Roadtrip Bowls Made by Lazy Dog
[1603/2875] needs-browser Square Online storefront Stuffed Ice Cream
[1604/2875] no-platform   -            Taqueria
[1605/2875] no-platform   -            TOAST & TALES
[1606/2875] no-platform   -            Vintage Rose Sourdough
[1607/2875] no-platform   -            Elena’s Pastry
[1608/2875] no-platform   -            Bing's Bar
[1609/2875] no-platform   -            Café Rhône
[1610/2875] no-platform   -            Topwater Grill
[1611/2875] no-platform   -            SD Custom Cakes
[1612/2875] no-platform   -            Lovely Creations Co
[1613/2875] no-platform   -            Calzone Life Escondido
[1614/2875] no-platform   -            Fouet & Co.
[1615/2875] no-platform   -            Copper Kings Oceanside
[1616/2875] no-platform   -            Sabor Al Gusto
[1617/2875] no-platform   -            Más Veggies Vegan Taqueria
[1618/2875] needs-browser chownow      Wanderlust Creamery
[1619/2875] no-platform   -            Chuck's Wagon Deli
[1620/2875] no-platform   -            Twist New Zealand Style Real Fruit Ice Cream
[1621/2875] screened-out  shopify      Bird Rock Coffee Roasters - Park & Market
[1622/2875] needs-browser Square Online storefront Muse Cheesecake
[1623/2875] no-platform   -            The Warehouse
[1624/2875] no-platform   -            Lobster Lab - Sky Deck at Del Mar Highlands Town Center
[1625/2875] no-platform   -            Snout & Scone
[1626/2875] needs-browser -            Daisy’s Amazing Cakes
[1627/2875] needs-browser order.online Pavilions Bakery
[1628/2875] no-platform   -            Tortuga Bar and Grill
[1629/2875] no-platform   -            Dainty Dessert
[1630/2875] no-platform   -            Tide and Treats
[1631/2875] no-platform   -            Baked Babe Cakes & Bakes
[1632/2875] no-platform   -            Casa Ocho
[1633/2875] no-platform   -            La Cantina
[1634/2875] no-platform   -            Goats Rose Sourdough
[1635/2875] no-platform   -            Bobby B's
[1636/2875] no-platform   -            Weapon Ramen
[1637/2875] no-platform   -            La Gordita
[1638/2875] no-platform   -            Rush Bowls
[1639/2875] no-platform   -            The Palma Bar & Grill
[1640/2875] needs-browser -            Sweet Treats by Thick
[1641/2875] no-platform   -            Olly's Baked Assortments
[1642/2875] no-platform   -            Daily Roast
[1643/2875] no-platform   -            Coco's Bakery
[1644/2875] no-platform   -            DELISTRABERRY
[1645/2875] too-few       wix          Bocas Del Sol. (MissShelly's Shack )
[1646/2875] no-platform   -            Sprinkles Ice Cream Shop And Bakery
[1647/2875] needs-browser order.online Taquizas Maria
[1648/2875] no-platform   -            little Estrella bakes
[1649/2875] no-platform   -            Farmer's Fridge
[1650/2875] no-platform   -            Marisco's Sabor A Mexico
[1651/2875] no-platform   -            The Hamlett
[1652/2875] wrong-branch  toast        The Coffee Spot
[1653/2875] no-platform   -            Mama Dukes Roadside
[1654/2875] no-platform   -            Kae’s Kreations
[1655/2875] no-platform   -            Terra Cafe
[1656/2875] needs-browser order.online The Meltdown
[1657/2875] needs-browser order.online The Meltdown
[1658/2875] no-platform   -            Ruthii's Coffee
[1659/2875] no-platform   -            PCH Café & Market
[1660/2875] no-platform   -            Bridget Bakery
[1661/2875] no-platform   -            Shallow End Grill
[1662/2875] no-platform   -            Mariscos la Baja mar y fuego
[1663/2875] no-platform   -            UrbanLife Cafe
[1664/2875] no-platform   -            Seaside Cowboy Coffee
[1665/2875] no-platform   -            That Girl Can Bake
[1666/2875] no-platform   -            Sweet Cheeks Homestead
[1667/2875] no-platform   -            India Princess
[1668/2875] needs-browser Square Online storefront Mindy’s Bakery
[1669/2875] no-platform   -            Anila's Cucina Rustica
[1670/2875] no-platform   -            Coffee Amore
[1671/2875] no-platform   -            E. Lee's Sweets
[1672/2875] no-platform   -            Grand Social
[1673/2875] no-platform   -            1022 Cafe & Gelateria
[1674/2875] no-platform   -            Sierra's Baking Corner
[1675/2875] no-platform   -            Pastry Pedaler - Bakery Delivery in Pacific Beach, San Diego
[1676/2875] needs-browser order.online The Meltdown
[1677/2875] no-platform   -            Soy Leaf Juice Bar & Healthy Grill
[1678/2875] no-platform   -            CaMau Bakery & Deli
[1679/2875] no-platform   -            Spinnaker Coffee
[1680/2875] no-platform   -            Sabor a Mi Kitchen (Birrieria)
[1681/2875] no-platform   -            Thyme Of Essence
[1682/2875] wrong-branch  clover       Manzanita Roasting Company and Coffee House
[1683/2875] no-platform   -            Rancho Bakers
[1684/2875] needs-browser order.online The Meltdown
[1685/2875] no-platform   -            Rancho Bakers
[1686/2875] needs-browser -            Carlsbad Cookie Company
[1687/2875] too-few       shopify      Taste & Sea Cakery
[1688/2875] no-platform   -            Nat Sweet Treats
[1689/2875] no-platform   -            Give Us This Day LLC Micro-Bakery
[1690/2875] no-platform   -            Coffee Shop at the Lullabar
[1691/2875] no-platform   -            Javelina Craft Barbecue
[1692/2875] wrong-branch  own-jsonld   Shibuya Nights
[1693/2875] no-platform   -            Sugar Treats n Cakes
[1694/2875] no-platform   -            Sifted and Sugared
[1695/2875] needs-browser order.online Puesto Taco Bar
[1696/2875] no-platform   -            SugarWater BakeHouse
[1697/2875] no-platform   -            Hectors pizza
[1698/2875] no-platform   -            elementa
[1699/2875] no-platform   -            Iron Brew Coffee
[1700/2875] no-platform   -            Center Bar
[1701/2875] no-platform   -            Sweet Maison Bakery
[1702/2875] no-platform   -            My O My Coffee and Deli
[1703/2875] no-platform   -            Marquesitas Liah
[1704/2875] no-platform   -            Stix
[1705/2875] no-platform   -            Corner Market
[1706/2875] no-platform   -            Buttery Bakes
[1707/2875] no-platform   -            Snax
[1708/2875] no-platform   -            Five Corners Coffee & Bakery Co.
[1709/2875] no-platform   -            Haven Cafe
[1710/2875] no-platform   -            BBQUSION
[1711/2875] no-platform   -            The TriTiperia
[1712/2875] no-platform   -            Uumbal
[1713/2875] no-platform   -            Maderas Golf Club
[1714/2875] no-platform   -            The Coyote Den
[1715/2875] no-platform   -            Pacific Seafood
[1716/2875] needs-browser order.online HapiVegan
[1717/2875] no-platform   -            The Dive Bar
[1718/2875] no-platform   -            Casa Café & Market
[1719/2875] no-platform   -            Fox Den Bar
[1720/2875] needs-browser -            The Landing
[1721/2875] no-platform   -            Sweet land ice cream truck
[1722/2875] no-platform   -            RASPARSWEET
[1723/2875] no-platform   -            Cali Craft Tacos
[1724/2875] no-platform   -            Lilac Heights Bakery
[1725/2875] no-platform   -            M & M Patisserie
[1726/2875] needs-browser Square Online storefront Sushi Heights
[1727/2875] no-platform   -            Pavilions Bakery
[1728/2875] no-platform   -            Papi Tacos
[1729/2875] no-platform   -            Chow Hall
[1730/2875] no-platform   -            Calvins' Sportsbar
[1731/2875] no-platform   -            Simply Baked Box
[1732/2875] no-platform   -            Café Sand Castle
[1733/2875] no-platform   -            Sunny Bunny Bakes
[1734/2875] wrong-branch  toast        Brigitte's Bakery
[1735/2875] needs-browser -            Barcino Grill
[1736/2875] no-platform   -            Island Girl Bakes
[1737/2875] no-platform   -            Promised Goods
[1738/2875] no-platform   -            Marketplace
[1739/2875] no-platform   -            Gourmet Tamales
[1740/2875] no-platform   -            Cent'Anni Café
[1741/2875] no-platform   -            Krispy Krunchy Chicken
[1742/2875] no-platform   -            Farmer's Fridge
[1743/2875] no-platform   -            Village Inn
[1744/2875] no-platform   -            Kava Lounge
[1745/2875] no-platform   -            Diamond Jims
[1746/2875] no-platform   -            Kellys Pub
[1747/2875] no-platform   -            Fundant Cookies
[1748/2875] needs-browser chownow      Mr Gs Tavern
[1749/2875] no-platform   -            Dumonts
[1750/2875] no-platform   -            Villa Fresh Italian Kitchen
[1751/2875] no-platform   -            Veladora
[1752/2875] no-platform   -            Jordan
[1753/2875] no-platform   -            Freedom Carts
[1754/2875] no-platform   -            Trinacria Pizza Co.
[1755/2875] no-platform   -            Blue Bayou
[1756/2875] no-platform   -            Brick & Bell Plus
[1757/2875] no-platform   -            Mis Dos Gallos Taqueria, Fruit & Deli
[1758/2875] no-platform   -            Fairbanks
[1759/2875] no-platform   -            Deja Vu
[1760/2875] no-platform   -            Jungle Cart
[1761/2875] no-platform   -            Lefty's Cheesesteaks
[1762/2875] no-platform   -            Fiesta Mexicana Bakery
[1763/2875] no-platform   -            La Salsa
[1764/2875] needs-browser order.online Coffee Cart
[1765/2875] no-platform   -            Corner Counter
[1766/2875] needs-browser toast        Carls Tavern
[1767/2875] no-platform   -            Shake Smart
[1768/2875] no-platform   -            Safari Coffee Outpost
[1769/2875] filed         spothopper   Cabo Cantina
[1770/2875] no-platform   -            Monster Snacks
[1771/2875] no-platform   -            Canyon Inn
[1772/2875] no-platform   -            OB Kebab
[1773/2875] no-platform   -            Dryer's Ice Cream Parlor
[1774/2875] no-platform   -            Time Out Café
[1775/2875] no-platform   -            Grover's Grill
[1776/2875] no-platform   -            The Market
[1777/2875] no-platform   -            House of Black
[1778/2875] no-platform   -            Taco Villa
[1779/2875] no-platform   -            Noodles
[1780/2875] no-platform   -            Border X Brewing
[1781/2875] needs-browser toast        BCB Coffee Company
[1782/2875] no-platform   -            University Towers Kitchen
[1783/2875] no-platform   -            TEC Cafe
[1784/2875] no-platform   -            Trade Restaurant & Lounge
[1785/2875] no-platform   -            Mission Brewing (fka Rough Draft)
[1786/2875] no-platform   -            Chicken & Crown
[1787/2875] no-platform   -            Café de Anza
[1788/2875] needs-browser MealKeyWay   Yonny Mini Hotpot
[1789/2875] no-platform   -            Mawazo Kitchen
[1790/2875] needs-browser Square Online storefront Cafecito 1806
[1791/2875] no-platform   -            The Waterfront
[1792/2875] no-platform   -            Hui Hua
[1793/2875] no-platform   -            NM Cafe
[1794/2875] no-platform   -            Joes on the Nose
[1795/2875] no-platform   -            HACIENDITA BAKERY
[1796/2875] no-platform   -            The Quay Cafe
[1797/2875] no-platform   -            Mi Pan Bakery
[1798/2875] no-platform   -            The Village Mission Valley Cafe
[1799/2875] no-platform   -            Country Waffles
[1800/2875] needs-browser Square Online storefront Petite Perk Cafe
[1801/2875] no-platform   -            Coast Coffee Co
[1802/2875] no-platform   -            Crave & Feast
[1803/2875] no-platform   -            In Between
[1804/2875] no-platform   -            Negro Durazo
[1805/2875] no-platform   -            Cafe 477 Encinitas
[1806/2875] no-platform   -            Masa Madre
[1807/2875] wrong-branch  toast        Blank Slate
[1808/2875] no-platform   -            Nono José Empanadas
[1809/2875] no-platform   -            The brew inn tavern
[1810/2875] no-platform   -            Chandelier BY G
[1811/2875] no-platform   -            Filo
[1812/2875] no-platform   -            Rhino Cake and Coffee Company
[1813/2875] no-platform   -            Mielimon Bakery
[1814/2875] no-platform   -            Mama Kat's Restaurant and Pie Shop
[1815/2875] no-platform   -            Ono Hawaiian BBQ
[1816/2875] no-platform   -            All Fried Up
[1817/2875] no-platform   -            Deli and Pizzeria
[1818/2875] wrong-branch  order.online The Poke Co. - Linda Vista
[1819/2875] no-platform   -            Amalfi Cucina Italiana at Orfila Vineyards
[1820/2875] no-platform   -            Avo & Ocha
[1821/2875] no-platform   -            Egg Tuck
[1822/2875] no-platform   -            30Z Dive Club (Three Ounce)
[1823/2875] no-platform   -            Sweet Munchies
[1824/2875] no-platform   -            Tocumbo Ice Cream National City
[1825/2875] no-platform   -            Lone Pine Eatery
[1826/2875] no-platform   -            The Macaron Shop SD
[1827/2875] no-platform   -            Rock Steady
[1828/2875] no-platform   -            Rocko's Modern Taphouse
[1829/2875] no-platform   -            The Divers Cup
[1830/2875] no-platform   -            Thum SD
[1831/2875] no-platform   -            Mexico City Cuisine LLC
[1832/2875] no-platform   -            Mexico City Cuisine-CoLab
[1833/2875] no-platform   -            Monserrate Pastries
[1834/2875] no-platform   -            The Grand Tradition
[1835/2875] screened-out  clover       SALT N SAVOR DELI & CAFE
[1836/2875] no-platform   -            Fallbrook Kitchen Rentals
[1837/2875] no-platform   -            Buka - Taste of Nigeria
[1838/2875] no-platform   -            Tu Taco Taco Shop #2
[1839/2875] screened-out  shopify      OTAY CAFE
[1840/2875] no-platform   -            Michoacana Mia - Escondido
[1841/2875] no-platform   -            The Santaluz Club Dining Room and Events
[1842/2875] no-platform   -            Kabul West Mediterranean Grill
[1843/2875] no-platform   -            Stony Mountain Bar & Grill
[1844/2875] needs-browser -            Verde Kitchen & Bar
[1845/2875] no-platform   -            Pinsarella Ancient Roman Pizza
[1846/2875] no-platform   -            By The Sea
[1847/2875] needs-browser Square Online storefront Rancho Sandwich & Creamery
[1848/2875] no-platform   -            Oliva
[1849/2875] no-platform   -            MeloMelo Coconut Dessert
[1850/2875] no-platform   -            The Banshee Bar
[1851/2875] no-platform   -            De Los Altos Restaurant
[1852/2875] no-platform   -            Afghan Table
[1853/2875] no-platform   -            Bean Sprouts
[1854/2875] wrong-branch  slice        Famous Famiglia
[1855/2875] no-platform   -            High Seas Bar
[1856/2875] no-platform   -            Don Ramon Méxican and sea food
[1857/2875] no-platform   -            Griffin Grind
[1858/2875] no-platform   -            Nicolosi's Pizza (Mira Lee Way)
[1859/2875] no-platform   -            Vella Brasserie
[1860/2875] no-platform   -            Modern Times Coffee
[1861/2875] needs-browser Square Online (own domain) The Mighty Bean Coffee Co.
[1862/2875] no-platform   -            The Reading Club
[1863/2875] no-platform   -            Buffet House
[1864/2875] no-platform   -            Health Center Deli
[1865/2875] no-platform   -            El Puerto Taco Shop
[1866/2875] no-platform   -            La Sierra Cafe
[1867/2875] no-platform   -            Bonny's Cafe
[1868/2875] no-platform   -            Por Vida
[1869/2875] no-platform   -            Fasia Buffet
[1870/2875] no-platform   -            The Best Donuts
[1871/2875] no-platform   -            Nrgize
[1872/2875] no-platform   -            Paul's Place
[1873/2875] no-platform   -            Señor Pancho Mexican Grill
[1874/2875] no-platform   -            Jeong Won BBQ Buffet
[1875/2875] no-platform   -            VanDough French Bakery
[1876/2875] no-platform   -            Hilberto's Mexican Food
[1877/2875] no-platform   -            Saray Restaurant Charcoal Grill
[1878/2875] no-platform   -            El Ranchero Taco Shop
[1879/2875] no-platform   -            Germán Seafood Food Truck
[1880/2875] no-platform   -            Mr Pho
[1881/2875] no-platform   -            Niban Japanese Restaurant
[1882/2875] no-platform   -            Franks Mexican Grill
[1883/2875] no-platform   -            Birrieria y menuderia Guadalajara
[1884/2875] no-platform   -            Mi Rancho Market
[1885/2875] no-platform   -            Plaza Donuts
[1886/2875] no-platform   -            Triple Crown Pub
[1887/2875] no-platform   -            Kesling's Kitchen
[1888/2875] no-platform   -            La India Bonita
[1889/2875] no-platform   -            Kotija Taco Shop Mexican Food
[1890/2875] no-platform   -            Tavos Tacos n Beer
[1891/2875] no-platform   -            D-K-Che Fruteria
[1892/2875] no-platform   -            LA MALCRIADA BIRRIERIA
[1893/2875] no-platform   -            Mariscos Fili La Carreta
[1894/2875] no-platform   -            Dolche cafe/ Mexifood
[1895/2875] no-platform   -            Beijing Express
[1896/2875] no-platform   -            Pho46 & Banh Mi
[1897/2875] no-platform   -            Estrada's Taco Shop
[1898/2875] no-platform   -            O B Donuts
[1899/2875] no-platform   -            Tekila Cocina Mexicana
[1900/2875] no-platform   -            Mr Holy Gao
[1901/2875] no-platform   -            Nice Food Restaurant
[1902/2875] no-platform   -            Terzo Bakery & Cafe
[1903/2875] no-platform   -            Chitos Taco Shop
[1904/2875] no-platform   -            Veronica's Kitchen
[1905/2875] no-platform   -            Taqueria Revolución
[1906/2875] no-platform   -            Arrieros
[1907/2875] no-platform   -            Dannys Palm Bar and Grill
[1908/2875] no-platform   -            Cafecito on Palm
[1909/2875] no-platform   -            Juan Bertos Mexican Food
[1910/2875] no-platform   -            Margarita’s
[1911/2875] no-platform   -            Pho 4 Queen
[1912/2875] no-platform   -            The Salty Frog Bar
[1913/2875] no-platform   -            Yogurt Barn
[1914/2875] no-platform   -            Elena's French Crepes Cafe & Peet's Coffee
[1915/2875] no-platform   -            Meshuggah Shack
[1916/2875] no-platform   -            LAS UVAS TEJUINO LA DONA
[1917/2875] no-platform   -            Bravo's Taco Shop
[1918/2875] no-platform   -            Wicked Poke
[1919/2875] no-platform   -            Cow Shed Bar and Grill
[1920/2875] no-platform   -            Pho Anh & Grill
[1921/2875] no-platform   -            Chico's Restaurant
[1922/2875] no-platform   -            Wahine Kai Shave Ice
[1923/2875] no-platform   -            Orlando's Taco Shop
[1924/2875] no-platform   -            Mikki's Cafe
[1925/2875] no-platform   -            Los Reyes Mexican Food
[1926/2875] no-platform   -            Apple Country Restaurants
[1927/2875] no-platform   -            The Break Room
[1928/2875] no-platform   -            PHOnomenal
[1929/2875] no-platform   -            Tacos Oasis
[1930/2875] no-platform   -            La Rosa Giant Pizza
[1931/2875] no-platform   -            Sunrise Deli & Grill
[1932/2875] no-platform   -            Jilberto's
[1933/2875] no-platform   -            Tacos El Gordo
[1934/2875] no-platform   -            Faridas
[1935/2875] no-platform   -            Chung Hing
[1936/2875] no-platform   -            Poncho Villa's Mexican Food
[1937/2875] no-platform   -            Lisa's Filipino Cuisine
[1938/2875] no-platform   -            Don Lucio's Mexican Grill
[1939/2875] no-platform   -            The Latin Chef Liberty Station
[1940/2875] no-platform   -            Sub-marine
[1941/2875] no-platform   -            Hilda's Mexican Bakery
[1942/2875] no-platform   -            Swan Bar
[1943/2875] no-platform   -            664 TJ Birriería
[1944/2875] no-platform   -            One More Thats It
[1945/2875] no-platform   -            Mis Cuates Taco Shop
[1946/2875] no-platform   -            San Diego Blenders
[1947/2875] no-platform   -            Panda Chef
[1948/2875] no-platform   -            Super Donuts
[1949/2875] no-platform   -            Starbread Bakery
[1950/2875] no-platform   -            Tj Tortas & Tacos
[1951/2875] no-platform   -            Original Yogurt Shack
[1952/2875] no-platform   -            R&B Filipino Cuisine
[1953/2875] no-platform   -            Pam's Donuts and Frozen Yogurt
[1954/2875] no-platform   -            Lucky Donuts & Deli
[1955/2875] no-platform   -            Rock N Roll Scoops
[1956/2875] no-platform   -            S K's Donuts
[1957/2875] no-platform   -            El Primo Birrieria Mexican cuisine
[1958/2875] no-platform   -            Birriería Y Menudería Guadalajara
[1959/2875] no-platform   -            BLUE NILE Ethiopian market and restaurant
[1960/2875] no-platform   -            Rising Dragon Chinese Restaurant
[1961/2875] no-platform   -            Rosemary & Thyme Cafe
[1962/2875] no-platform   -            The Keep Coffee
[1963/2875] no-platform   -            California Mexican Food
[1964/2875] no-platform   -            6 Grados Coffee
[1965/2875] no-platform   -            Sammy's Mexican Bakery
[1966/2875] no-platform   -            Sawaya Brothers Jr/ Pollo Mex
[1967/2875] no-platform   -            Dia Del Cafe
[1968/2875] no-platform   -            Taquería Imperial Taco Shop
[1969/2875] no-platform   -            Desi's Bar & Grill
[1970/2875] no-platform   -            Sky Hookah Lounge
[1971/2875] no-platform   -            Yogurt Express
[1972/2875] no-platform   -            Ringers Cocktails
[1973/2875] no-platform   -            Mi Reyna Tortilleria
[1974/2875] no-platform   -            Heavenly Donuts
[1975/2875] no-platform   -            Tacos El Flaco
[1976/2875] no-platform   -            George's Cafe
[1977/2875] no-platform   -            Golden Donut
[1978/2875] no-platform   -            Scotland Yard Restaurant
[1979/2875] no-platform   -            Tans Donuts
[1980/2875] no-platform   -            R&B Tea San Carlos
[1981/2875] no-platform   -            The Vybe Lounge
[1982/2875] no-platform   -            Chico Club
[1983/2875] no-platform   -            Hello Deli
[1984/2875] no-platform   -            El Tigre Churros Y Platanos
[1985/2875] no-platform   -            Don Jilberto's Mexican Food
[1986/2875] no-platform   -            La Dama y Sus Takonez
[1987/2875] no-platform   -            Wings Mix
[1988/2875] no-platform   -            Crafted Culture
[1989/2875] no-platform   -            Cesar's Taco Shop
[1990/2875] no-platform   -            Gonzales Mess Hall
[1991/2875] no-platform   -            Raymundo's Taco Shop
[1992/2875] no-platform   -            La Cresta Restaurant and Caffé
[1993/2875] no-platform   -            Sorianas Mexican Food
[1994/2875] no-platform   -            Candied Apple Cafe
[1995/2875] no-platform   -            Chamango Mango
[1996/2875] no-platform   -            The Whet Noodle
[1997/2875] no-platform   -            Marvelous Muffins
[1998/2875] no-platform   -            China Fun
[1999/2875] no-platform   -            Maxdon's
[2000/2875] no-platform   -            Manna Restaurant Pancake House And Chinese Fast Food
[2001/2875] no-platform   -            Yogurt Lounge III
[2002/2875] no-platform   -            Panaderia La Buena
[2003/2875] no-platform   -            Caffe Positano, Village
[2004/2875] no-platform   -            Mike's Cocktails
[2005/2875] no-platform   -            Donut Factory
[2006/2875] no-platform   -            garage.79
[2007/2875] no-platform   -            Savoy Donuts
[2008/2875] no-platform   -            Yogurt Palace
[2009/2875] no-platform   -            The Watering Hole
[2010/2875] no-platform   -            Formosa Club
[2011/2875] no-platform   -            Lucita Taco Shop
[2012/2875] no-platform   -            Happy Lemon Del Mar
[2013/2875] no-platform   -            Steph's Donut Hole
[2014/2875] no-platform   -            Fatte's Pizza
[2015/2875] no-platform   -            Nice Food Restaurant
[2016/2875] no-platform   -            14 Area Chow Hall
[2017/2875] no-platform   -            Plantology Cafe
[2018/2875] no-platform   -            Best Donuts
[2019/2875] no-platform   -            Sweet Shoppe
[2020/2875] no-platform   -            Manila Fastfood and Desserts
[2021/2875] no-platform   -            BALBOA PERK, Coffee & Tea
[2022/2875] no-platform   -            Banh Mi Express
[2023/2875] no-platform   -            21 Area Mess Hall
[2024/2875] no-platform   -            Ujin
[2025/2875] no-platform   -            Express Pizza 'N Wings
[2026/2875] no-platform   -            Chico's Panaderia
[2027/2875] no-platform   -            Tijuanero By Tijuanazo - Little Italy
[2028/2875] no-platform   -            Mi Taco Shop
[2029/2875] no-platform   -            Las Morelias
[2030/2875] no-platform   -            Spring Valley Inn
[2031/2875] no-platform   -            Gualberto's Taco Shop
[2032/2875] no-platform   -            El Huarache Taco Shop
[2033/2875] no-platform   -            Growing Edge Coffee & Community
[2034/2875] no-platform   -            Coal Bros Taqueria
[2035/2875] no-platform   -            Mike's Giant New York Pizza
[2036/2875] no-platform   -            33 Area Chow Hall
[2037/2875] no-platform   -            BaBa Ice Cream
[2038/2875] no-platform   -            Bonsall Donut House
[2039/2875] no-platform   -            e•'lo•te
[2040/2875] no-platform   -            Manka Peruvian Cuisine
[2041/2875] no-platform   -            Circus Ma'am Ice Cream
[2042/2875] no-platform   -            The Cardiff Office
[2043/2875] no-platform   -            Tuétano Taquería
[2044/2875] no-platform   -            Supreme Donuts
[2045/2875] no-platform   -            Bakery Corner Donuts
[2046/2875] no-platform   -            On the Rocks Cocktails
[2047/2875] no-platform   -            A1 sports Bar
[2048/2875] no-platform   -            La Pesca Cevichería Baja
[2049/2875] no-platform   -            Heritage
[2050/2875] no-platform   -            Calico's
[2051/2875] no-platform   -            Muir Coffee House
[2052/2875] no-platform   -            Dcs Across The Street
[2053/2875] no-platform   -            Paleteria La Michoacana
[2054/2875] no-platform   -            Noemas Tex Mex cuisine
[2055/2875] no-platform   -            La Mexican Fiesta
[2056/2875] no-platform   -            Panda Restaurant
[2057/2875] no-platform   -            Martini Hall 53
[2058/2875] no-platform   -            Deli Mart
[2059/2875] no-platform   -            Foster's Family Donouts
[2060/2875] no-platform   -            Plume & Brew Coffee
[2061/2875] no-platform   -            Immersion Coffee
[2062/2875] no-platform   -            Judy's Deli
[2063/2875] no-platform   -            Sportsmans Pub
[2064/2875] no-platform   -            Morada Restaurant Rancho Santa Fe
[2065/2875] no-platform   -            Lollicup Tea Zone
[2066/2875] no-platform   -            Hilberto's Mexican Food
[2067/2875] no-platform   -            YOHED COFFEE
[2068/2875] no-platform   -            The coffee machine
[2069/2875] no-platform   -            Julian Pit Stop
[2070/2875] no-platform   -            Chico's Bakery
[2071/2875] no-platform   -            Taste of African Cuisine
[2072/2875] no-platform   -            Papayas Juice Bar
[2073/2875] no-platform   -            The Round Up Grill
[2074/2875] no-platform   -            Yogurt Barn
[2075/2875] no-platform   -            Euros Hookah Lounge
[2076/2875] no-platform   -            Oceanside Donut
[2077/2875] no-platform   -            West Pac Noodle Bar
[2078/2875] no-platform   -            Donut star
[2079/2875] no-platform   -            Super Donuts #2
[2080/2875] no-platform   -            Fresh Donuts
[2081/2875] no-platform   -            DJ's Pizza Express
[2082/2875] no-platform   -            Donut Stop
[2083/2875] no-platform   -            Jessie's Bake Shop
[2084/2875] no-platform   -            La Nueva Mexican Bakery
[2085/2875] no-platform   -            664 TJ Birriería
[2086/2875] no-platform   -            mammys coffee
[2087/2875] no-platform   -            Mi Amigo Restaurant and bakery
[2088/2875] no-platform   -            La Especial
[2089/2875] no-platform   -            Summer's Deli & Catering
[2090/2875] no-platform   -            TJ birrierria 664 #4
[2091/2875] no-platform   -            La Barca - Mexican Seafood and Craft Cocktails
[2092/2875] no-platform   -            Wild Wooly's Saloon
[2093/2875] no-platform   -            Pansang's Filipino Cuisine
[2094/2875] no-platform   -            Lycha Tea, Coffee & Desserts
[2095/2875] no-platform   -            SeaTaco
[2096/2875] no-platform   -            Sunset Café
[2097/2875] no-platform   -            Bakery
[2098/2875] no-platform   -            California Kumpir
[2099/2875] no-platform   -            Vegan Tacos SD
[2100/2875] no-platform   -            TJ Birrieria
[2101/2875] no-platform   -            La Cochinita
[2102/2875] no-platform   -            Pearson Deli
[2103/2875] no-platform   -            The Shop Cafe Barrio Logan
[2104/2875] no-platform   -            Hacienda Jamul
[2105/2875] no-platform   -            Purebowl
[2106/2875] no-platform   -            Cardiff By The Sea Buisness District
[2107/2875] no-platform   -            It's in the Filling!
[2108/2875] no-platform   -            La Michoacana Ice Cream Shop
[2109/2875] no-platform   -            Java Shack
[2110/2875] no-platform   -            Tasty Bakery
[2111/2875] no-platform   -            Feliz Coffee Club
[2112/2875] no-platform   -            TORI CAFE
[2113/2875] no-platform   -            Taqueria y mariscos el kiki
[2114/2875] no-platform   -            Chief's Da Tiki Bar
[2115/2875] no-platform   -            Queenstage Coffee House
[2116/2875] no-platform   -            Fresh Catch Fish Market & Grill
[2117/2875] no-platform   -            Olive Oil Cafe
[2118/2875] no-platform   -            Nahomie's Cafe & Deli
[2119/2875] no-platform   -            PARA
[2120/2875] no-platform   -            Danish & Donuts
[2121/2875] no-platform   -            Birrieria la Loteria
[2122/2875] no-platform   -            Stadium Club
[2123/2875] no-platform   -            Seaside Yogurt
[2124/2875] no-platform   -            Yomie's Rice x Yogurt
[2125/2875] no-platform   -            Donuts N Things
[2126/2875] no-platform   -            Club 13
[2127/2875] no-platform   -            Asian Kitchen
[2128/2875] no-platform   -            Jitters Espresso
[2129/2875] no-platform   -            Cafecito on Seacoast
[2130/2875] no-platform   -            Cafe des Artistes
[2131/2875] no-platform   -            Executive Friendship Deli
[2132/2875] no-platform   -            Mayra's Bakery
[2133/2875] no-platform   -            Plaza Donuts & Yogurt
[2134/2875] no-platform   -            Cilantro's Mexican Food,
[2135/2875] no-platform   -            Donut Pantry
[2136/2875] no-platform   -            Lemon Grove Bakery
[2137/2875] no-platform   -            Donut World
[2138/2875] no-platform   -            Dubai Cafe
[2139/2875] no-platform   -            ESSNTL Coffee
[2140/2875] no-platform   -            Chiquibaby's Bar
[2141/2875] no-platform   -            Mr Donuts
[2142/2875] no-platform   -            Burritos Luna
[2143/2875] no-platform   -            Raspados Michoacan
[2144/2875] no-platform   -            Brick 95
[2145/2875] no-platform   -            El Cevichero PB
[2146/2875] no-platform   -            Tamales Brenda's
[2147/2875] no-platform   -            Great Happiness
[2148/2875] no-platform   -            Wasa Sushi Bar
[2149/2875] no-platform   -            Champs Korean Bbq
[2150/2875] no-platform   -            Cristallo Cafe
[2151/2875] no-platform   -            Pacific lounge
[2152/2875] no-platform   -            SweetLife on 3rd
[2153/2875] no-platform   -            The Iconic Coffee Club
[2154/2875] no-platform   -            San Diego Bakery & Café
[2155/2875] no-platform   -            Ho Won Express
[2156/2875] no-platform   -            Bakin' it Up Collective - An Artisan Bakery
[2157/2875] no-platform   -            Los Tapatios Mexican Food
[2158/2875] no-platform   -            Don Munchies SD
[2159/2875] no-platform   -            Tommy V's Pizzeria
[2160/2875] no-platform   -            E.S.B. Cafe
[2161/2875] no-platform   -            Mango Mania Frutas & More
[2162/2875] no-platform   -            Tram Chim - Live King Crab
[2163/2875] no-platform   -            Mariscos La Reyna del Sur
[2164/2875] no-platform   -            Audrey's Café
[2165/2875] no-platform   -            CORAL SPORTS BAR
[2166/2875] no-platform   -            El Rinconcito Taco Shop
[2167/2875] no-platform   -            Dr. Juice
[2168/2875] no-platform   -            Tacos El Orejas
[2169/2875] no-platform   -            Trining’s Bakery & Cafe National City
[2170/2875] no-platform   -            Tacos AlPastor Spring Valley
[2171/2875] no-platform   -            Yum Yum Yo Frozen Yogurt/Sandwiches/Boba
[2172/2875] no-platform   -            Cup 'n Go
[2173/2875] no-platform   -            Birria Blvd
[2174/2875] no-platform   -            Barrio Street Tacos
[2175/2875] no-platform   -            Camden Food Co.
[2176/2875] no-platform   -            Java Time
[2177/2875] no-platform   -            Gold Soul Coffee
[2178/2875] no-platform   -            Family Golden Palace
[2179/2875] no-platform   -            El Jefes Taco Shop
[2180/2875] no-platform   -            AWOL
[2181/2875] no-platform   -            Harbor Island Deli & Spirits
[2182/2875] no-platform   -            Vinum Locus
[2183/2875] no-platform   -            Cui Daore
[2184/2875] no-platform   -            The Parks Cafe
[2185/2875] no-platform   -            Okayama Steakhouse
[2186/2875] no-platform   -            Bedda
[2187/2875] no-platform   -            Layali nights lounge
[2188/2875] no-platform   -            Layali nights lounge
[2189/2875] no-platform   -            My Cup of Tea Unique Gifts
[2190/2875] no-platform   -            Da Nang Restaurant and Cafe
[2191/2875] no-platform   -            Rancho Roasters
[2192/2875] no-platform   -            Bean Me Up Coffee
[2193/2875] no-platform   -            Heavy's Smokehouse
[2194/2875] no-platform   -            Very Tasty Coffee
[2195/2875] no-platform   -            La Isla Neveria
[2196/2875] no-platform   -            La Barbacoa Autentica De Borrego
[2197/2875] no-platform   -            Arc & Kin
[2198/2875] no-platform   -            Carnitas La Caldera
[2199/2875] no-platform   -            Village Tacos
[2200/2875] no-platform   -            Encinitas Donut House
[2201/2875] no-platform   -            The Tin Scoop
[2202/2875] no-platform   -            Frutas Frescas
[2203/2875] no-platform   -            Yakitori Tsuta
[2204/2875] no-platform   -            ESB Coffee
[2205/2875] no-platform   -            Marcella June's Coffee Lounge
[2206/2875] no-platform   -            Locally Toasted Delicatessen
[2207/2875] no-platform   -            Saigon Corner
[2208/2875] no-platform   -            Blend & Bite Cafe
[2209/2875] no-platform   -            Stage stop pizza
[2210/2875] no-platform   -            Viche Marina Deli & Coffee
[2211/2875] no-platform   -            The Yogo, Handcrafted Ice Cream & Desserts
[2212/2875] no-platform   -            Pepita's Cafe
[2213/2875] no-platform   -            Sinbad Restaurant And Lounge
[2214/2875] no-platform   -            Los sushi lovers
[2215/2875] no-platform   -            Honey Banana
[2216/2875] no-platform   -            Cafe Dawny
[2217/2875] no-platform   -            Tokyo Express
[2218/2875] no-platform   -            Awesome Jamaican Jerk Wings by Laylahs
[2219/2875] no-platform   -            Taqueria Don Chamango
[2220/2875] no-platform   -            Balboa Bakery
[2221/2875] no-platform   -            Pan paulitas mexican bakery
[2222/2875] no-platform   -            Polanco Kitchen & Bar
[2223/2875] no-platform   -            Veterans of Foriegn Wars Post 9327
[2224/2875] no-platform   -            The Library Coffee Shop
[2225/2875] no-platform   -            Linda Vista Market
[2226/2875] no-platform   -            Teo's Kitchen
[2227/2875] no-platform   -            KD's Donuts
[2228/2875] no-platform   -            El Primo Birrieria Taco Truck
[2229/2875] no-platform   -            Green Light Cafe & Deli
[2230/2875] no-platform   -            Rancho's Taco Shop And Seafood
[2231/2875] no-platform   -            DACAFÉ
[2232/2875] no-platform   -            Sandwich Co.
[2233/2875] no-platform   -            Larisa's Mexican Bakery
[2234/2875] no-platform   -            Hector's Taco Shop & Fruteria
[2235/2875] no-platform   -            Shelly's Deli
[2236/2875] no-platform   -            Seoul Street
[2237/2875] no-platform   -            Aurora's Bakery
[2238/2875] no-platform   -            Jimmy's Cafe & Pub
[2239/2875] no-platform   -            BARESSITO ANTRO BAR
[2240/2875] no-platform   -            Made in Chinaloa
[2241/2875] no-platform   -            Roselys Eats and Sweets
[2242/2875] no-platform   -            Menuderia Y Taqueria El Flako
[2243/2875] no-platform   -            Over The Border
[2244/2875] no-platform   -            Sandok Filipino Cuisine
[2245/2875] no-platform   -            1904 Street Dogs
[2246/2875] no-platform   -            Old Town Ice Cream
[2247/2875] no-platform   -            Akari Sushi
[2248/2875] no-platform   -            Tortas Tj
[2249/2875] no-platform   -            Weapon Ramen Liberty Public Market
[2250/2875] no-platform   -            Doh Doh Coffee
[2251/2875] no-platform   -            Caffe Positano, Fairbanks
[2252/2875] no-platform   -            Golden Spoon Frozen Yogurt
[2253/2875] no-platform   -            Sea Ridge Coffee
[2254/2875] no-platform   -            Tacos Minali
[2255/2875] no-platform   -            The Cookie Opera
[2256/2875] no-platform   -            Isabela’s Mexican food
[2257/2875] no-platform   -            22 Area Galley
[2258/2875] no-platform   -            Autentica Comida Oaxaquena
[2259/2875] no-platform   -            La Cucina di Silvana
[2260/2875] no-platform   -            Sonora Steak Asadero El Prieto #13
[2261/2875] no-platform   -            LA MICHOACANA SON MEX OF POWAY
[2262/2875] no-platform   -            Mr. Manitas Taco Bar and Fruteria
[2263/2875] no-platform   -            Panadería El Trigal
[2264/2875] no-platform   -            Water Store
[2265/2875] no-platform   -            Jason's Courtyard Cafe
[2266/2875] no-platform   -            The coffee machine
[2267/2875] no-platform   -            EL PASO TACO SHOP
[2268/2875] no-platform   -            El Uno Bar
[2269/2875] no-platform   -            Notorious Barbecue
[2270/2875] no-platform   -            Logan Inn
[2271/2875] no-platform   -            Pink Donuts
[2272/2875] no-platform   -            Birrieria La Vaquita
[2273/2875] no-platform   -            TG Cafe
[2274/2875] no-platform   -            Casa Del Lobo
[2275/2875] no-platform   -            Javier’s Mexican Food
[2276/2875] no-platform   -            Rancho Roasters
[2277/2875] no-platform   -            Smoke and Salt Restaurant
[2278/2875] no-platform   -            Boba Life La Mesa
[2279/2875] no-platform   -            La Michoacana Ice Cream
[2280/2875] no-platform   -            Mood ALsham restaurant
[2281/2875] no-platform   -            The Pocket Pool & Bar
[2282/2875] no-platform   -            Sara's Bakery
[2283/2875] no-platform   -            Aalami Restaurant - Somali Cuisine
[2284/2875] no-platform   -            Franco's Flapjack
[2285/2875] no-platform   -            Lizs Cocina
[2286/2875] no-platform   -            De La Torre Cenaduria
[2287/2875] no-platform   -            Cafecito at EPOCA
[2288/2875] no-platform   -            Ramen Girl
[2289/2875] no-platform   -            La Cocina De Chata
[2290/2875] no-platform   -            Acai Roots
[2291/2875] no-platform   -            Tasty Buds LLC
[2292/2875] no-platform   -            Mariscos Guille
[2293/2875] no-platform   -            Ortiz Bakery
[2294/2875] no-platform   -            Ana’s Fruit & Deli
[2295/2875] no-platform   -            Cafe Del Mar
[2296/2875] no-platform   -            Las Delicias de Alicia
[2297/2875] no-platform   -            Pines
[2298/2875] no-platform   -            Taquería Imperial Taco Shop
[2299/2875] no-platform   -            The Galley
[2300/2875] no-platform   -            Coastal Coffee - Scripps Memorial Hospital
[2301/2875] no-platform   -            Las Ranas Lonchera Mariscos
[2302/2875] no-platform   -            Tacos el uzzi
[2303/2875] no-platform   -            Dubu San Diego Tofu Company
[2304/2875] no-platform   -            Hot Blend Café
[2305/2875] no-platform   -            Wow Donuts
[2306/2875] no-platform   -            Taco de Ojo Sports Cantina
[2307/2875] no-platform   -            Black Sea Cafe & Market
[2308/2875] no-platform   -            El Camaron Negro
[2309/2875] no-platform   -            Rising Sun Sushi
[2310/2875] no-platform   -            Koakai Brewing Co.
[2311/2875] no-platform   -            Cacio
[2312/2875] no-platform   -            Erlene's Family Style Cuisine
[2313/2875] no-platform   -            La Espiga de Oro Mexican Bakery
[2314/2875] no-platform   -            San Diego Beer House
[2315/2875] no-platform   -            Tus Chefs Favoritas
[2316/2875] no-platform   -            Family Tacos
[2317/2875] no-platform   -            Al Chile Mexican Food
[2318/2875] no-platform   -            Manila Bistro
[2319/2875] no-platform   -            Tlaloc Deli
[2320/2875] no-platform   -            EL SAZON DE MAMA
[2321/2875] no-platform   -            Rey Tj Burger's San Diego
[2322/2875] no-platform   -            Pinoy Express Fastfood
[2323/2875] no-platform   -            FENIX LOUNGE
[2324/2875] no-platform   -            The Other Side Bar and Grill
[2325/2875] no-platform   -            Tortillas De Harina El Trigal
[2326/2875] no-platform   -            Macy's Cafe at Fashion Valley
[2327/2875] no-platform   -            La Chalupa Mariscos #2 Food Truck
[2328/2875] no-platform   -            Xicanitos
[2329/2875] no-platform   -            Fruit
[2330/2875] no-platform   -            Lizzie's Cake Couture
[2331/2875] no-platform   -            Downtown cafe pizza
[2332/2875] no-platform   -            Kikos Place cantina
[2333/2875] no-platform   -            Chula Tacos Taquerias
[2334/2875] no-platform   -            Perk Social
[2335/2875] no-platform   -            Marina Kitchen at Mariott Marquis
[2336/2875] no-platform   -            Maple Tree Coffee
[2337/2875] no-platform   -            The Café at Alma San Diego
[2338/2875] no-platform   -            Cali Cafe
[2339/2875] no-platform   -            El Kafecito
[2340/2875] no-platform   -            Louisiana Banana Pudding
[2341/2875] no-platform   -            Korean Bingsoo Cafe
[2342/2875] no-platform   -            Juicers
[2343/2875] no-platform   -            Beaudevin
[2344/2875] no-platform   -            J-Town Grab and Go
[2345/2875] no-platform   -            Smash’d Burgers
[2346/2875] no-platform   -            Rita's of Mission Hills
[2347/2875] no-platform   -            La Flor Bakery
[2348/2875] no-platform   -            Uphori Cafe
[2349/2875] no-platform   -            Verde Kitchen & Bar
[2350/2875] no-platform   -            Noodle Bowl and dumplings
[2351/2875] no-platform   -            D's Coffee
[2352/2875] no-platform   -            Rapido Y Sabroso Taco Truck
[2353/2875] no-platform   -            The Propeller Bar and Grill
[2354/2875] no-platform   -            Star Gazer Club
[2355/2875] no-platform   -            Pho On The Go
[2356/2875] no-platform   -            Coffee Shop
[2357/2875] no-platform   -            Clayton's Galley
[2358/2875] no-platform   -            Valerio's Bakehouse
[2359/2875] no-platform   -            La Patrona
[2360/2875] no-platform   -            Smash Bacon
[2361/2875] no-platform   -            Goodspot
[2362/2875] no-platform   -            Jue Wei food
[2363/2875] no-platform   -            Candy's Boom Boom Room
[2364/2875] no-platform   -            Burritos Salomè
[2365/2875] no-platform   -            Meal and Munch
[2366/2875] no-platform   -            Bethlehem Baking Co.
[2367/2875] no-platform   -            Skinny Jake Smokehouse
[2368/2875] no-platform   -            Taiyo
[2369/2875] no-platform   -            Burger Kitchen
[2370/2875] no-platform   -            SWEET & SPICY SD LLC
[2371/2875] no-platform   -            Front Street Sweet Shack
[2372/2875] no-platform   -            Tacos la Guera
[2373/2875] no-platform   -            Chupacabras taco shop
[2374/2875] no-platform   -            Daniel's West
[2375/2875] no-platform   -            Cedar Rose
[2376/2875] no-platform   -            Ranas Hotdogs & Hamburgers
[2377/2875] no-platform   -            The Meantime
[2378/2875] no-platform   -            La Perla del Pacífico
[2379/2875] no-platform   -            Miguel’s Street Tacos
[2380/2875] no-platform   -            Marina Market and Café
[2381/2875] no-platform   -            Freeze Gourmet
[2382/2875] no-platform   -            Guau Guau Taza de Cafe
[2383/2875] no-platform   -            Bayside Bar
[2384/2875] no-platform   -            Rapha Tea
[2385/2875] no-platform   -            Cup of Bloom La Jolla
[2386/2875] no-platform   -            Bailey House
[2387/2875] no-platform   -            Alberto's
[2388/2875] no-platform   -            Chinese Cuisine
[2389/2875] no-platform   -            Barbas Mexican Food
[2390/2875] no-platform   -            Tacos El Unico
[2391/2875] no-platform   -            La Creperia Nutilda
[2392/2875] no-platform   -            The Honey Pot
[2393/2875] no-platform   -            Yesenia’s Mexican Food
[2394/2875] no-platform   -            Thai Style Kitchen Oceanside
[2395/2875] no-platform   -            El Rinconcito Sinaloense Antojitos
[2396/2875] no-platform   -            MJ's Eatery Philly Cheesesteaks and more
[2397/2875] no-platform   -            Pikolinas
[2398/2875] no-platform   -            Authentic Mexican Bakery
[2399/2875] no-platform   -            Puerta Del Cielo Mexican Foods-Food Truck
[2400/2875] no-platform   -            Grill chicken Linda vista
[2401/2875] no-platform   -            Vega’s Kitchen
[2402/2875] no-platform   -            El Chile pelais del Flaco
[2403/2875] no-platform   -            Tacos puebla
[2404/2875] no-platform   -            Taco truck
[2405/2875] no-platform   -            Island Style Sushi
[2406/2875] no-platform   -            La Morena del Fuego
[2407/2875] no-platform   -            New Name Club
[2408/2875] no-platform   -            Soulsip
[2409/2875] no-platform   -            7 Marcelos Mexican Cafe
[2410/2875] no-platform   -            Nori Japan
[2411/2875] no-platform   -            taco de ojo sports cantina
[2412/2875] no-platform   -            El Mejor Taco Avapor
[2413/2875] no-platform   -            "LAS CAZUELITAS" Home made Mexican food
[2414/2875] no-platform   -            Shrimp on a Skateboard Mariscos
[2415/2875] no-platform   -            Da Good Vibes Eats
[2416/2875] no-platform   -            Bello’s Tacos and Burritos
[2417/2875] no-platform   -            Brunette Social Sports Bar
[2418/2875] no-platform   -            AY MI MAZATLÁN
[2419/2875] no-platform   -            Vivant Bistro & Craft Bar
[2420/2875] no-platform   -            701 FOOD
[2421/2875] no-platform   -            117° West Spirits
[2422/2875] no-platform   -            Taco Stand
[2423/2875] no-platform   -            Rodeó's Cocina Mexican Restaurant
[2424/2875] no-platform   -            Filipino Lumpia
[2425/2875] no-platform   -            El Puerquito Hard Frescas
[2426/2875] no-platform   -            Mariscos y Birrieria El Compa Güero
[2427/2875] no-platform   -            El Sonorense Taco Shop
[2428/2875] no-platform   -            Food Truck
[2429/2875] no-platform   -            Mariscos la baja mar y fuego
[2430/2875] no-platform   -            Comida China
[2431/2875] no-platform   -            It's Raw Poke Truck
[2432/2875] no-platform   -            Balboa's Grill House
[2433/2875] no-platform   -            Sushi ki To
[2434/2875] no-platform   -            9th Hole Snack Shop
[2435/2875] no-platform   -            HOTDOGS SINALOA 619
[2436/2875] no-platform   -            Quick Meal Deal Hunterz
[2437/2875] no-platform   -            El Ostion Mariscos
[2438/2875] no-platform   -            El Peruano Grill
[2439/2875] no-platform   -            Larry's Birria
[2440/2875] no-platform   -            Tacos delicioso
[2441/2875] no-platform   -            Quel & Tito's Food Shack
[2442/2875] no-platform   -            FIFTEEN 360
[2443/2875] no-platform   -            Gourmet @ Culinary Outlook
[2444/2875] no-platform   -            City Chopped Cheese
[2445/2875] no-platform   -            Pollos Asados Goyos
[2446/2875] no-platform   -            Kevin's Convenience Stand
[2447/2875] no-platform   -            Myung Ka Korean Food
[2448/2875] no-platform   -            Tacos Los Carnales
[2449/2875] no-platform   -            Squishys619
[2450/2875] no-platform   -            HomeMeals
[2451/2875] no-platform   -            La catrachita
[2452/2875] no-platform   -            Tacos "El Moy"
[2453/2875] no-platform   -            Sliderz & Mo'
[2454/2875] no-platform   -            Taqueria Los Panchos
[2455/2875] no-platform   -            Premier Food Services
[2456/2875] no-platform   -            Galley
[2457/2875] no-platform   -            El Taco Latino
[2458/2875] no-platform   -            Tacos Loco's
[2459/2875] no-platform   -            Cassara Kitchen & Bar
[2460/2875] no-platform   -            Tamales Landa
[2461/2875] no-platform   -            Marisol's Pie Shop
[2462/2875] no-platform   -            Sushi Love
[2463/2875] no-platform   -            Kim's House
[2464/2875] no-platform   -            La Casa de Don Juan
[2465/2875] no-platform   -            Arrieros Tacos ¡Hecho está!
[2466/2875] no-platform   -            Oishii Sushi Bar
[2467/2875] no-platform   -            YakiroSushi
[2468/2875] no-platform   -            Babylon Restaurant
[2469/2875] no-platform   -            Baba Coffee Mobile
[2470/2875] no-platform   -            Food Pavilion
[2471/2875] no-platform   -            Mariscos La Baja Food Truck
[2472/2875] no-platform   -            Berta & Odina's Food Truck
[2473/2875] no-platform   -            Vero's Sweet Bakeshop
[2474/2875] no-platform   -            Raspabros
[2475/2875] no-platform   -            Techy Cafe Chula Vista
[2476/2875] no-platform   -            Kneading Love Micro Bakery
[2477/2875] no-platform   -            HomemadebyNashae
[2478/2875] no-platform   -            Sabor Michoacán
[2479/2875] no-platform   -            Tacos el jefe
[2480/2875] no-platform   -            Cafe Pho
[2481/2875] no-platform   -            Bread of Life Bakes
[2482/2875] no-platform   -            Coca Cola Market
[2483/2875] no-platform   -            Bakery San Jorge
[2484/2875] no-platform   -            Cozy Crumble Cottage Bakery
[2485/2875] no-platform   -            Omas Delectables
[2486/2875] no-platform   -            Sweetheart farms
[2487/2875] no-platform   -            The Beekeeper's Oven Farmstand - Santa Ysabel
[2488/2875] no-platform   -            Sweet Rose Cottage Bakery, LLC
[2489/2875] no-platform   -            CottageKitchen
[2490/2875] no-platform   -            Beach Cuisine Inc
[2491/2875] no-platform   -            Eryan Sweets
[2492/2875] no-platform   -            Ramen Goddess
[2493/2875] no-platform   -            Sattellite Bites
[2494/2875] no-platform   -            Tacos de corazón
[2495/2875] no-platform   -            Yute Keto Bakery
[2496/2875] no-platform   -            La Vuelta Club
[2497/2875] no-platform   -            La Michoacana Elite
[2498/2875] no-platform   -            Cups Coffee Cart
[2499/2875] no-platform   -            DAYGO Brunch’N
[2500/2875] no-platform   -            Americana Restaurant
[2501/2875] no-platform   -            Lumière Café San Diego
[2502/2875] no-platform   -            Romo Baker and general store
[2503/2875] no-platform   -            Little Frosty’s
[2504/2875] no-platform   -            SHOR
[2505/2875] no-platform   -            Rooster Ramen
[2506/2875] no-platform   -            Rooster Ramen
[2507/2875] no-platform   -            Shibari
[2508/2875] no-platform   -            Higher Grounds Coffee
[2509/2875] no-platform   -            The Cow Shed Bar and Grill
[2510/2875] no-platform   -            Coffee & Smoothies
[2511/2875] no-platform   -            No excuse income
[2512/2875] no-platform   -            Ximena
[2513/2875] no-platform   -            Wednesday Cake
[2514/2875] no-platform   -            CHI
[2515/2875] no-platform   -            Mama’s Cucina Italiana
[2516/2875] no-platform   -            Zoe’s Place Bakery
[2517/2875] no-platform   -            Gilbeys Cocktail Lounge
[2518/2875] no-platform   -            Pop-up Tacos
[2519/2875] no-platform   -            Panderia Bakery
[2520/2875] no-platform   -            Wash mobile
[2521/2875] no-platform   -            Five Loaves Sourdough Co.
[2522/2875] no-platform   -            Nature's emporumh
[2523/2875] no-platform   -            La Vendimia de María Tavares
[2524/2875] no-platform   -            Fruity Fruits
[2525/2875] no-platform   -            El Cajon Grand Cocktail Lounge
[2526/2875] no-platform   -            Nimbus Bakery
[2527/2875] no-platform   -            Bonitas Bar and Grill
[2528/2875] no-platform   -            Randolfo's Tacos
[2529/2875] no-platform   -            Barking Deer Pizza & Beer
[2530/2875] no-platform   -            Downtown BBQ
[2531/2875] no-platform   -            The Pony Express Coffee Bar & Drive Thru
[2532/2875] no-platform   -            Pine Valley Java
[2533/2875] no-platform   -            Sweet By Saray
[2534/2875] no-platform   -            Carnitas y Chicharrones Los Marranitos SD #1
[2535/2875] no-platform   -            Bella Bakery Boutique LLC
[2536/2875] no-platform   -            jr sushi
[2537/2875] no-platform   -            Palomar Ice Cream and Candy
[2538/2875] no-platform   -            Smoked Street Tacos
[2539/2875] no-platform   -            Joe's Pizza and Bistro
[2540/2875] no-platform   -            Chimbita
[2541/2875] no-platform   -            Caveman BBQ
[2542/2875] no-platform   -            Birria a Mi Gusto
[2543/2875] no-platform   -            Nespresso Pop-Up
[2544/2875] no-platform   -            Taco’s El Chaparro
[2545/2875] no-platform   -            An's Gelato
[2546/2875] no-platform   -            Mariscos villafaña
[2547/2875] no-platform   -            Bakes By Zena
[2548/2875] no-platform   -            Speak Easy
[2549/2875] no-platform   -            Mesa Cafe
[2550/2875] no-platform   -            Tutu Taco
[2551/2875] no-platform   -            El Paso Bar
[2552/2875] no-platform   -            Cultivated Greens
[2553/2875] no-platform   -            The Bridge Snacks and Refreshments
[2554/2875] no-platform   -            Churro Con Chocolate
[2555/2875] no-platform   -            Club 42 Tequila Bar
[2556/2875] no-platform   -            Seafood and pub
[2557/2875] no-platform   -            La delicia
[2558/2875] no-platform   -            Roxie’s Sweet Bakes & Treats
[2559/2875] no-platform   -            Bincho taco
[2560/2875] no-platform   -            Marla’s Coffee
[2561/2875] no-platform   -            Rainbow Cafe
[2562/2875] no-platform   -            Ramones
[2563/2875] no-platform   -            Out of Towners Bar Grill Lounge
[2564/2875] no-platform   -            Mariscos La Tia
[2565/2875] no-platform   -            Yogen FrÃ¼z
[2566/2875] no-platform   -            COFFEE CRATE
[2567/2875] no-platform   -            OB Tamales and Taqueria
[2568/2875] no-platform   -            Mr. Jalepeno El Burrito Mexicano & more.
[2569/2875] no-platform   -            DeAnza Bar
[2570/2875] no-platform   -            Oasis Bar
[2571/2875] no-platform   -            Sports Lounge & Arcade Bar
[2572/2875] no-platform   -            Ramone's
[2573/2875] no-platform   -            Bavarian Inn
[2574/2875] no-platform   -            Bin Kheer Café
[2575/2875] no-platform   -            Bakery 7
[2576/2875] no-platform   -            C&C Barkery
[2577/2875] no-platform   -            Raspados Aloha 2
[2578/2875] no-platform   -            Fronted
[2579/2875] no-platform   -            Mad Maui BBQ
[2580/2875] no-platform   -            A Piece of Cake
[2581/2875] no-platform   -            Windansea Bar and Grill
[2582/2875] no-platform   -            Boo Boo Sweetz
[2583/2875] no-platform   -            Ice Cream Parlor-Lemon Grove
[2584/2875] no-platform   -            Donburi Kitchen
[2585/2875] no-platform   -            P.B. Wellness Health & Nutrition
[2586/2875] no-platform   -            Cafecito del Monte
[2587/2875] no-platform   -            Six Degrees
[2588/2875] no-platform   -            Repostería Jexana
[2589/2875] no-platform   -            Viva el Cafe
[2590/2875] no-platform   -            Tlaxcala Hectoir's Taco Shop
[2591/2875] no-platform   -            Mission Hills Coffee Company
[2592/2875] no-platform   -            Trolley
[2593/2875] no-platform   -            California Taco Club
[2594/2875] no-platform   -            Frank’s Ice Cream Wholesale
[2595/2875] no-platform   -            Marbella Oyster Bar
[2596/2875] no-platform   -            Jupiter Leucadia
[2597/2875] no-platform   -            Coral Market
[2598/2875] no-platform   -            Rds Log Cabin
[2599/2875] no-platform   -            Ball Three
[2600/2875] no-platform   -            Recognize Cocktails
[2601/2875] no-platform   -            Club Iguana
[2602/2875] no-platform   -            Heros
[2603/2875] no-platform   -            AZTECA SAN DIEGO TACO'S
[2604/2875] no-platform   -            Oscars Cocktail Bar
[2605/2875] no-platform   -            The Coop
[2606/2875] no-platform   -            Porters Grille & BBQ
[2607/2875] no-platform   -            Elbo Rest
[2608/2875] no-platform   -            Molly Malones Sports Tavern
[2609/2875] no-platform   -            Blue Haven
[2610/2875] no-platform   -            The Cove
[2611/2875] no-platform   -            Walters Cafe and Trailer Pk
[2612/2875] no-platform   -            Embassy Room
[2613/2875] no-platform   -            Luckyz Sports Pub
[2614/2875] no-platform   -            Sprinkles Cafe
[2615/2875] no-platform   -            Desi N Friends
[2616/2875] no-platform   -            Gabriel's Taco Stand
[2617/2875] no-platform   -            The Stag Lion
[2618/2875] no-platform   -            El Cotixan Taco Shop
[2619/2875] no-platform   -            Little Owl Coffe & Tea
[2620/2875] no-platform   -            Miramar Fresh Kitchen
[2621/2875] no-platform   -            Oside Shave Ice
[2622/2875] no-platform   -            Birdies Bar and Grill
[2623/2875] no-platform   -            La Perla del Pacífico
[2624/2875] no-platform   -            Canela Bake
[2625/2875] no-platform   -            11th Marines Chow Hall
[2626/2875] no-platform   -            Dieberto's
[2627/2875] no-platform   -            Steves Cabana
[2628/2875] no-platform   -            Island Market
[2629/2875] no-platform   -            Tides
[2630/2875] no-platform   -            Spicy Duck
[2631/2875] no-platform   -            Mimosa
[2632/2875] no-platform   -            Mongus Grill
[2633/2875] no-platform   -            V/ Workout Bar
[2634/2875] no-platform   -            Pikes Iron Wagon Real Pit BBQ
[2635/2875] no-platform   -            The Shine Shack
[2636/2875] no-platform   -            Indigo Pineapple Café
[2637/2875] no-platform   -            College Sub Shop
[2638/2875] no-platform   -            The Patch Coffee
[2639/2875] no-platform   -            Joshways Barbeque
[2640/2875] no-platform   -            Desayunos y Baguettes
[2641/2875] no-platform   -            Leading Edge Cafe
[2642/2875] no-platform   -            Porciones De Dulzura Bakery
[2643/2875] no-platform   -            The Dulzura Cafe%2C
[2644/2875] no-platform   -            Pannakin Coffee & Tea
[2645/2875] no-platform   -            Galley
[2646/2875] no-platform   -            The Bistro Restaurant
[2647/2875] no-platform   -            Panniken
[2648/2875] no-platform   -            Robbie's Roadhouse
[2649/2875] no-platform   -            CC Bakehouse
[2650/2875] no-platform   -            Tortilleria Bakery
[2651/2875] no-platform   -            Fairbanks Coffee Stand
[2652/2875] no-platform   -            Barra 8
[2653/2875] no-platform   -            Izakaya En
[2654/2875] no-platform   -            Tacos Las Huesas
[2655/2875] no-platform   -            Dees Sports Tavern
[2656/2875] no-platform   -            49Er
[2657/2875] no-platform   -            San Diego Creamery
[2658/2875] no-platform   -            Regional My Place
[2659/2875] no-platform   -            Mission Grounds Coffee
[2660/2875] no-platform   -            Kouklas Cafe
[2661/2875] no-platform   -            La Cucharita
[2662/2875] no-platform   -            La Michoacana Ice Cream
[2663/2875] no-platform   -            Cafe Europe
[2664/2875] no-platform   -            Maggie’s Cake Shop
[2665/2875] no-platform   -            Lupita's Mexican Food
[2666/2875] no-platform   -            Ciccicotti’s
[2667/2875] no-platform   -            Casa del Pane
[2668/2875] no-platform   -            JT Bros
[2669/2875] no-platform   -            Ghost tacos downtown
[2670/2875] no-platform   -            The Hearth
[2671/2875] no-platform   -            Rusty Spur Cocktails and Dancing
[2672/2875] no-platform   -            Wolftown
[2673/2875] no-platform   -            Arevalo's Raspados
[2674/2875] no-platform   -            Stone Brewing Company
[2675/2875] no-platform   -            Macan Market
[2676/2875] no-platform   -            The Place
[2677/2875] no-platform   -            1935 Artisan Desserts & Kitchen
[2678/2875] no-platform   -            Blooming Vegans
[2679/2875] no-platform   -            Mickies Suds Room
[2680/2875] no-platform   -            El Picnic Tabel
[2681/2875] no-platform   -            Birria & Mariscos el Zurdo
[2682/2875] no-platform   -            Southbay Cafe & Cantina
[2683/2875] no-platform   -            Mexican Seafood & Grill
[2684/2875] no-platform   -            Sabor A Cielo Sweets
[2685/2875] no-platform   -            Oasis On The Rocks
[2686/2875] no-platform   -            Donut Star
[2687/2875] no-platform   -            House Of Draught No 2
[2688/2875] no-platform   -            Mariscos Seafood
[2689/2875] no-platform   -            Old California Coffee House and Eatery
[2690/2875] no-platform   -            BNCafe
[2691/2875] no-platform   -            Las Palmas
[2692/2875] no-platform   -            KGP Pizza & Grill
[2693/2875] no-platform   -            Hawaiian Shaved Ice
[2694/2875] no-platform   -            Mike’s Sourdough Bakery
[2695/2875] no-platform   -            Takos El Michi
[2696/2875] no-platform   -            Cafe Zzo Coffee Shop and Mini Mart
[2697/2875] no-platform   -            DQ Orange Julius
[2698/2875] no-platform   -            Lush Lounge
[2699/2875] no-platform   -            Pretzel Market
[2700/2875] no-platform   -            Cocinita La Michoacana
[2701/2875] no-platform   -            On Point BBQ
[2702/2875] no-platform   -            Sweet Robin's
[2703/2875] no-platform   -            Poke Point
[2704/2875] no-platform   -            Foundation X
[2705/2875] no-platform   -            Eppig Brewing North Park
[2706/2875] no-platform   -            Natural Delights Juice Bar
[2707/2875] no-platform   -            Sapporo Rock & Roll Sushi
[2708/2875] no-platform   -            Captain's Seafood Gallery
[2709/2875] no-platform   -            Bakery
[2710/2875] no-platform   -            iDessert
[2711/2875] no-platform   -            NA
[2712/2875] no-platform   -            Frost Me Gourmet Cupcakes
[2713/2875] no-platform   -            Cocina Tonalnan
[2714/2875] no-platform   -            SideYard Coffee
[2715/2875] no-platform   -            Walking on Water Cafe
[2716/2875] no-platform   -            MIKAKU sushi and grill
[2717/2875] no-platform   -            Spreckels Sweets And Treats
[2718/2875] no-platform   -            Chicanos Pastries
[2719/2875] no-platform   -            Kaphe Muna
[2720/2875] no-platform   -            Pacific Taco Shop
[2721/2875] no-platform   -            Hungarian bakery
[2722/2875] no-platform   -            Wellspring Tea Room
[2723/2875] no-platform   -            CaliTea
[2724/2875] no-platform   -            Sweet Bean Cafe
[2725/2875] no-platform   -            Koffeeing UP
[2726/2875] no-platform   -            Sunset by the Park
[2727/2875] no-platform   -            McCozy
[2728/2875] no-platform   -            Ettas Place
[2729/2875] no-platform   -            Sourworx
[2730/2875] no-platform   -            Pizzaria, Etc.
[2731/2875] no-platform   -            Eds Cocktail Lounge
[2732/2875] no-platform   -            Lili antojitos and Mexican food Boulevard
[2733/2875] no-platform   -            El Rancho Bar & Grill
[2734/2875] no-platform   -            Neat treats by Rachel
[2735/2875] no-platform   -            The Beekeeper's Oven - Julian
[2736/2875] no-platform   -            AVO Vegan Restaurant
[2737/2875] no-platform   -            El Rancho Grande Bar & Grill
[2738/2875] no-platform   -            The Dining Room
[2739/2875] no-platform   -            Smokehouse Pizza & BBQ
[2740/2875] no-platform   -            Pho PB
[2741/2875] no-platform   -            Sunshine Poke & Sushi Rolls
[2742/2875] no-platform   -            El Cuervo
[2743/2875] no-platform   -            Café VERA
[2744/2875] no-platform   -            Tacos
[2745/2875] no-platform   -            The Sourdough Sweetie
[2746/2875] no-platform   -            Jayda Marie's Bakery
[2747/2875] no-platform   -            Fifty 9 Fifty
[2748/2875] no-platform   -            Bien Hecho Coffee
[2749/2875] no-platform   -            Carniceria Taco Shop
[2750/2875] no-platform   -            (dba) The Wayfarer's Pantry - Cottage Kitchen
[2751/2875] no-platform   -            The Fusion Bistro
[2752/2875] no-platform   -            Tierra Mia Mariscos y Mas
[2753/2875] no-platform   -            Panaderia Rosarito
[2754/2875] no-platform   -            Bonnie's Bread Boutique
[2755/2875] no-platform   -            Reef Lounge Poolside Bar & Grill
[2756/2875] no-platform   -            Taco Lovers
[2757/2875] no-platform   -            Little Vienna
[2758/2875] no-platform   -            Rancho Hookah Lounge
[2759/2875] no-platform   -            Pizzeria
[2760/2875] no-platform   -            Tacos Los Carnales
[2761/2875] no-platform   -            Mariscos El Prieto Express
[2762/2875] no-platform   -            VAQUERO TJ GRILL
[2763/2875] no-platform   -            Sushi In the Ranch
[2764/2875] no-platform   -            Gallopin In
[2765/2875] no-platform   -            Fairbanks Coffee Company
[2766/2875] no-platform   -            Tonkatsu Narikura - Coming Soon
[2767/2875] no-platform   -            Amanda Pandas Bakery
[2768/2875] no-platform   -            K-Bakery
[2769/2875] no-platform   -            The Taco Stop
[2770/2875] no-platform   -            Nooni’s Taco Shop
[2771/2875] no-platform   -            valarias
[2772/2875] no-platform   -            El Patrón Mar y Tierra
[2773/2875] no-platform   -            Sinaloa Fish
[2774/2875] no-platform   -            Mariscos El Paisa
[2775/2875] no-platform   -            The Pagoda
[2776/2875] no-platform   -            Valencia Mexican Food
[2777/2875] no-platform   -            Puffs SD- HomeBased
[2778/2875] no-platform   -            Powder Technology Laboratory Coffee
[2779/2875] no-platform   -            Seafood San Diego
[2780/2875] no-platform   -            Los hotchos del barrio
[2781/2875] no-platform   -            Men-ya Mufu - Coming Soon
[2782/2875] no-platform   -            Hajime Ramen
[2783/2875] no-platform   -            College Corner Cafe
[2784/2875] no-platform   -            Bloomix studio
[2785/2875] no-platform   -            Incredibowl Cafe & Deli
[2786/2875] no-platform   -            Its Cafe Thai
[2787/2875] no-platform   -            CC Bakehouse
[2788/2875] no-platform   -            Taste of Home Cakes and Cupcakes
[2789/2875] no-platform   -            La Sheesh Bar & Grill
[2790/2875] no-platform   -            Parkway Social 619
[2791/2875] no-platform   -            Cafe Pronto
[2792/2875] no-platform   -            Pizza
[2793/2875] no-platform   -            MC's Kitchen
[2794/2875] no-platform   -            Bee's Bread Co
[2795/2875] no-platform   -            Lemonlade
[2796/2875] no-platform   -            Lina's Bakery
[2797/2875] no-platform   -            Teris East
[2798/2875] no-platform   -            Nik's BBQ
[2799/2875] no-platform   -            Rise & Brew Coffee
[2800/2875] no-platform   -            Fox Point Pizza
[2801/2875] no-platform   -            Nouvelle Latin Cuisine
[2802/2875] no-platform   -            Cozy Cat Bakehouse
[2803/2875] no-platform   -            Chamoyess
[2804/2875] no-platform   -            Mar & Fuego
[2805/2875] no-platform   -            Taste of egypt cafe
[2806/2875] no-platform   -            Nutrition Prime Spot
[2807/2875] no-platform   -            Prinkipia Frozen Yogurt
[2808/2875] no-platform   -            Paula Jean's Coffee Bean
[2809/2875] no-platform   -            The Grove Bar & Grill
[2810/2875] no-platform   -            Michele’s Cafe & Galleria
[2811/2875] no-platform   -            Muneca ice cream
[2812/2875] no-platform   -            Dalat Cafe
[2813/2875] no-platform   -            Colors cafe
[2814/2875] no-platform   -            Shack-House
[2815/2875] no-platform   -            Café Bien
[2816/2875] no-platform   -            Cafe East by Eurest
[2817/2875] no-platform   -            Denis’s Bakery
[2818/2875] no-platform   -            Raymundos taco shop
[2819/2875] no-platform   -            Blue Star Cafe
[2820/2875] no-platform   -            Mila's Ice cream & snacks
[2821/2875] no-platform   -            Olga's Food Place
[2822/2875] no-platform   -            Cafe Bella Express
[2823/2875] no-platform   -            Torpedo Grill
[2824/2875] no-platform   -            Tacos De Birria Mayo
[2825/2875] no-platform   -            Mariscos Del Barrio
[2826/2875] no-platform   -            Tacos la ocho
[2827/2875] no-platform   -            Fuego Mediterranean Grill
[2828/2875] no-platform   -            Sweet city creamery
[2829/2875] no-platform   -            La Sirena
[2830/2875] no-platform   -            Moreliana Ice Cream & Restaurant
[2831/2875] no-platform   -            Café Noelle
[2832/2875] no-platform   -            Cafe Rico & Catering LLC
[2833/2875] no-platform   -            Cafecito on Park
[2834/2875] no-platform   -            Madina Delicious Restaurant
[2835/2875] no-platform   -            Society featuring Bubbas BBQ
[2836/2875] no-platform   -            Julie's Desserts & Bakery
[2837/2875] no-platform   -            Las Muñecas tradicional desserts
[2838/2875] no-platform   -            Modern Kabob - Grill & Smoothies
[2839/2875] no-platform   -            Dollshie Coffee
[2840/2875] no-platform   -            Sushi Gaga
[2841/2875] no-platform   -            Taqueria Mucho Toro
[2842/2875] no-platform   -            Dalat Cafe
[2843/2875] no-platform   -            Hafla Platter Inc
[2844/2875] no-platform   -            Arevalo's Bakery
[2845/2875] no-platform   -            Wynola Pizza Express
[2846/2875] no-platform   -            Mission Burger
[2847/2875] no-platform   -            Super Mario's Mexican Food
[2848/2875] no-platform   -            Tantuni Turkish Street Food
[2849/2875] no-platform   -            Donas Bakery and Food to Go
[2850/2875] no-platform   -            Dolce Cafe
[2851/2875] no-platform   -            BAKERY FUENTES
[2852/2875] no-platform   -            AREA DE COMIDA
[2853/2875] no-platform   -            Latte By The Sea
[2854/2875] no-platform   -            Smoothie Caffe
[2855/2875] no-platform   -            DONUTOPOLIS SCRIPPS RANCH VILLAGES
[2856/2875] no-platform   -            National Burrito
[2857/2875] no-platform   -            Santos Cafe Old Town
[2858/2875] no-platform   -            Muscle Bar
[2859/2875] no-platform   -            Chandelier Lounge Cuisine
[2860/2875] no-platform   -            Samba arena cafe
[2861/2875] no-platform   -            Machela
[2862/2875] no-platform   -            Zen Coffee & Deli
[2863/2875] no-platform   -            Duke's Hawaiian Coffee
[2864/2875] no-platform   -            Chimney Nation
[2865/2875] no-platform   -            Chimney Nation
[2866/2875] no-platform   -            Los 3 Animales Taqueria
[2867/2875] no-platform   -            Yeeha Boba
[2868/2875] no-platform   -            The Nutrition Checkpoint
[2869/2875] no-platform   -            Savioe
[2870/2875] no-platform   -            Serina Pizza
[2871/2875] no-platform   -            Eva's Bakery
[2872/2875] no-platform   -            Sweet Bee Desserts
[2873/2875] no-platform   -            Baked & Blended
[2874/2875] no-platform   -            Ben & Jerry's
[2875/2875] no-platform   -            Blanco Rosso

platform                       attempted         filed       too-few         gated  wrong-branch needs-browser   no-platform  fetch-failed  screened-out
none                                2315             0             0             0             0            54          2261             0             0
toast                                115             1             0             1            33            76             0             0             4
order.online                         111             1             1             3             9            90             0             0             7
Square Online storefront              79             0             0             0             0            79             0             0             0
Square Online (own domain)            46             0             0             0             0            46             0             0             0
shopify                               25             3             5             0             0             0             0             0            17
chownow                               23             0             0             2             0            21             0             0             0
olo                                   23             0             0             0             0            23             0             0             0
MealKeyWay                            23             0             0             0             0            23             0             0             0
slice                                 18             0             0             0             1            16             0             0             1
spothopper                            17             1             1             0             0            15             0             0             0
netwaiter                             14             0            14             0             0             0             0             0             0
SpotOn                                13             0             0             0             0            13             0             0             0
own-jsonld                            10             5             1             0             2             0             0             0             2
plain-html                            10             0             0             0             0            10             0             0             0
clover                                 9             0             0             0             2             4             0             0             3
HungerRush                             7             0             0             0             0             7             0             0             0
GloriaFood widget                      4             0             0             0             0             4             0             0             0
popmenu                                4             0             0             0             4             0             0             0             0
menufy                                 3             0             0             0             0             0             0             0             3
MenuSifu                               2             0             0             0             0             2             0             0             0
Paytronix                              2             0             0             0             0             2             0             0             0
ubereats                               1             0             0             0             0             1             0             0             0
wix                                    1             0             1             0             0             0             0             0             0
TOTAL                               2875            11            23             6            51           486          2261             0            37

11 menus, 251 dishes
wrote menus/wip/router-20260906-190138.json
wrote menus/wip/router-20260906-190138.notes.json
