queue 3081 (2068 with a website, 1013 via serper fallback only); routing 3081 at concurrency 4

[   1/3081] no-platform   -            Oceanside Harbor Village
[   2/3081] no-platform   -            Crumbl Cookies
[   3/3081] no-platform   -            Westfield UTC
[   4/3081] no-platform   -            Ghirardelli Ice Cream & Chocolate Shop
[   5/3081] no-platform   -            Sessions by the Bay Cannabis Dispensary and Lounge
[   6/3081] filed         own-jsonld   Peterson's Donut Corne[ [   7/3081] needs-browser toast        Liberty Public Market
[   8/3081] no-platform   -            Mitsuwa Marketplace - San Diego
[   9/3081] screened-out  order.online Wood Ranch Mission Valley
[  10/3081] needs-browser chownow      Burger Bench Escondido
[  11/3081] no-platform   -            Kaelin's Market
[  12/3081] needs-browser -            Casa de Freds
[  13/3081] no-platform   -            Cardiff Seaside Market
[  14/3081] no-platform   -            IZOLA
[  15/3081] no-platform   -            Mama Kat's Restauran[ [  16/3081] needs-browser order.online Rodizio Grill Brazil[  17/3081] needs-browser[  17/3081] no-platform   -            Somisomi
[  18/3081] needs-browser toast        Draft South Mission
[  19/3081] no-platform   -            Mimi's Cafe
[  20/3081] no-platform   -            Yogurt Mill
[  21/3081] no-platform   -            El Super
[  22/3081] no-platform   -            Taquería Imperial
[  23/3081] no-platform   -            Sally's Waterfront Dining
[  24/3081] no-platform   -            Windmill Food Hall
[  25/3081] no-platform   -            Twin Peaks
[  26/3081] no-platform   -            Crumbl Cookies
[  27/3081] no-platform   -            Acai Republic - Oceanside
[  28/3081] needs-browser chownow      Brigantine Seafood
[  29/3081] no-platform   -            Public Square Coffee House
[  30/3081] no-platform   -            Original Pancake H[  31/3081][  31/3081] no-platform   -            VG Donut & Bakery
[  32/3081] no-platform   -            Portside Pier
[  33/3081] no-platform   -            Crumbl Cookies
[  34/3081] screened-out  order.online Al Toque | Peruvian Kitchen
[  35/3081] no-platform   -            Khyber Pass Zarparan Restaurant | Afghan
[  36/3081] no-platform   -            Otay Farms Market & Mexican Food
[  37/3081] no-platform   -            Otay Farms Market & Mexican Food
[  38/3081] wrong-branch  toast        Lucha Libre Taco Shop
[  39/3081] needs-browser toast        Barrio Star
[  40/3081] no-platform   -            Con Pane Rustic Breads & Cafe
[  41/3081] needs-browser olo          Dog Haus Biergarten
[  42/3081] needs-browser order.online Tom's Famous Family Restaurant 24
[  43/3081] no-platform   -            Islands Restaurant Chula Vista
[  44/3081] no-platform   -            Prohibition Lounge
[  45/3081] no-platform   -            Saigon Restaurant
[  46/3081] needs-browser toast        FIT Social
[  47/3081] needs-browser Square Online storefront Wayfarer Bread & Pastry
[  48/3081] needs-browser olo          Better Buzz Coffee San Marcos
[  49/3081] no-platform   -            Quartyard
[  50/3081] no-platform   -            Crumbl Cookies
[  51/3081] wrong-branch  toast        Good Night John Boy
[  52/3081] needs-browser toast        MooTime Creamery
[  53/3081] no-platform   -            Rubio's Coastal Grill
[  54/3081] no-platform   -            Kiko's Place-The Seafood King
[  55/3081] no-platform   -            Huckleberry's Breakfast & Lunch
[  56/3081] no-platform   -            Fridas Street Tacos
[  57/3081] no-platform   -            Menudería Don Vicente
[  58/3081] no-platform   -            Texas de Brazil - Carlsbad
[  59/3081] no-platform   -            Phở Vân Restaurant
[  60/3081] needs-browser order.online Primos Mexican Food & Cantina
[  61/3081] no-platform   -            Crumbl Cookies
[  62/3081] needs-browser order.online TOM's Famous Family Restaurant 22
[  63/3081] no-platform   -            Sweet Spot Real Jamaican Restaurant
[  64/3081] no-platform   -            Hong Kong Restaurant
[  65/3081] no-platform   -            Crumbl Cookies
[  66/3081] needs-browser plain-html   Por Favor El Cajon
[  67/3081] needs-browser -            Noble Experiment
[  68/3081] no-platform   -            Crumbl Cookies
[  69/3081] needs-browser slice        Massachusetts Mike's Pizzeria
[  70/3081] no-platform   -            Loreto's Taco Shop
[  71/3081] too-few       netwaiter    Su Pan Bakery El Cajon
[  72/3081] needs-browser toast        Tom's Watch Bar - Petco Park
[  73/3081] no-platform   -            Taco Bar
[  74/3081] needs-browser plain-html   Papas & Tacos Mexican Food
[  75/3081] needs-browser chownow      Parakeet Cafe - Little Italy
[  76/3081] no-platform   -            Carnitas Las Michoacánas
[  77/3081] no-platform   -            Plazas Mexican Food
[  78/3081] no-platform   -            MOOYAH Burgers, Fries & Shakes
[  79/3081] no-platform   -            Deiberto's Mexican Restaurant
[  80/3081] no-platform   -            The Shores Restaurant
[  81/3081] needs-browser plain-html   Nick's on State
[  82/3081] no-platform   -            Pho Oceanside
[  83/3081] needs-browser order.online Jimbo's - Escondido
[  84/3081] no-platform   -            Los Reyes Mexican Restaurant & Cantina
[  85/3081] needs-browser GloriaFood widget That Mexican Place
[  86/3081] no-platform   -            Todo Sushi
[  87/3081] needs-browser toast        Lanna Thai Cuisine
[  88/3081] too-few       spothopper   Kebab Craft
[  89/3081] needs-browser toast        Coya Peruvian Secret
[  90/3081] no-platform   -            Los Garcia's Taco Shop
[  91/3081] no-platform   -            Stone Brewing Tap Room - Oceanside
[  92/3081] no-platform   -            Fallbrook Cafe
[  93/3081] no-platform   -            El Real Mexican Food
[  94/3081] needs-browser olo          Better Buzz Coffee Escondido
[  95/3081] needs-browser olo          DQ GRILL & CHILL, OCEANSIDE
[  96/3081] needs-browser order.online Jimbo’s - Carmel Valley
[  97/3081] no-platform   -            Round1 Bowling & Arcade - National [  98/3081] needs-browser order.online Jimbo’s - Carmel Valley
[  99/3081] no-platform   -            Red Fox Room and Steakhouse
[ 100/3081] no-platform   -            Barrio Food Hub
[ 101/3081] no-platform   -            Los Junior's Mexican Food
[ 102/3081] screened-out  order.online Grandma Tofu & BBQ
[ 103/3081] needs-browser Square Online storefront Empanada Kitchen
[ 104/3081] needs-browser slice        Pastalini
[ 105/3081] needs-browser slice        Pastalini
[ 106/3081] no-platform   -            I Love Bagels
[ 107/3081] no-platform   -            BunZ
[ 108/3081] no-platform   -            Newtopia Cyder
[ 109/3081] no-platform   -            Rubio's Coastal Grill
[ 110/3081] needs-browser toast        The Asian Bistro
[ 111/3081] no-platform   -            Tiajuana Food Court
[ 112/3081] screened-out  shopify      4th Ave Lounge
[ 113/3081] no-platform   -            Tocumbo Ice Cream
[ 114/3081] no-platform   -            Hanu Korean BBQ
[ 115/3081] no-platform   -            Tacotarian San Diego
[ 116/3081] needs-browser Square Online storefront skybound coffee + dessert lounge
[ 117/3081] needs-browser olo          Panini Kabob Grill - Mission Valley
[ 118/3081] no-platform   -            Palomino's Mexican & Seafood
[ 119/3081] no-platform   -            It's Raw Poke Shop
[ 120/3081] no-platform   -            Paradise Lounge & Grill - San Diego's Best Sports Bar
[ 121/3081] no-platform   -            Antonio's Mexican Food
[ 122/3081] needs-browser Square Online (own domain) U[ 123/3081] needs-browser Square Online (own domain) Up2You Cafe
[ 124/3081] needs-browser plain-html   Nick's Del Mar
[ 125/3081] no-platform   -            Crumbl Cookies
[ 126/3081] no-platform   -            Iceskimo
[ 127/3081] needs-browser olo          Better Buzz Coffee Coronado
[ 128/3081] no-platform   -            Urban Crave
[ 129/3081] no-platform   -            Urban Crave
[ 130/3081] needs-browser plain-html   Pancho's Mexican Restaurant
[ 131/3081] needs-browser Square Online storefront Sunny Side Kitchen
[ 132/3081] needs-browser olo          Better Buzz Coffee Pacific Beach Grand
[ 133/3081] no-platform   -            Cute Cakes Bakery & Café
[ 134/3081] no-platform   -            El Primo Birriería
[ 135/3081] no-platform   -            La Concha Bakery
[ 136/3081] no-platform   -            EQ San Diego
[ 137/3081] needs-browser SpotOn       allmine pizza and pasta
[ 138/3081] no-platform   -            Thai Thai Oceanside Restaurant
[ 139[ 139/3081] no-platform   -            Thai Thai Oceanside Restaurant
[ 140/3081] wrong-branch  order.online Pho Ca Dao & Grill
[ 141/3081] needs-browser toast        Risers Pizza
[ 142/3081] no-platform   -            O'side Bakery
[ 143/3081] no-platform   -            Lucy's Bakery
[ 144/3081] needs-browser spothopper   Village Pizza
[ 145/3081] needs-browser -            Shaks Mediterranean Bistro
[ 146/3081] needs-browser -            Sammy's Woodfire Pizza and Grille
[ 147/3081] no-platform   -            VAGA Restaurant &[ 148/3081] needs-browser order.online Robertito's Mexican Food
[ 149/3081] no-platform   -            Zarlitos Family Restaurant
[ 150/3081] no-platform   -            Eppig Brewing Co. Waterfront Biergarten
[ 151/3081] no-platform   -            Baci Restaurant | Italian
[ 152/3081] needs-browser -            Sukho Thai Extraordinaire
[ 153/3081] no-platform   -            Golden Mandarin
[ 154/3081] needs-browser Square Online (own domain) Camp Coffee Company
[ 155/3081] needs-browser -            Beyer Deli
[ 156/3081] needs-browser toast        Shaks Mediterranean Bistro
[ 157/3081] no-platform   -            Pick Up Stix
[ 158/3081] needs-browser Square Online (own domain) Beach City Smoothies
[ 159/3081] needs-browser Square Online (own domain) Portal Coffee
[ 160/3081] no-platform   -            Golden Donut
[ 161/3081] no-platform   -            Frida’s Taqueria Oceanside
[ 162/3081] needs-browser SpotOn       Souplantation
[ 163/3081] needs-browser spothopper   Los Panchos Mexican Grill & Seafood
[ 164/3081] needs-browser Square Online storefront Prager Brothers Artisan Breads
[ 165/3081] no-platform   -            The Bella Lounge
[ 166/3081] no-platform   -            Mi Ranchito Taco Shop
[ 167/3081] no-platform   -            Rubio's Coastal Grill
[ 168/3081] no-platform   -            Market on 8th
[ 169/3081] no-platform   -            Niederfrank's Ice Cream
[ 170/3081] no-platform   -            Superbloom Coffee & Juice
[ 171/3081] needs-browser -            California Pizza Kitchen at Solana Beach
[ 172/3081] needs-browser MealKeyWay   Dumplings N More
[ 173/3081] needs-browser Square Online storefront Maan's Mediterranean Grill
[ 174/3081] no-platform   -            Birria El Rey
[ 175/3081] needs-browser spothopper   Penelopes Mexican Food
[ 176/3081] needs-browser toast        The Remy
[ 177/3081] no-platform   -            GelatoLove Carlsbad Village
[ 178/3081] screened-out  shopify      Ascend Coffee Roasters
[ 179/3081] no-platform   -            Panda Imperial Restaurant
[ 180/3081] too-few       order.online Ben & Jerry's
[ 181/3081] no-platform   -            Edelweiss Bakery
[ 182/3081] no-platform   -            Mariscos Mar Y Tierra
[ 183/3081] no-platform   -            Quixote
[ 184/3081] no-platform   -            The Cowshed
[ 185/3081] needs-browser order.online Rise Southern Biscuits & Righteous Chicken - San Diego
[ 186/3081] no-platform   -            Manna Heaven BBQ - National City
[ 187/3081] no-platform   -            The Cowshed
[ 188/3081] no-platform   -            Konito's Cafe
[ 189/3081] no-platform   -            Crumbl Cookies
[ 190/3081] no-platform   -            Bonchon Chicken
[ 191/3081] no-platform   -            Red Lobster
[ 192/3081] needs-browser toast        Sultan Baklava
[ 193/3081] no-platform   -            Chiroys Cafe
[ 194/3081] needs-browser -            The Invigatorium
[ 195/3081] no-platform   -            Yingli Restaurant | Chula Vista
[ 196/3081] needs-browser spothopper   Curry & More - Indian Bistro
[ 197/3081] needs-browser HungerRush   Flippin' Pizza NY Pies and Slices
[ 198/3081] needs-browser spothopper   3N1 Sports Bar & Grill
[ 199/3081] no-platform   -            The Vibe
[ 200/3081] no-platform   -            Señor Taquero
[ 201/3081][ 201/3081] no-platform   -            Señor Taquero
[ 202/3081] no-platform   -            Mi Asador Mexican & Seafood Restaurant
[ 203/3081] no-platform   -            Green Vine Delicatessen
[ 204/3081] no-platform   -            Jts Clubhouse Pub and Grill
[ 205/3081] screened-out  clover       Royal Sweets
[ 206/3081] too-few       netwaiter    Aiberto's Taco Shop
[ 207/3081] no-platform   -            Marina Kitchen
[ 208/3081] no-platform   -            Manna Heaven BBQ Downtown
[ 209/3081] no-platform   -            Pacific Beach Ice Cream Co.
[ 210/3081] needs-browser spothopper   Julian Hard Cider
[ 211/3081] no-platform   -            Curbside Eatery & Drinkery
[ 212/3081] no-platform   -            Muri Coffee & Dessert
[ 213/3081] no-platform   -            Leucadia Donut Shoppe
[ 214/3081] needs-browser -            The Rooftop by STK
[ 215/3081] no-platform   -            ICHIBAN RAMEN AND SUSHI
[ 216/3081] needs-browser -            Canyon Grille
[ 217/3081] needs-browser toast        Tabu Sushi Bar & Grill Santee
[ 218/3081] no-platform   -            Arizona Chinese Restaurant
[ 219/3081] no-platform   -            China Fun
[ 220/3081] no-platform   -            SOMISOMI
[ 221/3081] no-platform   -            Lighthouse Ice Cream
[ 222/3081] no-platform   -            The Buffet
[ 223/3081] wrong-branch  toast        Beeside Balcony La Jolla
[ 224/3081] no-platform   -            Ami Sushi
[ 225/3081] no-platform   -            Savory Thai Restaurant
[ 226/3081] no-platform   -            Seafood La 57
[ 227/3081] no-platform   -            Coffee by Malibu Farm
[ 228/3081] no-platform   -            Hidden Fish
[ 229/3081] no-platform   -            Draft Republic San Marcos
[ 230/3081] needs-browser Square Online storefront Bay Park Coffee
[ 231/3081] needs-browser Square Online storefront Portinos Restaurant
[ 232/3081] too-few       shopify      Mr. Coconut CA
[ 233/3081] needs-browser toast        QUICK BITES CAFE / Best Sandwiches
[ 234/3081] no-platform   -            El Charro Mexican Food
[ 235/3081] screened-out  shopify      Vigilante Coffee
[ 236/3081] no-platform   -            Hurricane Grill & Wings
[ 237/3081] no-platform   -            Black Cat Bar
[ 238/3081] no-platform   -            La Sabrosita
[ 239/3081] needs-browser Square Online storefront Sandwich Emporium
[ 240/3081] no-platform   -            Emma's Mexican Food
[ 241/3081] no-platform   -            Duck Foot Brewing
[ 242/3081] needs-browser MealKeyWay   大鼓米线Dagu Miishien
[ 243/3081] no-platform   -            La Central - Birrieria y Menuderia
[ 244/3081] needs-browser -            Truckstop Saloon
[ 245/3081] no-platform   -            Divo Diva Cafe
[ 246/3081] no-platform   -            Rise and Dine
[ 247/3081] screened-out  toast        Agave Birrieria
[ 248/3081] no-platform   -            Mariscos La Perla Negra
[ 249/3081] no-platform   -            Spitz Mediterranean Street Food
[ 250/3081] needs-browser spothopper   il Sogno Italiano
[ 251/3081] no-platform   -            Helix Brewing Co.
[ 252/3081] no-platform   -            Rancho Las Palmas Mexican Grill & Seafood
[ 253/3081] no-platform   -            Paris Baguette
[ 254/3081] needs-browser toast        Healthy Creations Cafe
[ 255/3081] no-platform   -            New York Buffalo Wings
[ 256/3081] no-platform   -            Angelito's Fruteria Y Neveria
[ 257/3081] needs-browser toast        Valentina
[ 258/3081] no-platform   -            Fortuna Ristorante Italiano
[ 259/3081] no-platform   -            Camel's Bar and Grill
[ 260/3081] needs-browser Square Online storefront Pink Rose Cafe
[ 261/3081] gated         chownow      Finney's Crafthouse
[ 262/3081] no-platform   -            Compadres Grilled Chicken
[ 263/3081] needs-browser Square Online storefront El Cajon Elks Lodge 1812
[ 264/3081] no-platform   -            Phở Carlsbad
[ 265/3081] no-platform   -            Phở Carlsbad
[ 266/3081] no-platform   -            SanSai Japanese Grill
[ 267/3081] no-platform   -            Kinaly Thai Restaurant
[ 268/3081] no-platform   -            Handel's Homemade Ice Cream Vista
[ 269/3081] needs-browser Square Online storefront Genteel Coffee Roasters
[ 270/3081] no-platform   -            Fugu
[ 271/3081] needs-browser toast        Novo Brazil Brewing Mission Valley
[ 272/3081] needs-browser order.online TOUS les JOURS Bakery Café - La Jolla
[ 273/3081] needs-browser toast        NOIR Sushi and Sake Fusion Lounge
[ 274/3081] no-platform   -            The Par Lounge and Deck
[ 275/3081] no-platform   -            Flora
[ 276/3081] no-platform   -            Hopnonymous Brewing Company
[ 277/3081] no-platform   -            Marisco's German
[ 278/3081] no-platform   -            Tocumbo Ice Cream CV
[ 279/3081] needs-browser -            Yogurt Heaven
[ 280/3081] needs-browser toast        Angry Chickz - Oceanside
[ 281/3081] needs-browser slice        HillCrust Pizza
[ 282/3081] needs-browser order.online Burrito Leo's Mexican Food
[ 283/3081] no-platform   -            Zen 5
[ 284/3081] needs-browser slice        Italia Pizza
[ 285/3081] gated         chownow      Bob's Steak & Chop House
[ 286/3081] no-platform   -            Ramones Cantina
[ 287/3081] no-platform   -            Kelly's Pub, El Cajon
[ 288/3081] needs-browser Square Online (own domain) CUPPA CUPPA COFFEE COMPANY
[ 289/3081] no-platform   -            1St Street Bar
[ 290/3081] needs-browser toast        Burgeon Beer Company
[ 291/3081] needs-browser Square Online storefront New English Brewing - San Diego Brewery
[ 292/3081] no-platform   -            Catalina Offshore Products
[ 293/3081] no-platform   -            A.R. Valentien
[ 294/3081] needs-browser -            NuYo Frozen Yogurt Telegraph Canyon
[ 295/3081] no-platform   -            Lucy's Bakery
[ 296/3081] wrong-branch  toast        Pure Project Vista
[ 297/3081] no-platform   -            Aztec Brewing Company
[ 298/3081] no-platform   -            Sweet Bakery Mexico Lindo
[ 299/3081] no-platform   -            Off The 8 Café
[ 300/3081] no-platform   -            Cafe Bella Drive Thru
[ 301/3081] no-platform   -            Booze Brothers Brewing Co.
[ 302/3081] needs-browser olo          Randy's Donuts
[ 303/3081] needs-browser HungerRush   Buonasera New York Pizzeria
[ 304/3081] needs-browser olo          Luna Grill Millenia
[ 305/3081] needs-browser Square Online (own domain) Solana Sumptuous Cookies
[ 306/3081] no-platform   -            Royal India Express
[ 307/3081] no-platform   -            Sushi On San Marcos - Japanese Restaurant
[ 308/3081] no-platform   -            We Olive & Wine Bar
[ 309/3081] needs-browser MealKeyWay   Surfing Crab Escondido
[ 310/3081] screened-out  menufy       Ginza Sushi
[ 311/3081] no-platform   -            The Confessional by The Lost Abbey
[ 312/3081] wrong-branch  toast        Belching Beaver Brewery Oceanside
[ 313/3081] no-platform   -            California Mountain Bakery
[ 314/3081] no-platform   -            Dragon Express
[ 315/3081] no-platform   -            The Craft Creamery
[ 316/3081] no-platform   -            Tacos Alex
[ 317/3081] needs-browser order.online bb.q Chicken Chula Vista
[ 318/3081] needs-browser toast        Tacaliente Mexican Grill
[ 319/3081] no-platform   -            Ike's Love & Sandwiches
[ 320/3081] wrong-branch  popmenu      Max's Restaurant[ 321/3081] wrong-branch  popmenu      Ma[ 321/3081] needs-browser Square Online (own domain) BattleMage Brewing Company
[ 322/3081] no-platform   -            Thai Island@
[ 323/3081] needs-browser HungerRush   Pop Pops Paleta
[ 324/3081] needs-browser spothopper   Santos Coffee
[ 325/3081] no-platform   -            Crumbl Cookies
[ 326/3081] needs-browser toast        Rosemonts Cafe
[ 327/3081] no-platform   -            Palomino's Mexican & Seafood
[ 328/3081] no-platform   -            North Bar
[ 329/3081] no-platform   -            BKK THAI KITCHEN
[ 330/3081] no-platform   -            Deft Brewing
[ 331/3081] no-platform   -            Mountain Mike's Pizza
[ 332/3081] no-platform   -            The Art of Espresso
[ 333/3081] no-platform   -            Rolling-Out
[ 334/3081] no-platform   -            Los Armando's Mexican Food
[ 335/3081] no-platform   -            Mesa Pizza
[ 336/3081] screened-out  shopify      La Colombe Coffee Roasters
[ 337/3081] needs-browser order.online bb.q Chicken National City
[ 338/3081] wrong-branch  toast        Madi Pacific Beach
[ 339/3081] no-platform   -            Teriyaki Sun
[ 340/3081] no-platform   -            Athens Market Taverna
[ 341/3081] needs-browser MealKeyWay   Ocean Buffet
[ 342/3081] needs-browser order.online San Diego Sandwich Co
[ 343/3081] no-platform   -            TapShack Kombuc[ 344/3081] [ 344/3081] no-platform   -            Avenue Subs Cor[ 345/[ 345/3081] no-platform   -            PGA Tour Grill
[ 346/3081] needs-browser Square Online (own domain) Matcha Cafe Maiko - Escondido
[ 347/3081] no-platform   -            Kaka Rawand - كباب كاكه روند (ملحمة أنوار)
[ 348/3081] needs-browser olo          Better Buzz Coffee Oceanside So[ 34[ 349/3081] wrong-branch  order.online Lourdes Mexican Food San Elijo
[ 350/3081] needs-browser HungerRush   Flippin' Pizza La Costa
[ 351/3081] no-platform   -            Botani Breakfast & Pizzeria
[ 352/3081] needs-browser -            Marieta's Mexican Food
[ 353/3081] needs-browser spothopper   Johnny Mañanas Ocean Beach
[ 354/3081] no-platform   -            Sky Deck at Del Mar Highlands Town Center
[ 355/3081] no-platform   -            Eugenio Italian Ristorante & More
[ 356/3081] no-platform   -            Mi Barra Bar
[ 357/3081] needs-browser order.online Poki Poki - Oceanside # 1
[ 358/3081] no-platform   -            Little Fox Cups[ 359/308[ 359/3081] no-platform   -            Cake de Partie
[ 360/3081] no-platform   -            The Library Tavern
[ 361/3081] screened-out  own-jsonld   Hanna Garden
[ 362/3081] needs-browser toast        Novo Brazil Bre[ 363/3081] need[ 363/3081] no-platform   -            Saigon Star Restaurant
[ 364/3081] no-platform   -            Valerio's 1979
[ 365/3081] no-platform   -            Paris Baguette
[ 366/3081] no-platform   -            Kababayan Bakery
[ 367/3081] no-platform   -            Mama G’s Kitchen & Sauces Peruvian Cuisine
[ 368/3081] no-platform   -            chikita cafe
[ 369/3081] no-platform   -            La Mixteca
[ 370/3081] screened-out  own-jsonld   Hanna Garden
[ 371/3081] no-platform   -            the Koffie Co
[ 372/3081] no-platform   -            Thai Garden
[ 373/3081] needs-browser -            Galu Café and Delicatessen
[ 374/3081] no-platform   -            Continent Delicatessen
[ 375/3081] no-platform   -            Relic Bakery & Kitchen
[ 376/3081] no-platform   -            The Camp Store
[ 377/3081] no-platform   -            Surf City Squeeze
[ 378/3081] no-platform   -            Backdraft Bar & Grill
[ 379/3081] no-platform   -            Bravo Cafe
[ 380/3081] no-platform   -            Pizza Mania
[ 381/3081] screened-out  shopify      Barefoot Coffee Roasters[[ 382/3081] needs-browser SpotOn       Porky's Lechon Barbecue
[ 383/3081] filed         shopify      Flor and Seed Coffee Roasters
[ 384/3081] needs-browser spothopper   Isabelle Briens French Pastry Cafe
[ 385/3081] needs-browser Square Online storefront Crossroads Deli
[ 386/3081] needs-browser plain-html   South of Nick's Del Mar | Mexican Kitchen + Bar
[ 387/3081] needs-browser order.online Primos Mexican Food & Cantina
[ 388/3081] needs-browser Square Online (own domain) Elixir Espresso & Wine Bar
[ 389/3081] no-platform   -            Wisteria Candy Cottage
[ 390/3081] no-platform   -            KD's Donuts
[ 391/3081] too-few       netwaiter    Opa Greek Restaurant & Grill
[ 392/3081] no-platform   -            Famous Oasis Ice Cream Parlor
[ 393/3081] needs-browser MenuSifu     Sizzling Pot King
[ 394/3081] no-platform   -            P.L. Bagels
[ 395/3081] needs-browser SpotOn       Lupe's Cafe Mexican Restaurant
[ 396/3081] no-platform   -            Imperial Express
[ 397/3081] no-platform   -            Donuts Plus
[ 398/3081] no-platform   -            Ginza Sushi
[ 399/3081] no-platform   -            Bica Coffee Shop
[ 400/3081] needs-browser order.online Halal Burger Co.
[ 401/3081] gated         chownow      CinKuni (Italian [ 402/3081] gated   [ 402/3081] no-platform   -            Taste of Denmark
[ 403/3081] needs-browser olo          Tocaya Mod[ 404/3081] [ 404/3081] no-platform   -            Potato Corner
[ 405/3081] needs-browser SpotOn       Tasty Pho
[ 406/3081] needs-browser Square Online storefront Purl Tea LV
[ 407/3081] needs-browser Square Online (own domain) Tyne Coffee Co.
[ 408/3081] needs-browser toast        The Outpost by Valley Farm
[ 409/3081] needs-browser olo          Better Buzz Coffee Imperial Beach
[ 410/3081] no-platform   -            Cielo Rooftop
[ 411/3081] wrong-branch  order.online Ciné Café
[ 412/3081] no-platform   -            El Original Mariscos German
[ 413/3081] no-platform   -            Beginners Diner
[ 414/3081] needs-browser -            Swami's
[ 415/3081] no-platform   -            Alibi
[ 416/3081] no-platform   -            California Bean
[ 417/3081] needs-browser Square Online (own domain) Chef Budda Blasian Soul Food LLC
[ 418/3081] no-platform   -            Calico Cidery
[ 419/3081] too-few       shopify      Culture Brewing
[ 420/3081] no-platform   -            KM BBQ
[ 421/3081] [ 421/3081] no-platform   -            KM BBQ
[ 422/3081] no-platform   -            Kaffee Meister
[ 423/3081] no-platform   -            Glazed Coffee & Creamery
[ 424/3081] no-platform   -            The Shack Kitchen + Coffee
[ 425/3081] no-platform   -            Mariscos Gonzalez
[ 426/3081] needs-browser olo          Luna Grill Encinitas
[ 427/3081] no-platform   -            Live Oak Market & restaurant @ gas station
[ 428/3081] no-platform   -            Piedra Santa
[ 429/3081] no-platform   -            The Leucadian
[ 430/3081] no-platform   -            East Village Brewing Company
[ 431/3081] too-few       netwaiter    Wings mix
[ 432/3081] no-platform   -            Beach + Taco Shack
[ 433/3081] no-platform   -            Menuderia y mariscos GDL
[ 434/3081] needs-browser toast        Na Tart
[ 435/3081] no-platform   -            Hill Street Donut House
[ 436/3081] no-platform   -            Gyrogrill
[ 437/3081] no-platform   -            Mariscos La Bola
[ 438/3081] no-platform   -            Brewjería Taproom & Kitchen
[ 439/3081] needs-browser Square Online storefront Garden Coffee
[ 440/3081] wrong-branch  toast        Stir It Up CoffeeHouse & Cafe
[ 441/3081] wrong-branch  popmenu      Cocina de Barrio North Park
[ 442/3081] needs-browser toast        Okama Ramen and Grill
[ 443/3081] needs-browser Square Online storefront Thym[ 444/3081] needs-browser[ 444/3081] needs-browser slice        Giant Pizza King Linda Vista
[ 445/3081] no-platform   -            Fridas Taqueria
[ 446/3081] no-platform   -            ENO Market & Pizzeria
[ 447/3081] needs-browser -            Olala Crepes
[ 448/3081] no-platform   -            Nickel Beer Company
[ 449/3081] needs-browser clover       Himalayan Bistro Oceanside
[ 450/3081] screened-out  clover       PorchLight Coffee
[ 451/3081] needs-browser -            SoCal Sushi
[ 452/3081] no-platform[ 452/3081] no-platform   -            SoCal Sushi
[ 453/3081] no-platform   -            Ko-Li Bar
[ 454/3081] screened-out  menufy       IB Thai
[ 455/3081] needs-browser order.online Fatboy's Deli & Spirits
[ 456/3081] no-platform   -            Fusion Bar & Lounge
[ 457/3081] no-platform   -            Mujeres Brew House
[ 458/3081] no-platform   -            The Grounds Bean Bar
[ 459/3081] no-platform   -            Gooseberries kafe
[ 460/3081] needs-browser toast        Chula Vista Brewery
[ 461/3081] needs-browser Square Online (own domain) Industrial Grind Coffee
[ 462/3081] no-platform   -            Paris Baguette
[ 463/3081] needs-browser chownow      Ironsmith Coffee Roasters
[ 464/3081] no-platform   -            Home Coffee
[ 465/3081] needs-browser Square Online storefront Mesa Agricola
[ 466/3081] needs-browser chownow      Pho Hiep & Grill
[ 467/3081] no-platform   -            Caffé Adesso
[ 468/3081] needs-browser order.online Memo's Bagel Café
[ 469/3081] screened-out  shopify      Seven Seas Roasting Company
[ 470/3081] no-platform   -            Gelabong
[ 471/3081] no-platform   -            Oculto 477
[ 472/3081] needs-browser slice        West Coast Pizza Company
[ 473/3081] needs-browser Square Online storefront iWok Chinese Kitchen
[ 474/3081] needs-browser Square Online storefront Mnemonic Coffee
[ 475/3081] needs-browser order.online L&L Hawaiian Barbecue - San Marcos (Inside Walmart)
[ 476/3081] no-platform   -            Chopsticks Chinese Cuisine
[ 477/3081] no-platform   -            Donut Factory
[ 478/3081] no-platform   -            Charli's Landing
[ 479/3081] no-platform   -            Fat Joe’s O’side
[ 480/3081] no-platform   -            Convoy Music Bar
[ 481/3081] no-platform   -            La Moreliana
[ 482/3081] needs-browser toast        SOBREMESA
[ 483/3081] no-platform   -            Pick Up Stix Fresh Asian Flavors
[ 484/3081] needs-browser -            Banh Mi Blvd
[ 485/3081] no-platform   -            Tea Pavilion
[ 486/3081] needs-browser toast        Paradisaea
[ 487/3081] no-platform   -            Mutual Friend Ice Cream
[ 488/3081] no-platform   -            Poki Poki - Escondido
[ 489/3081] no-platform   -            The BLVD Bar
[ 490/3081] needs-browser Square Online (own domai[ 491/3081] [ 491/3081] no-platform   -            Katsuya Ko
[ 492/3081] needs-browser order.online BB's Deli
[ 493/3081] no-platform   -            Bistro Pazzo[ 494/3081] no-platform   -            Bistro Pazzo
[ 495/3081] no-platform   -            Paris Baguette
[ 496/3081] no-platform   -            Valentinas Taco Shop
[ 497/3081] no-platform   -            Blue Pepper Asian Cuisine
[ 498/3081] no-platform   -            YGF Malatang
[ 499/3081] no-platform   -            Memo's Golden Bagel
[ 500/3081] needs-browser -            Seaview Restaurant
[ 501/3081] no-platform   -            The Reunion
[ 502/3081] needs-browser slice        Pop's Pizza
[ 503/3081] needs-browser order.online Le Macaron French Pastries
[ 504/3081] no-platform   -            Cali Cafe
[ 505/3081] no-platform   -            Premier Pub
[ 506/3081] needs-browser order.online bb.q Chicken Vista
[ 507/3081] no-platform   -            The Lean Bean
[ 508/3081] needs-browser SpotOn       Kalei's Kitchenette
[ 509/3081] no-platform   -            Eat Your Heart Out II
[ 510/3081] needs-browser MealKeyWay   Iron Wok
[ 511/3081] no-platf[ 511/3081] needs-browser MealKeyWay   Iron Wok
[ 512/3081] no-platform   -            Julian Station
[ 513/3081] needs-browser order.online Häagen-Dazs
[ 514/3081] needs-browser toast        Origen
[ 515/3081] filed         toast        Baja Rick's Cantina
[ 516/3081] no-platform   -            San Diego Blenders
[ 517/3081] no-platform   -            EL ENCANTO SD
[ 518/3081] no-platform   -            Pazzos Italian
[ 519/3081] no-platform   -            Bar Kamon
[ 520/3081] needs-browser toast        Tahini Authentic Middle Eastern Street Food - Mission Valley
[ 521/3081] no-platform   -            Rock On Pizza
[ 522/3081] no-platform   -            Victor's Kafe - Poway
[ 523/3081] no-platform   -            Quality Taste Pot
[ 524/3081] no-platform   -            Nory's Donut & Bakery
[ 525/3081] no-platform   -            Nanay's Best BBQ
[ 526/3081] no-platform   -            Fruttos Yogurt
[ 527/3081] no-platform   -            Al Teatro Panini Grill
[ 528/3081] no-platform   -            Nana's and Pops Sweet Shop
[ 529/3081] needs-browser Square Online storefront Sue's Korean Kitchen
[ 530/3081] no-platform   -            Masala house Indian Restaurant & Catering
[ 531/3081] no-platform   -            Delah Coffee - North Park
[ 532/3081] no-platform   -            Black Radish
[ 533/3081] no-platform   -            Idego Coffee Roasters
[ 534/3081] screened-out  shopify      BEAURISTA COFFEE
[ 535/3081] no-platform   -            Frutas
[ 536/3081] needs-browser Square Online storefront Tacoman
[ 537/3081] no-platform   -            Jalisco Cantina
[ 538/3081] no-platform   -            Criscito Pizza
[ 539/3081] no-platform   -            Explorers Café
[ 540/3081] needs-browser Square Online storefront La Ola Seafood
[ 541/3081] too-few       netwaiter    Nolberto's Taco Shop
[ 542/3081] no-platform   -            43 Area Mess Hall
[ 543/3081] no-platform   -            NuYo Frozen Yogurt Eastlake
[ 544/3081] needs-browser olo          Panini Kabob Grill - Westfield UTC
[ 545/3081] needs-[ 546/3081] wrong-branch  toast        Lucha Libre Taco Shop
[ 547/3081] no-platform   -            Great Khan's Mongolian Grill Carlsbad
[ 548/3081] no-platform   -            Captain's Quarters
[ 549/3081] no-platform   -        [ 549/3081] needs-browser Square Online storefront Lucha Libre Taco Shop
[ 550/3081] no-platform   -            Captain's Quarters
[ 551/3081] no-platform   -            Hino
[ 552/3081] no-[ 553/3081] no-platform   -            Sidew[ 553/30[ 554/3081] no-platform   -            C[ 554/3081] needs-brows[ 555/3081] no-platform   -         [ 555/3081] no-platform[ 556/3081] no-platform   -            H[ 55[ 557/3081] no-platform   -            Christoph[ 557/3081] no-pla[ 558/3081] no-platform   -            Better Buzz Coffee Del Mar
[ 559/3081] no-platform   -            N City Sports Lounge
[ 560/3081] no-platform   -            Coral Tre[ 560/3081] [ 561/3081] no-platform   -            World F[ 561/3081] [ 562/3081] no-platform   -            Prager Br[ 562/3081] no-platfo[ 563/3081] no-platform   -          [ 563/3081] no-platfo[ 564/3081] no-platform   -            P B Pub
[ 565/3081] no-platform   -            Cafe Bell[ 565/308[ 566/3081] no-platform   -            Red Ribbo[ 566/3081][ 567/3081] no-platform   -            Coco & Ju[ 567/3081] [ 568/3081] no-platform   -            La Jollit[ [ 569/3081] no-platform   -            Chin's Sz[ 569/3081] no-platf[ 570/3081] no-platform   -            JOEHNS Co[ 570[ 571/3081] no-platform   -            Thai Styl[ 571/3081] no-platform   -            California Wild Ales
[ [ 573/3081] no-platform   -            Mr. Charl[ 573[ 574/3081] no-platform   -            Aztec Foo[ 574/[ 575/3081] no-platform   -            Brown Bag Deli
[ 576/3081] no-platform   -            The Halal[ 576/3[ 577/3081] no-platform   -            Penguin Y[ 577/3081] no[ 578/3081] no-platform   -            Tony’s [ 578/3081] n[ 579/3081] no-platform   -            Sammy's R[ 579/3081] no-p[ 580/3081] no-platform   -       [ 580/3081] no-p[ 581/3081] no-platform   -            One More [ 581/3081] no-platform   [ 582/3081] no-platform   -            Prey Brew[ 582/3081] [ 583/3081] no-platform   -            Donut Sto[ 583/3081] no-platform   -            Dos Vaqueros Mexican Food
[ 584/3081] no-platform   -            Tacos de Birria El Chinito Jr
[ [ 586/3081] no-platform   -            Fairplay
[ 586/3081] no-platform   -            Fairplay
[ 587/3081] no-platform   -            Taco Time Food Truck
[ 588/3081] no-platform   -            Stagecoach Inn
[ 590/3081] no-platform   -            OB Quik Stop Liquor & OB Deli
[ 591/3081] no-platform   -            Prager Br[ 591/3081] no-platfor[ 592/3081] no-platform   -            Beach Cit[ 592/3081] no-platform [ 593/3081] no-platform   -            Kona Coff[ 5[ 594/3081] no-platform   -            The Elega[ 594/3081][ 595/3081] no-platform   -            D Wings &[ 595/[ 596/3081] no-platform   -            Party Bur[ 596/3081] no-platform   -       [ 597/3081] no-platform   -            Poor Hous[ 597/3081] no-pla[ 598/3081] no-platform   -            Panorama [ 598/3081] [ 599/3081] no-platform   -            SHAKA Cof[ 59[ 600/3081] no-platform   -            ThirsTea [ 600/3081] no-platform  [ 601/3081] no-platform   -            Millport
[ 602/3081] no-platform   -            Dreamwave[ 602/30[ 603/3081] no-platform   -            Seahorse Coffee
[ 604/3081] no-platform   -            Interim C[ 604/[ 605/3081] no-platform   -            Lakes Mar[ 605/3081][ 606/3081] no-platform   -            The Saloo[ [ 607/3081] no-platform   -            The Deli Sto[ [ 608/3081] no-platform   -            Tsunami M[ 608/3081] no[ 609/3081] no-platform   -            Matoi
[ 610/3081] no-platform   -            Michi Mic[ 610/3081] no-platfo[ 611/3081] no-platform   -            Bonehead [ 611/3081][ 612/3081] no-platform   -            Poki Poki[ 612/3081] n[ 613/3081] no-platform   -            Cargo Caf[ [ 614/3081] no-platform   -            Ichifuji [ 614/[ 615/3081] no-platform   -            Streets P[ 615/3081][ 616/3081] no-platform   -            JCK Asia Kitchen & Bar
[ 617/3081] no-platform   -            Dumplings[ 617/30[ 618/3081] no-platform   -            Corner Pizza Oceanside
[ 619/3081] no-platform   -            Zhengxin Chicken Steak
[ 620/3081] no-platform   -            Trining's Bakery & Cafe
[ 621/3081] no-platform   -            Parkys
[ 622/3081] no-platform   -            Docent Br[ 622/[ 623/3081] no-platform   -            Shanghai [ 623/30[ 624/3081] no-platform   -            Ten Gu Ramen
[ 625/3081] no-platform   -            Elixir Espresso Bar
[ 626/3081] no-platform   -            Tita's Ta[ 626/30[ 627/3081] no-platform   -            Sul & Bea[ 6[ 628/3081] no-platform   -            La Fresit[ 628/30[ 629/3081] no-platform   -            China Express
[ 630/3081] no-platform   -            Mr. Pulpo[ 630/3081[ 631/3081] no-platform   -            Little Joy Coffee Bar
[ 632/3081] no-platform   -            CoLab Pub[ 632/3081[ 633/3081] no-platform   -            Good Sour[ 633/3081[ 634/3081] no-platform   -            ZzanG Hot[ 634/3081] no[ 635/3081] no-platform   -            Finca
[ 636/3081] no-platform   -            Craft Coa[ 636/3081] no-p[ 637/3081] no-platform   -            Hi!Dumplings
[ 638/3081] no-platform   -            Fresh Café
[ 639/3081] no-platform   -            The Lean [ 639/3081] no-pla[ 640/3081] no-platform   -            Hooked On[ 640/3[ 641/3081] no-platform   -            Reds Whit[ 641/3081] n[ 642/3081] no-platform   -            The Moder[ 642/3081] no-platfor[ 643/3081] no-platform   -            Fuzziwig's Candy Factory
[ 644/3081] no-platform   -            Sweetfin
[ 645/3081] no-platform   -            Culture Brewing
[ 646/3081] no-platform   -            EsKiNiTa
[ 647/3081] no-platform   -            Saffron a[ 647/3081] no-platform   -       [ 648/3081] no-platform   -            Daniel's Taco Shop
[ 649/3081] no-platform   -            Deano's P[ 6[ 650/3081] no-platform   -            Chee-Chee[ 650/[ 651/3081] no-platform   -            Sunday Ice Cream
[ 652/3081] no-platform   -            Pick Up Stix Fresh Asian Flavors
[ 653/3081] no-platform   -            Channel 2[ 653/3081] [ 654/3081] no-platform   -            Crest Taco
[ 655/3081] no-platform   -            Chen Golden Palace
[ 656/3081] no-platform   -            Destiny Coast
[ 657/3081] no-platform   -            El Culichi - Birriería y Cenaduría
[ 658/3081] no-platform   -            Borrego Rooftop
[ 659/3081] no-platform   -            JAVA GARDEN
[ 660/3081] no-platform   -            Hot or Not Thai
[ 661/3081] no-platform   -            Stella Jean's Ice Cream Pacific Beach
[ 662/3081] no-platform   -            Pina Smoothies Twin Peaks
[ 663/3081] no-platform   -            Pure Green Carlsbad - smoothies + acai + cold-pressed juice
[ 664/3081] no-platform   -            858 Burger
[ 665/3081] no-platform   -            Szechuan Chef Chinese Cuisine
[ 666/3081] no-platform   -            Bistro Kaz
[ 667/3081] no-platform   -            Rosa's Ice Cream and Fruit Bar
[ 668/3081] no-platform   -            Carino's Restaurant
[ 669/3081] no-platform   -            8th & B P[ 66[ 670/3081] no-platform   -            The Landing Strip Restaurant and Bar
[ 671/3081] no-platform   -       [ 671/3081] no-platform   - [ 672/3081] no-platform   -            DaYung's [ 67[ 673/3081] no-platform   -            Vanessa's[ 673/3081] no-pl[ 674/3081] no-platform   -            Flippin P[ 674/3081] no-[ 675/3081] no-platform   -            Donut Sta[ [ 676/3081] no-platform   -            Between Us
[ 677/3081] no-platform   -            Hilltop D[ 677/3081] [ 678/3081] no-platform   -            Sweet Spo[ [ 679/3081] no-platform   -            La Central
[ 680/3081] no-platform   -            Mess Hall
[ 681/3081] no-platform   -            Danny's Deli - Jacumba
[ 682/3081] no-platform   -            Elote Restaurant
[ 683/3081] no-platform   -            Mike Hess Brewing Tasting Room
[ 684/3081] no-platform   -            Upper East
[ 685/3081] no-platform   -            Stella Jean's Ice Cream Kensington
[ 686/3081] no-platform   -            Chef’s Wok & Dumplings
[ 687/3081] no-platform   -            Yummy Spoon
[ 688/3081] no-platform   -            Thai2You Restaurant
[ 689/3081] no-platform   -            Wine Girl San Diego
[ 690/3081] no-platform   -            It's A Piece A Cake
[ 691/3081] no-platform   -            City Dragon
[ 692/3081] no-platform   -            24 Suns
[ 693/3081] no-platform   -            Sundaes at The Del
[ 694/3081] no-platform   -            San Diego Eagle
[ 695/3081] no-platform   -            The Island at Carlsbad
[ 696/3081] no-platform   -            Perfect Pizza
[ 697/3081] no-platform   -            Kinchana
[ 698/3081] no-platform   -            Canyon Vista Restaurant
[ 699/3081] no-platform   -            Kaki Sushi
[ 700/3081] no-platform   -            Okavango Outpost
[ 701/3081] no-platform   -            Cala La Jolla Café
[ 702/3081] no-platform   -            Yakumi Sushi SD
[ 703/3081] no-platform   -            Tender Hooligan
[ 704/3081] no-platform   -            Bighorn Fudge LLC
[ 705/3081] no-platform   -            Poki Poki
[ 706/3081] no-platform   -            Big City Bagels-(BCB Cafe)-North Park
[ 707/3081] no-platform   -            Burger Bench Vista
[ 708/3081] no-platform   -            Silver Gate Yacht Club
[ 709/3081] no-platform   -            The Boochyard
[ 710/3081] no-platform   -            Somisomi
[ 711/3081] no-platform   -            Karihan Filipino Food
[ 712/3081] no-platform   -            Taste of Thai
[ 713/3081] no-platform   -            Intazza Coffee Mug & Grub
[ 714/3081] no-platform   -            Mikara Cafe
[ 715/3081] no-platform   -            Elsa's Kitchen
[ 716/3081] no-platform   -            Spoon House
[ 717/3081] no-platform   -            Agave Taco Shop
[ 718/3081] no-platform   -            Ryan Bros Coffee City Heights
[ 719/3081] no-platform   -            Copa Vida
[ 720/3081] no-platform   -            Hoffer's Cigar Bar
[ 721/3081] no-platform   -            House of Pho
[ 722/3081] no-platform   -            The Mission Bay Beach Club
[ 723/3081] no-platform   -            Gloria's Taco Shop
[ 724/3081] no-platform   -            Mike's Giant New York Pizza
[ 725/3081] no-platform   -            Juice Alchemy
[ 726/3081] no-platform   -            JNC Pinoy Foodmart
[ 727/3081] no-platform   -            Achilles Coffee Roasters
[ 728/3081] no-platform   -            Carbonaro's
[ 729/3081] no-platform   -            Mad Munch Grilled Cheezer Co.
[ 730/3081] no-platform   -            Novecientos Grados by Tony Hawk
[ 731/3081] no-platform   -            Fish With You ｜Spicy & Sour Fish Soup 鱼你在一起酸菜鱼
[ 732/3081] no-platform   -            Cool Down Coffee
[ 733/3081] no-platform   -            Thai Ladle
[ 734/3081] no-platform   -            Pure Meal Prep SD
[ 735/3081] no-platform   -            Frida's Taqueria
[ 736/3081] no-platform   -            SD Cookie Guru
[ 737/3081] no-platform   -            Bear Roots Brewing Co.
[ 738/3081] no-platform   -            Teriyaki Madness
[ 739/3081] no-platform   -            Goli
[ 740/3081] no-platform   -            Junction Bar & Grill
[ 741/3081] no-platform   -            The Gärten
[ 742/3081] no-platform   -            Juice Kaboose
[ 743/3081] no-platform   -            Leos Kitchen
[ 744/3081] no-platform   -            Common Theory Chula Vista
[ 745/3081] no-platform   -            Two Hands Corn Dog San Marcos
[ 746/3081] no-platform   -            Smittys Downtown
[ 747/3081] no-platform   -            Taco Lounge Escaya
[ 748/3081] no-platform   -            Chiim Thai
[ 749/3081] no-platform   -            The Elwood
[ 750/3081] no-platform   -            Arcana Brewing Company
[ 751/3081] no-platform   -            Godfather's Diner
[ 752/3081] no-platform   -            La Nacional
[ 753/3081] no-platform   -            Sultan Baklava Mediterranean Grill
[ 754/3081] no-platform   -            Brew Wave Coffee
[ 755/3081] no-platform   -            Tom's Chinese BBQ
[ 756/3081] no-platform   -            Juan Jasper Kitchen & Wine
[ 757/3081] no-platform   -            Deli Belly
[ 758/3081] no-platform   -            JJANG Korean bbq
[ 759/3081] no-platform   -            Bear Roots Tavern
[ 760/3081] no-platform   -            2N1 Korean BBQ
[ 761/3081] no-platform   -            Forbidden Cove
[ 762/3081] no-platform   -            All Stars Sports Bar & Grill
[ 763/3081] no-platform   -            Las Brazas Mexican Food
[ 764/3081] no-platform   -            Tasty Pizza Escondido LLC
[ 765/3081] no-platform   -            Eggies
[ 766/3081] no-platform   -            The Wine Pub & Restaurant (Now Juno's)
[ 767/3081] no-platform   -            Ma's House
[ 768/3081] no-platform   -            Deano's Pub East
[ 769/3081] no-platform   -            DoughBoy's Grill
[ 770/3081] no-platform   -            Barley & Sword Brewing Company
[ 771/3081] no-platform   -            Agave Bar and Grill
[ 772/3081] no-platform   -            Juice Stop Encinitas
[ 773/3081] no-platform   -            Angela's Eccentric Kitchen
[ 774/3081] no-platform   -            La Banana Fruits - Fruteria
[ 775/3081] no-platform   -            Angry Petes Pizza Point Loma
[ 776/3081] no-platform   -            The Brewers Tap Room
[ 777/3081] no-platform   -            Fuzz Coffee and Records
[ 778/3081] no-platform   -            Kind Coffee
[ 779/3081] no-platform   -            Understory Bar
[ 780/3081] no-platform   -            Star Express
[ 781/3081] no-platform   -            Filipino Grill
[ 782/3081] no-platform   -            Picasso's Naturals
[ 783/3081] no-platform   -            Hill Top Winery
[ 784/3081] no-platform   -            Slurp
[ 785/3081] no-platform   -            Nova Easy Kombucha
[ 786/3081] no-platform   -            Taqueria Campos
[ 787/3081] no-platform   -            Raging Cider & Mead Co
[ 788/3081] no-platform   -            Alohana Acai Bowls and Smoothies - Vista
[ 789/3081] no-platform   -            Rad Habits Juice
[ 790/3081] no-platform   -            Sushi Monster
[ 791/3081] no-platform   -            Mama Made Thai
[ 792/3081] no-platform   -            Torreyana
[ 793/3081] no-platform   -            La Corriente Coronado
[ 794/3081] no-platform   -            Spicy Noodle
[ 795/3081] no-platform   -            Dragon's Den
[ 796/3081] no-platform   -            Bonchon Chicken
[ 797/3081] no-platform   -            The Space Pad
[ 798/3081] no-platform   -            Vista Bean Coffee
[ 799/3081] no-platform   -            Quarter Deck Inn Cocktails
[ 800/3081] no-platform   -            PB Poke House Oceanside
[ 801/3081] no-platform   -            The Story Caffè
[ 802/3081] no-platform   -            Village Pub
[ 803/3081] no-platform   -            Bowls N Brews
[ 804/3081] no-platform   -            Ellie's Wood Fired Pizza
[ 805/3081] no-platform   -            Linda's Donuts
[ 806/3081] no-platform   -            Tierra Mia Coffee Drive Thru
[ 807/3081] no-platform   -            Alpine Chill
[ 808/3081] no-platform   -            Fiori’s Pizza
[ 809/3081] no-platform   -            Main Street Pour House - Vista
[ 810/3081] no-platform   -            SusieCakes - Carlsbad Forum
[ 811/3081] no-platform   -            Harvey's
[ 812/3081] no-platform   -            Mirin Kitchen
[ 813/3081] no-platform   -            Rush Bowls
[ 814/3081] no-platform   -            Juice Caboose
[ 815/3081] no-platform   -            Tastea
[ 816/3081] no-platform   -            Aloha Ice Co
[ 817/3081] no-platform   -            Mariscos y Miches El Patron
[ 818/3081] no-platform   -            KYODAI 23 SUSHI
[ 819/3081] no-platform   -            Tutti Frutti
[ 820/3081] no-platform   -            Immersion Coffee
[ 821/3081] no-platform   -            Juice Caboose
[ 822/3081] no-platform   -            KJ Chinese Restaurant
[ 823/3081] no-platform   -            Thovo Mariscos & Birria
[ 824/3081] no-platform   -            Bag of Beans Cafe & Restaurant
[ 825/3081] no-platform   -            Fuego Mediterranean Grill
[ 826/3081] no-platform   -            Pizza 22
[ 827/3081] no-platform   -            Coffee Wave
[ 828/3081] no-platform   -            Vigilante Coffee Vista
[ 829/3081] no-platform   -            Granny's Apple Fries
[ 830/3081] no-platform   -            Hometown Taste
[ 831/3081] no-platform   -            Growlers Sports Bar & Taproom
[ 832/3081] no-platform   -            Litas Fish Market - Oceanside
[ 833/3081] no-platform   -            Odysea Lounge
[ 834/3081] no-platform   -            Saki Saki Sushi Bar & Grill
[ 835/3081] no-platform   -            Kilowatt Craft Beer & Cocktails Oceanside
[ 836/3081] no-platform   -            Vica’s Cafe
[ 837/3081] no-platform   -            Parakeet Cafe - Carlsbad
[ 838/3081] no-platform   -            Galata Turkish Ice Cream
[ 839/3081] no-platform   -            Seven Seas Roasting
[ 840/3081] no-platform   -            Marathon Coffee
[ 841/3081] no-platform   -            Unique Sandwiches
[ 842/3081] no-platform   -            Bowl To Go
[ 843/3081] no-platform   -            Dog Leg Brewing
[ 844/3081] no-platform   -            El Mercadito
[ 845/3081] no-platform   -            Mi Amigo Mexican Food & Sea
[ 846/3081] no-platform   -            Juice Adventure
[ 847/3081] no-platform   -            Java Earth Coffee
[ 848/3081] no-platform   -            Snow Pops San Diego - Snow Pops SD
[ 849/3081] no-platform   -            Volcan Mountain Winery
[ 850/3081] no-platform   -            Marta
[ 851/3081] no-platform   -            Star Dust Donut Shop
[ 852/3081] no-platform   -            Carruth Cellars Tasting Room
[ 853/3081] no-platform   -            Las Michoacanas
[ 854/3081] no-platform   -            Taqueria Daily Fresh
[ 855/3081] no-platform   -            Frank's Bakery - Gibaldi's Italian Bread
[ 856/3081] wrong-branch  toast        And Breakfast Burritos
[ 857/3081] no-platform   -            Fall Brewing Company South Park Taproom
[ 858/3081] needs-browser order.online Sunny Scoops
[ 859/3081] no-platform   -            Cj Lounge
[ 860/3081] no-platform   -            Los Cucos Mexican Food
[ 861/3081] gated         order.online Tutti Frutti Frozen Yogurt
[ 862/3081] needs-browser MealKeyWay   Ten Seconds Yunnan Rice Noodle
[ 863/3081] wrong-branch  order.online The Pad Thai Stand
[ 864/3081] needs-browser Square Online (own domain) The Craft Taco at The Nat
[ 865/3081] no-platform   -            Meadiocrity Mead
[ 866/3081] no-platform   -            Social hookah lounge
[ 867/3081] no-platform   -            Bang Bang
[ 868/3081] needs-browser toast        Leu Leu
[ 869/3081] needs-browser Square Online (own domain) Castelli & Pizarro Family Vineyards & Winery
[ 870/3081] needs-browser slice        Papa's Pizza
[ 871/3081] needs-browser Square Online storefront Mein St. Asian Kitchen
[ 872/3081] needs-browser -            Golden Spoon Carlsbad Plaza
[ 873/3081] no-platform   -            Jungle Tea
[ 874/3081] wrong-branch  ubereats     Protector Brewery
[ 875/3081] no-platform   -            Ocean View Bar & Grill
[ 876/3081] wrong-branch  clover       Burros and Fries
[ 877/3081] needs-browser Square Online (own domain) Pho Ever Carlsbad
[ 878/3081] no-platform   -            Cup of Yo
[ 879/3081] no-platform   -            Belinda's Familia Mexican Food Truck
[ 880/3081] no-platform   -            Bar Traza
[ 881/3081] no-platform   -            Latchkey Brewing Company
[ 882/3081] no-platform   -            Chen's Kitchen
[ 883/3081] no-platform   -            OB Smoothies Bar & Subs
[ 884/3081] no-platform   -            Midnight Animal Coffee
[ 885/3081] needs-browser Square Online storefront Empanada Kitchen
[ 886/3081] no-platform   -            Park Commons
[ 887/3081] no-platform   -            Café Ventanas
[ 888/3081] no-platform   -            Bobalicious
[ 889/3081] no-platform   -            Cheers
[ 890/3081] no-platform   -            Hongyuan Kebab
[ 891/3081] no-platform   -            Crab City (La Jolla Cove)
[ 892/3081] no-platform   -            Badas Burgers Food Truck
[ 893/3081] no-platform   -            Nékter Juice Bar
[ 894/3081] no-platform   -            Ferlini Coffee
[ 895/3081] no-platform   -            Rise + Shine Coffee Shop
[ 896/3081] needs-browser slice        Little Sisters Pizza
[ 897/3081] no-platform   -            China Fun
[ 898/3081] no-platform   -            Mamma Pinsa
[ 899/3081] needs-browser chownow      moonbowls (Healthy Korean Bowls- Boston Ave)
[ 900/3081] no-platform   -            Zodiak Hookah Lounge
[ 901/3081] no-platform   -            Colima's Mexican Foods
[ 902/3081] wrong-branch  order.online La michoacana Plus San Diego #2
[ 903/3081] needs-browser -            Coastal Cantina
[ 904/3081] no-platform   -            Pure Fruit Bar & Deli LLC
[ 905/3081] no-platform   -            Rumorosa
[ 906/3081] no-platform   -            Brunch at Hotel del Coronado
[ 907/3081] no-platform   -            Crown Landing
[ 908/3081] no-platform   -            South O Brewing Company & Kitchen
[ 909/3081] no-platform   -            Ibis Market
[ 910/3081] no-platform   -            Señor Taquero Taco Shop
[ 911/3081] no-platform   -            Sourdough & moore
[ 912/3081] too-few       netwaiter    Kim's Bar-B-Que
[ 913/3081] needs-browser order.online The Coffee Cart Café & Espresso Catering
[ 914/3081] no-platform   -            Inzane Brewing Co.
[ 915/3081] needs-browser toast        Lilo
[ 916/3081] no-platform   -            Arteazen Handcrafted Tea
[ 917/3081] too-few       netwaiter    K & K Orient Valley Food Center
[ 918/3081] no-platform   -            Merenda
[ 919/3081] needs-browser spothopper   Brites Soft Serve
[ 920/3081] no-platform   -            PB Oriental
[ 921/3081] needs-browser Square Online storefront Ululani's San Diego
[ 922/3081] no-platform   -            Elite Baking
[ 923/3081] no-platform   -            Xolotacos
[ 924/3081] no-platform   -            Harissa Mediterranean Kitchen
[ 925/3081] no-platform   -            Sunny Grove Brewing Company
[ 926/3081] no-platform   -            Sher the love of cooking
[ 927/3081] needs-browser GloriaFood widget Jamul Meat Market
[ 928/3081] no-platform   -            PKI Sushi
[ 929/3081] no-platform   -            Embolden Beer Co.
[ 930/3081] no-platform   -            Mantra Raja
[ 931/3081] no-platform   -            Sai Japanese Bistro
[ 932/3081] no-platform   -            Carne & Hueso
[ 933/3081] needs-browser Square Online storefront Pho Ha Noi Asian Cuisine
[ 934/3081] no-platform   -            Uncle Feras Middle Eastern Restaurant
[ 935/3081] needs-browser slice        Del Cerro Pizza
[ 936/3081] needs-browser -            Modern Times Coffee
[ 937/3081] no-platform   -            La Cocina De Anita
[ 938/3081] no-platform   -            Leucadia Pizza
[ 939/3081] no-platform   -            Landshark Bar & Grill
[ 940/3081] no-platform   -            Dang Brother Camp Pendleton 22 Area
[ 941/3081] no-platform   -            Spicy Lao Kitchen
[ 942/3081] no-platform   -            The Oasis Patio Bar
[ 943/3081] no-platform   -            Himalayan Chulo
[ 944/3081] needs-browser SpotOn       Mexican & Seafood Restaurant
[ 945/3081] needs-browser MealKeyWay   Tasty house 味来
[ 946/3081] no-platform   -            Barrio Coffee
[ 947/3081] no-platform   -            Tacos La Chorreada
[ 948/3081] no-platform   -            Rocko's Family Restaurant
[ 949/3081] no-platform   -            Sam's Donuts Shop
[ 950/3081] no-platform   -            Mariscos La Chalupa #1 - Seafood Truck
[ 951/3081] no-platform   -            VUE
[ 952/3081] no-platform   -            Bubbles & Brews Cafe
[ 953/3081] no-platform   -            Bayside Bar & Grill
[ 954/3081] needs-browser toast        Go Greek Authentic Yogurteria
[ 955/3081] no-platform   -            Lilian's
[ 956/3081] needs-browser order.online Tous les Jours
[ 957/3081] no-platform   -            24 Area Messhall
[ 958/3081] needs-browser chownow      JRs Grill / G Street Deli
[ 959/3081] no-platform   -            Skyline Cafe
[ 960/3081] needs-browser toast        Dark Hors[ 960/3081] needs-browser [ 961/3081] needs-browser order.online Häagen-Dazs
[ 962/3081] filed         shopify      Kyoto Coast Matcha
[ 963/3081] no-platform   -            Sieu Sieu[ 963[ 964/3081] no-platform   -            Cherry Bomb
[ 965/3081] no-platform   -            Giovanetti’s Italian Cuisine
[ 966/3081] no-platform   -            AMICIBAR
[ 967/3081] no-platform   -            RomBomb Burger
[ 968/3081] needs-browser toast        Canton Ba[ 968/3081] needs-br[ 969/3081] no-platform   -            MAKE Cafe
[ 970/3081] no-platform   -            Mariscos La Morena
[ 971/3081] no-platform   -            For The Win - San Diego
[ 972/3081] no-platform   -            Tacos El Villasana
[ 973/3081] no-platform   -            The Pearl Restaurant
[ 974/3081] no-platform   -            Beach wolf
[ 975/3081] needs-browser Square Online storefront Flour Atelier
[ 976/3081] no-platform   -            Tap That
[ 977/3081] needs-browser MealKeyWay   Pho Tan
[ 978/3081] no-platform   -            Mother Earth Brew Co.
[ 979/3081] needs-browser chownow      Donburi R[ 979/3081[ 980/3081] needs-browser Square Online (own domain) CUPPA CUPPA COFFEE LAB
[ 981/3081] no-platform   -            ALBACA
[ 982/3081] no-platform   -            Pizza Kaiju
[ 983/3081] no-platform   -            Truva
[ 984/3081] no-platform   -            Witherby [ 984/3081] no-pl[ 985/3081] needs-browser -            Yogurt Lo[ 985/3081] need[ 986/3081] needs-browser Square Online storefro[ 986/3081] needs[ 987/3081] no-platform   -            Easy Thai
[ 988/3081] no-platform   -            Lapper Ki[ 988/3081] [ 989/3081] no-platform   -            Zuma San Diego
[ 990/3081] no-platform   -            Imperial Palace
[ 991/3081] no-platform   -            Easy Thai
[ 992/3081] no-platform   -            Theresa's Italian Steakhouse
[ 993/3081] no-platform   -            Tina's Baking Addiction
[ 994/3081] needs-browser order.online Lady M Cake Boutique - San Diego
[ 995/3081] needs-browser plain-html   Roppongi
[ 996/3081] no-platform   -            TP TEA – San Diego
[ 997/3081] no-platform   -            Over The Tap
[ 998/3081] needs-browser toast        Swagyu Burger Bar
[ 999/3081] no-platform   -            Kiku Room[[1000/3081] no-platform   -            Mr. Buffalo Fries
[1001/3081] no-platform   -            The Cove Bar & Grill
[1002/3081] no-platform   -            Happytime Tea
[1003/3081] filed         wix          Origen Coffee Roasters
[1004/3081] no-platform   -            Kim's Deli
[1005/3081] needs-browser order.online Qin West
[1006/3081] no-platform   -            Vinya Yog[1006/3081] no-[1007/3081] too-few       own-jsonld   Vinh Long Food To Go
[1008/3081] no-platform   -            The Sushi Stand
[1009/3081] needs-browser toast        Taco Loco
[1010/3081] needs-browser order.online Poki Poki Carlsbad - Boba & Brewski
[1011/3081] no-platform   -            Treo Kitchen + Bar
[1012/3081] needs-browser MealKeyWay   Tengu Ramen
[1013/3081] needs-browser toast        Mary's Salads
[1014/3081] no-platform   -            Suspiros Cakes Chula Vista
[1015/3081] no-platform   -            Coffee Culture
[1016/3081] no-platform   -            Tacos el Niño Santana
[1017/3081] no-platform   -            Ching's Famous Hopia
[1018/3081] no-platform   -            Campus Cafe
[1019/3081] needs-browser -            Kaluú Upscale Mexican & Lounge
[1020/3081] needs-browser Square Online storefront Muse Cheesecakes & Bakery
[1021/3081] needs-browser toast        Fiesta Mexican Grille
[1022/3081] no-platform   -            Cafe Aero
[1023/3081] no-platform   -            My Vegan Pie
[1024/3081] no-platform   -            Brain Freeze Premium Frozen Yogurt & Ice Cream of Bonsall
[1025/3081] needs-browser order.online Sr. Taquito
[1026/3081] too-few       wix          Dame Más Cafeina
[1027/3081] no-platform   -            LJ Crafted Wines - Wines & Tastings
[1028/3081] no-platform   -            Necter Juice Bar
[1029/3081] needs-browser Square Online (own domain) Teuscher Chocolates San Diego
[1030/3081] no-platform   -            Valerio's 1979
[1031/3081] no-platform   -            Sabroso taco savor a mi tierra
[1032/3081] no-platform   -            Buttery Bakes
[1033/3081] needs-browser order.online El Rinconcito Fruteria
[1034/3081] no-platform   -            Presotea
[1035/3081] no-platform   -            Gather
[1036/3081] no-platform   -            Josie's Hideout Saloon
[1037/3081] no-platform   -            The Coffee Bar at Foothills Church
[1038/3081] no-platform   -            Mission Donut House
[1039/3081] needs-browser chownow      Parakeet Cafe - Nautilus
[1040/3081] no-platform   -            Oakberry Açaí bowls
[1041/3081] wrong-branch  order.online The Pad Thai Stand
[1042/3081] no-platform   -            J Crepe & Cafe
[1043/3081] needs-browser slice        Milo’s Pizza & Deli
[1044/3081] no-platform   -            Imperial [1044/3081] no[1045/3081] no-platform   -            Old Hickory Steakhouse
[1046/3081] no-platform   -            D'liteful Chocolat
[1047/3081] no-platform   -            Baklava King
[1048/3081] no-platform   -            Fat Tuesday
[1049/3081] screened-out  toast        Asado Gau[1049/3081] screened-out  toast        Asado Gaucho - Argentinian Meat Dining Experience
[1050/3081] needs-browser Square Online storefront Societe Brewing Company
[1051/3081] no-pl[1052/3081] needs-browser Square Online storefront Common Grounds Cafe - MCRD Base
[1053/3081] no-platform   -            Trevi Hil[1053/3081[1054/3081] no-platform   -            12 HRS MA[1054/3081[1055/3081] no-platform   -            Tasty Don[105[1056/3081] no-platform   -            Fall Brew[1056/3081] [1057/3081] no-platform   -            Ono Hawaiian BBQ
[1058/3081] no-platform   -            Old Town Eatery
[1059/3081] needs-browser Square Online storefront Loma Salad Bar
[1060/3081] no-platform   -            Arevalo's[1060/30[1061/3081] no-platform   -            NuYo Frozen Yogurt Encinitas
[1062/3081] needs-browser Square Online storefront Teziutacos
[1063/3081] no-platform   -            The Nutrition Place
[1064/3081] needs-browser clover       Blendees
[1065/3081] no-platform   -            Yas Lounge
[1066/3081] no-platform   -            Arevalo's Bakery
[1067/3081] needs-browser -            Nomada
[1068/3081] needs-browser order.online Lezat Indonesian Kitchen
[1069/3081] no-platform   -            Jamal's Chicken
[1070/3081] needs-browser order.online Poke One N Half
[1071/3081] no-platform   -            Killer Whale Creamery
[1072/3081] needs-browser clover       Bruster's Real Ice Cream
[1073/3081] no-platform   -            Charade Speakeasy
[1074/3081] needs-browser Square Online (own domain) Cafe Pascal[1074/3081] nee[1075/3081] no-platform   -            Cha Cha Tea Spot
[1076/3081] no-platform   -            Alona’s Caketots
[1077/3081] no-platform   -            Carruth Cellars Urban Winegarden & Cheese Shop: Liberty Station
[1078/3081] needs-browser chownow      Off the Vine Gardens Deli And Catering
[1079/3081] no-platform   -            Tres Hermanos Locos Tacos[[1080/3081] no-platform   -            Sunny Dumpling House
[1081/3081] no-platform   -            S T U D I O Restaurant + Bar
[1082/3081] needs-browser Square Online storefront Golden Dragon
[1083/3081] no-platform   -            GOLDEN DRAGON ASIAN CUISI[10[1084/3081] needs-browser Square Online storefront Bean Box
[1085/3081] needs-browser order.online Mamamia Pizza Kitchen
[1086/3081] needs-browser order.online TOUS les JOURS Bakery Café - National City
[1087/3081] no-platform   -            Taqueria El Patron
[1088/3081] no-platform   -            SINTA
[1089/3081] no-platform   -            Shake Smart
[1090/3081] no-platform   -            chance's coffee
[1091/3081] wrong-branch  toast        Bros Kabob
[1092/3081] no-platform   -            Italian Cucina
[1093/3081] no-platform   -            Burtech Family Vineyard Tasting Room
[1094/3081] no-platform   -            Cleopatra's Lounge
[1095/3081] needs-browser -            Pure Squeeze
[1096/3081] needs-browser -            Cluck N Sip
[1097/3081] no-platform   -            La Clochette
[1098/3081] no-platform   -            DaYung's Tea
[1099/3081] needs-browser olo          Randy’s Donuts
[1100/3081] no-platform   -            Brewery X
[1101/3081] no-platform   -            Hannegan’s House Beer Co & Creamery
[1102/3081] needs-browser order.online Torta Time
[1103/3081] no-platform   -            Izakaya Maíze
[1104/3081] needs-browser -            Divina Matcha
[1105/3081] no-platform   -            SciEats (Nonprofit Eatery)
[1106/3081] needs-browser Square Online storefront Manor Coffee Bar
[1107/3081] needs-browser Square Online (own domain) Chefs Cafe
[1108/3081] no-platform   -            Tower39 Rooftop Lounge
[1109/3081] no-platform   -            102 Scone Co.
[1110/3081] needs-browser olo          McConnell's Fine Ice Creams - Carlsbad
[1111/3081] no-platform   -            Mama’s Boy Cookies
[1112/3081] no-platform   -            Golden Donut
[1113/3081] no-platform   -            Momo Sando&Omakase
[1114/3081] too-few       netwaiter    Playa Azul Mariscos Restaurant
[1115/3081] no-platform   -            Honey Cafe & Store
[1116/3081] no-platform   -            Smoking Cannon Brewery
[1117/3081] no-platform   -            Jaguar Paw
[1118/3081] no-platform   -            Cocina De Ledezma LLC
[1119/3081] no-platform   -            Pasta Design
[1120/3081] no-platform   -            Ohana Nutrition
[1121/3081] no-platform   -            Qualcomm Cafe Q
[1122/3081] no-platform   -            Amuse Lounge and Patio
[1123/3081] no-platform   -            Linda's Yogurt & Deli
[1124/3081] no-platform   -            TJ BURRITO Co.
[1125/3081] no-platform   -            The Sanctuary by The Lost Abbey
[1126/3081] screened-out  shopify      Farm Fresh Meals
[1127/3081] screened-out  toast        High Marea
[1128/3081] no-platform   -            Delicia's Taco Shop
[1129/3081] needs-browser Square Online (own domain) Inka'fe SD Coffee Shop
[1130/3081] no-platform   -            All That Shabu
[1131/3081] no-platform   -            Bivouac Adventure Lodge Coffee Shop
[1132/3081] no-platform   -            Backstreet Brewery
[1133/3081] needs-browser toast        Market St Pizzeria
[1134/3081] no-platform   -            Papa Bambino's
[1135/3081] needs-browser order.online Fatboy's Deli & Spirits
[1136/3081] no-platform   -            Cake
[1137/3081] no-platform   -            Warner Springs Golf Shop & Grill
[1138/3081] wrong-branch  toast        Cosmos Burger Carlsbad
[1139/3081] no-platform   -            Veranda
[1140/3081] no-platform   -            Michael's in Borrego
[1141/3081] no-platform   -            Una Mas on Adams
[1142/3081] no-platform   -            The Bar at Moniker General
[1143/3081] no-platform   -            Lemon City Taphouse
[1144/3081] no-platform   -            Weir Beer
[1145/3081] no-platform   -            Backyard Brewery
[1146/3081] no-platform   -            Lambers Chinese Bakery
[1147/3081] needs-browser Square Online storefront Moniker Coffee Co. at The Craft Creamery
[1148/3081] no-platform   -            Honney Doffee Coffee
[1149/3081] no-platform   -            Panaderia Fuentes
[1150/3081] no-platform   -            Michi Brew Co.
[1151/3081] no-platform   -            Noodles - Authentic Asian Cuisine
[1152/3081] needs-browser Square Online storefront Cargo Cafe - Sorrento Valley
[1153/3081] no-platform   -            Red Ribbon Bakeshop
[1154/3081] no-platform   -            Iceskimo
[1155/3081] no-platform   -            LUCIEN
[1156/3081] needs-browser toast        One of Us
[1157/3081] filed         toast        Napatini Bistro and Wine Bar
[1158/3081] no-platform   -            The Coffee House at North Coast Church
[1159/3081] needs-browser Square Online storefront Montebello
[1160/3081] wrong-branch  toast        Boba Tea Spot
[1161/3081] no-platform   -            Nova Boba and Coffee shop
[1162/3081] no-platform   -            Cali Banh Mi
[1163/3081] needs-browser Square Online storefront Purl Tea San Marcos
[1164/3081] no-platform   -            The Golf Bar
[1165/3081] filed         own-jsonld   The San Diego Taco Truck
[1166/3081] no-platform   -            The Grillery
[1167/3081] no-platform   -            Culture Craft Coffee & Espresso
[1168/3081] needs-browser chownow      Parakeet Juicery - La Jolla
[1169/3081] screened-out  shopify      Ascend Coffee Roasters
[1170/3081] too-few       netwaiter    Ba Le French Sandwich Shop
[1171/3081] no-platform   -            Little Fawn
[1172/3081] no-platform   -            CHERRYBOMB EC
[1173/3081] wrong-branch  toast        Gold Coffee Shop
[1174/3081] no-platform   -            Milonga Empanadas
[1175/3081] needs-browser Square Online storefront Cargo Cafe - Paseo Del Mar
[1176/3081] no-platform   -            Cakey Bakey
[1177/3081] no-platform   -            Tazza D'Oro
[1178/3081] no-platform   -            All Things Ube Desserts
[1179/3081] no-platform   -            Pub 1795
[1180/3081] no-platform   -            Ho Wan Noodle Shop
[1181/3081] no-platform   -            Dream Fountain Catering
[1182/3081] no-platform   -            Milonga Empanadas Fashion Valley
[1183/3081] no-platform   -            Las Ricas Tortas
[1184/3081] needs-browser Square Online (own domain) Balboa Candy
[1185/3081] no-platform   -            Elegance On Display
[1186/3081] no-platform   -            Drinky Promise
[1187/3081] no-platform   -            OMG Crêpes
[1188/3081] needs-browser toast        Pita Pit
[1189/3081] needs-browser toast        Pompei Pizza
[1190/3081] needs-browser order.online Bird-N-Bun
[1191/3081] no-platform   -            Los Primos Panaderia
[1192/3081] no-platform   -            Plant Power Fast Food Digital Kitchen
[1193/3081] no-platform   -            Al Umaraa Restaurant & Market
[1194/3081] no-platform   -            Lakeside Social
[1195/3081] no-platform   -            Hopnonymo[1195/3081] no-platform   - [1196/3081] no-platform   -            Poki Poki[1196/3081] no-platform   [1197/3081] needs-browser Square Online storefront Copa Vida Torrey Ridge
[1198/3081] screened-out  shopify      Party Time Liquor
[1199/3081] needs-browser order.online Beard Papa’s San Diego
[1200/3081] needs-browser olo          Better Bu[1200/3081] needs[1201/3081] no-platform   -            5 O'Clock Somewhere Rooftop Bar
[1202/3081] filed         wix          Sourpuss Donuts
[1203/3081] needs-browser spothopper   Tipping Pint Brewing Co.
[1204/3081] no-platform   -            Route 6 Coffee & Smoothies
[1205/3081] no-platform   -            Elote
[1206/3081] no-platform   -            Krak Boba
[1207/3081] no-platform   -            Scena Fusion Kitchen & Bar
[1208/3081] no-platform   -            Pink Budd[12[1209/3081] no-platform   -            Feisty Kate's Burgers and Malts
[1210/3081] no-platform   -            Urban Skillet San Diego
[1211/3081] no-platform   -            Pala Cafe
[1212/3081] no-platform   -            Red Eye Saloon
[1213/3081] no-platform   -            Little Fox Cups + Cones
[1214/3081] no-platform   -            Mike Hess Brewing - Seaport Village Taphouse
[1215/3081] no-platform   -            The Loft [1215/3081] no-p[1216/3081] no-platform   -            Ramones M[1216/3081][1217/3081] wrong-branch  toast        Johnny Ra[1217/308[1218/3081] no-platform   -            El Flako's Wrangler Barbecue
[1219/3081] needs-browser Square Online storefro[1219/3081] n[1220/3081] no-platform   -            Guadalupe Brewery Tap House
[1221/3081] no-platform   -            FLAVORFUL Dessert Atelier
[1222/3081] needs-browser toast        Grab & Go
[1223/3081] no-platform   -            El Flako's Wrangler Barbecue
[1224/3081] needs-browser olo          Panini Kabob Grill - Park 12
[1225/3081] needs-browser toast        Clara's K[1225/3081] needs-browser Paytronix    Ziggi's Coffee
[1226/3081] needs-browser Square Online (own domain) The Cakery C[122[1227/3081] no-platform   -            Dulzura Vineyard and Winery
[1228/3081] wrong-branch  toast        Clara's Kitchen ( Soul Food) Micro-enterprise Home Kitchen
[1229/3081] need[1230/3081] no-platform   -            Dole Whip[[1231/3081] no-platform   -            Plant Pow[1231/3081] n[1232/3081] needs-browser toast        Duck Foot[1232/3081] no-platform   -            Duck Foot Brewing
[1233/308[1234/3081] no-platform   -            Blue Bowl[1234/3081] no-platform [1235/3081] no-platform   -            French Se[1235/3081] no-platform   -  [1236/3081] no-platform   -            Carnitas [1236/3081] no[1237/3081] no-platform   -            Citizen Brewers
[1238/3081] no-platform   -            Shabu Spo[1[1239/3081] no-platform   -            Lonchera [1239/3081] no-pla[1240/3081] no-platform   -            Silver Hoof Creamery
[1241/3081] no-platform   -            The Trap Shack
[1242/3081] needs-browser Square Online (own dom[1242/3081] needs-browse[1243/3081] no-platform   -            Rank & File
[1244/3081] no-platform   -            La Michoa[1244/3081][1245/3081] needs-browser -            Pelican's[1245/3081] [1246/3081] no-platform   -            Salt & Fi[1[1247/3081] no-platform   -            KD`S Donu[12[1248/3081] no-platform   -            Teaspoon [1248/3081[1249/3081] no-platform   -            We Cookn
[1250/3081] screened-out  shopify      Come Back Coffee Co.
[1251/3081] screened-out  shopify      Seven Seas Roasting Co.
[1252/3081] no-platform   -            Jaybird S[1252/308[1253/3081] no-platform   -            La Mesa Wine Works
[1254/3081] no-platform   -            Sunright Tea Studio
[1255/3081] no-platform   -            El Cajon [1255/3081[1256/3081] no-platform   -            La Rikura Mexican Food
[1257/3081] no-platform   -            Side Chick - Chicken & Fries
[1258/3081] no-platform   -            Tamales O[1258/3081[1259/3081] no-platform   -            Emerald Chinese Cuisine
[1260/3081] no-platform   -            Starbread Bakery
[1261/3081] no-platform   -            The Cafe
[1262/3081] no-platform   -            Dr Boocha[12[1263/3081] no-platform   -            Zodiac Bo[12[1264/3081] too-few       netwaiter    J & J's M[1264/3081] [1265/3081] no-platform   -            Super Smo[1265/3[1266/3081] wrong-branch  own-jsonld   Tako
[1267/3081] no-platform   -            Californi[1267/3[1268/3081] no-platform   -            Claudia�[1268/3081] n[1269/3081] no-platform   -            Beach Sweets
[1270/3081] needs-browser -            85°C Bakery Cafe-Santee
[1271/3081] wrong-branch  toast        ALOHA GRILL
[1272/3081] no-platform   -            Fres.Co
[1273/3081] no-platform   -            NuYo Frozen Yogurt Solana Beach
[1274/3081] filed         own-jsonld   Hong Kong Kitchen & Dimsum
[1275/3081] no-platform   -            Bistro at the Pier
[1276/3081] no-platform   -            Shake Bar & Lounge
[1277/3081] no-platform   -            The Honor Bar
[1278/3081] no-platform   -            Tamales Escondido
[1279/3081] no-platform   -            Candy Land
[1280/3081] no-platform   -            Subterranean Coffee Drive thru
[1281/3081] no-platform   -            The Funky Frenchie (Lemon Grove)
[1282/3081] needs-browser Square Online storefront Its Cafe Thai
[1283/3081] no-platform   -            Bücha Hard Kombucha
[1284/3081] wrong-branch  toast        Knead Artisan Bakery
[1285/3081] no-platform   -            6 7 Deli & Pizza
[1286/3081] no-platform   -            Devil and Angel
[1287/3081] no-platform   -            Viewpoint Kitchen + Bar
[1288/3081] no-platform   -            Savvy Macs, Inc.
[1289/3081] no-platform   -            Olive Branch Eatery
[1290/3081] no-platform   -            Huy Ky Bakery
[1291/3081] no-platform   -            The Red Barn
[1292/3081] too-few       netwaiter    Pizza Grande
[1293/3081] no-platform   -            F Street Cafe
[1294/3081] no-platform   -            Dockside Casual Seafood Counter
[1295/3081] no-platform   -            Corner Office Pizza and Craft Bar
[1296/3081] no-platform   -            Jery's Pizza
[1297/3081] no-platform   -            Cafe Nordstrom
[1298/3081] no-platform   -            Zoo Brew
[1299/3081] needs-browser toast        Zest Wine[1299/30[1300/3081] no-platform   -            The MRKT
[1301/3081] no-platform   -            Golden Grill
[1302/3081] no-platform   -            Stratus Restaurant & Bar
[1303/3081] no-platform   -            Bianchi P[1303/3081] n[1304/3081] no-platform   -            The Morning Grove
[1305/3081] no-platform   -            Little Vi[1305/3081] no-[1306/3081] no-platform   -            Phology Noodle House - Pho Vietnamese Chula Vista CA
[1307/3081] no-platform   -            Surf City Squeeze
[1308/3081] no-platform   -            Ground Up Cafe
[1309/3081] too-few       netwaiter    Sandwich Place
[1310/3081] no-platform   -            Shake Smart
[1311/3081] no-platform   -            Diego's Taco Shop
[1312/3081] needs-browser MealKeyWay   Yuki Yuki
[1313/3081] no-platform   -            Craft Pizza
[1314/3081] no-platform   -            Oscar's Meat pies
[1315/3081] no-platform   -            SAKE BAR [1315[1316/3081] no-platform   -            Dirty Dough - Oceanside
[1317/3081] no-platform   -            Three Boys Coffee
[1318/3081] no-platform   -            Thai Thai Melrose Restaurant
[1319/3081] no-platform   -            Smashburger
[1320/3081] no-platform   -            Healthy Grill Mediterranean
[1321/3081] no-platform   -            El Santo Remedio Cantina
[1322/3081] no-platform   -            Sunset Thai Ocean Beach
[1323/3081] no-platform   -            Forum Deli
[1324/3081] no-platform   -            Royal Pearl Tea
[1325/3081] no-platform   -            Sammy's Restaurant & Bar
[1326/3081] no-platform   -            Board & Brew - Downtown San Diego
[1327/3081] needs-browser Square Online storefront Whatever Forever Coffee
[1328/3081] no-platform   -            Cherrie Blossom Tea & Boba
[1329/3081] no-platform   -            PAPA GUAPO CANTINA
[1330/3081] no-platform   -            Mission Brewing - Kensington
[1331/3081] needs-browser toast        Bao Bar
[1332/3081] no-platform   -            The Guild Bar
[1333/3081] no-platform   -            Last Spot Bar
[1334/3081] needs-browser GloriaFood widget Maria's Coffee Shop
[1335/3081] no-platform   -            Koobrew
[1336/3081] no-platform   -            664
[1337/3081] no-platform   -            Panadería González
[1338/3081] no-platform   -            Mantra Sukha Tea Lounge
[1339/3081] wrong-branch  toast        Tapas Bar
[1340/3081] needs-browser Square Online storefront Petite Paleo Bakery
[1341/3081] no-platform   -            Marzul Coastal Cuisine
[1342/3081] no-platform   -         [1342/3081][1343/3081] no-platform   -            Drunk Confections
[1344/3081] no-platform   -            Test Kitchen
[1345/3081] no-platform   -            The Mudbar
[1346/3081] no-platform   -            Crafted Coastal Bakery
[1347/3081] no-platform   -            Carnitas Paracho Garibay
[1348/3081] no-platform   -            Gintaro Sushi
[1349/3081] no-platform   -            The Boarding Home
[1350/3081] no-platform   -            Solana Frosty
[1351/3081] no-platform   -            Candy Land Café San Diego
[1352/3081] no-platform   -            ABC Market & Deli
[1353/3081] no-platform   -            Alohana Acai Bowls and Smoothies - North Park
[1354/3081] no-platform   -            117⁰ West Spirits Speakeasy
[1355/3081] no-platform   -            Super Express Chinese Food
[1356/3081] no-platform   -            Hillside Ranch Vineyard
[1357/3081] no-platform   -            Casa Del Marisco Rafaelas
[1358/3081] no-platform   -            Sea Ridge Cafe
[1359/3081] no-platform   -            Tommy's Pizza & Subs
[1360/3081] no-platform   -            Pop Pops Paleta
[1361/3081] no-platform   -            Tacos Locos Tasty Mexican Food
[1362/3081] no-platform   -            Joyee Noodle House(UTC)
[1363/3081] no-platform   -            Boo Boo's sweet Potato Pies
[1364/3081] no-platform   -            Plaza Deli
[1365/3081] no-platform   -            MCX Food & Service Plaza, Camp Pendleton, CA
[1366/3081] no-platform   -            Manta Pizza
[1367/3081] no-platform   -            CHINA CHEF 1
[1368/3081] no-platform   -            Get Baked Cookie Co.
[1369/3081] no-platform   -            Zonkey
[1370/3081] no-platform   -            Agave Birrieria
[1371/3081] no-platform   -            Street Corner
[1372/3081] no-platform   -            Amalfi Enoteca Italiana
[1373/3081] no-platform   -            Oasis Breads
[1374/3081] no-platform   -            Taqueria Los Famosos
[1375/3081] no-platform   -            KAFE'SITO
[1376/3081] no-platform   -            New Motion Beverages
[1377/3081] no-platform   -            Tortillas de Harina Elice, Flour Tortillas
[1378/3081] no-platform   -            Surf City Squeeze
[1379/3081] no-platform   -            The Salty Cookie
[1380/3081] no-platform   -            Tortas Ahogadas El Gallito
[1381/3081] no-platform   -            Katy’s Diner
[1382/3081] no-platform   -            longball cocktail
[1383/3081] no-platform   -            86d (inside Coin-Op)
[1384/3081] no-platform   -            Sweet Story Company LLC
[1385/3081] no-platform   -            Middy's Pizza
[1386/3081] no-platform   -            Shaka Java
[1387/3081] no-platform   -            Market One
[1388/3081] no-platform   -            Cork N Brew
[1389/3081] no-platform   -            Blue Bowl Superfoods
[1390/3081] no-platform   -            Sip Fresh
[1391/3081] no-platform   -            Hotdogs Sonora
[1392/3081] no-platform   -            The Poke Tea House
[1393/3081] no-platform   -            Cargo Cafe - Torrey Pines
[1394/3081] no-platform   -            La Paloma
[1395/3081] no-platform   -            Tacos El Jalón
[1396/3081] no-platform   -            Secret Sauce Wok & Grill
[1397/3081] no-platform   -            La Cucina
[1398/3081] no-platform   -            Sweet Factory
[1399/3081] no-platform   -            Fresca Deli .
[1400/3081] no-platform   -            Ambiance Kitchen + Lounge
[1401/3081] no-platform   -            Heftyboy BBQ dba 716 BBQ & more....
[1402/3081] no-platform   -            Tejedas' Peruvian Kitchen
[1403/3081] no-platform   -            Great American Cookies - Otay Ranch Town Center
[1404/3081] no-platform   -            Cocina de Tamales
[1405/3081] no-platform   -            The Lookout at Lake Poway
[1406/3081] no-platform   -            WUHU TEA & DELI
[1407/3081] no-platform   -            Barona Coffee Company
[1408/3081] no-platform   -            Prado Perk
[1409/3081] no-platform   -            Cafe Pascale
[1410/3081] no-platform   -            Chester's
[1411/3081] no-platform   -            Surf City Squeeze
[1412/3081] no-platform   -            Max's Restaurant National City
[1413/3081] no-platform   -            Poki One N Half San Marcos
[1414/3081] no-platform   -            Seaside BBQ
[1415/3081] no-platform   -            Poki One N Half San Marcos
[1416/3081] no-platform   -            Mombasa Cooker
[1417/3081] no-platform   -            Rumi
[1418/3081] no-platform   -            Mister G Salsa
[1419/3081] no-platform   -            Immersion Express / Coffee and Matcha
[1420/3081] no-platform   -            Sugared Cookie Company
[1421/3081] no-platform   -            Sweets by Victoria
[1422/3081] no-platform   -            FiveO3 Pupusas
[1423/3081] no-platform   -            Juliantla Chocolate Boutique
[1424/3081] no-platform   -            Burgers & Shakes
[1425/3081] no-platform   -            Soleil @k
[1426/3081] no-platform   -            DEN
[1427/3081] no-platform   -            Thérapie Bistro
[1428/3081] no-platform   -            KayeSimplyBakes
[1429/3081] no-platform   -            Carlo
[1430/3081] no-platform   -            Mariposa Ice Cream Oceanside
[1431/3081] no-platform   -            So Cal Famous Beach Ice
[1432/3081] no-platform   -            Unico Juice Shop
[1433/3081] no-platform   -            Mason Ale Works Tasting Room
[1434/3081] no-platform   -            The Boss Crepas
[1435/3081] no-platform   -            My O My Coffee and More
[1436/3081] no-platform   -            Wild Child Ice Cream
[1437/3081] no-platform   -            FLAVORS EXPRESS SDSU
[1438/3081] no-platform   -            Fiesta Pinoy
[1439/3081] no-platform   -            Saigon Alley Kitchen & Bar
[1440/3081] no-platform   -            The Bean Box 701
[1441/3081] no-platform   -            Slurp
[1442/3081] no-platform   -            Michoacana Mia - Vista
[1443/3081] no-platform   -            Ocean Rainbow
[1444/3081] no-platform   -            Beach Street Tacos
[1445/3081] no-platform   -            Midnight Skewer 深夜酒馆
[1446/3081] no-platform   -            Kung Fu Tea
[1447/3081] no-platform   -            FallbrkEats
[1448/3081] no-platform   -            Chagee
[1449/3081] no-platform   -            Frutti Mas
[1450/3081] no-platform   -            Juice Holler
[1451/3081] no-platform   -            Netta's Bakery
[1452/3081] no-platform   -            Oriste Fairway Cafe
[1453/3081] no-platform   -            Delicious Treats
[1454/3081] no-platform   -            Board & Brew - Mission Valley
[1455/3081] no-platform   -            Boardwalk Pizza
[1456/3081] no-platform   -            Fatburger
[1457/3081] no-platform   -            Higher Grounds Coffee and Cafe
[1458/3081] no-platform   -            Pacific Point
[1459/3081] no-platform   -            La Vida
[1460/3081] no-platform   -            Numbskulls Shave Ice
[1461/3081] no-platform   -            Lori's Custom Cakes
[1462/3081] no-platform   -            The Deck at 264
[1463/3081] no-platform   -            The Tavern at Barley & Sword Brewing Company
[1464/3081] no-platform   -            Deleitte
[1465/3081] no-platform   -            Lò Bánh Cuốn Tân Định
[1466/3081] no-platform   -            IB Espresso
[1467/3081] no-platform   -            Oto Sushi Encinitas
[1468/3081] no-platform   -            Street Tacos El Camino Food Truck
[1469/3081] no-platform   -            LA PETITE BAKERY
[1470/3081] no-platform   -            Cold Smoke BBQ
[1471/3081] no-platform   -            Mosaic Restaurant & Bar
[1472/3081] no-platform   -            Ramen Station
[1473/3081] no-platform   -            MyPozole
[1474/3081] no-platform   -            EL CAMARON FELIZ TACOS Y BIRRIA
[1475/3081] no-platform   -            Bueno Wine & Goods
[1476/3081] no-platform   -            Cutwater
[1477/3081] no-platform   -            Ramen Inn - San Diego
[1478/3081] no-platform   -            Colibri Cafe
[1479/3081] no-platform   -            Sip Fresh
[1480/3081] no-platform   -            Kazukii Sushi & Japanese Cuisine
[1481/3081] no-platform   -            The Bistro - Eat. Drink. Connect.®
[1482/3081] no-platform   -            Dolce Italia Desserts, Inc.
[1483/3081] no-platform   -            Queenstown Del Mar
[1484/3081] no-platform   -            Le Macaron French Pastries Westfield UTC
[1485/3081] no-platform   -            Vanilla Oasis
[1486/3081] no-platform   -            seaglass restaurant
[1487/3081] no-platform   -            Pizza On Pearl North Park
[1488/3081] no-platform   -            Golf Grill
[1489/3081] no-platform   -            Dalu Hawaiian BBQ Oceanside
[1490/3081] no-platform   -            Suki Hana Japan
[1491/3081] no-platform   -            Blade Shanghai
[1492/3081] no-platform   -            Dulce Tentación
[1493/3081] no-platform   -            Tu Madres Bakery
[1494/3081] no-platform   -            Harborside Cuisine
[1495/3081] no-platform   -            BREANS
[1496/3081] no-platform   -            The Grub Station (South African )
[1497/3081] no-platform   -            Finca Casa Blanca
[1498/3081] no-platform   -            Windows Cafe
[1499/3081] no-platform   -            Copa Vida
[1500/3081] no-platform   -            Dimassi's Mediterranean Buffet
[1501/3081] no-platform   -            Side Piece
[1502/3081] no-platform   -            Ono Hawaiian BBQ
[1503/3081] no-platform   -            Hydout Cafe Hillcrest
[1504/3081] no-platform   -            Punkers Cafe
[1505/3081] no-platform   -            Julian Food Truck
[1506/3081] no-platform   -            Living Room Bar
[1507/3081] no-platform   -            The Victorian at Hill Street
[1508/3081] no-platform   -            California Ice Cream
[1509/3081] no-platform   -            Grand Ole BBQ PETCO PARK
[1510/3081] no-platform   -            Super Creamery
[1511/3081] no-platform   -            The Meltdown
[1512/3081] no-platform   -            El huevo estrellado # 2
[1513/3081] no-platform   -            Boba n More
[1514/3081] no-platform   -            Side Street Bowls & Smoothies
[1515/3081] no-platform   -            La Michoacana San Diego
[1516/3081] no-platform   -            Cargo Cafe - Wateridge
[1517/3081] no-platform   -            Cali BBQ- NEX (base access required)
[1518/3081] no-platform   -            Common Good Coffee
[1519/3081] no-platform   -            Steady State Roasting
[1520/3081] no-platform   -            Aryana Restaurant & Bar
[1521/3081] no-platform   -            Copa Vida - Del Mar
[1522/3081] no-platform   -            Trifecta Tavern
[1523/3081] no-platform   -            Crispy Fish Tacos
[1524/3081] no-platform   -            Kona Craft Cafe
[1525/3081] no-platform   -            ICE POPS
[1526/3081] no-platform   -            Cargo Cafe - Gateway
[1527/3081] no-platform   -            Lulu’s Buns Wholesale Bakery
[1528/3081] no-platform   -            Windmill Canyon Restaurant
[1529/3081] no-platform   -            ZENTRL Kitchen + Bar - Liberty Station
[1530/3081] no-platform   -            The Darling Dough Co.
[1531/3081] no-platform   -            XENiA Mediterranean Kitchen - San Diego
[1532/3081] no-platform   -            La Botana Loca
[1533/3081] no-platform   -            Noel's Cookies
[1534/3081] no-platform   -            MOTO Pizza San Diego
[1535/3081] no-platform   -            Pizza Port Tasting Room
[1536/3081] no-platform   -            Corner Deli & Pizza
[1537/3081] no-platform   -            Cafe 477 La Jolla
[1538/3081] no-platform   -            Surje Coffee at The Gallery
[1539/3081] no-platform   -            ETNA DULCIS
[1540/3081] no-platform   -            Pizza Trolley
[1541/3081] no-platform   -            Cocinita Express
[1542/3081] no-platform   -            Bambucha Kombucha
[1543/3081] no-platform   -            La Central
[1544/3081] no-platform   -            Cafe Carlsbad
[1545/3081] no-platform   -            Seven Seas Cafe
[1546/3081] no-platform   -            La Tienda Lounge
[1547/3081] no-platform   -            Häagen-Dazs
[1548/3081] no-platform   -            ZENTRL Kitchen + Bar
[1549/3081] no-platform   -            The Hidden Gazebo Eatery
[1550/3081] no-platform   -            Indulge Restaurant and Bar
[1551/3081] no-platform   -            Mission Brewing - Sky Deck
[1552/3081] no-platform   -            Sun Coast Pizza
[1553/3081] no-platform   -            Dyno Bar
[1554/3081] no-platform   -            THRONE ROOM
[1555/3081] no-platform   -            BLAH Brewing
[1556/3081] no-platform   -            Mission Brewing - Miramar
[1557/3081] no-platform   -            Matcha On Ice Cafe
[1558/3081] no-platform   -            Alebrije Food Truck Twin Oaks
[1559/3081] no-platform   -            Ocean Journey Cafe
[1560/3081] no-platform   -            Zephyr Café
[1561/3081] no-platform   -            Three Amigos World Famous Street Tacos
[1562/3081] no-platform   -            Tres Fuegos Cocina
[1563/3081] no-platform   -            The Meltdown
[1564/3081] no-platform   -            The Meltdown
[1565/3081] no-platform   -            Lobby Lounge - Park Hyatt Aviara
[1566/3081] no-platform   -            The Burger Den
[1567/3081] no-platform   -            NandosHotBox
[1568/3081] no-platform   -            Vie Café
[1569/3081] no-platform   -            Don Maguro
[1570/3081] no-platform   -            Carnitas La Bendicion Market St
[1571/3081] no-platform   -            Scorched Earth- Fire Sandwiches
[1572/3081] no-platform   -            The Bean
[1573/3081] no-platform   -            The Monastery by The Lost Abbey (Miramar Area)
[1574/3081] no-platform   -            Bulldog Tavern
[1575/3081] no-platform   -            Lounge 72
[1576/3081] no-platform   -            Julian Wine & Chocolate
[1577/3081] no-platform   -            Mama’s Bowl
[1578/3081] no-platform   -            Double Down Grill
[1579/3081] no-platform   -            On the Rocks
[1580/3081] no-platform   -            Plaza Grill
[1581/3081] no-platform   -            Five Pillars Coffee
[1582/3081] no-platform   -            The Meltdown
[1583/3081] no-platform   -            Limon Mexican food
[1584/3081] no-platform   -            The Café at Rady Children’s Hospital
[1585/3081] no-platform   -            TOCHO MOROCHO
[1586/3081] no-platform   -            Coatl Coffee
[1587/3081] no-platform   -            Anigma
[1588/3081] no-platform   -            Tacos El Chris
[1589/3081] no-platform   -            El Clamatazo
[1590/3081] no-platform   -            GgoolBap, Korean BBQ Bowls
[1591/3081] no-platform   -            El Ranchero Food Truck
[1592/3081] no-platform   -            Abuelita's Birria & Mexican Food
[1593/3081] no-platform   -            Rock N’ Roost Rotisserie
[1594/3081] no-platform   -            Xtravaganza and Sinbad Restaurant
[1595/3081] no-platform   -            Victorious Pizza
[1596/3081] no-platform   -            Little Thai Cottage (Mobile Vendor)
[1597/3081] no-platform   -            The Meltdown
[1598/3081] no-platform   -            Brick & Bell
[1599/3081] no-platform   -            The Westgate Room's Plaza Bar
[1600/3081] no-platform   -            Temporarily Closed - Garlic and Tahini Egyptian Kitchen - Delivery & Carry Out Only
[1601/3081] no-platform   -            J. Brix Wines Tasting Room
[1602/3081] no-platform   -            El Rincon del sabor
[1603/3081] no-platform   -            Turtle Rock Ridge Wine Bar
[1604/3081] no-platform   -            Kona Kai Club
[1605/3081] no-platform   -            Bholat's
[1606/3081] no-platform   -            The Meltdown
[1607/3081] no-platform   -            Hidden City Nutrition
[1608/3081] no-platform   -            Blu Temple | Blu Cabana
[1609/3081] no-platform   -            Manny's Bar & Grill
[1610/3081] no-platform   -            Colors Gourmet Pizza
[1611/3081] no-platform   -            Freshly Prepped
[1612/3081] no-platform   -            ‘ritas Taco Truck
[1613/3081] no-platform   -            Slurp
[1614/3081] no-platform   -            Emilio's Food Truck
[1615/3081] no-platform   -            The Meltdown
[1616/3081] no-platform   -            The Burger Den
[1617/3081] no-platform   -            Huerta Taco Stand
[1618/3081] no-platform   -            Sammy's Woodfired Pizza and Grill
[1619/3081] no-platform   -            North County Food Hub
[1620/3081] no-platform   -            Naija Fusion Cuisine
[1621/3081] no-platform   -            Inflection Point Coffee
[1622/3081] no-platform   -            Mar & Ember
[1623/3081] no-platform   -            Namino (Tahchin)
[1624/3081] no-platform   -            The Meltdown
[1625/3081] no-platform   -            lulubowls (Hawaiian-Inspired Bowls- Boston Ave.)
[1626/3081] no-platform   -            The Meltdown
[1627/3081] no-platform   -            JIVe Lounge
[1628/3081] no-platform   -            SDSU Faculty Staff Club
[1629/3081] no-platform   -            Breakwater Brewing Co.
[1630/3081] no-platform   -            The Burger Den
[1631/3081] no-platform   -            GRAB & GO Viejas
[1632/3081] no-platform   -            Belinda's Familia Mexican Food Truck
[1633/3081] no-platform   -            The Bistro - Eat. Drink. Connect.®
[1634/3081] no-platform   -            El Patron Mexican Food
[1635/3081] no-platform   -            The Burger Den
[1636/3081] no-platform   -            Georgette's
[1637/3081] no-platform   -            Bert's Bistro
[1638/3081] no-platform   -            The Fountains Restaurant
[1639/3081] no-platform   -            The Meltdown
[1640/3081] no-platform   -            Sushi @ Commissary
[1641/3081] no-platform   -            The SoCal Vegan
[1642/3081] no-platform   -            Mkutano House
[1643/3081] no-platform   -            MexiBowls By Cali Craft Tacos- 2707 Boston Avenue Sa Diego CA 92113
[1644/3081] no-platform   -            Fireside Bar & Grill
[1645/3081] no-platform   -            Wing SZN - El Cajon
[1646/3081] no-platform   -            Perky’s
[1647/3081] no-platform   -            Casa Campus Point
[1648/3081] no-platform   -            Hommunlii & Co
[1649/3081] no-platform   -            Tacos Berlin
[1650/3081] no-platform   -            Ta’ Corn Madre
[1651/3081] no-platform   -            Staxx Burger House
[1652/3081] no-platform   -            The Meltdown
[1653/3081] no-platform   -            SHIO Japanese Dining
[1654/3081] no-platform   -            Jamul Indian Village
[1655/3081] no-platform   -            El Más Chingón SD
[1656/3081] no-platform   -            El Camino
[1657/3081] no-platform   -            Daymar Select Fine Coffees
[1658/3081] no-platform   -            Cataleya’s Cafe & Sweets
[1659/3081] no-platform   -            The Meltdown
[1660/3081] no-platform   -            Santaluz Bistro
[1661/3081] no-platform   -            Sang Dao Kitchen
[1662/3081] no-platform   -            Hollywood Market and Giant Pizza
[1663/3081] no-platform   -            Angie's Place
[1664/3081] no-platform   -            The Meltdown
[1665/3081] no-platform   -            Element 8 Cafe
[1666/3081] no-platform   -            The Meltdown
[1667/3081] no-platform   -            Gomeznutricion
[1668/3081] no-platform   -            Grinds & Grooves
[1669/3081] no-platform   -            Solrisa
[1670/3081] no-platform   -            Bosley Cafe
[1671/3081] no-platform   -            Med Cafe
[1672/3081] no-platform   -            Mayari Coffee
[1673/3081] no-platform   -            Kellys Pub
[1674/3081] no-platform   -            Dumonts
[1675/3081] no-platform   -            Lofty Coffee
[1676/3081] no-platform   -            Blue Bayou
[1677/3081] no-platform   -            Chuck's Wagon Deli
[1678/3081] no-platform   -            Jordan
[1679/3081] no-platform   -            Gelato 101 Temporary store
[1680/3081] no-platform   -            Scoopy Scoopy Ice Cream
[1681/3081] no-platform   -            Cali Cream Bakery
[1682/3081] no-platform   -            Rancho Cafe
[1683/3081] no-platform   -            Freedom Carts
[1684/3081] no-platform   -            Trinacria Pizza Co.
[1685/3081] no-platform   -            Corner Counter
[1686/3081] no-platform   -            Cays Lounge
[1687/3081] no-platform   -            Fundant Cookies
[1688/3081] no-platform   -            Fairbanks
[1689/3081] no-platform   -            Makai
[1690/3081] no-platform   -            Brick & Bell Plus
[1691/3081] no-platform   -            Lang's Bakery
[1692/3081] no-platform   -            Diamond Jims
[1693/3081] no-platform   -            Deli Belly
[1694/3081] no-platform   -            Original Mariscos German
[1695/3081] no-platform   -            Deja Vu
[1696/3081] no-platform   -            Island Market
[1697/3081] no-platform   -            Blue Water Grill
[1698/3081] no-platform   -            ZENSHI Handcrafted Sushi
[1699/3081] no-platform   -            Kava Lounge
[1700/3081] no-platform   -            Soda & Swine
[1701/3081] no-platform   -            Baba's Pizza
[1702/3081] no-platform   -            Village Inn
[1703/3081] no-platform   -            Mis Dos Gallos Taqueria, Fruit & Deli
[1704/3081] no-platform   -            Farmer's Fridge
[1705/3081] screened-out  order.online Fish Restaurant
[1706/3081] no-platform   -            Pavilions Bakery
[1707/3081] needs-browser Square Online (own domain) Annabel Cohen Gourmet
[1708/3081] no-platform   -            Gourmet Tamales
[1709/3081] no-platform   -            Sushi Cafe + Deli
[1710/3081] no-platform   -            Promised Goods
[1711/3081] no-platform   -            Badas burgers
[1712/3081] no-platform   -            ZENSHI Handcrafted Sushi
[1713/3081] no-platform   -            Fiesta Mexicana Bakery
[1714/3081] needs-browser Square Online storefront Emjaye's Coffee
[1715/3081] no-platform   -            The Heritage Steakhouse
[1716/3081] no-platform   -            Cafe Fresh
[1717/3081] no-platform   -            Jungle Cart
[1718/3081] needs-browser -            Big Oven Tacos
[1719/3081] needs-browser order.online Coffee Cart
[1720/3081] no-platform   -            The Gold Reserve Kitchen & Bar
[1721/3081] no-platform   -            Cork Oak Cafe
[1722/3081] no-platform   -            El Dorado
[1723/3081] no-platform   -            Lef[1723/3081] no-pla[1724/3081] no-platform   -            Blue Wave Bistro
[1725/3081] no-platform   -         [1725/308[1726/3081] no-platform   -            Stacy's SU[1726/3081] no-platform   -            LUNAS
[1727/3081] no-plat[1728/3081] no-platform   -         [1728/3081] no-platform   -            Bake and beach
[1729/3081] [1730/3081] no-platform   -         [1730/3081] no-plat[1731/3081] needs-browser -            Barcino Grill
[1732/3081] no-platform   -         [1732/3081] needs-browser order.online Big Daddy's Hawaiian BBQ (San Diego)
[1733/3081] no-platform   -            Krispy Krunchy Chicken
[1734/3081] no-platfo[1735/3081] no-platform   -         [1735/3081] no-platform   -            ZENSHI Handcrafted Sushi
[1736/3081] no-platfor[1737/3081] no-platform   -            K1 Paddock Lounge - Sports Bar & Restaurant - San Diego, CA
[1738/3081] no-platform   -            Simply Baked Box
[1739/3081] no-platform   -            Marketplace
[1740/3081] no-platform   -            Kasi
[1741/3081] no-platform   -            Chow Hall
[1742/3081] no-platform   -            Papi Tacos
[1743/3081] no-platform   -            Pavilions Bakery
[1744/3081] no-platform   -            Café Sand Castle
[1745/3081] no-platform   -         [1745/3081] no-platf[1746/3081] no-platform   -            Island Girl Bakes
[1747/3081] needs-browser Square Online storefront Sushi Heights
[1748/3081] needs-browser order.onli[1748/3081] needs-brows[1749/3081] no-platform   -            Lilac Heights Bakery
[1750/3081] needs-browser toast        Klatch Coffee - Santee
[1751/3081] no-platform   -            RASPARSWEET
[1752/3081] needs-browser order.online Mexicana Lab 2707 Boston Avenue
[1753/3081] no-platform   -         [1753/3081] no-[1754/3081] needs-browser -            The Landing
[1755/3081] needs-browser Square Online (own domain) Sweet Escape Homemade Treats
[1756/3081] no-platform   -            Cali Craft Tacos
[1757/3081] needs-browser Square Online storefront Copa Vida
[1758/3081] no-platform   -            Sweet land ice cream truck
[1759/3081] no-platform   -            The Dive Bar
[1760/3081] no-platform   -            Sweets
[1761/3081] no-platform   -            The Coyote Den
[1762/3081] no-platform   -            CARAVAN
[1763/3081] no-platform   -            Casa Café & Market
[1764/3081] no-platform   - [1764/3081] no-platform[1765/3081] no-platform   -         [1765/3081[1766/3081] no-platform   -         [1766/3081] no-platform   - [1767/3081] needs-browser order.online HapiVegan
[1768/3081] no-platform   -            Maderas Golf Club
[1769/3081] needs-browser toast        Carls Tavern
[1770/3081] filed         wix          The Malt Ho[177[1771/3081] no-platform   -            Pacific Sea[1771[1772/3081] no-platform   -            Monster Sna[177[1773/3081] wrong-branch  toast        Brigitte's Bakery
[1774/3081] no-platform   -            Time Out Ca[177[1775/3081] no-platform   -            Topwater Gr[1775/3081] no-platform   -            The Neighborhood Cafe
[177[1777/3081] no-platform   -            Haven Cafe
[1778/3081] no-platform   -            The TriTiperia
[1779/3081] no-platform   -            Dana Andrew Celebrations
[1780/3081] no-platform   -            Native Foods
[1781/3081] no-platform   -            ZENSHI Handcrafted Sushi
[1782/3081] no-platform   -            Antique Thai
[1783/3081] no-platform   -            Five Corners Coffee & Bakery Co.
[1784/3081] no-platform   -            Safari Coffee Outpost
[1785/3081] needs-browser Square Online storefront Stuffed Ice Cream
[1786/3081] no-platform   -            Canyon Inn
[1787/3081] no-platform   -            tiger!tiger[1[1788/3081] no-platform   -            ZENSHI Hand[1788/3081] no[1789/3081] no-platform   -            Buttery Bak[1789/3081] no-platform   -            ZENSHI Handcrafted Sushi
[17[1791/3081] filed         spothopper   Cabo Cantin[1[1792/3081] no-platform   -            Alborz Restaurant
[1793/3081] no-platform   -            Jammy Toast Bakery
[1794/3081] no-platform   -            Marquesitas Liah
[1795/3081] no-platform   -            Roadtrip Bowls Made by Lazy Dog
[1796/3081] no-platform   -            Pei Wei
[17[1796/3081] no-platform   -            Vintage Rose Sourdou[17[1797/3081] no-platform   -            ZENSHI Handcrafted Sus[17[1798/3081] no-platform   -            Taquer[18[1799/3081] no-platform   -            Pei Wei
[18[1801/3081] no-platform   -            Elena’s P[1801/[1802/3081] no-platform   -            Diego's Taco Shop
[1803/3081] no-platform   -            The Market
[1804/3081] no-platform   -            Bing's Bar
[1805/3081] no-platform   -            Truluck's
[1806/3081] wrong-branch  toast        Cozy Corner
[1807/3081] no-platform   -            BBQUSION
[1808/3081] no-platform   -            SD Custom Cakes
[1809/3081] no-platform   -            My O My Coffee and Deli
[1810/3081] no-platform   -            ZENSHI Handcrafted Sushi
[1811/3081] no-platform   -            Calzone Life Escondido
[1812/3081] no-platform   -            Sweet Ma[1812/3081] [1813/3081] needs-browser toast        bcb Cafe
[1814/3081] no-platform   -            Fouet & Co.[1814/3081] no-platform   -            Café Rhône
[1815/3081] no-platform   -            Lovely Creations Co
[1816/3081] no-platform   -            Copper Kings Oceanside
[1817/3081] no-platform   -            Breakw[1819/3081] no-pl[1818/3081] no-platform   -            Snax
[1819/3081] no-platform   -            Iron Brew Coffee
[1820/3081] no-platform   -            Boston Market
[1821/3081] no-platform   -            OB Kebab
[1822/3081] no-platform   -            Dryer's Ice Cream Parlor
[1823/3081] no-platform   -            Hectors pizza
[1824/3081] no-platform   -            Bird Rock Coffee Roasters - Park & Market
[1825/3081] no-platform   -            Sweet Cheeks Homestead
[1826/3081] no-platform   -            Sifted and Sugared
[1827/3081] no-platform   -            Corner Market
[1828/3081] no-platform   -            Sextons Pizza
[1829/3081] no-platform   -            Tortuga Bar and Grill
[1830/3081] no-platform   -            The Warehouse
[1831/3081] no-platform   -            Crave
[1832/3081] no-platform   -            HOB on Park
[1833/3081] no-platform   -            Deli & Go
[1834/3081] no-platform   -            Javelina Craft Barbecue
[1835/3081] no-platform   -            The Waterfront
[1836/3081] no-platform   -            Herb & Eatery
[1837/3081] no-platform   -            Lobster Lab - Sky Deck at Del Mar Highlands Town Center
[1838/3081] no-platform   -            Coffee Bean
[1839/3081] no-platform   -            Stone [1841/3081] no-platform   -            ZENSHI Handcrafted Sushi
[1842/3081] no-platform   -            Linden Crust Bakehouse
[1843/3081] needs-browser Square Online storefront Muse Cheesecake
[1844/3081] no-platform   -            Bacio di Latte | Flower Hill, SD
[1845/3081] no-platform   -            Breakwater Brewing Co.
[1846/3081] needs-browser order.online Puesto Taco Bar
[1847/3081] no-platform   -            Sugar Treats n Cakes
[1848/3081] no-platform   -            Old Fashioned Creamery at Barona
[1849/3081] no-platform   -            IMPE Bar
[1850/3081] wrong-branch  own-jsonld   Shibuya Nights
[1851/3081] needs-browser Square Online (own domain) BCB Coffee
[1852/3081] no-platform   -            La Cantina
[1853/3081] no-platform   -            Beer Compan[1[1854/3081] no-platform   -            Snout & Scone
[1855/3081] no-platform   -            House of Black
[1856/3081] no-platform   -            Grover's Grill
[1857/3081] no-platform   -            Dainty Dessert
[1858/3081] no-platform   -            Daisy’s Amazing Cakes
[1859/3081] no-platform   -            Border X Br[1859/[1860/3081] no-platform   -            SAN DIEGO FRIES
[1861/3081] no-platform   -            Terrace Lou[1861/3081] no-platform   -            Terrace Lounge
[1862/3081] no-plat[1863/3081] no-platform   -            Tide and Treats
[1864/3081] no-platform   -            Baja Fresh
[1865/3081] no-platform   -            Rush Bowls
[1866/3081] needs-browser -            Carlsbad Cookie Company
[1867/3081] no-platform   -            Give Us Thi[1867/3081] no-platform[1868/3081] too-few       shopify      Taste & Sea Cakery
[1869/3081] no-platform   -            Valerio's F[1869/3081] no-p[1870/3081] no-platform   -            Rancho Bakers
[1871/3081] no-platform   -            Noodles
[1872/3081] no-platform   -            Rancho Bakers
[1873/3081] no-platform   -            Thyme Of Essence
[1874/3081] no-platform   -            Taco Villa
[1875/3081] no-platform   -            I Love Pho
[1876/3081] no-platform   -            Nat Sweet Treats
[1877/3081] needs-browser order.online The Meltdown
[1878/3081] no-platform   -            Goats Rose Sourdough
[1879/3081] no-platform   -            The Palma Bar & Grill
[1880/3081] no-platform   -            Baked Babe Cakes & Bakes
[1881/3081] no-platform   -            Sabor a Mi Kitchen (Birrieria)
[1882/3081] wrong-branch  clover       Manzanita R[1882/3081] wrong-branch  clover [1883/3081] no-platform   -            Carbon Ange[1883/3081] no-[1884/3081] no-platform   -            Spinnaker Coffee
[1885/3081] too-few       netwaiter    Thai Pasta
[1886/3081] needs-browser order.online El Ranchero
[1887/3081] needs-browser order.online Hummus Medi[1887/3081] needs-[1888/3081] no-platform   -            Bobby B's
[1889/3081] no-platform   -            ZENSHI Handcrafted Sushi
[1890/3081] needs-browser Square Online (own domai[1890/3081[1891/3081] no-platform   -            Thai Basil
[1892/3081] no-platform   -            Old World Meat Company
[1893/3081] no-platform   -            Sprinkles Ice Cream Shop And Bakery
[1894/3081] no-platform   -            Coffee Shop at the Lullabar
[1895/3081] no-platform   -            W[1895/3081] [1896/3081] needs-browser Square Online storefront Sushi Freak
[1897/3081] no-platform   -            La Gordita
[1898/3081] no-platform   -            Fruteria el[1898/3081[1899/3081] no-platform   -            CaMau Bakery & Deli
[1900/3081] needs-browser -            Sweet Treats by Thick
[1901/3081] no-platform   -            ZENSHI Handcrafted Sushi
[1902/3081] needs-browser order.online The Meltdown
[1903/3081] no-platform   -            Soy Leaf Ju[1903/3081] no-platform [1904/3081] no-platform   -            Olly's Bake[1904/3081] no-platform   -            Olly's Baked Assortments
[1905/3081] no-platform   -            ZENSHI Handcrafted Sushi
[1906/3081] [1907/3081] no-platform   -            Casa Ocho
[1908/3081] no-platform   -            Daily Roast
[[1908/3081] no-platform   -            1022 Cafe & Gelateria
[1909/3081] no-platform   -            DELISTRABERRY
[1910/3081] no-platform   -            Casa Ocho
[19[1912/3081] needs-browser order.online Sabor a Vid[1912/3081] needs-browser order.online Sabor a Vida Cafe & Deli
[191[1914/3081] wrong-branch  toast        The Coffee Spot
[1915/3081] no-platform   -            Grand Socia[1[1916/3081] wrong-branch  toast        Bubba’s S[1916/3081] wr[1917/3081] no-platform   -            Mission Bre[1917/3081] needs-browser Square Online storefront Mindy’s Bakery
[1918/3081] no-platform   -            Mission Brewing (fka Rough Draft)
[1919/3081] no-platform   -            Pastry Pedale[1921/3081] no-platform   -            Pastry Pe[1920/3081] no-platform   -            Bovino
[1921/[1922/3081] no-platform   -            Fairbanks
[[1922/3081] too-few       wix          Bocas Del Sol. (MissShelly's Shack )[1924/3081] no-platform   -            ZENSHI Hand[1924/3081] no[1925/3081] no-platform   -            little Estrella bakes
[1926/3081] no-platform   -            Pi[1926/3081] no-platform   -            little Estrella bakes
[1927/3081] no-platform   -            Pizza Place
[1928/3081[1929/3081] no-platform   -            Terra Cafe
[1930/3081] no-platform   -            Airport Lounge
[1931/3081] no-platform   -            Coffee Amore
[1932/3081] no-platform   -            Anila's Cuc[1932/3081] [1933/3081] no-platform   -            Chicken & Crown
[1934/3081] no-platform   -            Calypso Cocktails
[1935/3081] no-platform   -            Farmer's Fridge
[1936/3081] needs-browser order.online Poki Poki
[1937/3081] no-platform   -            University Towers Kitchen
[1938/3081] no-platform   -            The Caddyshack
[1939/3081] no-platform   -            ZENSHI Handcrafted Sushi
[1940/3081] no-platform   -            Marisco's Sabor A Mexico
[1941/3081] no-platform   -            TEC Cafe
[1942/3081] needs-browser order.online The Meltdown
[1943/3081] no-platform   -            Skewers Gri[19[1944/3081] no-platform   -            Sweet Labors
[1945/3081] no-platform   -            The Hamlett
[1946/3081] no-platform   -            Mama Dukes Roadside
[1947/3081] no-platform   -            Filibertos
[1948/3081] needs-browser order.online The Meltdown
[1949/3081] no-platform   -            Kae’s Kreations
[1950/3081] no-platform   -            Trade Restaurant & Lounge
[1951/3081] no-platform   -            E. Lee's Sweets
[1952/3081] needs-browser MealKeyWay   Yonny Mini Hotpot
[1953/3081] no-platform   -            Ruthii's Coffee
[1954/3081] no-platform   -            Café de Anza
[1955/3081] needs-browser Square Online storefront Cafecito 1806
[1956/3081] no-platform   -            PCH Café & Market
[1957/3081] no-platform   -            Bridget Bakery
[1958/3081] no-platform   -            Mawazo Kitc[195[1959/3081] no-platform   -            That Girl Can Bake
[1960/3081] no-platform   -            Mariscos la[1960/3081] no-pla[1961/3081] no-platform   -            Shallow End[1961/3081] no-platform   -            Dharma Bread Co
[1962/3081] no-platform   -            Shallow End Grill
[1963[1964/3081] no-platform   -            UrbanLife Cafe
[1965/3081] no-platform   -            India Princess
[1966/3081] needs-browser chownow      Mr Gs Taver[1[1967/3081] no-platform   -            Veronica's [1967/30[1968/3081] no-platform   -            Coin Toss
[1969/3081] no-platform   -            Villa Fresh Italian Kitchen
[1970/3081] no-platform   -            Fairbanks
[1971/3081] no-platform   -            Sabor Al Gusto
[1972/3081] no-platform   -            Veladora
[1973/3081] needs-browser chownow      Wanderlust Creamery
[1974/3081] no-platform   -            Seaside Cowboy Coffee
[1975/3081] no-platform   -            SugarWater [1975/3081[1976/3081] no-platform   -            ZENSHI Hand[1976/3081] no[1977/3081] no-platform   -            Stix
[1978/3081] needs-browser toast        BCB Coffee Company
[1979/3081] no-platform   -            elementa
[1980/3081] no-platform   -            Más Veggies Vegan Taqueria
[1981/3081] needs-browser Square Online (own domain) Veggyjess
[1982/3081] no-platform   -            Twist New Zealand Style Real Fruit Ice Cream
[1983/3081] no-platform   -            Bean Sprouts
[1984/3081] no-platform   -            Center Bar
[1985/3081] no-platform   -            Pei Wei
[1986/3081] screened-out  shopify      OTAY CAFE
[1987/3081] no-platform   -            Crave & Feast
[1988/3081] no-platform   -            Gaslamp Coffee Bar
[1989/3081] wrong-branch  order.online The Poke Co. - Linda Vista
[1990/3081] no-platform   -            Amalfi Cucina Italiana at Orfila Vineyards
[1991/3081] no-platform   -            The Encore Sushi
[1992/3081] no-platform   -            Monserrate Pastries
[1993/3081] no-platform   -            The Grand T[1993/308[1994/3081] no-platform   -            In Between
[1995/3081] no-platform   -            Ono Hawaiian BBQ
[1996/3081] no-platform   -            Lone Pine E[1996/[1997/3081] needs-browser Square Online storefront Petite Perk Cafe
[1998/3081] no-platform   -            Inland Tavern
[1999/3081] no-platform   -            The Shop _ [1999/3081] no-p[2000/3081] no-platform   -            Mielimon Bakery
[2001/3081] no-platform   -            Mama Kat's [2001/3081] no-platform [2002/3081] no-platform   -            Rhino Cake [2002/3081] no-plat[2003/3081] no-platform   -            Nono José Empanadas
[2004/3081] no-platform   -            Cafe 477 Encinitas
[2005/3081] no-platform   -            Hilltop Caf[2[2006/3081] no-platform   -            Filo
[2007/3081] no-platform   -            SALT N SAVOR DELI & CAFE
[2008/3081] no-platform   -            Negro Durazo
[2009/3081] no-platform   -            The Santaluz Club Dining Room and Events
[2010/3081] no-platform   -            Humphrey Nu[2010/3081] no-platform [2011/3081] no-platform   -            Coast Coffee Co
[2012/3081] no-platform   -            Mi Pan Bakery
[2013/3081] no-platform   -            Stony Mount[2013/3081] no-p[2014/3081] needs-browser -            Verde Kitch[2014/308[2015/3081] no-platform   -            Nrgize
[2016/3081] no-platform   -            The Divers Cup
[2017/3081] no-platform   -            The Village[2017/3081] no-platfo[2018/3081] no-platform   -            Health Cent[2018/30[2019/3081] wrong-branch  toast        Sangucheria PSF Hillcrest
[2020/3081] filed         shopify      Tito Ricks Cafe
[2021/3081] wrong-branch  toast        Sangucheria[2021/3081] wrong-branch  toast        Sangucheria PSF Liberty Station
[2022/3081] no-platform   -            Rocko's Modern Taphouse
[2023/3081] no-platform   -            Don Ramon Méxican and sea fo[2025/3081] no-platform   -            Modern Times Coffee
[2026/3081] no-platform   -            Joes on the[2026/[2027/3081] no-platform   -            De Los Alto[2027/3081] n[2028/3081] wrong-branch  slice        Famous Fami[2028[2029/3081] no-platform   -            Vella Brass[2029[2030/3081] no-platform   -            The Quay Ca[20[2031/3081] no-platform   -            Thum SD
[2032/3081] no-platform   -            Tocumbo Ice[2032/3081] no-platfo[2033/3081] no-platform   -            HACIENDITA [2033/3[2034/3081] no-platform   -            Mexico City Cuisi[2034/3[2035/3081] no-platform   -            Mexico City[2035/3081] no-[2036/3081] no-platform   -            By The Sea
[2037/3081] no-platform   -            Buka - Tast[2037/3081] n[2038/3081] no-platform   -            Afghan Table
[2039/3081] no-platform   -            Oliva
[2040/3081] no-platform   -            Tu Taco Taco Shop #2
[2041/3081] no-platform   -            Griffin Gri[20[2042/3081] no-platform   -            MeloMelo Coconut Dessert
[2043/3081] no-platform   -            Hui Hua
[2044/3081] needs-browser Square Online storefront Rancho Sandwich & Creamery
[2045/3081] no-platform   -            Kabul West Mediterranean Grill
[2046/3081] no-platform   -            The Reading[2046/[2047/3081] no-platform   -            High Seas B[20[2048/3081] no-platform   -            Pinsarella [2048/3081] no-platf[2049/3081] no-platform   -            Nicolosi's Pizza (Mira Lee Way)
[2050/3081] no-platform   -            Sweet Munchies
[2051/3081] no-platform   -            The Banshee[2051[2052/3081] needs-browser Square Online (own domain) The Mighty Bean Coffee Co.
[2053/3081] no-platform   -            Chandelier [2053[2054/3081] no-platform   -            The Macaron[2054/308[2055/3081] no-platform   -            Avo & Ocha
[2056/3081] no-platform   -            30Z Dive Club (Three Ounce)
[2057/3081] no-platform   -            ZENSHI H[2057/3081] no-pl[2058/3081] no-platform   -            Deli and Pizzeria
[2059/3081] no-platform   -            Lindo Valle Mexican Grill
[2060/3081] no-platform   -            Egg Tuck
[2061/3081] no-platform   -            Masa Madre
[2062/3081] no-platform   -            The brew in[2062/308[2063/3081] no-platform   -            Country Waffles
[2064/3081] wrong-branch  toast        Blank Slate[[2065/3081] no-platform   -            Michoacana Mia - Escondido
[2066/3081] no-platform   -            Rock Steady
[2067/3081] no-platform   -            Buffet House
[2068/3081] no-platform   -            El Puerto Taco Shop
[2069/3081] no-platform   -            La Sierra Cafe
[2070/3081] no-platform   -            Fallbrook Kitchen Rentals
[2071/3081] no-platform   -            Heritage
[2072/3081] no-platform   -            Bonny's Cafe
[2073/3081] no-platform   -            Por Vida
[2074/3081] no-platform   -            Fasia Buffet
[2075/3081] no-platform   -            The Best Donuts
[2076/3081] no-platform   -            Paul's Place
[2077/3081] no-platform   -            Señor Pancho Mexican Grill
[2078/3081] no-platform   -            VanDough French Bakery
[2079/3081] no-platform   -            Hilberto's Mexican Food
[2080/3081] no-platform   -            Saray Restaurant Charcoal Grill
[2081/3081] no-platform   -            El Ranchero Taco Shop
[2082/3081] no-platform   -            Germán Seafood Food Truck
[2083/3081] no-platform   -            Mr Pho
[2084/3081] no-platform   -            Niban Japanese Restaurant
[2085/3081] no-platform   -            Birrieria y menuderia Guadalajara
[2086/3081] no-platform   -            Franks Mexican Grill
[2087/3081] no-platform   -            Mi Rancho Market
[2088/3081] no-platform   -            Plaza Donuts
[2089/3081] no-platform   -            Triple Crown Pub
[2090/3081] no-platform   -            Kesling's Kitchen
[2091/3081] no-platform   -            La India Bonita
[2092/3081] no-platform   -            Kotija Taco Shop Mexican Food
[2093/3081] no-platform   -            Tavos Tacos n Beer
[2094/3081] no-platform   -            D-K-Che Fruteria
[2095/3081] no-platform   -            LA MALCRIADA BIRRIERIA
[2096/3081] no-platform   -            Mariscos Fili La Carreta
[2097/3081] no-platform   -            Dolche cafe/ Mexifood
[2098/3081] no-platform   -            Beijing Express
[2099/3081] no-platform   -            Pho46 & Banh Mi
[2100/3081] no-platform   -            Estrada's Taco Shop
[2101/3081] no-platform   -            O B Donuts
[2102/3081] no-platform   -            Tekila Cocina Mexicana
[2103/3081] no-platform   -            Mr Holy Gao
[2104/3081] no-platform   -            Nice Food Restaurant
[2105/3081] no-platform   -            Terzo Bakery & Cafe
[2106/3081] no-platform   -            Chitos Taco Shop
[2107/3081] no-platform   -            Veronica's Kitchen
[2108/3081] no-platform   -            Taqueria Revolución
[2109/3081] no-platform   -            Arrieros
[2110/3081] no-platform   -            Dannys Palm Bar and Grill
[2111/3081] no-platform   -            Cafecito on Palm
[2112/3081] no-platform   -            Juan Bertos Mexican Food
[2113/3081] no-platform   -            Margarita’s
[2114/3081] no-platform   -            Pho 4 Queen
[2115/3081] no-platform   -            The Salty Frog Bar
[2116/3081] no-platform   -            Yogurt Barn
[2117/3081] no-platform   -            Elena's French Crepes Cafe & Peet's Coffee
[2118/3081] no-platform   -            Meshuggah Shack
[2119/3081] no-platform   -            Bravo's Taco Shop
[2120/3081] no-platform   -            LAS UVAS TEJUINO LA DONA
[2121/3081] no-platform   -            Wicked Poke
[2122/3081] no-platform   -            Cow Shed Bar and Grill
[2123/3081] no-platform   -            Pho Anh & Grill
[2124/3081] no-platform   -            Chico's Restaurant
[2125/3081] no-platform   -            Orlando's Taco Shop
[2126/3081] no-platform   -            Wahine Kai Shave Ice
[2127/3081] no-platform   -            Mikki's Cafe
[2128/3081] no-platform   -            Los Reyes Mexican Food
[2129/3081] no-platform   -            Apple Country Restaurants
[2130/3081] no-platform   -            The Break Room
[2131/3081] no-platform   -            Tacos Oasis
[2132/3081] no-platform   -            PHOnomenal
[2133/3081] no-platform   -            La Rosa Giant Pizza
[2134/3081] no-platform   -            Jilberto's
[2135/3081] no-platform   -            Sunrise Deli & Grill
[2136/3081] no-platform   -            Jeong Won BBQ Buffet
[2137/3081] no-platform   -            Tacos El Gordo
[2138/3081] no-platform   -            Faridas
[2139/3081] no-platform   -            Poncho Villa's Mexican Food
[2140/3081] no-platform   -            Chung Hing
[2141/3081] no-platform   -            Don Lucio's Mexican Grill
[2142/3081] no-platform   -            The Latin Chef Liberty Station
[2143/3081] no-platform   -            Lisa's Filipino Cuisine
[2144/3081] no-platform   -            Sub-marine
[2145/3081] no-platform   -            Hilda's Mexican Bakery
[2146/3081] no-platform   -            Swan Bar
[2147/3081] no-platform   -            664 TJ Birriería
[2148/3081] no-platform   -            Mis Cuates Taco Shop
[2149/3081] no-platform   -            San Diego Blenders
[2150/3081] no-platform   -            One More Thats It
[2151/3081] no-platform   -            Panda Chef
[2152/3081] no-platform   -            Super Donuts
[2153/3081] no-platform   -            Starbread Bakery
[2154/3081] no-platform   -            Tj Tortas & Tacos
[2155/3081] no-platform   -            Original Yogurt Shack
[2156/3081] no-platform   -            Pam's Donuts and Frozen Yogurt
[2157/3081] no-platform   -            Lucky Donuts & Deli
[2158/3081] no-platform   -            Rock N Roll Scoops
[2159/3081] no-platform   -            S K's Donuts
[2160/3081] no-platform   -            El Primo Birrieria Mexican cuisine
[2161/3081] no-platform   -            Birriería Y Menudería Guadalajara
[2162/3081] no-platform   -            Rising Dragon Chinese Restaurant
[2163/3081] no-platform   -            BLUE NILE Ethiopian market and restaurant
[2164/3081] no-platform   -            The Keep Coffee
[2165/3081] no-platform   -            Rosemary & Thyme Cafe
[2166/3081] no-platform   -            California Mexican Food
[2167/3081] no-platform   -            6 Grados Coffee
[2168/3081] no-platform   -            Sammy's Mexican Bakery
[2169/3081] no-platform   -            Sawaya Brothers Jr/ Pollo Mex
[2170/3081] no-platform   -            Dia Del Cafe
[2171/3081] no-platform   -            Taquería Imperial Taco Shop
[2172/3081] no-platform   -            Desi's Bar & Grill
[2173/3081] no-platform   -            Sky Hookah Lounge
[2174/3081] no-platform   -            Yogurt Express
[2175/3081] no-platform   -            Ringers Cocktails
[2176/3081] no-platform   -            Mi Reyna Tortilleria
[2177/3081] no-platform   -            Tacos El Flaco
[2178/3081] no-platform   -            Heavenly Donuts
[2179/3081] no-platform   -            George's Cafe
[2180/3081] no-platform   -            Tans Donuts
[2181/3081] no-platform   -            Scotland Yard Restaurant
[2182/3081] no-platform   -            Golden Donut
[2183/3081] no-platform   -            R&B Filipino Cuisine
[2184/3081] no-platform   -            R&B Tea San Carlos
[2185/3081] no-platform   -            Chico Club
[2186/3081] no-platform   -            The Vybe Lounge
[2187/3081] no-platform   -            Hello Deli
[2188/3081] no-platform   -            Don Jilberto's Mexican Food
[2189/3081] no-platform   -            El Tigre Churros Y Platanos
[2190/3081] no-platform   -            La Dama y Sus Takonez
[2191/3081] no-platform   -            Wings Mix
[2192/3081] no-platform   -            Crafted Culture
[2193/3081] no-platform   -            Cesar's Taco Shop
[2194/3081] no-platform   -            Raymundo's Taco Shop
[2195/3081] no-platform   -            Gonzales Mess Hall
[2196/3081] no-platform   -            La Cresta Restaurant and Caffé
[2197/3081] no-platform   -            Sorianas Mexican Food
[2198/3081] no-platform   -            Candied Apple Cafe
[2199/3081] no-platform   -            Chamango Mango
[2200/3081] no-platform   -            China Fun
[2201/3081] no-platform   -            The Whet Noodle
[2202/3081] no-platform   -            Manna Restaurant Pancake House And Chinese Fast Food
[2203/3081] no-platform   -            Marvelous Muffins
[2204/3081] no-platform   -            Maxdon's
[2205/3081] no-platform   -            Panaderia La Buena
[2206/3081] no-platform   -            Caffe Positano, Village
[2207/3081] no-platform   -            Yogurt Lounge III
[2208/3081] no-platform   -            Mike's Cocktails
[2209/3081] no-platform   -            Donut Factory
[2210/3081] no-platform   -            garage.79
[2211/3081] no-platform   -            Savoy Donuts
[2212/3081] no-platform   -            Yogurt Palace
[2213/3081] no-platform   -            The Watering Hole
[2214/3081] no-platform   -            Santa Ana Fresh Mexican Food
[2215/3081] no-platform   -            Formosa Club
[2216/3081] no-platform   -            Lucita Taco Shop
[2217/3081] no-platform   -            Happy Lemon Del Mar
[2218/3081] no-platform   -            Nice Food Restaurant
[2219/3081] no-platform   -            Fatte's Pizza
[2220/3081] no-platform   -            Steph's Donut Hole
[2221/3081] no-platform   -            14 Area Chow Hall
[2222/3081] no-platform   -            Plantology Cafe
[2223/3081] no-platform   -            Best Donuts
[2224/3081] no-platform   -            Sweet Shoppe
[2225/3081] no-platform   -            Manila Fastfood and Desserts
[2226/3081] no-platform   -            BALBOA PERK, Coffee & Tea
[2227/3081] no-platform   -            21 Area Mess Hall
[2228/3081] no-platform   -            Banh Mi Express
[2229/3081] no-platform   -            Ujin
[2230/3081] no-platform   -            Express Pizza 'N Wings
[2231/3081] no-platform   -            Tijuanero By Tijuanazo - Little Italy
[2232/3081] no-platform   -            Chico's Panaderia
[2233/3081] no-platform   -            Mi Taco Shop
[2234/3081] no-platform   -            Las Morelias
[2235/3081] no-platform   -            Spring Valley Inn
[2236/3081] no-platform   -            El Huarache Taco Shop
[2237/3081] no-platform   -            Gualberto's Taco Shop
[2238/3081] no-platform   -            Coal Bros Taqueria
[2239/3081] no-platform   -            Growing Edge Coffee & Community
[2240/3081] no-platform   -            Mike's Giant New York Pizza
[2241/3081] no-platform   -            BaBa Ice Cream
[2242/3081] no-platform   -            33 Area Chow Hall
[2243/3081] no-platform   -            Bonsall Donut House
[2244/3081] no-platform   -            e•'lo•te
[2245/3081] no-platform   -            Manka Peruvian Cuisine
[2246/3081] no-platform   -            The Cardiff Office
[2247/3081] no-platform   -            Circus Ma'am Ice Cream
[2248/3081] no-platform   -            Tuétano Taquería
[2249/3081] no-platform   -            Supreme Donuts
[2250/3081] no-platform   -            Bakery Corner Donuts
[2251/3081] no-platform   -            On the Rocks Cocktails
[2252/3081] no-platform   -            A1 sports Bar
[2253/3081] no-platform   -            Calico's
[2254/3081] no-platform   -            La Pesca Cevichería Baja
[2255/3081] no-platform   -            Dcs Across The Street
[2256/3081] no-platform   -            Muir Coffee House
[2257/3081] no-platform   -            Paleteria La Michoacana
[2258/3081] no-platform   -            Noemas Tex Mex cuisine
[2259/3081] no-platform   -            La Mexican Fiesta
[2260/3081] no-platform   -            Panda Restaurant
[2261/3081] no-platform   -            Deli Mart
[2262/3081] no-platform   -            Martini Hall 53
[2263/3081] no-platform   -            Plume & Brew Coffee
[2264/3081] no-platform   -            Immersion Coffee
[2265/3081] no-platform   -            Foster's Family Donouts
[2266/3081] no-platform   -            Sportsmans Pub
[2267/3081] no-platform   -            Judy's Deli
[2268/3081] no-platform   -            Morada Restaurant Rancho Santa Fe
[2269/3081] no-platform   -            Lollicup Tea Zone
[2270/3081] no-platform   -            YOHED COFFEE
[2271/3081] no-platform   -            Hilberto's Mexican Food
[2272/3081] no-platform   -            The coffee machine
[2273/3081] no-platform   -            Julian Pit Stop
[2274/3081] no-platform   -            Chico's Bakery
[2275/3081] no-platform   -            Taste of African Cuisine
[2276/3081] no-platform   -            Papayas Juice Bar
[2277/3081] no-platform   -            The Round Up Grill
[2278/3081] no-platform   -            Yogurt Barn
[2279/3081] no-platform   -            Oceanside Donut
[2280/3081] no-platform   -            Super Donuts #2
[2281/3081] no-platform   -            West Pac Noodle Bar
[2282/3081] no-platform   -            Donut star
[2283/3081] no-platform   -            Fresh Donuts
[2284/3081] no-platform   -            DJ's Pizza Express
[2285/3081] no-platform   -            Donut Stop
[2286/3081] no-platform   -            Jessie's Bake Shop
[2287/3081] no-platform   -            Euros Hookah Lounge
[2288/3081] no-platform   -            La Nueva Mexican Bakery
[2289/3081] no-platform   -            664 TJ Birriería
[2290/3081] no-platform   -            mammys coffee
[2291/3081] no-platform   -            La Especial
[2292/3081] no-platform   -            Summer's Deli & Catering
[2293/3081] no-platform   -            Mi Amigo Restaurant and bakery
[2294/3081] no-platform   -            TJ birrierria 664 #4
[2295/3081] no-platform   -            Wild Wooly's Saloon
[2296/3081] no-platform   -            La Barca - Mexican Seafood and Craft Cocktails
[2297/3081] no-platform   -            Pansang's Filipino Cuisine
[2298/3081] no-platform   -            Lycha Tea, Coffee & Desserts
[2299/3081] no-platform   -            SeaTaco
[2300/3081] no-platform   -            Bakery
[2301/3081] no-platform   -            Sunset Café
[2302/3081] no-platform   -            Vegan Tacos SD
[2303/3081] no-platform   -            California Kumpir
[2304/3081] no-platform   -            La Cochinita
[2305/3081] no-platform   -            Pearson Deli
[2306/3081] no-platform   -            TJ Birrieria
[2307/3081] no-platform   -            Hacienda Jamul
[2308/3081] no-platform   -            The Shop Cafe Barrio Logan
[2309/3081] no-platform   -            Purebowl
[2310/3081] no-platform   -            Cardiff By The Sea Buisness District
[2311/3081] no-platform   -            Java Shack
[2312/3081] no-platform   -            La Michoacana Ice Cream Shop
[2313/3081] no-platform   -            It's in the Filling!
[2314/3081] no-platform   -            Feliz Coffee Club
[2315/3081] no-platform   -            Tasty Bakery
[2316/3081] no-platform   -            TORI CAFE
[2317/3081] no-platform   -            Fresh Catch Fish Market & Grill
[2318/3081] no-platform   -            Chief's Da Tiki Bar
[2319/3081] no-platform   -            Taqueria y mariscos el kiki
[2320/3081] no-platform   -            Queenstage Coffee House
[2321/3081] no-platform   -            Donuts N Things
[2322/3081] no-platform   -            Stadium Club
[2323/3081] no-platform   -            Birrieria la Loteria
[2324/3081] no-platform   -            Nahomie's Cafe & Deli
[2325/3081] no-platform   -            PARA
[2326/3081] no-platform   -            Danish & Donuts
[2327/3081] no-platform   -            Yomie's Rice x Yogurt
[2328/3081] no-platform   -            Olive Oil Cafe
[2329/3081] no-platform   -            Seaside Yogurt
[2330/3081] no-platform   -            Club 13
[2331/3081] no-platform   -            Asian Kitchen
[2332/3081] no-platform   -            Cafecito on Seacoast
[2333/3081] no-platform   -            Jitters Espresso
[2334/3081] no-platform   -            Plaza Donuts & Yogurt
[2335/3081] no-platform   -            Executive Friendship Deli
[2336/3081] no-platform   -            Cafe des Artistes
[2337/3081] no-platform   -            Mayra's Bakery
[2338/3081] no-platform   -            Lemon Grove Bakery
[2339/3081] no-platform   -            Donut Pantry
[2340/3081] no-platform   -            Cilantro's Mexican Food,
[2341/3081] no-platform   -            ESSNTL Coffee
[2342/3081] no-platform   -            Donut World
[2343/3081] no-platform   -            Chiquibaby's Bar
[2344/3081] no-platform   -            Dubai Cafe
[2345/3081] no-platform   -            Mr Donuts
[2346/3081] no-platform   -            Burritos Luna
[2347/3081] no-platform   -            Raspados Michoacan
[2348/3081] no-platform   -            Brick 95
[2349/3081] no-platform   -            Great Happiness
[2350/3081] no-platform   -            El Cevichero PB
[2351/3081] no-platform   -            Tamales Brenda's
[2352/3081] no-platform   -            Wasa Sushi Bar
[2353/3081] no-platform   -            Champs Korean Bbq
[2354/3081] no-platform   -            Pacific lounge
[2355/3081] no-platform   -            Cristallo Cafe
[2356/3081] no-platform   -            SweetLife on 3rd
[2357/3081] no-platform   -            The Iconic Coffee Club
[2358/3081] no-platform   -            Los Tapatios Mexican Food
[2359/3081] no-platform   -            Bakin' it Up Collective - An Artisan Bakery
[2360/3081] no-platform   -            San Diego Bakery & Café
[2361/3081] no-platform   -            Ho Won Express
[2362/3081] no-platform   -            Tommy V's Pizzeria
[2363/3081] no-platform   -            Don Munchies SD
[2364/3081] no-platform   -            E.S.B. Cafe
[2365/3081] no-platform   -            Mango Mania Frutas & More
[2366/3081] no-platform   -            Dr. Juice
[2367/3081] no-platform   -            Tram Chim - Live King Crab
[2368/3081] no-platform   -            Audrey's Café
[2369/3081] no-platform   -            El Rinconcito Taco Shop
[2370/3081] no-platform   -            CORAL SPORTS BAR
[2371/3081] no-platform   -            Mariscos La Reyna del Sur
[2372/3081] no-platform   -            Trining’s Bakery & Cafe National City
[2373/3081] no-platform   -            Tacos AlPastor Spring Valley
[2374/3081] no-platform   -            Birria Blvd
[2375/3081] no-platform   -            Tacos El Orejas
[2376/3081] no-platform   -            Cup 'n Go
[2377/3081] no-platform   -            Yum Yum Yo Frozen Yogurt/Sandwiches/Boba
[2378/3081] no-platform   -            Barrio Street Tacos
[2379/3081] no-platform   -            Camden Food Co.
[2380/3081] no-platform   -            Java Time
[2381/3081] no-platform   -            Gold Soul Coffee
[2382/3081] no-platform   -            El Jefes Taco Shop
[2383/3081] no-platform   -            Harbor Island Deli & Spirits
[2384/3081] no-platform   -            Family Golden Palace
[2385/3081] no-platform   -            The Parks Cafe
[2386/3081] no-platform   -            Vinum Locus
[2387/3081] no-platform   -            Cui Daore
[2388/3081] no-platform   -            AWOL
[2389/3081] no-platform   -            Okayama Steakhouse
[2390/3081] no-platform   -            Bedda
[2391/3081] no-platform   -            Layali nights lounge
[2392/3081] no-platform   -            Layali nights lounge
[2393/3081] no-platform   -            Rancho Roasters
[2394/3081] no-platform   -            My Cup of Tea Unique Gifts
[2395/3081] no-platform   -            Da Nang Restaurant and Cafe
[2396/3081] no-platform   -            Very Tasty Coffee
[2397/3081] no-platform   -            La Barbacoa Autentica De Borrego
[2398/3081] no-platform   -            Heavy's Smokehouse
[2399/3081] no-platform   -            Bean Me Up Coffee
[2400/3081] no-platform   -            La Isla Neveria
[2401/3081] no-platform   -            Arc & Kin
[2402/3081] no-platform   -            Carnitas La Caldera
[2403/3081] no-platform   -            Encinitas Donut House
[2404/3081] no-platform   -            Yakitori Tsuta
[2405/3081] no-platform   -            Village Tacos
[2406/3081] no-platform   -            The Tin Scoop
[2407/3081] no-platform   -            Frutas Frescas
[2408/3081] no-platform   -            Saigon Corner
[2409/3081] no-platform   -            Blend & Bite Cafe
[2410/3081] no-platform   -            Marcella June's Coffee Lounge
[2411/3081] no-platform   -            Locally Toasted Delicatessen
[2412/3081] no-platform   -            Viche Marina Deli & Coffee
[2413/3081] no-platform   -            Stage stop pizza
[2414/3081] no-platform   -            ESB Coffee
[2415/3081] no-platform   -            Pepita's Cafe
[2416/3081] no-platform   -            The Yogo, Handcrafted Ice Cream & Desserts
[2417/3081] no-platform   -            Sinbad Restaurant And Lounge
[2418/3081] no-platform   -            Los sushi lovers
[2419/3081] no-platform   -            Honey Banana
[2420/3081] no-platform   -            Awesome Jamaican Jerk Wings by Laylahs
[2421/3081] no-platform   -            Tokyo Express
[2422/3081] no-platform   -            Taqueria Don Chamango
[2423/3081] no-platform   -            Cafe Dawny
[2424/3081] no-platform   -            Polanco Kitchen & Bar
[2425/3081] no-platform   -            Balboa Bakery
[2426/3081] no-platform   -            Pan paulitas mexican bakery
[2427/3081] no-platform   -            The Library Coffee Shop
[2428/3081] no-platform   -            Veterans of Foriegn Wars Post 9327
[2429/3081] no-platform   -            Teo's Kitchen
[2430/3081] no-platform   -            Linda Vista Market
[2431/3081] no-platform   -            El Primo Birrieria Taco Truck
[2432/3081] no-platform   -            Larisa's Mexican Bakery
[2433/3081] no-platform   -            KD's Donuts
[2434/3081] no-platform   -            DACAFÉ
[2435/3081] no-platform   -            Sandwich Co.
[2436/3081] no-platform   -            Rancho's Taco Shop And Seafood
[2437/3081] no-platform   -            Green Light Cafe & Deli
[2438/3081] no-platform   -            Hector's Taco Shop & Fruteria
[2439/3081] no-platform   -            Jimmy's Cafe & Pub
[2440/3081] no-platform   -            Seoul Street
[2441/3081] no-platform   -            Shelly's Deli
[2442/3081] no-platform   -            Aurora's Bakery
[2443/3081] no-platform   -            Menuderia Y Taqueria El Flako
[2444/3081] no-platform   -            Over The Border
[2445/3081] no-platform   -            Sandok Filipino Cuisine
[2446/3081] no-platform   -            BARESSITO ANTRO BAR
[2447/3081] no-platform   -            Made in Chinaloa
[2448/3081] no-platform   -            Roselys Eats and Sweets
[2449/3081] no-platform   -            Old Town Ice Cream
[2450/3081] no-platform   -            Akari Sushi
[2451/3081] no-platform   -            1904 Street Dogs
[2452/3081] no-platform   -            Doh Doh Coffee
[2453/3081] no-platform   -            Golden Spoon Frozen Yogurt
[2454/3081] no-platform   -            Weapon Ramen Liberty Public Market
[2455/3081] no-platform   -            Caffe Positano, Fairbanks
[2456/3081] no-platform   -            Tortas Tj
[2457/3081] no-platform   -            Sea Ridge Coffee
[2458/3081] no-platform   -            Tacos Minali
[2459/3081] no-platform   -            The Cookie Opera
[2460/3081] no-platform   -            22 Area Galley
[2461/3081] no-platform   -            Isabela’s Mexican food
[2462/3081] no-platform   -            Mr. Manitas Taco Bar and Fruteria
[2463/3081] no-platform   -            Water Store
[2464/3081] no-platform   -            Sonora Steak Asadero El Prieto #13
[2465/3081] no-platform   -            Autentica Comida Oaxaquena
[2466/3081] no-platform   -            La Cucina di Silvana
[2467/3081] no-platform   -            LA MICHOACANA SON MEX OF POWAY
[2468/3081] no-platform   -            Panadería El Trigal
[2469/3081] no-platform   -            Jason's Courtyard Cafe
[2470/3081] no-platform   -            The coffee machine
[2471/3081] no-platform   -            EL PASO TACO SHOP
[2472/3081] no-platform   -            Logan Inn
[2473/3081] no-platform   -            Notorious Barbecue
[2474/3081] no-platform   -            El Uno Bar
[2475/3081] no-platform   -            Rancho Roasters
[2476/3081] no-platform   -            Javier’s Mexican Food
[2477/3081] no-platform   -            Birrieria La Vaquita
[2478/3081] no-platform   -            TG Cafe
[2479/3081] no-platform   -            Smoke and Salt Restaurant
[2480/3081] no-platform   -            Pink Donuts
[2481/3081] no-platform   -            Casa Del Lobo
[2482/3081] no-platform   -            Boba Life La Mesa
[2483/3081] no-platform   -            Mood ALsham restaurant
[2484/3081] no-platform   -            Sara's Bakery
[2485/3081] no-platform   -            Franco's Flapjack
[2486/3081] no-platform   -            La Michoacana Ice Cream
[2487/3081] no-platform   -            Aalami Restaurant - Somali Cuisine
[2488/3081] no-platform   -            The Pocket Pool & Bar
[2489/3081] no-platform   -            Cafecito at EPOCA
[2490/3081] no-platform   -            Ramen Girl
[2491/3081] no-platform   -            Ortiz Bakery
[2492/3081] no-platform   -            Tasty Buds LLC
[2493/3081] no-platform   -            La Cocina De Chata
[2494/3081] no-platform   -            De La Torre Cenaduria
[2495/3081] no-platform   -            Acai Roots
[2496/3081] no-platform   -            Lizs Cocina
[2497/3081] no-platform   -            Mariscos Guille
[2498/3081] no-platform   -            Ana’s Fruit & Deli
[2499/3081] no-platform   -            Cafe Del Mar
[2500/3081] no-platform   -            The Galley
[2501/3081] no-platform   -            Las Delicias de Alicia
[2502/3081] no-platform   -            Coastal Coffee - Scripps Memorial Hospital
[2503/3081] no-platform   -            Pines
[2504/3081] no-platform   -            Las Ranas Lonchera Mariscos
[2505/3081] no-platform   -            Taquería Imperial Taco Shop
[2506/3081] no-platform   -            Tacos el uzzi
[2507/3081] no-platform   -            Dubu San Diego Tofu Company
[2508/3081] no-platform   -            Wow Donuts
[2509/3081] no-platform   -            El Camaron Negro
[2510/3081] no-platform   -            La Espiga de Oro Mexican Bakery
[2511/3081] no-platform   -            Taco de Ojo Sports Cantina
[2512/3081] no-platform   -            Hot Blend Café
[2513/3081] no-platform   -            Black Sea Cafe & Market
[2514/3081] no-platform   -            Rising Sun Sushi
[2515/3081] no-platform   -            Cacio
[2516/3081] no-platform   -            Koakai Brewing Co.
[2517/3081] no-platform   -            San Diego Beer House
[2518/3081] no-platform   -            Tus Chefs Favoritas
[2519/3081] no-platform   -            Erlene's Family Style Cuisine
[2520/3081] no-platform   -            Manila Bistro
[2521/3081] no-platform   -            Al Chile Mexican Food
[2522/3081] no-platform   -            Family Tacos
[2523/3081] no-platform   -            Tlaloc Deli
[2524/3081] no-platform   -            EL SAZON DE MAMA
[2525/3081] no-platform   -            Taquería Los Ruiz
[2526/3081] no-platform   -            FENIX LOUNGE
[2527/3081] no-platform   -            Rey Tj Burger's San Diego
[2528/3081] no-platform   -            The Other Side Bar and Grill
[2529/3081] no-platform   -            Pinoy Express Fastfood
[2530/3081] no-platform   -            Tortillas De Harina El Trigal
[2531/3081] no-platform   -            Fruit
[2532/3081] no-platform   -            Macy's Cafe at Fashion Valley
[2533/3081] no-platform   -            Xicanitos
[2534/3081] no-platform   -            La Chalupa Mariscos #2 Food Truck
[2535/3081] no-platform   -            Downtown cafe pizza
[2536/3081] no-platform   -            Lizzie's Cake Couture
[2537/3081] no-platform   -            Kikos Place cantina
[2538/3081] no-platform   -            Marina Kitchen at Mariott Marquis
[2539/3081] no-platform   -            Maple Tree Coffee
[2540/3081] no-platform   -            Chula Tacos Taquerias
[2541/3081] no-platform   -            The Café at Alma San Diego
[2542/3081] no-platform   -            Perk Social
[2543/3081] no-platform   -            Beaudevin
[2544/3081] no-platform   -            Smash’d Burgers
[2545/3081] no-platform   -            La Flor Bakery
[2546/3081] no-platform   -            Juicers
[2547/3081] no-platform   -            Rita's of Mission Hills
[2548/3081] no-platform   -            El Kafecito
[2549/3081] no-platform   -            Cali Cafe
[2550/3081] no-platform   -            J-Town Grab and Go
[2551/3081] no-platform   -            Korean Bingsoo Cafe
[2552/3081] no-platform   -            Louisiana Banana Pudding
[2553/3081] no-platform   -            Clayton's Galley
[2554/3081] no-platform   -            Valerio's Bakehouse
[2555/3081] no-platform   -            Uphori Cafe
[2556/3081] no-platform   -            Coffee Shop
[2557/3081] no-platform   -            Rapido Y Sabroso Taco Truck
[2558/3081] no-platform   -            Noodle Bowl and dumplings
[2559/3081] no-platform   -            Verde Kitchen & Bar
[2560/3081] no-platform   -            Pho On The Go
[2561/3081] no-platform   -            D's Coffee
[2562/3081] no-platform   -            Star Gazer Club
[2563/3081] no-platform   -            The Propeller Bar and Grill
[2564/3081] no-platform   -            La Patrona
[2565/3081] no-platform   -            Goodspot
[2566/3081] no-platform   -            Smash Bacon
[2567/3081] no-platform   -            Jue Wei food
[2568/3081] no-platform   -            Meal and Munch
[2569/3081] no-platform   -            Burritos Salomè
[2570/3081] no-platform   -            Taiyo
[2571/3081] no-platform   -            Skinny Jake Smokehouse
[2572/3081] no-platform   -            Candy's Boom Boom Room
[2573/3081] no-platform   -            Bethlehem Baking Co.
[2574/3081] no-platform   -            Burger Kitchen
[2575/3081] no-platform   -            Daniel's West
[2576/3081] no-platform   -            Front Street Sweet Shack
[2577/3081] no-platform   -            The Meantime
[2578/3081] no-platform   -            La Perla del Pacífico
[2579/3081] no-platform   -            Cedar Rose
[2580/3081] no-platform   -            Ranas Hotdogs & Hamburgers
[2581/3081] no-platform   -            Chupacabras taco shop
[2582/3081] no-platform   -            Tacos la Guera
[2583/3081] no-platform   -            SWEET & SPICY SD LLC
[2584/3081] no-platform   -            Freeze Gourmet
[2585/3081] no-platform   -            Cup of Bloom La Jolla
[2586/3081] no-platform   -            Marina Market and Café
[2587/3081] no-platform   -            Rapha Tea
[2588/3081] no-platform   -            Guau Guau Taza de Cafe
[2589/3081] no-platform   -            Bayside Bar
[2590/3081] no-platform   -            Miguel’s Street Tacos
[2591/3081] no-platform   -            Bailey House
[2592/3081] no-platform   -            Alberto's
[2593/3081] no-platform   -            La Creperia Nutilda
[2594/3081] no-platform   -            Barbas Mexican Food
[2595/3081] no-platform   -            Tacos El Unico
[2596/3081] no-platform   -            Chinese Cuisine
[2597/3081] no-platform   -            The Honey Pot
[2598/3081] no-platform   -            El Rinconcito Sinaloense Antojitos
[2599/3081] no-platform   -            Thai Style Kitchen Oceanside
[2600/3081] no-platform   -            Yesenia’s Mexican Food
[2601/3081] no-platform   -            MJ's Eatery Philly Cheesesteaks and more
[2602/3081] no-platform   -            Puerta Del Cielo Mexican Foods-Food Truck
[2603/3081] no-platform   -            Grill chicken Linda vista
[2604/3081] no-platform   -            Pikolinas
[2605/3081] no-platform   -            Authentic Mexican Bakery
[2606/3081] no-platform   -            El Chile pelais del Flaco
[2607/3081] no-platform   -            Vega’s Kitchen
[2608/3081] no-platform   -            La Morena del Fuego
[2609/3081] no-platform   -            Island Style Sushi
[2610/3081] no-platform   -            Taco truck
[2611/3081] no-platform   -            Tacos puebla
[2612/3081] no-platform   -            Soulsip
[2613/3081] no-platform   -            New Name Club
[2614/3081] no-platform   -            El Mejor Taco Avapor
[2615/3081] no-platform   -            Da Good Vibes Eats
[2616/3081] no-platform   -            7 Marcelos Mexican Cafe
[2617/3081] no-platform   -            Nori Japan
[2618/3081] no-platform   -            "LAS CAZUELITAS" Home made Mexican food
[2619/3081] no-platform   -            taco de ojo sports cantina
[2620/3081] no-platform   -            Shrimp on a Skateboard Mariscos
[2621/3081] no-platform   -            AY MI MAZATLÁN
[2622/3081] no-platform   -            701 FOOD
[2623/3081] no-platform   -            Bello’s Tacos and Burritos
[2624/3081] no-platform   -            Vivant Bistro & Craft Bar
[2625/3081] no-platform   -            Brunette Social Sports Bar
[2626/3081] no-platform   -            Taco Stand
[2627/3081] no-platform   -            Filipino Lumpia
[2628/3081] no-platform   -            117° West Spirits
[2629/3081] no-platform   -            Rodeó's Cocina Mexican Restaurant
[2630/3081] no-platform   -            Food Truck
[2631/3081] no-platform   -            El Puerquito Hard Frescas
[2632/3081] no-platform   -            Mariscos y Birrieria El Compa Güero
[2633/3081] no-platform   -            Mariscos la baja mar y fuego
[2634/3081] no-platform   -            Comida China
[2635/3081] no-platform   -            El Sonorense Taco Shop
[2636/3081] no-platform   -            Quick Meal Deal Hunterz
[2637/3081] no-platform   -            9th Hole Snack Shop
[2638/3081] no-platform   -            Balboa's Grill House
[2639/3081] no-platform   -            HOTDOGS SINALOA 619
[2640/3081] no-platform   -            It's Raw Poke Truck
[2641/3081] no-platform   -            Sushi ki To
[2642/3081] no-platform   -            El Ostion Mariscos
[2643/3081] no-platform   -            Larry's Birria
[2644/3081] no-platform   -            Pollos Asados Goyos
[2645/3081] no-platform   -            Quel & Tito's Food Shack
[2646/3081] no-platform   -            Tacos delicioso
[2647/3081] no-platform   -            El Peruano Grill
[2648/3081] no-platform   -            Gourmet @ Culinary Outlook
[2649/3081] no-platform   -            City Chopped Cheese
[2650/3081] no-platform   -            Kevin's Convenience Stand
[2651/3081] no-platform   -            FIFTEEN 360
[2652/3081] no-platform   -            Myung Ka Korean Food
[2653/3081] no-platform   -            Tacos Los Carnales
[2654/3081] no-platform   -            Squishys619
[2655/3081] no-platform   -            La catrachita
[2656/3081] no-platform   -            Tacos "El Moy"
[2657/3081] no-platform   -            HomeMeals
[2658/3081] no-platform   -            Sliderz & Mo'
[2659/3081] no-platform   -            Taqueria Los Panchos
[2660/3081] no-platform   -            Premier Food Services
[2661/3081] no-platform   -            Sushi Love
[2662/3081] no-platform   -            Tacos Loco's
[2663/3081] no-platform   -            Galley
[2664/3081] no-platform   -            La Casa de Don Juan
[2665/3081] no-platform   -            Cassara Kitchen & Bar
[2666/3081] no-platform   -            El Taco Latino
[2667/3081] no-platform   -            Marisol's Pie Shop
[2668/3081] no-platform   -            Kim's House
[2669/3081] no-platform   -            Baba Coffee Mobile
[2670/3081] no-platform   -            Mariscos La Baja Food Truck
[2671/3081] no-platform   -            Tamales Landa
[2672/3081] no-platform   -            Arrieros Tacos ¡Hecho está!
[2673/3081] no-platform   -            YakiroSushi
[2674/3081] no-platform   -            Babylon Restaurant
[2675/3081] no-platform   -            Oishii Sushi Bar
[2676/3081] no-platform   -            Food Pavilion
[2677/3081] no-platform   -            Berta & Odina's Food Truck
[2678/3081] no-platform   -            Galley
[2679/3081] no-platform   -            Fairbanks Coffee Stand
[2680/3081] no-platform   -            The Pony Express Coffee Bar & Drive Thru
[2681/3081] no-platform   -            DAYGO Brunch’N
[2682/3081] no-platform   -            Randolfo's Tacos
[2683/3081] no-platform   -            La Vendimia de María Tavares
[2684/3081] no-platform   -            Pine Valley Java
[2685/3081] no-platform   -            Nature's emporumh
[2686/3081] no-platform   -            The Bistro Restaurant
[2687/3081] no-platform   -            Five Loaves Sourdough Co.
[2688/3081] no-platform   -            Wash mobile
[2689/3081] no-platform   -            Downtown BBQ
[2690/3081] no-platform   -            El Patrón Mar y Tierra
[2691/3081] no-platform   -            Pop-up Tacos
[2692/3081] no-platform   -            Sinaloa Fish
[2693/3081] no-platform   -            Gilbeys Cocktail Lounge
[2694/3081] no-platform   -            Mariscos El Paisa
[2695/3081] no-platform   -            Zoe’s Place Bakery
[2696/3081] no-platform   -            Pizzeria
[2697/3081] no-platform   -            Caveman BBQ
[2698/3081] no-platform   -            Mama’s Cucina Italiana
[2699/3081] no-platform   -            An's Gelato
[2700/3081] no-platform   -            CHI
[2701/3081] no-platform   -            Mariscos villafaña
[2702/3081] no-platform   -            Speak Easy
[2703/3081] no-platform   -            Puffs SD- HomeBased
[2704/3081] no-platform   -            Wednesday Cake
[2705/3081] no-platform   -            Seafood San Diego
[2706/3081] no-platform   -            Ximena
[2707/3081] no-platform   -            Los hotchos del barrio
[2708/3081] no-platform   -            Rancho Hookah Lounge
[2709/3081] no-platform   -            Men-ya Mufu - Coming Soon
[2710/3081] no-platform   -            Boo Boo Sweetz
[2711/3081] no-platform   -            Carnitas y Chicharrones Los Marranitos SD #1
[2712/3081] no-platform   -            Reef Lounge Poolside Bar & Grill
[2713/3081] no-platform   -            AZTECA SAN DIEGO TACO'S
[2714/3081] no-platform   -            Hajime Ramen
[2715/3081] no-platform   -            Bella Bakery Boutique LLC
[2716/3081] no-platform   -            Bloomix studio
[2717/3081] no-platform   -            Mongus Grill
[2718/3081] no-platform   -            Cultivated Greens
[2719/3081] no-platform   -            P.B. Wellness Health & Nutrition
[2720/3081] no-platform   -            Coffee & Smoothies
[2721/3081] no-platform   -            jr sushi
[2722/3081] no-platform   -            CC Bakehouse
[2723/3081] no-platform   -            Taste of Home Cakes and Cupcakes
[2724/3081] no-platform   -            Bonnie's Bread Boutique
[2725/3081] no-platform   -            Donut Star
[2726/3081] no-platform   -            V/ Workout Bar
[2727/3081] no-platform   -            Shibari
[2728/3081] no-platform   -            The Shine Shack
[2729/3081] no-platform   -            Rooster Ramen
[2730/3081] no-platform   -            Rooster Ramen
[2731/3081] no-platform   -            Leading Edge Cafe
[2732/3081] no-platform   -            San Diego Creamery
[2733/3081] no-platform   -            SHOR
[2734/3081] no-platform   -            Kouklas Cafe
[2735/3081] no-platform   -            Cafe Europe
[2736/3081] no-platform   -            Tides
[2737/3081] no-platform   -            Island Market
[2738/3081] no-platform   -            Lupita's Mexican Food
[2739/3081] no-platform   -            La Sheesh Bar & Grill
[2740/3081] no-platform   -            Parkway Social 619
[2741/3081] no-platform   -            Cafe Pronto
[2742/3081] no-platform   -            Sprinkles Cafe
[2743/3081] no-platform   -            Gabriel's Taco Stand
[2744/3081] no-platform   -            The Stag Lion
[2745/3081] no-platform   -            Stone Brewing Company
[2746/3081] no-platform   -            Little Owl Coffe & Tea
[2747/3081] no-platform   -            Pizza
[2748/3081] no-platform   -            MC's Kitchen
[2749/3081] no-platform   -            Tacos de corazón
[2750/3081] no-platform   -            Mission Grounds Coffee
[2751/3081] no-platform   -            Sushi In the Ranch
[2752/3081] no-platform   -            Tonkatsu Narikura - Coming Soon
[2753/3081] no-platform   -            The Cow Shed Bar and Grill
[2754/3081] no-platform   -            Sattellite Bites
[2755/3081] no-platform   -            Ramen Goddess
[2756/3081] no-platform   -            Amanda Pandas Bakery
[2757/3081] no-platform   -            Nimbus Bakery
[2758/3081] no-platform   -            49Er
[2759/3081] no-platform   -            K-Bakery
[2760/3081] no-platform   -            Dees Sports Tavern
[2761/3081] no-platform   -            The Taco Stop
[2762/3081] no-platform   -            Izakaya En
[2763/3081] no-platform   -            Nooni’s Taco Shop
[2764/3081] no-platform   -            valarias
[2765/3081] no-platform   -            Mariscos El Prieto Express
[2766/3081] no-platform   -            Sweet By Saray
[2767/3081] no-platform   -            Incredibowl Cafe & Deli
[2768/3081] no-platform   -            Joe's Pizza and Bistro
[2769/3081] no-platform   -            Maggie’s Cake Shop
[2770/3081] no-platform   -            La Cucharita
[2771/3081] no-platform   -            Mission Hills Coffee Company
[2772/3081] no-platform   -            La Vuelta Club
[2773/3081] no-platform   -            El Paso Bar
[2774/3081] no-platform   -            Repostería Jexana
[2775/3081] no-platform   -            La Michoacana Elite
[2776/3081] no-platform   -            Six Degrees
[2777/3081] no-platform   -            Churro Con Chocolate
[2778/3081] no-platform   -            Club 42 Tequila Bar
[2779/3081] no-platform   -            Tacos Las Huesas
[2780/3081] no-platform   -            Tortilleria Bakery
[2781/3081] no-platform   -            Ice Cream Parlor-Lemon Grove
[2782/3081] no-platform   -            El Cajon Grand Cocktail Lounge
[2783/3081] no-platform   -            Bonitas Bar and Grill
[2784/3081] no-platform   -            Mesa Cafe
[2785/3081] no-platform   -            Pannakin Coffee & Tea
[2786/3081] no-platform   -            The Dulzura Cafe%2C
[2787/3081] no-platform   -            Porciones De Dulzura Bakery
[2788/3081] no-platform   -            The Patch Coffee
[2789/3081] no-platform   -            Tutu Taco
[2790/3081] no-platform   -            Pikes Iron Wagon Real Pit BBQ
[2791/3081] no-platform   -            The Bridge Snacks and Refreshments
[2792/3081] no-platform   -            Steves Cabana
[2793/3081] no-platform   -            Mad Maui BBQ
[2794/3081] no-platform   -            Canela Bake
[2795/3081] no-platform   -            Fronted
[2796/3081] no-platform   -            Bavarian Inn
[2797/3081] no-platform   -            Indigo Pineapple Café
[2798/3081] no-platform   -            La Perla del Pacífico
[2799/3081] no-platform   -            C&C Barkery
[2800/3081] no-platform   -            Blue Haven
[2801/3081] no-platform   -            Bakery 7
[2802/3081] no-platform   -            Sports Lounge & Arcade Bar
[2803/3081] no-platform   -            Oasis Bar
[2804/3081] no-platform   -            DeAnza Bar
[2805/3081] no-platform   -            Mr. Jalepeno El Burrito Mexicano & more.
[2806/3081] no-platform   -            OB Tamales and Taqueria
[2807/3081] no-platform   -            COFFEE CRATE
[2808/3081] no-platform   -            Yogen FrÃ¼z
[2809/3081] no-platform   -            Spicy Duck
[2810/3081] no-platform   -            Mariscos La Tia
[2811/3081] no-platform   -            Walters Cafe and Trailer Pk
[2812/3081] no-platform   -            Out of Towners Bar Grill Lounge
[2813/3081] no-platform   -            Ramones
[2814/3081] no-platform   -            Rainbow Cafe
[2815/3081] no-platform   -            Ramone's
[2816/3081] no-platform   -            Bin Kheer Café
[2817/3081] no-platform   -            Raspados Aloha 2
[2818/3081] no-platform   -            Marla’s Coffee
[2819/3081] no-platform   -            A Piece of Cake
[2820/3081] no-platform   -            Windansea Bar and Grill
[2821/3081] no-platform   -            Bincho taco
[2822/3081] no-platform   -            Seafood and pub
[2823/3081] no-platform   -            Joshways Barbeque
[2824/3081] no-platform   -            Roxie’s Sweet Bakes & Treats
[2825/3081] no-platform   -            Trolley
[2826/3081] no-platform   -            Viva el Cafe
[2827/3081] no-platform   -            Ettas Place
[2828/3081] no-platform   -            JT Bros
[2829/3081] no-platform   -            Eds Cocktail Lounge
[2830/3081] no-platform   -            Teris East
[2831/3081] no-platform   -            Nouvelle Latin Cuisine
[2832/3081] no-platform   -            La delicia
[2833/3081] no-platform   -            Tacos Los Carnales
[2834/3081] no-platform   -            Donburi Kitchen
[2835/3081] no-platform   -            California Taco Club
[2836/3081] no-platform   -            Barking Deer Pizza & Beer
[2837/3081] no-platform   -            Americana Restaurant
[2838/3081] no-platform   -            Little Frosty’s
[2839/3081] no-platform   -            Lemonlade
[2840/3081] no-platform   -            Panaderia Rosarito
[2841/3081] no-platform   -            Macan Market
[2842/3081] no-platform   -            Lina's Bakery
[2843/3081] no-platform   -            The Place
[2844/3081] no-platform   -            Nik's BBQ
[2845/3081] no-platform   -            Fox Point Pizza
[2846/3081] no-platform   -            El Picnic Tabel
[2847/3081] no-platform   -            Mimosa
[2848/3081] no-platform   -            Oasis On The Rocks
[2849/3081] no-platform   -            Its Cafe Thai
[2850/3081] no-platform   -            College Corner Cafe
[2851/3081] no-platform   -            House Of Draught No 2
[2852/3081] no-platform   -            BNCafe
[2853/3081] no-platform   -            Palomar Ice Cream and Candy
[2854/3081] no-platform   -            Poke Point
[2855/3081] no-platform   -            Powder Technology Laboratory Coffee
[2856/3081] no-platform   -            Tierra Mia Mariscos y Mas
[2857/3081] no-platform   -            Signature Cafe
[2858/3081] no-platform   -            Natural Delights Juice Bar
[2859/3081] no-platform   -            VAQUERO TJ GRILL
[2860/3081] no-platform   -            Captain's Seafood Gallery
[2861/3081] no-platform   -            NA
[2862/3081] no-platform   -            Taco Lovers
[2863/3081] no-platform   -            Desayunos y Baguettes
[2864/3081] no-platform   -            Panniken
[2865/3081] no-platform   -            CC Bakehouse
[2866/3081] no-platform   -            Robbie's Roadhouse
[2867/3081] no-platform   -            Spreckels Sweets And Treats
[2868/3081] no-platform   -            Tacos
[2869/3081] no-platform   -            Oside Shave Ice
[2870/3081] no-platform   -            Birdies Bar and Grill
[2871/3081] no-platform   -            Hungarian bakery
[2872/3081] no-platform   -            The Fusion Bistro
[2873/3081] no-platform   -            CaliTea
[2874/3081] no-platform   -            Koffeeing UP
[2875/3081] no-platform   -            Regional My Place
[2876/3081] no-platform   -            Eryan Sweets
[2877/3081] no-platform   -            Beach Cuisine Inc
[2878/3081] no-platform   -            Sourworx
[2879/3081] no-platform   -            La Michoacana Ice Cream
[2880/3081] no-platform   -            CottageKitchen
[2881/3081] no-platform   -            Sweet Rose Cottage Bakery, LLC
[2882/3081] no-platform   -            The Beekeeper's Oven Farmstand - Santa Ysabel
[2883/3081] no-platform   -            Ciccicotti’s
[2884/3081] no-platform   -            Smoked Street Tacos
[2885/3081] no-platform   -            Casa del Pane
[2886/3081] no-platform   -            Sweetheart farms
[2887/3081] no-platform   -            The Hearth
[2888/3081] no-platform   -            Omas Delectables
[2889/3081] no-platform   -            Neat treats by Rachel
[2890/3081] no-platform   -            El Rancho Bar & Grill
[2891/3081] no-platform   -            The Beekeeper's Oven - Julian
[2892/3081] no-platform   -            Smokehouse Pizza & BBQ
[2893/3081] no-platform   -            Cozy Crumble Cottage Bakery
[2894/3081] no-platform   -            Desi N Friends
[2895/3081] no-platform   -            Pho PB
[2896/3081] no-platform   -            El Rancho Grande Bar & Grill
[2897/3081] no-platform   -            Bakery San Jorge
[2898/3081] no-platform   -            Lili antojitos and Mexican food Boulevard
[2899/3081] no-platform   -            Café VERA
[2900/3081] no-platform   -            Sweet Bean Cafe
[2901/3081] no-platform   -            Luckyz Sports Pub
[2902/3081] no-platform   -            Kaphe Muna
[2903/3081] no-platform   -            Chicanos Pastries
[2904/3081] no-platform   -            Birria & Mariscos el Zurdo
[2905/3081] no-platform   -            MIKAKU sushi and grill
[2906/3081] no-platform   -            Mexican Seafood & Grill
[2907/3081] no-platform   -            Sabor A Cielo Sweets
[2908/3081] no-platform   -            Bread of Life Bakes
[2909/3081] no-platform   -            Embassy Room
[2910/3081] no-platform   -            Bien Hecho Coffee
[2911/3081] no-platform   -            The Cove
[2912/3081] no-platform   -            Cafe Pho
[2913/3081] no-platform   -            Old California Coffee House and Eatery
[2914/3081] no-platform   -            AVO Vegan Restaurant
[2915/3081] no-platform   -            Las Palmas
[2916/3081] no-platform   -            Hawaiian Shaved Ice
[2917/3081] no-platform   -            Tacos el jefe
[2918/3081] no-platform   -            Cafe Zzo Coffee Shop and Mini Mart
[2919/3081] no-platform   -            (dba) The Wayfarer's Pantry - Cottage Kitchen
[2920/3081] no-platform   -            Chimbita
[2921/3081] no-platform   -            Sabor Michoacán
[2922/3081] no-platform   -            HomemadebyNashae
[2923/3081] no-platform   -            Kneading Love Micro Bakery
[2924/3081] no-platform   -            SideYard Coffee
[2925/3081] no-platform   -            Bakery
[2926/3081] no-platform   -            DQ Orange Julius
[2927/3081] no-platform   -            Eppig Brewing North Park
[2928/3081] no-platform   -            Raspabros
[2929/3081] no-platform   -            Cozy Cat Bakehouse
[2930/3081] no-platform   -            Vero's Sweet Bakeshop
[2931/3081] no-platform   -            Little Vienna
[2932/3081] no-platform   -            Gallopin In
[2933/3081] no-platform   -            Birria a Mi Gusto
[2934/3081] no-platform   -            Carniceria Taco Shop
[2935/3081] no-platform   -            Nespresso Pop-Up
[2936/3081] no-platform   -            Molly Malones Sports Tavern
[2937/3081] no-platform   -            Pretzel Market
[2938/3081] no-platform   -            Elbo Rest
[2939/3081] no-platform   -            Porters Grille & BBQ
[2940/3081] no-platform   -            Techy Cafe Chula Vista
[2941/3081] no-platform   -            iDessert
[2942/3081] no-platform   -            Taco’s El Chaparro
[2943/3081] no-platform   -            Frost Me Gourmet Cupcakes
[2944/3081] no-platform   -            Cocina Tonalnan
[2945/3081] no-platform   -            The Pagoda
[2946/3081] no-platform   -            The Coop
[2947/3081] no-platform   -            Fifty 9 Fifty
[2948/3081] no-platform   -            Sunshine Poke & Sushi Rolls
[2949/3081] no-platform   -            Walking on Water Cafe
[2950/3081] no-platform   -            Jayda Marie's Bakery
[2951/3081] no-platform   -            Sapporo Rock & Roll Sushi
[2952/3081] no-platform   -            Foundation X
[2953/3081] no-platform   -            Bakes By Zena
[2954/3081] no-platform   -            Rise & Brew Coffee
[2955/3081] no-platform   -            Sweet Robin's
[2956/3081] no-platform   -            Pacific Taco Shop
[2957/3081] no-platform   -            The Sourdough Sweetie
[2958/3081] no-platform   -            Oscars Cocktail Bar
[2959/3081] no-platform   -            On Point BBQ
[2960/3081] no-platform   -            Cocinita La Michoacana
[2961/3081] no-platform   -            Sunset by the Park
[2962/3081] no-platform   -            Wolftown
[2963/3081] no-platform   -            McCozy
[2964/3081] no-platform   -            Miramar Fresh Kitchen
[2965/3081] no-platform   -            Pizzaria, Etc.
[2966/3081] no-platform   -            Heros
[2967/3081] no-platform   -            The Dining Room
[2968/3081] no-platform   -            Takos El Michi
[2969/3081] no-platform   -            Yute Keto Bakery
[2970/3081] no-platform   -            Mike’s Sourdough Bakery
[2971/3081] no-platform   -            El Cuervo
[2972/3081] no-platform   -            Club Iguana
[2973/3081] no-platform   -            Lumière Café San Diego
[2974/3081] no-platform   -            Recognize Cocktails
[2975/3081] no-platform   -            Tlaxcala Hectoir's Taco Shop
[2976/3081] no-platform   -            Ball Three
[2977/3081] no-platform   -            Romo Baker and general store
[2978/3081] no-platform   -            Fairbanks Coffee Company
[2979/3081] no-platform   -            Coral Market
[2980/3081] no-platform   -            KGP Pizza & Grill
[2981/3081] no-platform   -            Cups Coffee Cart
[2982/3081] no-platform   -            Higher Grounds Coffee
[2983/3081] no-platform   -            No excuse income
[2984/3081] no-platform   -            Valencia Mexican Food
[2985/3081] no-platform   -            Panderia Bakery
[2986/3081] no-platform   -            Mariscos Seafood
[2987/3081] no-platform   -            Coca Cola Market
[2988/3081] no-platform   -            Bee's Bread Co
[2989/3081] no-platform   -            Cafecito del Monte
[2990/3081] no-platform   -            Rds Log Cabin
[2991/3081] no-platform   -            Wellspring Tea Room
[2992/3081] no-platform   -            Southbay Cafe & Cantina
[2993/3081] no-platform   -            Jupiter Leucadia
[2994/3081] no-platform   -            Blooming Vegans
[2995/3081] no-platform   -            1935 Artisan Desserts & Kitchen
[2996/3081] no-platform   -            Arevalo's Raspados
[2997/3081] no-platform   -            Lush Lounge
[2998/3081] no-platform   -            Mickies Suds Room
[2999/3081] no-platform   -            Barra 8
[3000/3081] no-platform   -            Rusty Spur Cocktails and Dancing
[3001/3081] no-platform   -            Marbella Oyster Bar
[3002/3081] no-platform   -            College Sub Shop
[3003/3081] no-platform   -            Dieberto's
[3004/3081] no-platform   -            11th Marines Chow Hall
[3005/3081] no-platform   -            Frank’s Ice Cream Wholesale
[3006/3081] no-platform   -            Ghost tacos downtown
[3007/3081] no-platform   -            Arevalo's Bakery
[3008/3081] no-platform   -            El Cotixan Taco Shop
[3009/3081] no-platform   -            Fruity Fruits
[3010/3081] no-platform   -            Hafla Platter Inc
[3011/3081] no-platform   -            Society featuring Bubbas BBQ
[3012/3081] no-platform   -            Prinkipia Frozen Yogurt
[3013/3081] no-platform   -            Mariscos Del Barrio
[3014/3081] no-platform   -            Tacos la ocho
[3015/3081] no-platform   -            Paula Jean's Coffee Bean
[3016/3081] no-platform   -            Muscle Bar
[3017/3081] no-platform   -            Madina Delicious Restaurant
[3018/3081] no-platform   -            Savioe
[3019/3081] no-platform   -            Raymundos taco shop
[3020/3081] no-platform   -            Olga's Food Place
[3021/3081] no-platform   -            Santos Cafe Old Town
[3022/3081] no-platform   -            National Burrito
[3023/3081] no-platform   -            Taqueria Mucho Toro
[3024/3081] no-platform   -            Fuego Mediterranean Grill
[3025/3081] no-platform   -            Sweet city creamery
[3026/3081] no-platform   -            Nutrition Prime Spot
[3027/3081] no-platform   -            DONUTOPOLIS SCRIPPS RANCH VILLAGES
[3028/3081] no-platform   -            Chamoyess
[3029/3081] no-platform   -            Blanco Rosso
[3030/3081] no-platform   -            Smoothie Caffe
[3031/3081] no-platform   -            Ben & Jerry's
[3032/3081] no-platform   -            Latte By The Sea
[3033/3081] no-platform   -            Taste of egypt cafe
[3034/3081] no-platform   -            AREA DE COMIDA
[3035/3081] no-platform   -            BAKERY FUENTES
[3036/3081] no-platform   -            Moreliana Ice Cream & Restaurant
[3037/3081] no-platform   -            Julie's Desserts & Bakery
[3038/3081] no-platform   -            La Sirena
[3039/3081] no-platform   -            Blue Star Cafe
[3040/3081] no-platform   -            Dalat Cafe
[3041/3081] no-platform   -            Torpedo Grill
[3042/3081] no-platform   -            Mila's Ice cream & snacks
[3043/3081] no-platform   -            Las Muñecas tradicional desserts
[3044/3081] no-platform   -            Sweet Bee Desserts
[3045/3081] no-platform   -            Mar & Fuego
[3046/3081] no-platform   -            Dolce Cafe
[3047/3081] no-platform   -            Baked & Blended
[3048/3081] no-platform   -            Dalat Cafe
[3049/3081] no-platform   -            Eva's Bakery
[3050/3081] no-platform   -            Cafe East by Eurest
[3051/3081] no-platform   -            Café Bien
[3052/3081] no-platform   -            Shack-House
[3053/3081] no-platform   -            Denis’s Bakery
[3054/3081] no-platform   -            Tantuni Turkish Street Food
[3055/3081] no-platform   -            Wynola Pizza Express
[3056/3081] no-platform   -            Colors cafe
[3057/3081] no-platform   -            Cafe Rico & Catering LLC
[3058/3081] no-platform   -            Donas Bakery and Food to Go
[3059/3081] no-platform   -            Modern Kabob - Grill & Smoothies
[3060/3081] no-platform   -            Chimney Nation
[3061/3081] no-platform   -            The Grove Bar & Grill
[3062/3081] no-platform   -            The Nutrition Checkpoint
[3063/3081] no-platform   -            Chimney Nation
[3064/3081] no-platform   -            Cafe Bella Express
[3065/3081] no-platform   -            Los 3 Animales Taqueria
[3066/3081] no-platform   -            Sushi Gaga
[3067/3081] no-platform   -            Michele’s Cafe & Galleria
[3068/3081] no-platform   -            Muneca ice cream
[3069/3081] no-platform   -            Dollshie Coffee
[3070/3081] no-platform   -            Duke's Hawaiian Coffee
[3071/3081] no-platform   -            Tacos De Birria Mayo
[3072/3081] no-platform   -            Super Mario's Mexican Food
[3073/3081] no-platform   -            Cafecito on Park
[3074/3081] no-platform   -            Zen Coffee & Deli
[3075/3081] no-platform   -            Machela
[3076/3081] no-platform   -            Café Noelle
[3077/3081] no-platform   -            Yeeha Boba
[3078/3081] no-platform   -            Samba arena cafe
[3079/3081] no-platform   -            Chandelier Lounge Cuisine
[3080/3081] no-platform   -            Mission Burger
[3081/3081] no-platform   -            Serina Pizza

platform                       attempted         filed       too-few         gated  wrong-branch needs-browser   no-platform  fetch-failed  screened-out
none                                2690             0             0             0             0            38          2652             0             0
toast                                 84             2             0             0            24            55             0             0             3
order.online                          71             1             1             1             7            57             0             0             4
Square Online storefront              55             0             0             0             0            55             0             0             0
Square Online (own domain)            31             0             0             0             0            31             0             0             0
shopify                               18             3             3             0             0             0             0             0            12
olo                                   17             0             0             0             0            17             0             0             0
chownow                               16             0             0             3             0            13             0             0             0
spothopper                            15             1             1             0             0            13             0             0             0
slice                                 13             0             0             0             1            12             0             0             0
netwaiter                             12             0            12             0             0             0             0             0             0
MealKeyWay                            11             0             0             0             0            11             0             0             0
own-jsonld                             8             3             1             0             2             0             0             0             2
plain-html                             7             0             0             0             0             7             0             0             0
SpotOn                                 7             0             0             0             0             7             0             0             0
clover                                 7             0             0             0             2             3             0             0             2
wix                                    5             3             2             0             0             0             0             0             0
HungerRush                             4             0             0             0             0             4             0             0             0
GloriaFood widget                      3             0             0             0             0             3             0             0             0
menufy                                 2             0             0             0             0             0             0             0             2
popmenu                                2             0             0             0             2             0             0             0             0
MenuSifu                               1             0             0             0             0             1             0             0             0
ubereats                               1             0             0             0             1             0             0             0             0
Paytronix                              1             0             0             0             0             1             0             0             0
TOTAL                               3081            13            20             4            39           328          2652             0            25

13 menus, 215 dishes
wrote menus/wip/router-20260906-005123.json
wrote menus/wip/router-20260906-005123.notes.json
wrote menus/wip/router-20260906-005124.notes.json
