queue 2732 with a website; routing 2732 at concurrency 4

[   1/2732] no-platform   -            Crumbl Cookies
[   2/2732] no-platform   -            Oceanside Harbor Village
[   3/2732] no-platform   -            Liberty Public Market
[   4/2732] fetch-failed  -            Ghirardelli Ice Cream & Chocolate Shop
[   5/2732] no-platform   -            Westfield UTC
[   6/2732] no-platform   -            Sessions by the Bay Cannabis Dispensary and Lounge
[   7/2732] filed         own-jsonld   Peterson's Donut Corner
[   8/2732] needs-browser toast        Swing Inn Cafe & BBQ
[   9/2732] no-platform   -            Kaelin's Market
[  10/2732] screened-out  order.online Wood Ranch Mission Valley
[  11/2732] no-platform   -            Cardiff Seaside Market
[  12/2732] no-platform   -            China Super Buffet
[  13/2732] needs-browser chownow      Burger Bench Escondido
[  14/2732] no-platform   -            Mitsuwa Marketplace - San Diego
[  15/2732] no-platform   -            IZOLA
[  16/2732] needs-browser -            Casa de Freds
[  17/2732] no-platform   -            Red Lobster
[  18/2732] no-platform   -            Filippi's Pizza Grotto Temecula
[  19/2732] no-platform   -            Mama Kat's Restaurant
[  20/2732] no-platform   -            Somisomi
[  21/2732] no-platform   -            Mimi's Cafe
[  22/2732] no-platform   -            Taquería Imperial
[  23/2732] needs-browser order.online Rodizio Grill Brazilian Steakhouse San Diego
[  24/2732] fetch-failed  -            El Super
[  25/2732] no-platform   -            Yogurt Mill
[  26/2732] needs-browser toast        Draft South Mission
[  27/2732] no-platform   -            Sally's Waterfront Dining
[  28/2732] no-platform   -            Windmill Food Hall
[  29/2732] no-platform   -            Twin Peaks
[  30/2732] no-platform   -            Crumbl Cookies
[  31/2732] no-platform   -            VG Donut & Bakery
[  32/2732] needs-browser chownow      Brigantine Seafood
[  33/2732] fetch-failed  -            The Restaurant at Ponte
[  34/2732] fetch-failed  -            Public Square Coffee House
[  35/2732] no-platform   -            Home Sweet Home Cafe
[  36/2732] no-platform   -            Original Pancake House Vista
[  37/2732] no-platform   -            Sonny’s Pizza
[  38/2732] no-platform   -            Acai Republic - Oceanside
[  39/2732] no-platform   -            Crumbl Cookies
[  40/2732] no-platform   -            Portside Pier
[  41/2732] screened-out  order.online Al Toque | Peruvian Kitchen
[  42/2732] no-platform   -            Khyber Pass Zarparan Restaurant | Afghan
[  43/2732] no-platform   -            Lake Cuyamaca Restaurant & Store
[  44/2732] no-platform   -            664 Tj Birrieria
[  45/2732] wrong-branch  toast        Lucha Libre Taco Shop
[  46/2732] [  46/2732] no-platform   -            Otay Farms Market & M[  47/2732] no-platform   -            Menudería Don Vicente
[  48/2732] [  48/2732] no-platform   -            AleSmith Brew[  49/2732] [  49/2732] needs-browser toast        Barrio Star
[  50/2732] no-platform   -            Con Pane Rustic Br[  51/2732] [  51/2732] needs-browser order.online Tom's Famous Family Restaurant 24
[  52/2732] needs-browser olo          Dog Haus Biergarten
[  53/2732] wrong-branch  toast        Stella Jean’s Ice Cream
[  54/2732] no-platform   -            Islands Restaurant Chula Vista
[  55/2732] needs-browser toast        E.A.T Marketplace
[  56/2732] needs-browser toast        FIT Social
[  57/2732] needs-browser Square Online storefront Wayfarer Bread & Pastry
[  58/2732] needs-browser olo          Better Buzz Coffee San Marcos
[  59/2732] no-platform   -            Saigon Restaurant
[  60/2732] no-platform   -            Moo[  61/2732] no-platform   -            Rubio's Coastal Grill
[  62/2732] needs-browser toast        MooTime Creamery
[  63/2732] fetch-failed  -            Kiko's Place-The Seafood King
[  64/2732] needs-browser toast        Good Night John Boy
[  65/2732] no-platform   -            Los Reyes Mexican Restaurant & Cantina
[  66/2732] no-platform [  66/2732] needs-browser toast        Good Nig[  67/2732] needs-browser order.online Primos Mexican Food & Cantina
[  68/2732] no-platform   -            Fridas Street Tacos
[  69/2732] no-platform   -            Phở Vân Restaurant
[  70/2732] no-platform   -            Hong Kong Restaurant
[  71/2732] no-platform   -            Texas de Brazil - Carlsbad
[  72/2732] no-platform   -            Crumbl Cookies
[  73/2732] [  73/2732] fetch-failed  -            Sweet Spot Real Jamaican Restaurant
[  74/2732] needs-browser order.online TOM's Famous Family Re[  75/2732] no-platform   -            Crumbl Cookies
[  76/2732] needs-browser -            Noble Experiment
[  77/2732] filed         chownow      Handel’s Homemade Ice Cre[  [  78/2732] no-platform   -            Crumbl Cookies
[  79/2732] [  79/2732] needs-browser plain-html   Por Fav[  80/2732] needs-browser slice        Massachusetts Mike's Pizzeria
[  81/2732] no-platform   -            Loreto's Taco Shop
[  82/2732] [  82/2732] too-few       netwaiter    Su Pan Bake[  83/2732] [  83/2732] no-platform   -         [  84/2732] [  84/2732] needs-browser chownow      Parakeet Cafe - L[  85/2732] [  85/2732] needs-browser toast        Tom's Watch Bar -[  86/2732] [  86/2732] fetch-failed  -            Papas & Tacos M[  87/2732] no-platform   -            Deiberto's Mexican Restaurant
[  88/2732] no-platform   -            MOOYAH Burgers, Fries & Shakes
[  89/2732] fetch-failed  -            Plazas Mexican Food
[  90/2732] fetch-failed  -            The Shores Restaurant
[  91/2732] needs-browser plain-html   Nick's on State
[  92/2732] no-platform   -            Pho Oceanside
[  93/2732] needs-browser toast        Lanna Thai Cuisine
[  94/2732] needs-browser order.online Jimbo's - Escondido
[  95/2732] needs-browser GloriaFood widget That Mexican Place
[  96/2732] no-platform   -            Todo Sushi
[  97/2732] needs-browser toast        Bubba's Smokehouse BBQ (inside Society)
[  98/2732] no-platform   -            Gin Sushi
[  99/2732] too-few       spothopper   Kebab Craft
[ 100/2732] no-platform   -            Los Garcia's Taco Shop
[ 101/2732] needs-browser toast        Coya Peruvian Secret
[ 102/2732] no-platform   -            Fallbrook Cafe
[ 103/2732] no-platform   -            El Real Mexican Food
[ 104/2732] no-platform   -            Stone Brewing Tap Room - Oceanside
[ 105/2732] needs-browser -            DQ GRILL & CHILL, OCEANSIDE
[ 106/2732] needs-browser olo          Better Buzz Coffee Escondido
[ 107/2732] no-platform   -            Round1 Bowling & Arcade - National City
[ 108/2732] needs-browser order.online Vaqueros Carne Asada
[ 109/2732] screened-out  order.online Grandma Tofu & BBQ
[ 110/2732] no-platform   -            Anita's Mexican Restaurant & Cantina
[ 111/2732] no-platform   -            Barrio Food Hub
[ 112/2732] fetch-failed  -            Red Fox Room and Steakhouse
[ 113/2732] needs-browser order.online Jimbo’s - Carmel Valley
[ 114/2732] no-platform   -            Los Junior's Mexican Food
[ 115/2732] needs-browser -            The Asian Bistro
[ 116/2732] needs-browser slice        Pastalini
[ 117/2732] needs-browser slice        Pastalini
[ 118/2732] needs-browser Square Online storefront Empanada Kitchen
[ 119/2732] fetch-failed  -            BunZ
[ 120/2732] no-platform   -            I Love Bagels
[ 121/2732] no-platform   -            Otay Mandarin Chinese Restaurant
[ 122/2732] no-platform   -            Newtopia Cyder
[ 123/2732] no-platform   -            Rubio's Coastal Grill
[ 124/2732] no-platform   -            Tocumbo Ice Cream
[ 125/2732] no-platform   -            Hanu Korean BBQ
[ 126/2732] no-platform   -            Tiajuana Food Court
[ 127/2732] no-platform   -            Tacotarian San Diego
[ 128/2732] needs-browser Square Online storefront skybound coffee + dessert lounge
[ 129/2732] no-platform   -            Rockin' Ramen
[ 130/2732] needs-browser olo          Panini Kabob Grill - Mission Valley
[ 131/2732] no-platform   -            Palomino's Mexican & Seafood
[ 132/2732] no-platform   -            It's Raw Poke Shop
[ 133/2732] no-platform   -            Stake Chophouse & Bar
[ 134/2732] no-platform   -            Antonio's Mexican Food
[ 135/2732] needs-browser Square Online (own domain) Up2You Cafe
[ 136/2732] [ 136/2732] wrong-branch  clover       Burros & Frie[ 137/2732] no-platform   -            Crumbl Cookies
[ 138/2732] [ 138/2732] needs-browser order.online Sancho's Tacos
[ 139/2732] filed         popmenu      San Diego Brewing Company
[ 140/2732] needs-browser plain-html   Nick's Del Mar
[ 141/2732] no-platform   -            Iceskimo
[[ 142/2732] needs-browser order.online Sancho's Tacos
[ 143/2732] [ 143/2732] needs-browser Square Online[ 144/2732] needs-browser Squar[ 144/2732] no-platform   -            [ 145/2732] needs-browser olo          Better Buzz Coffee Pacific Beach Grand
[ 146/2732] no-platform   -            Cute Cakes Bakery & Café
[ 147/2732] no-platform   -            Urban Crave
[ 148/2732] [ 148/2732] filed         toast        Second Nature
[ 149/2732] fetch-failed  -            La Concha Bakery
[ 150/2732] needs-browser plain-html   Pancho's Mexican Restaur[ 15[ 151/2732] needs-browser SpotOn       allmine pizza and pasta
[ 152/2732] needs-browser toast        Galpão Gaucho Brazilian[ 153/2732] [ 153/2732] no-platform   -            Pho House
[ 154/2732] too-few       netwaiter [ 155/2732] filed         toast        Birdseye Kitchen
[ 156/2732] no-platform   -            Thai Thai Oceanside Restaurant
[ 157/2732] no-platform   -            Edelweiss Bakery
[ 158/2732] no-platform   -            Karina's Cantina Gaslamp
[ 159/2732] no-platform   -            Lucy's Bakery
[ 160/2732] no-platform   -            O'side Bakery
[ 161/2732] needs-browser toast        Risers Pizza
[ 162/2732] no-platform   -            VAGA Restaurant & Bar
[ 163/2732] needs-browser spothopper   Village Pizza
[ 164/2732] needs-browser -            Sammy's Woodfire Pizza and Grille
[ 165/2732] no-platform   -            1022 Cafe & Gelateria
[ 166/2732] gated         toast        Tommy V's Cucina Italiana
[ 167/2732] no-platform   -            Eppig Brewing Co. Waterfront Biergarten
[ 168/2732] no-platform   -            Mr. Moto Pizza - Pacific Beach
[ 169/2732] [ 169/2732] needs-browser order.online Robertito's M[ 170/2732] no-platform   -            Muay Thai Kitchen
[ 171/2732] no-platform   -            Zarlitos Family Restaurant
[ 172/2732] no-platform   -            Baci Restaurant | Italian
[ 173/2732] needs-browser toast        Nado Republic
[ 174/2732] filed         toast        Belching Beaver Brewery Pub 980
[ 175/2732] needs-browser toast        Shaks Mediterranean Bistro
[ 176/2732] filed         chownow      Handel's Homemade Ice Cream
[ 177/2732] no-platform   -            Golden Mandarin
[ 178/2732] needs-browser order.online Sukho Thai Extraordinaire
[ 179/2732] gated         toast        Lumi
[ 180/2732] no-platform   -            Umai Sushi
[ 181/2732] needs-browser Square Online (own domain) Camp Coffee Company
[ 182/2732] needs-browser -            Beyer Deli
[ 183/2732] no-platform   -            Lomas | Mexican Restaurant & Cantina
[ 184/2732] needs-browser Square Online (own domain) Beach City Smoothies
[ 185/2732] needs-browser Square Online (own domain) Portal Coffee
[ 186/2732] no-platform   -            Mount Palomar Winery
[ 187/2732] no-platform   -            Golden Donut
[ 188/2732] too-few       wix          TNL Boba Tea
[ 189/2732] filed         chownow      Handel’s Homemade Ice Cream
[ 190/2732] needs-browser SpotOn       Souplantation
[ 191/2732] [ 191/2732] filed         spothopper   Arom[ 192/2732] [ 192/2732] no-platform   -            Frida’s Taqueri[ 193/2732] needs-browser spothopper   Los Panchos Mexican Grill & Seafood
[ 194/2732] needs-browser Square Online storefront Prager Brothers Artisan Breads
[ 195/2732] [ 195/2732] no-platform   -            The Bella Lounge
[ 196/2732] no-platform   -            Rubio's Coastal Grill
[ 197/2732] fetch-failed  -            Mi Ranchito Taco Shop
[ 198/2732] no-platform   -            La Casa Blanca mexican[ 199/2732] [ 199/2732] no-platform   -            Superbloom Coffee & Juice
[ 200/2732] no-platform   -            Market on 8th
[ 201/2732] needs-browser -            California Pizza Kitchen at Solana Beach
[ 202/2732] needs-browser MealKeyWay   Dumplings N More
[ 203/2732] needs-browser Square Online storefront Maan's Mediterranean Grill
[ 204/2732] needs-browser spothopper   Penelopes Mexican Food
[ 205/2732] no-platform   -            Bi[ 206/2732] [ 206/2732] no-platform   -            The Remy
[ 207/273[ 207/2732] needs-browser toast        The Remy
[ 208/2732] [ 208/2732] no-platform   -            GelatoLove Carls[ 209/2732] screened-out  shopify      Ascend Coffee Roasters
[ 210/2732] too-few       order.online Ben & Jerry's
[ 211/2732] no-platform   -            Panda Imperial Restaurant
[ 212/2732] fetch-failed  -            Konito's Cafe
[ 213/2732] wrong-branch  toast        Maggie's Café
[ 214/2732] no-platform   -            Muri Coffee & Dessert
[ 215/2732] no-platform   -            Mariscos Mar Y Tierra
[ 216/2732] no-platform   -            Quixote
[ 217/2732] filed         spothopper   3GO SUSHI & ALL YOU CAN EAT SUSHI
[ 218/2732] needs-browser Square Online (own domain) Barrio Donas
[ 219/2732] no-platform   -            Namino Poway
[ 220/2732] needs-browser -            Havana Grill
[ 221/2732] no-platform   -     [ 221/2732] needs-browser order.online Rise Southern Biscuits & Righteous Chicken - San Diego
[ 222/2732] needs-browser toast        Havana Grill
[ 223/2732] no-platform   -            The Cowshed
[ 224/2732] no-platform   -            Himitsu
[ 225/2732] no-platform   -            Manna Heaven BBQ - National City
[ 226/2732] filed         toast        The Water Shack
[ 227/2732] no-platform   -            The Cowshed
[ 228/2732] needs-browser toast        Sultan Baklava
[ 229/2732] filed         toast        Cherrywine Sushi & Burmese Cuisine
[ 230/2732] no-platform   -            The Amigo Cantina
[ 231/2732] no-platform   -            Unique Pastry Factory
[ 232/2732] no-platform   -            Crumbl Cookies
[ 233/2732] fetch-failed  -            Bonchon Chicken
[ 234/2732] filed         spothopper   El Carrito Restaurant
[ 235/2732] no-platform   -            Oriental Cafe | Chinese
[ 236/2732] no-platform   -            Red Lobster
[ 237/2732] filed         own-jsonld   Sayulitas Mexican Food San Diego
[ 238/2732] no-platform   -            Chiroys Cafe
[ 239/2732] needs-browser -            The Invigatorium
[ 240/2732] no-platform   -            Yingli Restaurant | Chula Vista
[ 241/2732] needs-browser spothopper   Curry & More - Indian Bistro
[ 242/2732] needs-browser toast        Smokin J's BBQ & Taphouse
[ 243/2732] needs-browser toast        Burger Deck
[ 244/2732] needs-browser HungerRush   Flippin' Piz[ 245/2732] needs-browser toast        Smokin J's BBQ & Taphouse
[ 246/2732] no-platform   -            Grind House
[ 247/2732] no-platform   -            Ocean Thai Cuisine
[ 248/2732] needs-browser spothopper   3N1 Sports Bar & Grill
[ 249/2732] no-platform   -            Pacific Beach Ice Cream Co.
[ 250/2732] [ 250/2732] no-platform   -         [ 251/2732] [ 251/2732] no-platform   -            Señor Taquero
[ 252/2732] [ 252/2732] no-platform   -            Señor Taquero
[ 253/2732] no-platform   -            Green Vine Delicatessen
[ 254/2732] no-platform   -            Jts Clubhouse Pub and Grill
[ 255/2732] filed         own-jsonld   Hudson & Nash
[ 256/2732] needs-browser chownow      Arizona Chinese Restaurant
[ 257/2732] no-platform   -            Orchid Persian Cuisine
[ 258/2732] screened-out  clover       Royal Sweets
[ 259/2732] [ 259/2732] no-platform   -            Devil's Dozen Donut Shop
[ 260/2732] too-few       netwaiter    A[ 261/2732] too-few[ 261/2732] no-platform   -            Gentle Grill
[ 262/2732] no-platform   -            Manna Heaven B[ 263/2732] [ 263/2732] no-platform   -            Mar[ 264/2732] [ 264/2732] no-platform   -            The C[ 265/2732] no-platform   -            Covewood Restaurant
[ 266/2732] [ 266/2732] wrong-branch  clover       Burros &[ 267/2732] needs-browser chownow      Savory Thai Restaurant
[ 268/2732] [ 268/2732] needs-browser spothopper   Julian[ 269/2732] [ 269/2732] no-platform   -            Curbside Eatery[ 270/2732] [ 270/2732] filed         popmenu      PCH[ 271/2732] [ 271/2732] fetch-failed  -            Leucadia D[ 272/2732] no-platform   -            Dockside 1953
[ 273/2732] filed         toast        Earth Bistro
[ 274/2732] [ 274/2732] filed         wix          Ta[ 275/2732] no-platform   -            Chopsticks Inn Restaurant
[ 276/2732] filed         menufy       Snow & Crab
[ 277/2732] no-platform   -            ICHIBAN RAMEN AND SUSHI
[ 278/2732] needs-browser -            The Rooftop by STK
[ 279/2732] needs-browser -            Canyon Grille
[ 280/2732] needs-browser -            Tabu Sushi Bar & Grill Santee
[ 281/2732] filed         spothopper   Lit'l Pepper Gourmet
[ 282/2732] no-platform   -            Camel's Bar and Grill
[ 283/2732] no-platform   -            China Fun
[ 284/[ 284/2732] filed         own-jsonld   Canyons Restaurant at The Cros[ 285/2732] no-platform   -            Ferchaladas birria & mariscos
[ 286/2732] no-platform   -            Tigawok - La Jolla
[ 287/2732] no-platform   -            Lighthouse Ice Cream
[ 288/2732] no-platform   -            SOMISOMI
[ 289/2732] needs-browser -            QUICK BITES CAFE / Best Sandwiches
[ 290/2732] no-platform   -            Niederfrank's Ice Cream
[ 291/2732] no-platform   -            The Buffet
[ [ 292/2732] filed         chownow      Handel's Homemade Ice Cream
[ 293/2732] no-platform   -            Hidden Fish
[ 294/2732] fetch-failed  -            Ami Sushi
[ 295/2732] no-platform   -            Garibaldi
[ 296/2732] needs-browser toast        QUICK BITES CAFE / Best Sandwiches
[ 297/2732] fetch-failed  -            Mariscos La Baja
[ 298/2732] no-platform   -            TopSail
[ 299/2732] no-platform   -            Seafood La 57
[ 300/2732] filed         toast        Pizzo's Pizzeria at Millenia Otay Ranch
[ 301/2732] no-platform   -      [ 302/2732] filed         wix          Benedict's Brunch
[ 303/2732] [ 303/2732] no-platform   -            Coffee by Malibu Farm
[ 304/2732] no-platform   -            Gran[ 305/2732] no-platform   -            Grand Comedy Club & Pizzeria
[ 306/2732] [ 306/2732] needs-browser Square Online storefront Bay [ 307/2732] no-platform   -            Great Wok of China
[ 308/2732] no-platform   -            Valerie's Taco Shop - Pacific Beach
[ 309/2732] needs-browser Square Online storefront Portinos Restaurant
[ 310/2732] no-platform   -            Pho Bo
[ 311/2732] no-platform   -            Draft Republic San Marcos
[ 312/2732] too-few       shopify      Mr. Coconut CA
[ 313/2732] [ 313/2732] no-platform   -            El Charro M[ 314/2732] [ 314/2732] needs-browser Square Online storefront Sandwi[ 315/2732] needs-browser toast        The Haven Pizzeria
[ 316/2732] fetch-failed  -            Hurricane Grill & Wings
[ 317/2732] [ 317/2732] screened-out  shopify      Vigil[ 318/2732] no-platform   -            Noodle & Bun
[ 319/2732] no-platform   -            Black Cat Bar
[ 320/2732] filed         spothopper   Chez Loma
[ 321/2732] [ 321/2732] no-platform   -            L[ 322/2732] [ 322/2732] no-platform   -            Masala Street San Diego - Indian Cuisine and Cateri[ 323/2732] [ 323/2732] no-platform   -            Duck F[ 324/2732] no-platform   -            Emma's Mexican Food
[ 325/2732] no-platform   -            La Mesa Pizzaworks
[ 326/2732] no-platform   -            La Central - Birrieria y Menuderia
[ 327/2732] needs-browser -            Truckstop Saloon
[ 328/2732] no-platform   -            Ocean Thai Cuisine
[ 329/2732] no-platform   -            Rise and Dine
[ 330/2732] [ 330/2732] no-platform   -            Div[ 331/2732] [ 331/2732] screened-out  toast        [ 332/2732] scre[ 332/2732] no-platform   -            Taco Fiesta II
[ 333/2732] needs-browser MealKeyWay   大鼓米线Dagu Miishien
[ 334/2732] no-platform   -            Tidal
[ 335/2732] no-platform   -            Joses Pollos
[ 336/2732] no-platform   -            Birrieria Ay Jalisco
[ 337/2732] no-platform   -            Rosarito's Mexican Food #1
[ 338/2732] needs-browser spothopper   il Sogno Italiano
[ 339/2732] needs-browser plain-html   Daybreak Island Grill
[ 340/2732] fetch-failed  -            Mariscos La Perla Negra
[ 341/2732] filed         toast        Common Stock
[ 342/2732] no-platform   -            Spitz Mediterranean Street Food
[ 343/2732] no-platform   -            Rancho Las Palmas Mexican Grill & Seafood
[ 344/2732] needs-browser toast        [ 345/2732] n[ 345/2732] no-platform   -            Blanco Coci[ 346/2732] n[ 346/2732] filed         own-jsonld   [ 347/2732] no-platform   -            The Batter Up Bakery
[ 348/2732] filed     [ 348/2732] no-platform   -            Paris Baguette
[ 349/2732] no-platform   -            KABOB SHACK - EASTLAKE
[ 350/2732] needs-browser toast        Healthy Creations Cafe
[ 351/2732] needs-browser -            [ 352/2732] fetch-failed  -            New York Buffalo Wings
[ 353/2732] no-platform  [ 353/2732] no-platform  [ 354/2732] no-platform   -            Angelito's Fruteria Y Neveria
[ 355/2732] fetch-failed  -            Crudo Ceviche & Oyster Bar
[ 356/2732] wrong-branch  toast        Dirty Birds Ocean Beach
[ 357/2732] no-platform   -            Fortuna Ristorante Italiano
[ 358/2732] no-platform   -            Fried Chicken House
[ 359/2732] gated         chownow      Finney's Crafthouse
[ 360/2732] no-platform   -            Valentina
[ 361/2732] needs-browser[ 361/2732] needs-browser Square Online s[ 362/2732] no-platform  [ 362/2732] no-platform   -            C[ 363/2732] no-platform  [ 363/2732] no-platform   -            Bistro City
[ 364/2732] needs-browser Square Online storefront [ 365/2732] no-platform  [ 365/2732] no-platform   -          [ 366/2732] no-platform  [ 366/2732] no-platform   -  [ 367/2732] no-platform  [ 367/2732] no-platform   -            Primo Thunder Market Bakery & Restaurant
[ 368/2732] no-platform   -  [ 369/2732] no-platform  [ 369/2732] no-platform   -         [ 370/2732] fetch-failed [ 370/2732] fetch-failed  -            Handel's [ 371/2732] no-platform  [ 371/2732] no-plat[ 372/2732] needs-browser[ 372/2732] needs-browser Square Online storefront[ 373/2732] needs-browser[ 373/2732] filed         shopify      [ 374/2732] needs-browser [ 374/2732] needs-browser order.online [ 375/2732] no-platform   -            [ 375/2732] no-plat[ 376/2732] needs-browser order.online [ 376/2732] fetch-failed  -            [ 377/2732] no-platform   -    [ 377/2732] no-platform   -     [ 378/2732] no-platform   -    [ 378/2732] no-platform   -            Hopnonymous Brewing Company
[ 379/2732] no-platform   -            Sage Cafe
[ 380/2732] no-platform   -            NOIR Sushi and Sake Fusion Lounge
[ 381/2732][ 382/2732] needs-browser toast   [ 382/2732] no-platform   -            [ 383/2732] no-pl[ 383/2732] needs-browser order.online Burrito Leo's Mexican Food
[ 384/2732] needs-browser slice        HillCrust Pizza
[ 385/2732] filed         clover       Guanatos Mexican and Seafood
[ 386/2732] no-platform   -            Tocumbo Ice Cream CV
[ 387/2732] needs-browser toast        The Mixer
[ 388/2732] needs-browser -            Yogurt Heaven
[ 389/2732] fetch-failed  -            Zen 5
[ 390/2732] screened-out  shopify      James Coffee Co.
[ 391/2732] gated         chownow      Bob's Steak & Chop House
[ 392/2732] no-platform   -            Ramones Cantina
[ 393/2732] no-platform   -            Kelly's Pub, El Cajon
[ 394/2732] needs-browser slice        Italia Pizza
[ 395/2732] wrong-branch  toast        Eat Crispy Burger National City
[ 396/2732] filed         spothopper   The Brunch House
[ 397/2732] no-platform   -            N Y Giant Pizza (Small Family Business)
[ 398/2732] no-platform   -            1St Street Bar
[ 399/2732] needs-browser Square Online (own domain) CUPPA CUPPA COFFEE COMPANY
[ 400/2732] no-platform   -            Rosati's Pizza Pub and Sports Bar
[ 401/2732] no-platform   -            Catalina Offshore Products
[ 402/2732] fetch-failed  -            The Art of Espresso
[ 403/2732] needs-browser Square Online storefront New English Brewing - San Diego Brewery
[ 404/2732] fetch-failed  -            Living room Coffeehouse RSD
[ 405/2732] no-platform   -            Ember & Rye
[ 406/2732] wrong-branch  own-jsonld   Sea & Sky
[ 407/2732] needs-browser -            NuYo Frozen Yogurt Telegraph Canyon
[ 408/2732] no-platform   -            A.R. Valentien
[ 409/2732] no-platform   -            Lucy's Bakery
[ 410/2732] no-platform   -            Calypso Cafe
[ 411/2732] needs-browser Square Online storefront Tina's Deli
[ 412/2732] no-platform   -            Sweet Bakery Mexico Lindo
[ 413/2732] no-platform   -            China bros
[ 414/2732] no-platform   -            Cafe Bella Drive Thru
[ 415/2732] no-platform   -            Off The 8 Café
[ 416/2732] needs-browser olo          Randy's Donuts
[ 417/2732] no-platform   -            Booze Brothers Brewing Co.
[ 418/2732] needs-browser HungerRush   Buonasera New York Pizzeria
[ 419/2732] no-platform   -            PHO KHA RESTAURANT
[ 420/2732] needs-browser olo          Luna Grill Millenia
[ 421/2732] no-platform   -            Moe's Southwest Grill
[ 422/2732] no-platform   -            Il Posto
[ 423/2732] needs-browser Square Online (own domain) Solana Sumptuous Cookies
[ 424/2732] no-platform   -            Sushi On San Marcos - Japanese Restaurant
[ 425/2732] no-platform   -            Royal India Express
[ 426/2732] needs-browser MealKeyWay   Surfing Crab Escondido
[ 427/2732] screened-out  menufy       Ginza Sushi
[ 428/2732] fetch-failed  -            We Olive & Wine Bar
[ 429/2732] wrong-branch  toast        Belching Beaver Brewery Oceanside
[ 430/2732] fetch-failed  -            Zhangliang Malatang Spicy Hotpot (National City)
[ 431/2732] no-platform   -            Dragon Express
[ 432/2732] no-platform   -            El Papas Fritas Taco Shop
[ 433/2732] no-platform   -            The Confessional by The Lost Abbey
[ 434/2732] needs-browser -            Tacaliente Mexican Grill
[ 435/2732] fetch-failed  -            California Mountain Bakery
[ 436/2732] no-platform   -            Tropifruit Juice Bar
[ 437/2732] no-platform   -            Cow-A-Bunga Ice Cream & Coffee
[ 438/2732] no-platform   -            The Craft Creamery
[ 439/2732] wrong-branch  toast        Best Pizza & Brew Clairemont
[ 440/2732] screened-out  clover       Garden Grill House
[ 441/2732] no-platform   -            Tacos Alex
[ 442/2732] no-platform   -            Rosemonts Cafe
[ 443/2732] fetch-failed  -            Los Alejandros
[ 444/2732] fetch-failed  -            Lemon Grove Coffee
[ 445/2732] needs-browser order.online bb.q Chicken Chula Vista
[ 446/2732] filed         spothopper   Taco Salsa Taco Shop
[ 447/2732] no-platform   -            Ike's Love & Sandwiches
[ 448/2732] fetch-failed  -            Thai Island@
[ 449/2732] needs-browser HungerRush   Pop Pops Paleta
[ 450/2732] wrong-branch  popmenu      Max's Restaurant Chula Vista, Cuisine of the Philippines
[ 451/2732] fetch-failed  -            Tidewater Tavern
[ 452/2732] needs-browser spothopper   Santos Coffee
[ 453/2732] no-platform   -            Crumbl Cookies
[ 454/2732] no-platform   -            BKK THAI KITCHEN
[ 455/2732] no-platform   -            North Bar
[ 456/2732] fetch-failed  -            Palomino's Mexican & Seafood
[ 457/2732] fetch-failed  -            Village Cafe
[ 458/2732] no-platform   -            Nothing Bundt Cakes
[ 459/2732] no-platform   -            Rolling-Out
[ 460/2732] fetch-failed  -            @Spacebar Cafe
[ 461/2732] no-platform   -            Dive at Harrah's Resort SoCal
[ 462/2732] no-platform   -            Los[ 463/2732] fetch-failed[ 463/2732] needs-browser order.online bb.q Chicken National City
[ 464/2732] fetch-failed  -            Mesa Pizza
[ 465/2732] no-platform   -            Encanto Cafe
[ 466/2732] screened-out  shopify      La Colombe Coffee Roasters
[ 467/2732] wrong-branch  toast        Madi Pacific Beach
[ 468/2732] no-platform   -            PGA Tour Grill
[ 469/2732] no-platform   -            Mahtab Mediterranean Cuisine
[ 470/2732] fetch-failed  -            Botani Breakfast & Pizzeria
[ 471/2732] no-platform   -            The Cordova Bar
[ 472/2732] screened-out  shopify      James Coffee Co.
[ 473/2732] no-platform   -            Shozen BBQ
[ 474/2732] no-platform   -            Teriyaki Sun
[ 475/2732] no-platform   -            Athens Market Taverna
[ 476/2732] no-platform   -            Creme De La Crepe
[ 477/2732] needs-browser order.online San Diego Sandwich Co
[ 478/2732] no-platform   -            Mexico Lindo Restaurant
[ 479/2732] fetch-failed  -            TapShack Kombucha & Coffee
[ 480/2732] needs-browser MealKeyWay   Ocean Buffet
[ 481/2732] no-platform   -            Avenue Subs Coronado
[ 482/2732] no-platform   -            Leucadia Pizza - Carlsbad
[ 483/2732] screened-out  shopify      James Coffee Co.
[ 484/2732] fetch-failed  -            Thai Garden
[ 485/2732] needs-browser Square Online (own domain) Matcha Cafe Maiko - Escondido
[ 486/2732] wrong-branch  toast        Sunday Breakfast Society
[ 487/2732] fetch-failed  -            Tak Grill Fresh Mediterranean Food
[ 488/2732] no-platform   -            Kaka Rawand - كباب كاكه روند (ملحمة أنوار)
[ 489/2732] no-platform   -            Ika Sushi & Grill
[ 490/2732] needs-browser toast        Temaki Bar Sushi
[ 491/2732] needs-browser olo          Better Buzz Coffee Oceanside South
[ 492/2732] no-platform   -            The Roosevelt Pizzeria
[ 493/2732] needs-browser HungerRush   Flippin' Pizza La Costa
[ 494/2732] needs-browser -            Marieta's Mexican Food
[ 495/2732] no-platform   -            Eugenio Italian Ristorante & More
[ 496/2732] no-platform   -            Juice Wave
[ 497/2732] needs-browser spothopper   Johnny Mañanas Ocean Beach
[ 498/2732] no-platform   -            Rosemary Trattoria
[ 499/2732] no-platform   -            Sky Deck at Del Mar Highlands Town Center
[ 500/2732] wrong-branch  toast        Achilles Coffee Solana Beach
[ 501/2732] fetch-failed  -            Mi Barra Bar
[ 502/2732] needs-browser order.online Poki Poki - Oceanside # 1
[ 503/2732] no-platform   -            Luscious Dumplings - San Diego
[ 504/2732] filed         ubereats     Ocean Cafe
[ 505/2732] no-platform   -            Little Fox Cups + Cones
[ 506/2732] fetch-failed  -            The Library Tavern
[ 507/2732] no-platform   -            Alanberto’s
[ 508/2732] needs-browser -            Hanna Garden
[ 509/2732] no-platform   -   [ 510/2732] wrong-branch[ 510/2732] wrong-branch  toast  [ 511/2732] filed       [ 511/2732] filed         popmen[ 512/2732] needs-browse[ 512/2732] needs-browser toast        Novo Br[ 513/2732] no-platform [ 513/2732] no-platform   -           [ 514/2732] no-platform [ 514/2732] no-platform   -   [ 515/2732] no-platform [ 515/2732] no-platform   -            Kababayan Bakery
[ 516/2732] screened-out  own-jsonld   Hanna Garden
[ 517/2732] fetch-failed  -            Mama G’s Kitchen & Sauces Peruvian Cuisine
[ 518/2732] no-platform   -            Valerio's 1979
[ 519/2732] no-platform   -            chikita cafe
[ 520/2732] no-platform   -            Uncle Biffs California Killer Cookies
[ 521/2732] filed         own-jsonld   Roostr Yard
[ 522/2732] no-platform   -            La Mixteca
[ 523/2732] no-platform   -            Donuts Plus
[ 524/2732] no-platform   -            Silverlake Ramen
[ 525/2732] fetch-failed  -            the Koffie Co
[ 526/2732] filed         chownow      Handel's Homemade Ice Cream
[ 527/2732] fetch-failed  -            Famous Oasis Ice Cream Parlor
[ 528/2732] no-platform   -            Continent Delicatessen
[ 529/2732] wrong-branch  clover       Burros & Fries - East Valley Parkway, Escondido
[ 530/2732] needs-browser -            Galu Café and Delicatessen
[ 531/2732] no-platform   -            Brickmans Restaurant & Bar
[ 532/2732] no-platform   -            Relic Bakery & Kitchen
[ 533/2732] no-platform   -            The Camp Store
[ 534/2732] no-platform   -            Trattoria da Sofia
[ 535/2732] no-platform   -            Bravo Cafe
[ 536/2732] no-platform   -            Kokoro Restaurant
[ 537/2732] no-platform   -            Backdraft Bar & Grill
[ 538/2732] no-platform   -            Pizza Mania
[ 539/2732] no-platform   -            Baron Long | Bar & Grill
[ 540/2732] needs-browser SpotOn       Porky's Lechon Barbecue
[ 541/2732] needs-browser Square Online storefront Crossroads Deli
[ 542/2732] screened-out  shopify      Barefoot Coffee Roasters
[ 543/2732] filed         shopify      Flor and Seed Coffee Roasters
[ 544/2732] no-platform   -            Native Foods
[ 545/2732] needs-browser spothopper   Isabelle Briens French Pastry Cafe
[ 546/2732] needs-browser plain-html   South of Nick's Del Mar | Mexican Kitchen + Bar
[ 547/2732] needs-browser order.online Primos Mexican Food & Cantina
[ 548/2732] needs-browser Square Online (own domain) Elixir Espresso & Wine Bar
[ 549/2732] no-platform   -           [ 550/2732] no-platform [ 550/2732] too-few       netwaiter    Opa Greek Restaurant & Grill
[ 551/2732] no-platform   -[ 552/2732] needs-browse[ 552/2732] needs-browser MenuSifu     Sizzling Pot King
[ 553/2732] no-platform   -            P.L. Bagels
[ 554/2732] no-platform   -            M WINEHOUSE
[ 555/2732] needs-browser SpotOn       Lupe's Cafe Mexican Restaurant
[ 556/2732] no-platform   -     [ 557/2732] no-platform   -            White Labs Brewing Co - San Diego
[ 558/2732] gated         chownow      CinKuni (Italian & Japanese Cuisine)
[ 55[ 559/2732] no-platform   -            Ginza Sushi
[ 560/2732] fetch-failed  -            Sprinkles La Jolla
[ 561/2732] screened-out  shopify      Rob’s Brewpoint
[ 562/2732] no-platform   -            Imperial Express
[ 563/2732] gated         chownow      CinKuni (Italian & Japanese Cuisine)
[ 564/2732] no-platform   -  [ 565/2732] no-platform [ 565/2732] no-platform   -     [ 566/2732] needs-browse[ 566/2732] needs-browser order.[ 567/2732] needs-browse[ 567/2732] needs-browser[ 568/2732] needs-browser olo          Tocaya Modern Mexican
[ 569/2732] wrong-branch  toast        Achilles Coffee Roasters @ The Rey
[ 570/2732] fetch-failed  -            Potato Corner
[ 571/2732] no-platform   -            The Outpost by Valley Farm
[ 572/2732] no-platform   -            Happy Lemon San Marcos
[ 573/2732] needs-browser olo          Better Buzz Coffee Imperial Beach
[ 574/2732] no-platform   -            California Bean
[ 575/2732] fetch-fail[ 575/2732] needs-browser Squar[ 576/2732] needs-browser Square Onlin[ 576/2732] no-platform   -    [ 577/2732] no-platform [ 577/2732] no-platform   -    [ 578/2732] no-platform   -            Hazel & Jade Bakery
[ 579/2732] no-platform [ 579/2732] no-platform   -            Beginners Diner
[ 580/2732] needs-brows[ 581/2732] no-platform [ 581/2732] no-platform   -            [ 582/2732] needs-browser Square Online (own domain) Chef Budda Blasian Soul Food LLC
[ 583/2732] no-platform   -            Calico Cidery
[ 584/2732] fetch-failed[ 584/2732] fetch-failed  -      [ 585/2732] no-platform   -            Alibi
[ 586/2732] no-platform [ 586/2732] no-platform   -            El O[ 587/2732] no-platform [ 587/2732] no-platfor[ 588/2732] filed         order.online The Pad Thai Stand
[ 589/2732] no-platform   -            Le Coq
[ 590/2732] no-platform [ 590/2732] no-platform   -            G[ 591/2732] filed       [ 591/2732] filed         [ 592/2732] fetch-failed[ 592/2732] fetch-failed  -            East [ 593/2732] no-platform   -            Kaffee Meister
[ 594/2732] no-platform [ 594/2732] no-platform   -            The[ 595/2732] fetch-failed  -            Mariscos Gonzalez
[ 596/2732] no-platform   -            Taco Azul, INC
[ 597/2732] filed         chownow      Handel's Homemade Ice Cream
[ 598/2732] no-platform   -            Piedra Santa
[ 599/2732] needs-browser olo          Luna Grill Encinitas
[ 600/2732] too-few       netwaiter    Wings mix
[ 601/2732] no-platform   -            Black Plague Purgatory Lounge
[ 602/2732] no-platform   -            The Leucadian
[ 603/2732] no-platform [ 603/2732] no-platform   -            Live Oak Market & r[ 604/2732] no-platform   -            Pho House
[ 605/2732] no-platform [ 605/2732] no-platform   -            [ 606/2732] no-platform   -            Beach + Taco Shack
[ 607/2732] fetch-failed  -            Gyrogrill
[ 608/2732] needs-browse[ 608/2732] no-platform   -            Na Tart
[ 609/2732] fetch-failed  -     [ 610/2732] no-platform   -            Menuderia y mariscos GDL
[ 611/2732] no-platform   -            Japanese Friendship Bell
[ 612/2732] no-platform   -            Brewjería Taproom & Kitchen
[ 613/2732] filed         own-jsonld   PureTaco
[ 614/2732] no-platform   -            Ernes Mexican Food & Breakfast
[ 615/2732] needs-browse[ 615/2732] wrong-branch  popmenu    [ 616/2732] wrong-branch  popm[ 616/2732] no-platform   -            Casa Reveles Restaurant
[ 617/2732] needs-browser Square Onli[ 618/2732] needs-browser Sq[ 618/2732] no-platform   -            Nothing Bundt Cakes
[ 619/2732] wrong-branch  toast        Stir It Up CoffeeHouse & Cafe
[ 620/2732] needs-browser toast        Okama Ramen and Grill
[ 621/2732] needs-browser Square Online storefront Thyme[ 622/2732] no-platform [ 622/2732] no-platform   -            Fridas Taqueria
[ 623/2732] no-platform   -          [ 624/2732] no-platform [ 624/2732] no-platform   -        [ 625/2732] needs-browse[ 625/2732] needs-browser slice        Giant[ 626/2732] screened-out  clover       PorchLight Coffee
[ 627/2732] no-platform [ 627/2732] needs-browser toast     [ 628/2732] fetch-failed[ 628/2732] fetch-failed  -            Surf Up Chicken
[ 629/2732] needs-browser clover       Himalayan Bistro Oceanside
[ 630/2732] needs-browser -            Olala Crepes
[ 631/2732] fetch-failed  -            Gooseberries kafe
[ 632/2732] no-platform   -            Phở Hòa Restaurant | Vietnamese
[ 633/2732] screened-out  menufy       IB Thai
[ 634/2732] no-platform   -[ 635/2732] needs-browser order.online Fatboy's Deli & Spirits
[ 636/2732] fetch-[ 636/2732] needs-browser order.online [ 637/2732] no-platform [ 637/2732] no-platform   -            Ko-Li Bar
[ 638/2732] fetch-failed  -         [ 639/2732] no-platform [ 639/2732] no-platform   -        [ 640/2732] no-platform [ 640/2732] no-platform   -        [ 641/2732] no-platform [ 641/2732] no-platform   -            Piper
[ 642/2732] no-platform   -          [ 643/2732] needs-browse[ 643/2732] filed         wix          J-[ 644/2732] fil[ 644/2732] no-platform   -            Mustangs & Burros
[ 645/2732] no-platform   -            The Grounds Bean Bar
[ 646/2732] no-platform   -            North Park Creamery
[ 647/2732] needs-browser Square Online storefront Mesa Agricola
[ 648/2732] no-platform   -            Babycakes Hillcrest
[ 649/2732] filed         toast        Burger Kook
[ 650/2732] no-platform   -            Paris Baguette
[ 651/2732] fetch-failed  -            Carlsbad Danish Bakery
[ 652/2732] needs-browser Square Online (own domain) Industrial Grind Coffee
[ 653/2732] wrong-branch  order.online The Poke Co. - Mission Valley
[ 654/2732] needs-browser chownow      Ironsmith Coffee Roasters
[ 655/2732] no-platform   -            Home Coffee
[ 656/2732] filed         slice        The Pizza & Tamales Factory
[ 657/2732] screened-out  shopi[ 658/2732] filed         wix          Arman Cafe
[ 659/2732] needs-browse[ 659/2732] needs-browser chownow      Pho Hiep & Grill
[ 660/2732] needs-browser order.on[ 661/2732] screened-out[ 661/2732] no-platform   -            Caff[ 662/2732[ 662/2732] screened-out  shopify      Seven Seas Roasting Company
[ 663/2732] no-platform [ 664/2732] no-platform [ 664/2732] no-platform   -[ 665/2732] needs-browse[ 665/2732] filed         shopify      Wynston's Ice Cream Co.
[ 666/2732] needs-browser order.online L&L Hawaiian Barbecue - San [ 667/2732] needs-browse[ 667/2732] needs-browser Square Online storefro[ 668/2732] needs-browser slice        West Coast Pizza Company
[ 669/2732] needs-br[ 669/2732] needs-browser slice        W[ 670/2732] needs-browse[ 670/2732] needs-browser Square Online sto[ 671/2732] no-platform   -            YuJing Chinese Restaurant
[ 672/2732] fetch-failed  -            Donut Factory
[ 673/2732] fetch-failed  -            Ketch Brewing Brew Pub
[ 674/2732] no-platform   -            Peppoli's Pizza & Philly Steaks
[ 675/2732] no-platform   -            Charli's Landing
[ 676/2732] fetch-failed[ 676/2732] no-platform   -            Chopsticks Chinese Cuisine
[ 677/2732] no-platform   - [ 678/2732] no-platform   -            Seasons Restaurant
[ 679/2732] no-platform   -            SOBREMESA
[ 680/2732] no-platform   -            YA HALLA MEDITERRANEAN GRILL
[ 681/2732] no-platform   -            Pick Up Stix Fresh Asian Flavors
[ 682/2732] no-platform   -            La Moreliana
[ 683/2732] filed         toast        Sushi Taisho
[ 684/2732] filed         clover       Café Tropics
[ 685/2732] gated         toast        Convoy Music Bar
[ 686/2732] no-platform   -            Larry's Santorini Greek Food
[ 687/2732] no-platform   -            Our Green Affair Cafe
[ 688/2732] filed         chownow      Handel’s Homemade Ice Cream National City
[ 689/2732] no-platform   -            Tea Pavilion
[ 690/2732] no-platform   -            Mutual Friend Ice Cream
[ 691/2732] no-platform   -            Cheers Deli & Liquor
[ 692/2732] no-platform   -            Katsuya Ko
[ 693/2732] needs-browse[ 693/2732] no-platform   [ 694/2732] needs-browse[ 694/2732] needs-browser - [ 695/2732] no-platform   -            Poki Poki - Escondido
[ 696/2732] fetch-failed  -            Trieu Chau Restaurant | Chinese • Cambodian
[ 697/2732] no-platform   -            The BLVD Bar
[ 698/2732] no-platform [ 698/2732] no-platform   -          [ 699/2732] filed       [ 699/2732] filed         shopify      Harland Bre[ 700/2732] no-platform [ 700/2732] no-platform   -            The Oaks Grille
[[ 701/2732] no-platform   -            The Oaks Grille
[ 702/2732] needs-browse[ 702/2732] needs-browser Square Onlin[ 703/2732] wrong-branch[ 703/2732] wrong-branch  popm[ 704/2732] no-platform [ 704/2732] no-platform   -           [ 705/2732] no-platform   -            Bronze Bird
[ 706/2732] needs-brow[ 706/2732] no-platform   -[ 707/2732] no-platform [ 707/2732] no-platform   -   [ 708/2732] fetch-failed  -            Oyster & Pearl Bar Restaurant
[ 709/2732] filed       [ 709/2732] filed         chownow      Handel's Homemade Ic[ 710/2732] needs-browse[ 710/2732] needs-browser s[ 711/2732] fetch-failed  -            Valentinas Taco Shop
[ 712/2732] no-platform   -            Blue Pepper Asian Cuisine
[ 713/2732] no-platform   -            Don Roman mexican & seafood #1
[ 714/2732] no-platform [ 714/2732] no-platform   -     [ 715/2732] fetch-failed[ 715/2732] fetch-failed  -   [ 716/2732] fetch-failed[ 716/2732] no-platform   -            Mario's Taco Shop
[ 717/2732] fetch-failed  -            That Boy Good
[ 718/2732] fetch-failed  -            Bar Kamon
[ 719/2732] fetch-failed  -        [ 720/2732] no-platform   -            Main Street Donuts & Deli
[ 721/2732] fetch-failed  -            The Reunion
[ 722/2732] needs-browser order.online Le Macaron French Pastries
[ 723/2732] needs-browse[ 723/2732] needs-browser -       [ 724/2732] no-platform   -            Taconora Pacific Beach
[ 725/2732] no-platform [ 725/2732] no-platform   -         [ 726/2732] fetch-failed[ 726/2732] fetch-failed  -            Cuppa Jui[ 727/2732] no-platform   -            Cali Cafe
[ 728/2732] fetch-failed  -            The Lean Bean
[ 729/2732] needs-browser order.online bb.q Chicken Vista
[ 730/2732] needs-browse[ 730/2732] no-platform   -            Premier Pub
[ 731/2732] no-platform   -            Comstock Bar &[ 732/2[ 732/2732] fetch-failed  -            Eat Your Heart [ 733/2[ 733/2732] needs-browser SpotOn       Kalei's Kitchenette
[ 734/2732] needs-browser toast        Lime in the Coconut
[ 735/2732] no-platform   -            Side Chick - Chicken & Fries
[ 736/2732] needs-browser MealKeyWay   Iron Wok
[ 737/2732] filed         wix          Kids & Coffee Indoor playground and cafe
[ 738/2732] needs-browser order.online Häagen-Dazs
[ 739/2732] no-platform   -            Julian Station
[ 740/2732] no-platform   -            An's Electronics Repair
[ 741/2732] needs-browser toast        Naseem's Bakery & Kabob
[ 742/2732] no-platfor[ 743/2732] screened-out[ 743/2732] screened-out  spothopper [ 744/2732] no-platform [ 744/2732] no-platform   -            Ichitaru Ramen Carlsbad
[ 745/2732] no-platform   -            EL ENCANTO SD
[ 746/2732] no-platform   -            Gra[ 747/2732] needs-browse[ 747/2732] needs-browser toast        Tahini Authentic Middle Eastern Stree[ 748/2732] filed       [ 748/2732] filed         shopify     [ 749/2732] filed       [ 749/2732] filed         toast    [ 750/2732] filed       [ 750/2732] filed         shopify      P[ 751/2732] no-platform [ 751/2732] no-platform   -            San Diego Blenders
[ 752/2732] no-platform   -         [ 753/2732] no-platform [ 753/2732] no-platform   -            Victor's Kafe - Poway
[ 754/2732] no-platform   -            Knocko[ 755/2732] wrong-branch[ 755/2732] wrong-branch  clov[ 756/2732] no-platform   -            Quality Taste Pot
[ 757/2732] no-platform [ 757/2732] no-platform   -            Masala house India[ 758/2732] needs-browse[ 758/2732] needs-browser sli[ 759/2732] needs-browser Square Online storefront Sue's Korean Kitchen
[ 760/2732] needs-browse[ 760/2732] filed         toast        Hanna's Creamery & Cafe
[ 761/2732] fetch-failed  -            Al Teatro Panini Grill
[ 762/2732] fetch-failed  -   [ 763/2732] no-platform [ 763/2732] no-platform   -     [ 764/2732] screened-out  shopify      BEAURISTA COFFEE
[ 765/2732] no-platform [ 765/2732] no-platform   -    [ 766/2732] no-platform [ 766/2732] no-platform  [ 767/2732] no-platform [ 767/2732] no-platform   -[ 768/2732] no-platform [ 768/2732] no-platform   -    [ 769/2732] no-platform [ 769/2732] no-platform   -       [ 770/2732] no-platform [ 770/2732] no-platform   -            De[ 771/2732] no-platform   -            Black Radish
[ 772/2732] needs-browse[ 772/2732] needs-browser -     [ 773/2732] no-platform [ 773/2732] no-platform   -   [ 774/2732] fetch-failed[ 774/2732] fetch-failed  -          [ 775/2732] fetch-failed[ 775/2732] fetch-fail[ 776/2732] no-platform [ 776/2732] no-platform   -[ 777/2732] no-platform   -            Jalisco Cantina
[ 778/2732] fetch-failed[ 778/2732] fetch-failed  -            Marvin's Pizza[ 779/2732] no-platform [ 779/2732] no-platform   -    [ 780/2732] no-platform [ 780/2732] no-platform   -   [ 781/2732] fetch-failed[ 781/2732] fetch-failed  -            Ros[ 782/2732] filed         chownow      Handel’s Homemade Ice Cream Hillcrest
[ 783/2732] fetch-failed[ 783/2732] needs-browser Square Onli[ 784/2732] needs-browser Square Online storefront Tacoman
[ 785/2732] screened-out[ 785/2732] screened-out  shopify    [ 786/2732] needs-browse[ 786/2732] needs-browser Square Online st[ 787/2732] no-platform [ 787/2732] no-platform   - [ 788/2732] too-few       netwaiter    Nolberto's Taco Shop
[ 789/2732] no-platform   -            43 Area Mess Hall
[ 790/2732] no-platform   -            Thai Thae Cuisine
[ 791/2732] needs-browse[ 791/2732] needs-browser olo          Panini Kabo[ 792/2732] fetch-failed[ 792/2732] fetch-failed  -    [ 793/2732] no-platform   -            NuYo Frozen Yogurt Eastlake
[ 794/2732] needs-browse[ 794/2732] needs-browser Square Online storefron[ 795/2732] needs-browser spothopper   Liberty Wing Co
[ 796/2732] no-platform [ 796/2732] no-platform   -         [ 797/2732] no-platform [ 797/2732] no-platform   -            Great Khan's M[ 798/2732] no-platform   -            SHELTER Encinitas
[ 799/2732] no-platform [ 799/2732] no-platform   -       [ 800/2732] fetch-failed[ 800/2732] fetch-failed  -            Nan[ 801/2732] no-platform [ 801/2732] no-platform   -     [ 802/2732] wrong-branch[ 802/2732] wrong-branch  toast        Harry’[ 803/2732] no-platform   -            Red Ribbon Bakeshop
[ 804/2732] fetch-failed  -            Thai Fresh
[ 805/2732] filed         spothopper   Luna's LUNpias Filipino Fusion Eatery
[ 806/2732] no-platform   -            Gotcha
[ 807/2732] needs-browse[ 807/2732] needs-browser orde[ 808/2732] no-platform   -            Crispy Cones - Carlsbad
[ 809/2732] no-platform   -            Hino
[ 810/2732] fetch-failed[ 810/2732] fetch-failed  - [ 811/2732] no-platform [ 811/2732] no-platform   -         [ 812/2732] no-platform   -            Kaffa Coffee
[ 813/2732] no-platform   -            The Luau
[ 814/2732] needs-browser Square Online storefront Fan-Fan
[ 815/2732] needs-browse[ 815/2732] needs-browser spothopper[ 816/2732] fetch-failed  -            P B Pub
[ 817/2732] needs-browser olo          Better Buzz Coffee Del Mar
[ 818/2732] no-platform   -            The Grill and Deli
[ 819/2732] fetch-failed  -            Prince Hookah Cafe
[ 820/2732] needs-browser Square Online storefront Prager Brothers Artisan Bread
[ 821/2732] no-platform [ 821/2732] no-platform   -       [ 822/2732] no-platform [ 822/2732] no-platform   -            Pase[ 823/2732] no-platform [ 823/2732] no-platform   -         [ 824/2732] no-platform [ 824/2732] no-platform   -        [ 825/2732] no-platform   -            Cafe Bella Midway
[ 826/2732] no-platform [ 826/2732] no-platform   -            Dol[ 827/2732] no-platform [ 827/2732] no-platform   -        [ 828/2732] no-platform   -            La Jollita
[ 829/2732] no-platform   -            The Veranda Restaurant
[ 830/2732] no-platform   -            JOEHNS Coffee
[ 831/2732] no-platform [ 831/2732] no-platform   -     [ 832/2732] no-platform   -            Thai Style
[ 833/2732] wrong-branch[ 833/2732] wrong-branch  toast        Chin's Szechwan - Point Loma
[ 834/2732] no-platform   -            The Halal Shack
[ 835/2732] no-platform   -            Stella Jean's Ice Cream Ca[ 836/2732] wrong-branch  toast        Stella Jean's Ice Cream Carlsbad
[ 837/2732] filed         clover       Cali Boys Deli
[ 838/2732] no-platform   -            Aztec Food Hub
[ 839/2732] no-platform [ 839/2732] no-platform   -   [ 840/2732] no-platform   -            ZZan Sushi & Soju
[ 841/2732] no-platform [ 841/2732] no-platform   -      [ 842/2732] no-platform [ 842/2732] no-platform   -          [ 843/2732] needs-browser order.online Mr. Charlie's
[ 844/2732] no-platform [ 844/2732] no-platform   -      [ 845/2732] no-platform [ 845/2732] no-platform   -           [ 846/2732] no-platform [ 846/2732] no-platform   -          [ 847/2732] no-platform [ 847/2732] no-platform   -            Crispy Chicken n' Tomato
[ 848/2732] needs-browser -            Sammy's Restaurant & Bar
[ 849/2732] fetch-failed  -            Pine Valley House Resort
[ 850/2732] needs-browser MealKeyWay   One More Bite Dumpling--San Marcos
[ 851/2732] no-platform   -            AM Goodness Cafe
[ 852/2732] no-platform   -            Smoke and Glory BBQ
[ 853/2732] no-platform   -            Christophe Rull Patisserie
[ 854/2732] no-platform   -            Lupillozz Pizza
[ 855/2732] needs-browser [ 856/2732] no-platform [ 856/2732] no-platform   -            Tacos [ 857/2732] no-platform [ 857/2732] no-platform   -         [ 858/2732] filed       [ 858/2732] filed         own-jsonld   Acqua e Farina
[ 859/2732] filed         toast        TERI Common Gro[ 860/2732] no-platform [ 860/2732] no-platform [ 861/2732] no-platform [ 861/2732] needs-browser toast     [ 862/2732] no-platform [ 862/2732] no-platform [ 863/2732] screened-out  clover       OB Quik Stop Liquor & OB Deli
[ 864/2732] no-platform [ 864/2732] no-platform   -            F[ 865/2732] needs-browse[ 865/2732] no-platform   -            Taco Time Food Truck
[ 866/2732] needs-browser Square Online storefront Prager Brothers Artisan Breads
[ 867/2732] no-platform   -            Kona Coffee
[ 868/2732] needs-browser SpotOn       D Wings & Ribs
[ 869/2732] needs-browser Square Online (own domain) Beach City Smoothies - Oceanside
[ 870/2732] filed         order.online La Cocina del Abuelo - Food Truck
[ 871/2732] no-platform   -            The Elegant Truffle
[ 872/2732] no-platform   -            Shancheng Lameizi Hot Pot
[ 873/2732] wrong-branch  order.online Party Burgers by Bo[ 874/2732] no-platform [ 874/2732] no-platform   -            ThirsTea - Boba, Rolled Ice Cream
[ 875/2732] needs-browser - [ 876/2732] no-platform [ 876/2732] no-platform [ 877/2732] fetch-failed[ 877/2732] fetch-failed  -   [ 878/2732] fetch-failed  -            Pier Pizza
[ 879/2732] filed       [ 879/2732] filed         spothopper   Tina’s Too
[ 880/2732] needs-browser -         [ 881/2732] filed       [ 881/2732] wrong-branch  toast        [ 882/2732] needs-browser Square Online (own domain) Interim Coffee
[ 883/2732] no-platform [ 883/2732] no-platform   -        [ 884/2732] no-platform [ 884/2732] no-platform   -            [ 885/2732] no-platform [ 885/2732] no-platform   [ 886/2732] no-platform [ 886/2732] no-platform   -    [ 887/2732] wrong-branch[ 887/2732] wrong-branch  toast        The Crac[ 888/2732] wrong-branch[ 888/2732] needs-browser toast      [ 889/2732] needs-browse[ 889/2732] needs-browser slice    [ 890/2732] no-platform [ 890/2732] no-platform   -    [ 891/2732] filed       [ 891/2732] filed         spo[ 892/2732] no-platform [ 892/2732] no-platform   -            sweetgreen - Healthy S[ 893/2732] wrong-branch[ 893/2732] no-platform   -            Th[ 894/2732] [ 894/2732] wrong-branch  toast        Ch[ 895/2732] no-platform   -            Ichifuji Sushi
[ 896/2732] no-platform [ 896/2732] no-platform   -            Chef Tang Chin[ 897/2732] no-platform [ 897/2732] no-platform   -          [ 898/2732] no-platform   -            MOTW Coffee and Pastries
[ 899/2732] no-platform [ 899/2732] no-platform   -            Michi [ 900/2732] needs-browse[ 900/2732] needs-browser -        [ 901/2732] fetch-failed[ 901/2732] fetch-failed  -            Gordy's[ 902/2732] needs-browse[ 902/2732] fetch-failed  -            Gordy's Bakery and Coffeehouse
[ 903/2732] filed         toast        ARTIFACT at Mingei
[ 904/2732] needs-browser MealKeyWay   JCK Asia Kitchen & Bar
[ 905/2732] needs-browser Square Online storefront Cargo Cafe
[ 906/2732] no-platform   -            Tsunami Modern Cuisine
[ 907/2732] no-platform   -            Concepto Pizza Co.
[ 908/2732] fetch-failed  -            Rose D Amour Cafe
[ 909/2732] no-platform   -            Jibaritos de la Isla
[ 910/2732] no-platform   -            Streets Pho & Grill
[ 911/2732] needs-browser order.online Poki Poki - Encinitas
[ 912/2732] fetch-failed  -            Taqueria Morelos
[ 913/2732] no-platform   -            Same Same
[ 914/2732] needs-bro[ 915/2732] screened-out[ 915/2732] needs-browser[ 916/2732] no-platform [ 916/2732] no-platform   -    [ 917/2732] no-platform   -            The ViNam Cafe
[ 918/2732] no-platform   -            Oaks Bar & Grill
[ 919/2732] wrong-branch  toast        Corner Pizza Oceanside
[ 920/2732] needs-browse[ 920/2732] needs-browser MealKe[ 921/2732] no-platform   -            Parkys
[ 922/2732] fetch-failed  -            Jets Espresso
[ 923/2732] needs-browser HungerRush   Trining's Bakery & Cafe
[ 924/2732] no-platform   -            Dalu Hawaiian BBQ
[ 925/2732] no-platform   -            Docent Brewing
[ 926/2732] filed         shopify      Paleo Treats
[ 927/2732] no-platform   -            Shanghai Cuisine
[ 928/2732] no-platform   -            The Cupcake Store
[ 929/2732] fetch-failed  -            Topside Terrace Kitchen & Bar
[ 930/2732] no-platform [ 930/2732] needs-browser Square Online (own domain) Elixir Espresso Bar
[ 931/2732] needs-browser Square Online storefront Sul & Beans
[ 932/2732] needs-browser Meal[ 933/2732] needs-browser MealKe[ 933/2732] filed         spothopper   Nandri Indian Cafe
[ 934/2732] needs-browser toas[ 935/2732] no-platform [ 935/2732] no-platform   -            Seven S[ 936/2732] no-platform [ 936/2732] no-platform   -  [ 937/2732] needs-browse[ 937/2732] screened-out  order.online La Fresita Y Mas
[ 938/2732] no-platform   -            Little Joy Coffee Bar
[ 939/2732] fetch-failed  -            Pho Olala
[ 940/2732] needs-browser toast        Tita's Taco Shop
[ 941/2732] no-platform   -            Chins Gourmet
[ 942/2732] no-platform   -            CoLab Public House
[ 943/2732] no-platform   -            Mr. Pul[ 944/2732] [ 944/2732] needs-browser Square Online storefront ZzanG Hotdog & Chicken
[ 945/2732] no-platform   -            Hancock Street Cafe
[ 946/2732] no-platform   -            Good Source Coffee
[ 947/2732] no-platform   -            The Lean Machine Meal Prep
[ 948/2732] fetch-failed  -            Reds Whites and Brews
[ 949/2732] needs-browser plain-html   TOAST Cafe
[ 950/2732] screened-out  clover       Hooked On Pokè
[ 951/2732] screened-out  clover       Fresh Café
[ 952/2732] no-platform[ 953/2732] no-platfor[ 953/2732] no-platform   -            The Peruvian Spot
[ 954/2732] no-platform   -            Fuz[ 955/2732] gated     [ 955/2732] needs-browser olo          Sweetfin
[ 956/2732] no-platform   -            The Modern Churro mexican food
[ 957/2732] filed         shopify      Adam Ice Cream
[ 958/2732] needs-browser MealKeyWay   Ten Gu Ramen
[ 959/2732] wrong-branch  order.online Saffron and Rose Persian Ice Cream Del Mar
[ 960/2732] needs-browser toast        Colosseo Cucina Italiana
[ 961/2732] fetch-failed  -            Hi!Dumplings
[ 962/2732] no-platform   -            Paraná Empanadas
[ 963/2732] no-platfor[ 964/2732] no-platform [ 964/2732] no-platform   -            Teaspoon
[ 965/2732] needs-browse[ 966/2732] needs-browse[ 966/2732] needs-browser order.on[ 967/2732] fetch-failed[ 967/2732] fetch-failed  -            Roots Bowls
[ 968/2732] no-platform   -     [ 969/2732] no-platform [ 969/2732] no-platform   -            Pick Up S[ 970/2732] needs-browse[ 970/2732] needs-browser [ 971/2732] no-platform [ 971/2732] no-platform   -         [ 972/2732] no-platform [ 972/2732] no-platform   -   [ 973/2732] filed       [ 973/2732] fetch-failed  -            Deano's Pub
[ 974/2732] no-platform   -            Chen Golden Palace
[ 975/2732] no-platform   -            Borrego Rooftop
[ 976/2732] needs-browser toast        Four Tunas Fish & Bar Oceanside
[ 977/2732] no-platform   -            El Culichi - Birriería y Cenaduría
[ 978/2732] no-platform   -            Paris En Rose Bakery & Cafe
[ 979/2732] no-platform   -            China Bros
[ 980/2732] needs-browser toast        Curry Pizza Pointe
[ 981/2732] needs-browser Square Online (own domain) JAVA GARDEN
[ 982/2732] fetch-failed  -            Better Buzz Coffee Vista Commons
[ 983/2732] needs-browser SpotO[ 984/2732] fetch-failed[ 984/2732] fetch-failed  -            Le Re[ 985/2732] wrong-branch[ 985/2732] needs-browser toast        St[ 986/2732] no-platform   -            Pina Smoothies Twin Peaks
[ 987/2732] wrong-branch  toast     [ 987/2732] no-platform   -            Hawaiian Fresh Seafood Liberty Station
[ 988/2732] needs-browser Paytronix    Pure Green Carlsbad - smoothies + acai + cold-pressed juice
[ 989/2732] wrong-branch  order.online Sp[ 990/2732] no-platform [ 990/2732] wrong-branch  clover       pokedon
[ 991/2732] no-platform   -            Rosa's [ 992/2732] no-platform [ 992/2732] no-platform   [ 993/2732] needs-browser MealKeyWay   Szechuan Chef Chinese Cuisine
[ 994/2732] no-platform   -            Bay Club Bar & Grill
[ 995/2732] no-platform [ 995/2732] no-platform   - [ 996/2732] no-platform   -            Vanessa's Cocina Mexicana
[ 997/2732] no-platform   -            Osaka House Ramen & Sushi - Temecula
[ 998/2732] needs-browse[ 998/2732] fetch-failed  -            [ 999/2732] fetch-failed  -          [ 999/2732] needs-browser HungerRush   [1000/2732] no-platform [1000/2732] no-platform   -           [1001/2732] screened-out  shopify      Mcilhenney Brewing Co.
[1002/2732] no-platform [1002/2732] no-platform   -            Bu[1003/2732] needs-browser order.online DaYung's Tea
[1004/2732] filed         own-jsonld   Donut Star
[1005/2732] no-platform [1005/2732] no-platform   [1006/2732] no-platform [1006/2732] no-platfor[1007/2732] no-platform [1007/2732] no-platform   -      [1008/2732] fetch-failed[1008/2732] needs-browser toast        Between Us
[1009/2732] fetch-failed  -            Rosaria's Pizza 4
[1010/2732] no-platform   [1011/2732] no-platform [1011/2732] fetch-failed  -         [1012/2732] fetch[1012/2732] needs-browser toast        Hilltop Deli (Amy's)
[1013/2732] screened-out  shopify      Casa De Otay
[1014/2732] needs-browser -            Elote Restaurant
[1015/2732] no-platform   -            Mike He[1016/2732] no-platform [1016/2732] no-platform   -            Vitality Bowls
[1017/2732] needs-browser plain-html   Chef’s Wok & Dumplings
[1018/2732] needs-browser -            Stella Jean's Ice Cream Kensington
[1019/2732] fetch-failed  -            El Bronco Mexican Food
[1020/2732] [1021/2732] no-platform   -            When Pig[1021/2732[1022/2732] fetch-failed  -            El Andale | Sports Bar & Restaurant
[1023/2732] no-platform   -            Mess Hall
[1024/2732] needs-browser toast        Wine Girl San Diego
[1025/2732] fetch-failed  -            Long Story Irish Pub
[1026/2732] no-platform   -            Cherry Blossom Burmese Caf[1026/2732[1027/2732] fetch-failed  -            Tacos Mi Estil[1027/2732] needs-browser toast        Wine Girl San Diego
[1028/2732] no-platform   -            Coyote Steakhouse
[1029/2732] no-platform   -            Boba Love
[1030/2732] no-platform   -            It's A Piece A Cake
[1031/2732] filed         chownow      San Diego Vegan Market
[1032/2732] needs-browser toast        Mess Hall
[1033/2732] no-platform   -            24 Suns
[1034/2732] no-platform   -            Musashiya
[1035/2732] no-platform   -            City Dragon
[1036/2732] no-platform   -            San Diego Eagle
[1037/2732] no-platform   -   [1038/2732] no-platform [1038/2732] no-platform   -            Sundaes at The Del
[1039/2732] no-platform   -         [1040/2732] no-platform [1040/2732] no-platform   -           [1041/2732] needs-browser toast        Upper East
[1042/2732] no-platform   -            Sidny's Bagels & Deli
[1043/2732] too-few       netwaiter    Goyo's Bakery
[1044/2732] fetch-failed  -            Canyon Vista Restaurant
[1045/2732] needs-browser toast        Perfect Pizza
[1046/2732] needs-browser -            Joe Beez Famous Sandwiches
[1047/2732] no-platform   -            CAFE 160
[1048/2732] fetch-failed  -            Kini Koffee
[1049/2732] no-platform   -            Kaki Sushi
[1050/2732] no-platform   -            Okavango Outpost
[1051/2732] no-platform   -            Next Door Craft Beer & Wine Bar
[1052/2732] no-platform   -            Deb's Cookie Jar
[1053/2732] no-platform   -            Yakumi Sushi SD
[1054/2732] fetch-failed  -            Bighorn Fudge LLC
[1055/2732] needs-browser chownow      The Boochyard
[1056/2732] no-platform   -            Tender Hooligan
[1057/2732] no-platform   -            Breakers
[1058/2732] needs-browser -            Cala La Jolla Café
[1059/2732] fetch-failed[1059/2732] fetch-failed[1060/2732] filed         own-jsonld   Harbor & Sky Rooftop Bar and Lounge
[1061/2732] needs-browser chownow      Burger Bench Vista
[1062/2732] needs-browser toast        Big City Bagels-(BCB Cafe)-North Park
[1063/2732] no-platform [1063/2732] no-platform   -           [1064/2732] no-platform   -            Bale French Sandwiches
[1065/2732] no-platform   -            Little Mexico
[1066/2732] no-platform   -            Grandson Steaks
[1067/2732] filed         toast        DASHI
[1068/2732] no-platform   -            Karina's Ceviche Bar 'N Tacos
[1069/2732] no-platform   -            Kin Saep
[1070/2732] fetch-failed  -            Intazza Coffee Mug & Grub
[1071/2732] fetch-failed  -            Mikara Cafe
[1072/2732] no-platform   -            Karihan Filipino Food
[1073/2732] no-platform   -            Somisomi
[1074/2732] fetch-failed[1074/2732] fetch-failed  -     [1075/2732] fetch-failed  -            Good Belly Deli (Previously Yogurt Giant)
[1076/2732] needs-browse[1076/2732] needs-browser ord[1077/2732] no-platform   -            African Spices
[1078/2732] no-platform   -            Conchita’s Bakery Restaurant Market
[1079/2732] needs-browser order.online Elsa's Kitchen
[1080/2732] needs-browser clover       Ryan Bros Coffee City Heights
[1081/2732] fetch-failed  -            Spoon House
[1082/2732] no-platform   -            Captain's Grounds Coffee
[1083/2732] no-platform   -            Sorrento Deli Mart
[1084/2732] filed         toast        Glutenus Maximus Bakehouse
[1085/2732] fetch-failed  -            Mosa Tea
[1086/2732] no-platform   -            Hoffer's Cigar Bar
[1087/2732] no-platform   -            The Mission Bay Beach Club
[1088/2732] needs-browser Square Online storefront House of Pho
[1089/2732] no-platform   -            Dorothy's Wine Bar
[1090/2732] no-platform [1090/2732] no-platform   -       [1091/2732] no-platform   -            Gelato 101 Solana Beach
[1092/2732] no-platform   -            Mrs Rice's Oriental Restaurant
[1093/2732] no-platform   -            Juice Alchemy
[1094/2732] needs-browser Square Online storefront Copa Vida
[1095/2732] needs-browser Square Online storefront Mad Munch Grilled Cheezer Co.
[1096/2732] screened-out  slice        Mike's Giant New York Pizza
[1097/2732] [1097/2732] screened-out  slice        Mike[1098/2732] screened-out  shopify      Achilles Coffee Roasters
[1099/2732] no-platform   -            SusieCakes - Del Mar
[1100/2732] no-platform   -            Dora
[1101/2732] needs-browser plain-html   JNC Pinoy Foodmart
[1102/2732] screened-out[1102/2732] screened-out  o[1103/2732] no-platform   -            Novecientos Grados by Tony Hawk
[1104/2732] no-platform   -            Pure Meal Prep SD
[1105/2732] no-platform [1105/2732] no-platform   -       [1106/2732] no-platform   -            Teriyaki Madness
[1107/2732] no-platform   -            Bacio di Latte | La Jolla, SD
[1108/2732] no-platform   -            Nobu
[1109/2732] needs-browser -            Thai Ladle
[1110/2732] screened-out  order.online Frida's Taqueria
[1111/2732] needs-browser Square Online storefront Goli
[1112/2732] no-platform   -            Bopomofo Cafe
[1113/2732] no-platform   -            Cool Down Coffee
[1114/2732] fetch-failed[1114/2732] fetch-failed  -            Fish With You ｜Spicy & Sour Fish Soup �[1115/2732] needs-browse[1115/2732] needs-browser cho[1116/2732] no-platform   -            Pizza Guys
[1117/2732] no-platform   -            Rachel's Cafe and Eatery
[1118/2732] fetch-failed  -            SD Cookie Guru
[1119/2732] needs-browser chownow      Leos Kitchen
[1120/2732] filed         order.online OX Coffee
[1121/2732] fetch-failed  -            Kiko's Place restaurant
[1122/2732] no-platform   -            The Gärten
[1123/2732] fetch-failed  -            Two Hands Corn Dog San Marcos
[1124/2732] no-platform [1124/2732] no-platform   -            Ocean [1125/2732] no-platform [1125/2732] no-platform   -         [1126/2732] no-platform   -            Smittys Downtown
[1127/2732] filed         own-jsonld   Chiim Thai
[1128/2732] no-platform   -            ROBATA-X Sushi & Izakaya
[1129/2732] no-platform   -            The Elwood
[1130/2732] needs-browse[1130/2732] needs-browser toast   [1131/2732] no-platform   -            Arcana Brewing Company
[1132/2732] fetch-failed  -            Ju-ichi
[1133/2732] wrong-branch[1133/2732] wrong-branch  clover     [1134/2732] no-platform [1134/2732] no-platform   -      [1135/2732] no-platform   -            Sultan Baklava Mediterranean Grill
[1136/2732] filed         order.online Gorilla Eats Sushi
[1137/2732] fetch-failed  -            Godfather's Diner
[1138/2732] no-platform [1138/2732] no-platform   -        [1139/2732] no-platfo[1139/2732] no-platform   -        [1140/2732] needs-browse[1140/2732] needs-browser [1141/2732] needs-browse[1141/2732] needs-browser -     [1142/2732] fetch-failed[1142/2732] fetch-failed  -         [1143/2732] no-platform [1143/2732] no-platform   -            Jua[1144/2732] no-platform [1144/2732] no-platform   - [1145/2732] needs-browse[1145/2732] needs-browser spothop[1146/2732] needs-browse[1146/2732] needs-browser [1147/2732] no-platform [1147/2732] no-platform   -[1148/2732] needs-browse[1148/2732] wrong-branch  toast        North Park Beer Company Pizza Shop
[1149/2732] fetch-failed  -            [1150/2732] no-platform [1150/2732] no-platform   -            Pizzabilities - Alpine
[1151/2732] fetch-failed  -            The South Park Abbey
[1152/2732] no-platform   -         [1153/2732] no-platform [1153/2732] no-platform   -            All Stars Sports Bar & Grill
[1154/2732] no-platform   -        [1155/2732] no-platform [1155/2732] no-platform   -   [1156/2732] no-platform [1156/2732] no-platform   -   [1157/2732] needs-browser Square Online storefront Tasty Pizza Escondido LLC
[1158/2732] needs-browse[1158/2732] needs-brow[1159/2732] fetch-failed[1159/2732] fetch-failed  -   [1160/2732] no-platform [1160/2732] no-platform   -            C[1161/2732] too-few     [1161/2732] too-few       ne[1162/2732] wrong-branch[1162/2732] wrong-branch  clov[1163/2732] fetch-failed[1163/2732] fetch-failed  -            Brew Wave Coffee
[1164/2732] no-platform   -            CABETOS Pops
[1165/2732] fetch-failed  -     [1166/2732] no-platform   -            Pho Real
[1167/2732] fetch-failed[1167/2732] fetch-failed  [1168/2732] no-platform [1168/2732] no-platform   -            El taller de l[1169/2732] no-platform [1169/2732] no-platform   -            Mari[1170/2732] fetch-failed  -            Deano's Pub East
[1171/2732] no-platform [1171/2732] no-platform   -            Ang[1172/2732] no-platform [1172/2732] no-platform   -         [1173/2732] no-platform   -            Agave Bar and Grill
[1174/2732] needs-browser SpotOn       La Banana Fruits - Fruteria
[1175/2732] needs-browse[1175/2732] needs-browser Square Online storefro[1176/2732] no-platform [1176/2732] no-platform   -            N�[1177/2732] fetch-failed[1177/2732] fetch-failed  -            El Mundo D[1178/2732] no-platform   -            Kind Coffee
[1179/2732] screened-out[1179/2732] screened-out  shopify      Fuzz Coffee and Records
[1180/2732] no-platform   -            Picasso's Naturals
[1181/2732] fetch-failed  -       [1182/2732] fetc[1182/2732] no-platform   -       [1183/2732] needs-browse[1183/2732] too-few       netwaiter    Star Express
[1184/2732] no-platform   -            Filipino Grill
[1185/2732] needs-browser toast        Angry Petes Pizza Point Loma
[1186/2732] no-platform   -            Nova Easy Kombucha
[1187/2732] no-platform   -            Hill Top Winery
[1188/2732] needs-browser Square Online (own domain) Slurp
[1189/2732] no-platform   -            Easy Does It
[1190/2732] no-platform   -            Understory Bar
[1191/2732] no-platform   -            Taqueria Campos
[1192/2732] no-platform   -            Zanzibar Cafe At the Loft
[1193/2732] needs-browser Square Online (own domain) Rad Habits Juice
[1194/2732] no-platform   -            Adonai Desserts and More
[1195/2732] no-platform   -            King Bistro (Chinese Kitchen)
[1196/2732] needs-browser Square Online storefront Mama Made Thai
[1197/2732] wrong-branch  popmenu      The Great Greek Mediterranean Grill - Santee, CA
[1198/2732] needs-browser -            Torreyana
[1199/2732] no-platform   -            La Corriente Coronado
[1200/2732] no-platform   -  [1201/2732] no-platform [1201/2732] no-platform   -            Ernie's Craft Deli and Wine Bar
[1202/2732] screened-out  men[1203/2732] screened-out  spothopper   The Cottage Del Mar
[1204/2732] no-platform [1204/2732] no-platform   -  [1205/2732] no-platform   -            Greek Gyros II
[1206/2732] fetch-failed[1206/2732] fetch-failed  -            Qua[1207/2732] fetch-failed  -            Bonchon Chicken
[1208/2732] wrong-branch  popmenu      Alohana Acai Bowls and Smoothies - Vista
[1209/2732] no-platform [1209/2732] no-platform   -            D[1210/2732] [1210/2732] no-platform   -            U[1211/2732] needs-browse[1211/2732] needs-browser clo[1212/2732] no-platform [1212/2732] no-platform   -            BNS [1213/2732] no-platform   -            Vista Bean Coffee
[1214/2732] needs-browse[1214/2732] needs-browser Square Online storefront [1215/2732] no-platform [1215/2732] no-platform   -[1216/2732] fetch-failed[1216/2732] fetch-failed  -   [1217/2732] no-platform [1217/2732] no-platform   -            Ellie's Wood Fired Pizza
[1218/2732] no-platform  [1219/2732] fetch-failed[1219/2732] no-platform   - [1220/2732] no-platfo[1220/2732] needs-browser or[1221/2732] needs-browser[1221/2732] no-platform   -            The Story Caffè
[1222/2732] no-platform   -            Main Street Pour House - Vista
[1223/2732] no-platform   -            Alpine Chill
[1224/2732] no-platform   -            The Crimson Cake
[1225/2732] needs-browser Square Online (own domain) Mirin Kitchen
[1226/2732] fetch-failed  - [1227/2732] fetch-failed[1227/2732] fetch-failed[1228/2732] needs-browse[1228/2732] needs-browser cho[1229/2732] no-platform [1229/2732] no-platform   -            Susi[1230/2732] no-platform [1230/2732] no-platfor[1231/2732] needs-browser slice        Fiori’s Pizza
[1232/2732] filed       [1232/2732] filed         own-jsonld[1233/2732] no-platform [1233/2732] no-platform   -       [1234/2732] no-platform [1234/2732] no-platform   -            Finjan Coff[1235/2732] fetch-failed[1235/2732] fetch-failed  -     [1236/2732] needs-browse[1236/2732] needs-browser Square Online (o[1237/2732] no-platform [1237/2732] no-platform   -    [1238/2732] needs-browser GloriaFood widget Fuego Mediterranean Grill
[1239/2732] no-platform   -            Thovo Mariscos & Birria
[1240/2732] no-platform [1240/2732] no-platform   [1241/2732] no-platform   -            Fleurette
[1242/2732] filed       [1242/2732] filed         shopify  [1243/2732] needs-browse[1243/2732] needs-browser SpotOn       Mari[1244/2732] no-platform [1244/2732] no-platform   -[1245/2732] needs-browser order.online Bag of Beans Cafe & Restaurant
[1246/2732] no-platform [1246/2732] needs-browser ch[1247/2732] no-platform   -            The Candy Pushers
[1248/2732] needs-browser chownow      Juice Caboose
[1249/2732] fetch-failed[1249/2732] fetch-failed  -            Tierr[1250/2732] no-platform [1250/2732] no-platform   -    [1251/2732] no-platform [1251/2732] needs-browser toast        The Privateer[1252/2732] screened-out  shopify      Vigilante Coffee Vista
[1253/2732] needs-browser [1253/2732] needs-brow[1254/2732] no-platform   -            The Lobby Tiki Bar
[1255/2732] no-platform   -            Tolin's Tacos
[1256/2732] wrong-branch  toast        Rosemarie's Buns & Brews
[1257/2732] no-platform   -            Hometown Taste
[1258/2732] no-platform   -            Burrito King
[1259/2732] no-platform   -            Golden Donuts
[1260/2732] filed         spothopper   HIBACHI KINGS
[1261/2732] no-platform   -            Granny's Apple Fries
[1262/2732] no-platform   -            Growlers Sports Bar & Taproom
[1263/2732] no-platform [1263/2732] no-platform   - [1264/2732] needs-browse[1264/2732] needs-browser -  [1265/2732] no-platform   -            Elmisa Cafe Escondido
[1266/2732] fetch-failed  -            Litas Fish Market - Oceanside
[1267/2732] screened-out  shopify      Seven Seas Roasting
[1268/2732] no-platform [1268/2732] no-platform   [1269/2732] needs-browse[1269/2732] needs-browser chownow      P[1270/2732] fetch-failed  -            The Cafe at Casino Pauma
[1271/2732] wrong-branch  toast        Burekas Box
[1272/2732] no-platform   -            Heat Bistro
[1273/2732] fetch-failed  -            O'Side Strand Café
[1274/2732] fetch-failed  -            El Mercadito
[1275/2732] needs-browser Square Online storefront Dog Leg Brewing
[1276/2732] no-platform   -            Unique Sandwiches
[1277/2732] no-platform   -            Bowl To Go
[1278/2732] no-platform   -            Marathon Coffee
[1279/2732] no-platform [1279/2732] no-platform   -            G[1280/2732] no-platform   -            Tacos el Vaquero
[1281/2732] filed         shopify      The Kitchen at Bernardo Winery
[1282/2732] fetch-failed  -            Vica’s Cafe
[1283/2732] no-platform   -            Marta
[1284/2732] no-platform   -            Snow Pops San Diego - Snow Pops SD
[1285/2732] no-platform   -            Star Dust Donut Shop
[1286/2732] no-platform [1286/2732] no-platform   -      [1287/2732] fetch-failed  -            Gem Coffee
[1288/2732] fetch-failed  -            Juice Adventure
[1289/2732] no-platform   -            A Louest
[1290/2732] no-platform   -            Frank's Bakery - Gibaldi's Italian Bread
[1291/2732] no-platform   -            Volcan Mountain Winery
[1292/2732] no-platform   -            Gihon Ethiopian Kitchen
[1293/2732] no-[1293/2732] no-platform   -            [1294/2732] no-platform [1294/2732] no-platform  [1295/2732] no-platform [1295/2732] no-platform   -            Mi A[1296/2732] no-platform   -            Las Michoacanas
[1297/2732] no-platform [1297/2732] no-platform   -            Carru[1298/2732] no-platform   -            Jolie
[1299/2732] no-platform [1299/2732] no-platform   -         [1300/2732] needs-browse[1300/2732] needs-browser or[1301/2732] no-platform [1301/2732] no-platform   -  [1302/2732] no-platform [1302/2732] no-platform   -            Latitu[1303/2732] needs-browser -            Tutti Frutti Frozen Yogurt
[1304/2732] filed         shopify      Burgeon at The Oasis - Escondido
[1305/2732] fetch-failed  -            El Taco Rico
[1306/2732] fetch-failed  -            Orient Valley Filipino Cuisine
[1307/2732] no-platform   -            Frida’s Taqueria San Marcos
[1308/2732] wrong-branch  order.online The Pad Thai Stand
[1309/2732] fetch-failed  -            Cheers
[1310/2732] no-platform [1310/2732] no-platform   -           [1311/2732] no-platform   -            Saki Saki Sushi Bar & Grill
[1312/2732] no-platform   -            Crispy's Donuts
[1313/2732] no-platform   -            Kinme Omakase
[1314/2732] no-platform [1314/2732] no-platform   -            Erika's[1315/2732] needs-browse[1315/2732] needs-browser Square Online (own domain) Th[1316/2732] no-platform   -            Sarku Japan
[1317/2732] needs-browser toast        Leu Leu
[1318/2732] needs-browser -            Golden Spoon Carlsbad Plaza
[1319/2732] fetch-failed  -            Bang Bang
[1320/2732] no-platform   -            Nordstrom Ebar Artisan Coffee
[1321/2732] needs-browser Square Online storefront Mein St. Asian Kitchen
[1322/2732] needs-browser slice        Papa's Pizza
[1323/2732] fetch-failed  -            Jungle Tea
[1324/2732] needs-browser Square Online (own domain) Castelli & Pizarro Family Vineyards & Winery
[1325/2732] fetch-failed  -            Pho Luu Escondido - Vietnamese Cuisine
[1326/2732] fetch-failed  -            R3fresh Juice Bar
[1327/2732] no-platform   -            Ocean View Bar & Grill
[1328/2732] no-platform   -            Social hookah lounge
[1329/2732] fetch-failed[1329/2732] fetch-failed  -            Ten Sec[1330/2732] wrong-branch[1330/2732] no-platform   -     [1331/2732] no-platform   -     [1331/2732] wrong-branch  clover       Burros and Fries
[1332/2732] needs-browser Square Online (own domain) Pho Ever Carlsbad
[1333/2732] no-platform  [1334/2732] no-platform [1334/2732] no-platform   -            M[1335/2732] no-platform   -            Belinda's Familia Mexican Food Truck
[1336/2732] needs-browse[1336/2732] fetch-failed [1337/2732] fetch-failed  -  [1337/2732] no-platform  [1338/2732] needs-browse[1338/2732] needs-browser -            BOP[1339/2732] no-platform [1339/2732] no-platform   -   [1340/2732] no-platform [1340/2732] no-platform   -           [1341/2732] no-platform [1341/2732] no-platform   -           [1342/2732] no-platform [1342/2732] no-platform   -            R[1343/2732] fetch-failed[1343/2732] fetch-failed  -[1344/2732] fetch-failed  -            Café Ventanas
[1345/2732] needs-browser toast        Bubba's Kitchen, Tap & Sports Bar
[1346/2732] no-platform   -            The Shore Room
[1347/2732] no-platform   -            Nékter Juice Bar
[1348/2732] no-platform   -            Crab City (La Jolla Cove)
[1349/2732] no-platform   -            Hongyuan Kebab
[1350/2732] no-platform [1350/2732] no-platform   -     [1351/2732] no-platform [1351/2732] no-platform   -            B[1352/2732] no-platform [1352/2732] fetch-failed  -          [1353/2732] fetch-failed  -            Capri Cafe
[1354/2732] needs-browser Square Online storefront Empanada Kitchen
[1355/2732] no-platform   -            Park Commons
[1356/2732] fetch-failed[1356/2732] no-platform   -            Barona Oak[1357/2732] n[1357/2732] fetch-failed  -            South O Br[1358/2732] no-platform [1358/2732] no-platform  [1359/2732] needs-browser chownow      moonbowls (Healthy Korean Bowls- Boston Ave)
[1360/2732] needs-browse[1360/2732] screened-out  shopify   [1361/2732] screened[1361/2732] needs-browser slice     [1362/2732] no-platform   -            Pha Khao Lao Cuisine
[1363/2732] no-platform [1363/2732] no-platform   -[1364/2732] needs-browse[1364/2732] needs-browser -    [1365/2732] no-platform   -            Pure Fruit Bar & Deli LLC
[1366/2732] no-platform   -            Emiliana's Mexican & Deli Food
[1367/2732] fetch-failed  -            Colima's Mexican Foods
[1368/2732] wrong-branch[1368/2732] wrong-branch  order.online La micho[1369/2732] filed         shopify      La michoacana Plus -Escondido,CA-
[1370/2732] no-platform [1370/2732] no-platform   -[1371/2732] no-platform [1371/2732] no-platf[1372/2732] fetch-failed[1372/2732] fetch-failed  -            S[1373/2732] no-platform   -            Señor Taquero Taco Shop
[1374/2732] no-platform   -            Crown Landing
[1375/2732] no-platform [1375/2732] no-platform   -      [1376/2732] needs-browser spothopper   Brites Soft Serve
[1377/2732] too-few     [1377/2732] too-few       netwaiter    K & K Or[1378/2732] no-platform [1378/2732] no-platform   -            A[1379/2732] wrong-branch  popmenu      Grab & Go - Mission Hills
[1380/2732] needs-browser order.online The Coffee Cart Café & Espresso Catering
[1381/2732] needs-browser -            Val's Vegan Kitchen
[1382/2732] too-few     [1382/2732] too-few       netwa[1383/2732] needs-browser toast        Lilo
[1384/2732] no-platform [1384/2732] no-platform   - [1385/2732] no-platform   -            PB Oriental
[1386/2732] no-platform [1386/2732] no-platform   -       [1387/2732] needs-browser toast        Square Pizza Co — East Village
[1388/2732] no-platform   -            Harissa Mediterranean Kitchen
[1389/2732] needs-browse[1389/2732] needs-browser GloriaFood w[1390/2732] no-platform [1390/2732] no-platform[1391/2732] no-platform [1391/2732] no-platform   -            Sunn[1392/2732] fetch-failed[1392/2732] fetch-failed [1393/2732] needs-browse[1393/2732] no-platform   -            Uncle Fe[1394/2732] no-platform   -            Mantra Raja
[1395/2732] no-platform   -            Uncle Feras Middle Eastern Restaurant
[1396/2732] no-platform   -            Carne & Hueso
[1397/2732] no-platform   -            Insomnia Cookies
[1398/2732] no-platform   -            PKI Sushi
[1399/2732] no-platform   -            Sai Japanese Bistro
[1400/2732] needs-browser Square Online storefront Pho Ha Noi Asian Cuisine
[1401/2732] no-platform   -            Landshark Bar & Grill
[1402/2732] no-platform [1402/2732] no-platform   -   [1403/2732] fetch-failed[1403/2732] fetch-failed  -       [1404/2732] needs-browser slice        Del Cerro Pizza
[1405/2732] needs-browse[1405/2732] needs-browser -        [1406/2732] no-platform   -            Spicy Lao Kitchen
[1407/2732] needs-browser SpotOn       Mexican & Seafood Restaurant
[1408/2732] no-platform   -            Sam's Donuts Shop
[1409/2732] no-platform [1409/2732] no-platform   -  [1410/2732] no-platform   -            Tacos La Chorreada
[1411/2732] fetch-failed[1411/2732] fetch-failed  -            Dang Brother[1412/2732] fetch-failed  -            Himalayan Chulo
[1413/2732] no-platform   -            Zoom Hookah Lounge
[1414/2732] needs-browser -            VUE
[1415/2732] needs-browse[1415/2732] no-platform   -            Rocko's Family Restaurant
[1416/2732] no-platform   -       [1417/2732] no[1417/2732] no-platform   -            Pizza Guys
[1418/2732] no-platform   -            Mariscos La Chalupa #1 - Seafood Truck
[1419/2732] too-few       shopify      Go Greek Authentic Yogurteria
[1420/2732] no-platform   -            Dark Horse Japanese Nikkei Cuisine
[1421/2732] no-platform   -            Bayside Bar & Grill
[1422/2732] no-platform   -            Mr. Moto Pizza UTC
[1423/2732] needs-browser order.online Tous les Jours
[1424/2732] no-platform   -            Bubbles & Brews Cafe
[1425/2732] no-platform   -            Kenzi Coffee & Tea Garden
[1426/2732] no-platform   -            Skyline Cafe
[1427/2732] filed         chownow      Handel’s Homemade Ice Cream
[1428/2732] filed         shopify      Blue Fire Brewing
[1429/2732] no-platform   -            Cherry Bomb
[1430/2732] no-platform   -            Sieu Sieu BBQ
[1431/2732] needs-browser -            Canton Bakery by Meta Sweets
[1432/2732] no-platform   -            24 Area Messhall
[1433/2732] no-platform   -            Giovanetti’s Italian Cuisine
[1434/2732] needs-browser order.online Häagen-Dazs
[1435/2732] filed         shopify      Kyoto Coast Matcha
[1436/2732] no-platform   -            AMICIBAR
[1437/2732] no-platform   -            RomBomb Burger
[1438/2732] needs-browser -            BHC Chicken Carlsbad
[1439/2732] fetch-failed  -            Mariscos La Morena
[1440/2732] no-platform   -            Tacos El Villasana
[1441/2732] no-platform   -            PanPan Wok
[1442/2732] no-platform   -            For The Win - San Diego
[1443/2732] no-platform   -            MAKE Cafe
[1444/2732] no-platform   -            The Pearl Restaurant
[1445/2732] needs-browser MealKeyWay   Tasty house 味来
[1446/2732] needs-browser MealKeyWay   Pho Tan
[1447/2732] no-platform   -            Beach wolf
[1448/2732] needs-browser Square Online (own domain) CUPPA CUPPA COFFEE LAB
[1449/2732] needs-browser Square Online storefront Flour Atelier
[1450/2732] no-platform   -            Mother Earth Brew Co.
[1451/2732] no-platform   -            Pizza Kaiju
[1452/2732] needs-browser -            Yogurt Lounge Serra Mesa
[1453/2732] no-platform   -            ALBACA
[1454/2732] no-platform   -            Truva
[1455/2732] needs-browser chownow [1456/2732] no-platform [1456/2732] no-platform   -            Lapper Kitchen + Tap
[1457/2732] needs-browser Square Online storefront Nobibi Convoy
[1458/2732] no-platform   -            Witherby Bar & Restaurant
[1459/2732] no-platform   -            Easy Thai
[1460/2732] no-platform   -            Easy Thai
[1461/2732] needs-browser order.online Lady M Cake Boutique - San Diego
[1462/2732] no-platform   -            Zuma San Diego
[1463/2732] no-platform   -            Theresa's Italian Steakhouse
[1464/2732] no-platform   -            Tina's Baking Addiction
[1465/2732] no-platform   -            Imperial Palace
[1466/2732] needs-browser plain-html   Roppongi
[1467/2732] no-platform   -            TP TEA – San Diego
[1468/2732] fetch-failed  -            The Cove Bar & Grill
[1469/2732] no-platform   -            PanPan wok
[1470/2732] no-platform   -            Nothing Bundt Cakes
[1471/2732] no-platform   -            Over The Tap
[1472/2732] no-platform   [1473/2732] fetch-failed[1473/2732] no-platform   -            Kiku Room
[1474/2732] fetch-failed  -            Happytime Tea
[1475/2732] no-platform   -            Mr. Buffalo Fries
[1476/2732] no-platform   -            Pa[1477/2732] filed       [1477/2732] filed         clover   [1478/2732] no-platform   -            Bambinos Pizzeria & Deli #4
[1479/2732] no-platform   -            CTZN
[1480/2732] filed         wix          Ori[1480/2732] no-platf[1481/2732] fetch-failed  -            Coffee Culture
[1482/2732] needs-browser toast        Mary's Salads
[1483/2732] no-platform   -            Underdog Food Truck
[1484/2732] no-platform   -            The Sushi Stand
[1485/2732] needs-browse[1485/2732] needs-browser order.online Qin West
[1486/2732] no-platform   -            Vinya Yoga and Wine Bar
[1487/2732] needs-browser plain-html   James' Pl[1488/2732] too-few       own-jsonld   Vinh Long Food To Go
[1489/2732] no-platform   -            Barakah Coffee House
[1490/2732] filed         clover       Thai Thai Cuisine
[1491/2732] no-platform [1491/2732] screened-out  shopify      Casa De Otay – The Casita
[1492/2732] no-platform   -       [1493/2732] too-few     [1493/2732] too-few      [1494/2732] no-platform [1494/2732] no-platform   -[1495/2732] fetch-failed  -            Potato World
[1496/2732] needs-browse[1496/2732] needs-browser Square Online storefront Mu[1497/2732] no-platform   -            Tacos el Niño Santana
[1498/2732] fetch-failed  -            Arbor Sushi & Grill Express
[1499/2732] needs-browser -            Kaluú Upscale Mexican & Lounge
[1500/2732] no-platform   -            Suspiros Cakes Chula Vista
[1501/2732] no-platform [1501/2732] needs-browser toast      [1502/2732] needs-browser plain-html   La Peña Mexican Grill
[1503/2732] fetch-failed[1503/2732] fetch-failed  - [1504/2732] no-platform   -            Ching's Famous Hopia
[1505/2732] fetch-failed  -            Tengu Ramen
[1506/2732] no-platform   -            LJ Crafted Wines - Wines & Tastings
[1507/2732] fetch-failed[1507/2732] fetch-failed  - [1508/2732] no-platform   -            Ponyboy
[1509/2732] filed       [1509/2732] wrong-branch  toast        The[1510/2732] no-platform [1510/2732] no-platform   -            Sabroso[1511/2732] needs-browse[1511/2732] needs-browser order.online[1512/2732] needs-browser order.online Sr. Taquito
[1513/2732] too-few       wix          Dame Más Cafeina
[1514/2732] no-platform   -            Cafe Aero
[1515/2732] no-platform   -            Necter Juice Bar
[1516/2732] needs-browser Square Online (own domain) Teuscher Chocolates San Diego
[1517/2732] no-platform   -            Brain Freeze Premium Frozen Yogurt & Ice Cream of Bonsall
[1518/2732] no-platform   -            Josie's Hideout Saloon
[1519/2732] wrong-branch  order.online The Pad Thai Stand
[1520/2732] no-platform   -            Gather
[1521/2732] no-platform   -            Valerio's 1979
[1522/2732] no-platform   -            KOMATSUYA Japanese cuisine & sushi
[1523/2732] no-platform   -            Buttery Bakes
[1524/2732] needs-browser chownow      Parakeet Cafe - Nautilus
[1525/2732] no-platform   -            Presotea
[1526/2732] no-platform   -            De Kotija Taco Shop LLC
[1527/2732] no-platform   -            D'liteful Chocolat
[1528/2732] no-platform   -            The Coffee Bar at Foothills Church
[1529/2732] no-platform   -            Insomnia Cookies
[1530/2732] fetch-failed  -            Mission Donut House
[1531/2732] fetch-failed  -            Yas Lounge
[1532/2732] needs-browser slice        Milo’s Pizza & Deli
[1533/2732] no-platform   -            El negão taco shop
[1534/2732] no-platform   -            Imperial Beach Kitchen
[1535/2732] no-platform   -            Old Hickory Steakhouse
[1536/2732] filed         order.online San Giorgios Pizza
[1537/2732] fetch-failed  -            Oakberry Açaí bowls
[1538/2732] no-platform   -            Fat Tuesday
[1539/2732] needs-browser order.online Mochinut
[1540/2732] no-platform   -            Creperie Antoinette
[1541/2732] fetch-failed  -            Bonita Donuts
[1542/2732] needs-browser -            Asado Gaucho - Argentinian Meat Dining Experience
[1543/2732] no-platform [1543/2732] no-platform   - [1544/2732] no-platform [1544/2732] no-platform   [1545/2732] needs-browse[1545/2732] needs-browser Spo[1546/2732] needs-browse[1546/2732] needs-browser Square Online storefront Common G[1547/2732] no-platform   -            Bobby's Pizza
[1548/2732] wrong-branch  own-jsonld   Mia's
[1549/2732] no-platform   -            Tasty Donuts
[1550/2732] no-platform   -            Tree House
[1551/2732] fetch-failed  -            CRAVE Mediterranean Grill
[1552/2732] no-platform [1552/2732] no-platform   -       [1553/2732] no-platform [1553/2732] no-platform   -       [1554/2732] no-platform   -            Ono Hawaiian BBQ
[1555/2732] needs-browser order.online Lezat Indonesian Kitchen
[1556/2732] no-platform [1556/2732] no-platform [1557/2732] no-platform   -            Schmackary's
[1558/2732] no-platform   -            R&B Tea Terra Nova
[1559/2732] no-platform   -            Fall Brewing Company
[1560/2732] needs-browse[1560/2732] no-platform   -            NuYo Frozen Yogurt Encinitas
[1561/2732] fetch-failed  -            The Nutrition Place
[1562/2732] needs-browser Square Online st[1563/2732] no-platform [1563/2732] no-platform   -            B[1564/2732] no-platform   -            Old Town Eatery
[1565/2732] no-platform [1565/2732] no-platform   -     [1566/2732] no-platform [1566/2732] no-platform  [1567/2732] no-platform [1567/2732] no-platform   -     [1568/2732] no-platform [1568/2732] no-platform   -            The Fox Bistro (previousl[1569/2732] needs-browser Square Online storefront Teziutacos
[1570/2732] needs-browser clover       Blendees
[1571/2732] no-platform   -            Charade Speakeasy
[1572/2732] needs-browse[1572/2732] needs-browser -            Lambers Chinese Bakery
[1573/2732] needs-browser clove[1574/2732] needs-browser clover [1574/2732] needs-browser -    [1575/2732] no-plat[1575/2732] no-platform   -            Kil[1576/2732] no-plat[1576/2732] no-platform   -         [1577/2732] no-plat[1577/2732] no-platform   -          [1578/2732] no-plat[1578/2732] no-platform   -            Tres He[1579/2732] no-platform   -            Alona’s Caketots
[1580/2732] needs-b[1580/2732] needs-browser chownow      Off the Vine Gardens[1581/2732] no-plat[1581/2732] no-platform   -            Su[1582/2732] no-plat[1582/2732] no-platform   -            Nothing Bundt Cakes
[1583/2732] needs-browser toast        Nomada
[1584/2732] no-platform   -            Jax Chibugan
[1585/2732] fetch-failed  -      [1586/2732] no-platfo[1586/2732] no-platform   -[1587/2732] no-platfo[1587/2732] no-platform   -            C[1588/2732] no-platform   -            Carruth Cellars Urban Winegarden & Cheese Shop: Liberty Station
[1589/2732] fetch-failed  -            Chile Tacos N beer
[1590/2732] no-platfo[1590/2732] no-platform   -            S T U D [1591/2732] no-platfo[1591/2732] no-platform   -            Paradis
[1592/2732] no-platform   -            Pura[1593/2732] needs-bro[1593/2732] needs-browser order.online M[1594/2732] needs-bro[1594/2732] needs-browser Square Online (own domain) Cafe [1595/2732] needs-bro[1595/2732] needs-browser -            La[1596/2732] no-platfo[1596/2732] no-platform   -          [1597/2732] no-platfo[1597/2732] no-platform   -     [1598/2732] too-few  [1598/2732] too-few       netwaiter  [1599/2732] no-platfo[1599/2732] no-platform   -            GOLDEN [1600/2732] needs-browser order.online TOUS les JOURS Bakery Café - National City
[1601/2732] needs-browser Square Online storefront Golden Dragon
[1602/2732] no-platfo[1602/2732] no-platform [1603/2732] no-platfo[1603/2732] no-platform   -       [1604/2732] needs-bro[1604/2732] needs-browser Square Online[1605/2732] no-platform   -            Tour de Tapas
[1606/2732] no-platform   -            Shake Smart
[1607/2732] needs-browser -            Cluck N Sip
[1608/2732] no-platform   -            Cleopatra's Lounge
[1609/2732] needs-browser olo          Randy’s Donuts
[1610/2732] no-platform   -            Bistro 39 Restaurant and Bar
[1611/2732] needs-browser SpotOn       Juno's Point Loma
[1612/2732] no-platform   -            Burtech Family Vineyard Tasting Room
[1613/2732] needs-browser -            Divina Matcha
[1614/2732] no-platform   -            Italian Cucina
[1615/2732] no-platform   -            Lotho Deli
[1616/2732] needs-browser Square Online storefront Manor Coffee Bar
[1617/2732] no-platform   -            Cosmic Bloom Coffee
[1618/2732] no-platform   -            DaYung's Tea
[1619/2732] no-platform   -            Hannegan’s House Beer Co & Creamery
[1620/2732] needs-browser order.online Torta Time
[1621/2732] no-platform   -            La Clochette
[1622/2732] needs-browser -            Izakaya Maíze
[1623/2732] needs-browser -            Pure Squeeze
[1624/2732] no-platform   -            La Valentina by Dolche
[1625/2732] fetch-failed  -            SciEats (Nonprofit Eatery)
[1626/2732] no-platform   -            Jax Chibugan
[1627/2732] too-few       netwaiter    Playa Azul Mariscos Restaurant
[1628/2732] no-platform   -            Mama’s Boy Cookies
[1629/2732] no-platform   -            Golden Donut
[1630/2732] no-platform   -            Momo Sando&Omakase
[1631/2732] no-platform   -            SUGARFISH Little Italy
[1632/2732] needs-browser Square Online (own domain) Chefs Cafe
[1633/2732] no-platform   -            Nothing Bundt Cakes
[1634/2732] needs-browser olo          McConnell's Fine Ice Creams - Carlsbad
[1635/2732] no-platform   -            Amuse Lounge and Patio
[1636/2732] no-platform   -            102 Scone Co.
[1637/2732] no-platform   -            Bar Meets Grill
[1638/2732] filed         shopify      Wynston's Ice Cream Co. - Torrey Highlands
[1639/2732] fetch-failed  -            Bay Books Coffee Shop
[1640/2732] no-platform   -            The Funky Frenchie (Harbor Island)
[1641/2732] fetch-failed  -            Grubz
[1642/2732] needs-browse[1642/2732] no-platform   -            Tacos El Prieto
[1643/2732] no-platform   -            Ohana Nutrition
[1644/2732] no-platform   -            Jaguar Paw
[1645/2732] fetch-failed  -            Honey Cafe & Store
[1646/2732] needs-browser chownow      Su Pan Bakery Poway
[1647/2732] needs-browser -   [1648/2732] no-platform   -            Pasta Design
[1649/2732] needs-browser chownow      Su Pan Bakery Poway
[1650/2732] no-platform   -   [1650/2732] no-platform  [1651/2732] no-platform   -            Smoking Cannon Brewery
[1652/2732] no-platform   -   [1652/2732] no-platform   -            [1653/2732] no-platform   -            Market St Pizzeria
[1654/2732] wrong-branch  popmenu      Alohana Acai Bowls - East Oceanside
[1655/2732] no-platform [1655/2732] no-platform   -            The Sanc[1656/2732] fetch-failed[1656/2732] fetch-failed  -   [1657/2732] screened-out  shopify      Farm Fresh Meals
[1658/2732] no-platform [1658/2732] no-platform   -            The Arches Restaurant at[1659/2732] no-platform   -            Linda's Yogurt & Deli
[1660/2732] screened-out  shopify      James Coffee Co.
[1661/2732] no-platform [1661/2732] no-platform   -            Asia Wok Te[1662/2732] fetch-failed[1662/2732] fetch-failed  -   [1663/2732] filed       [1663/2732] filed         spothopper   Ba[1664/2732] no-platform [1664/2732] no-platform   -   [1665/2732] needs-browse[1665/2732] needs-browser Square Online (own domain)[1666/2732] no-platform [1666/2732] needs-browser toast        High Marea
[1667/2732] fetch-failed  -        [1668/2732] no-platform [1668/2732] no-platform   -            Bivouac Adve[1669/2732] no-platform   -            Tony Gwynn's Sports Pub
[1670/2732] no-platform [1670/2732] no-platform   -            Ca[16[1671/2732] needs-browser order.online Sc[1672/2732] needs-b[1672/2732] no-platform   -            Papa Bambino's
[1673/2732] needs-browser order.online Fatboy's Deli & Spirits
[1674/2732] no-platform   -            Tajima Ramen Plaza Bonita
[1675/2732] needs-brow[1676/2732] filed       [1676/2732] fetch-failed  -            Warner Springs Golf Shop & Grill
[1677/2732] no-platform   -            Michael's in Borrego
[1678/2732] needs-browser -            Vitale Poke Shop & More
[1679/2732] no-platform   -            Postcards American Bistro
[1680/2732] no-platform   -            Veranda
[1681/2732] no-platform   -            The Bar at Moniker General
[1682/2732] filed         own-jsonld   Cosmos Burger Carlsbad
[1683/2732] no-platform   -[1684/2732] no-platform   -            An's Gate D5
[1685/2732] filed       [1685/2732] wrong-branch  ord[1686/2732] needs-browse[1686/2732] needs-browser Square Online (own d[1687/2732] no-platform [1687/2732] no-platform   -        [1688/2732] no-platform [1688/2732] no-platform   -            Una Mas on Adams
[1689/27[1689/2732] no-platform   -            Cbar
[1690/2732] no-platform   -         [1690/2732] no-platf[1691/2732] no-platform [1691/2732] no-platform   -       [1692/2732] no-platform [1692/2732] no-platform   -            Honney Doffee Coffee
[1693/2732] no-platform   -     [1694/2732] needs-browse[1694/2732] needs-browser Square Online storefront Cargo[1695/2732] needs-browse[1695/2732] no-platform   -            Noodles - Aut[1696/2732] no-platform   -            Noodles - Authentic Asian Cuisine
[1697/2732] no-platform [1697/2732] no-platform   -        [1698/2732] no-platform   -            Iceskimo
[1699/2732] needs-browser Square Online storefront Moniker Coffee Co. at The Craft Creamery
[1700/2732] fetch-failed[1700/2732] fetch-failed  -      [1701/2732] no-platform [1701/2732] no-platform   -            Pizzabilities Santee[1702/2732] no-platform [1702/2732] filed         toast        Napat[1703/2732] needs-browse[1703/2732] needs-browser slice      [1704/2732] no-platform [1704/2732] no-platform  [1705/2732] no-platform   -            Boba Tea Spot
[1706/2732] filed       [1706/2732] filed         me[1707/2732] no-platform   -            Patties & Pints
[1708/2732] no-platform   -            Gold Coffee Shop
[1709/2732] fetch-failed  -            L55
[1710/2732] no-platform [1710/2732] no-platform   -            sweetgreen - Healthy S[1711/2732] no-platform [1711/2732] no-platform   [1712/2732] no-platform   -            The Coffee Ho[1712/2732] no-platform   [1713/2732] no-platform [1713/2732] needs-browser spothopper   Fuego Sushi
[1714/2732] filed         own-jsonld   Joya Kitchen
[1715/2732] no-platform   -       [1716/2732] needs-browse[1716/2732] needs-browser Square Onlin[1717/2732] wrong-branch[1717/2732] wrong-branch  menufy       Janna’s [1718/2732] no-platform [1718/2732] no-platform   -            Cali Banh Mi
[1719/2732] fetch-failed  -            Dayon Coffee Co
[1720/2732] no-platform   -            The Grillery
[1721/2732] needs-browser Square Online storefront Ryan Bros Cafe NavyBase
[1722/2732] needs-browser Square Online storefront Purl Tea San Marcos
[1723/2732] no-platform   -            Isola Encinitas
[1724/2732] wrong-branch  clover       Tappi Sushi Lounge
[1725/2732] no-platform   -            Maranello Restaurant
[1726/2732] no-platform   -            Nova Boba and Coffee shop
[1727/2732] filed         own-jsonld   The San Diego Taco Truck
[1728/2732] filed         shopify      Caves Wine Bar & Shop
[1729/2732] no-platform   -            The Golf Bar
[1730/2732] no-platform   -            Culture Craft Coffee & Espresso
[1731/2732] needs-browser chownow      Para[1732/2732] no-platform [1732/2732] needs-browser Square Online (own[1733/2732] needs-browser Sq[1733/2732] no-platform   -            Bread[1734/2732] filed         spothopper   R Place Bar & Eatery
[1735/2732] no-platform [1735/2732] no-platform   -      [1736/2732] too-few     [1736/2732] too-few       netwaiter    Ba [1737/2732] screened-out[1737/2732] screened-out  shopify      Ascend Coffee Roasters
[1738/2732] no-platform   -            CHERRYBOMB EC
[1739/2732] fetch-failed  -            Blu In Cafe
[1740/2732] no-platform   -            El Torito Foods
[1741/2732] fetch-failed  -[1742/2732] no-platform [1742/2732] needs-browser -  [1743/2732] needs-browser Square Online storefront Cargo Cafe - Paseo De[1744/[1744/2732] no-platform   -            Cakey Bakey
[1745/2732] filed         shopify      Heave Ho Coffee Co
[1746/2732] no-platform   -            All Things Ube Desserts
[1747/2732] no-platform   -            Milonga Empanadas Fashion Valley
[1748/2732] fetch-failed  -            Dream Fountain Catering
[1749/2732] needs-browser -            Pompei Pizza
[1750/2732] fetch-failed  -            Nutrition Solution
[1751/2732] needs-browser Square Online (own domain) Balboa Candy
[1752/2732] no-platform   -            Las Ricas Tortas
[1753/2732] fetch-failed  -            Capriotti's Sandwich Shop
[1754/2732] no-platform   -            Pub 1795
[1755/2732] fetch-failed  -            OMG Crêpes
[1756/2732] no-platform   -            Pita Pit
[1757/2732] no-platform   -            Drinky Promise
[1758/2732] no-platform   -            Elegance On Display
[1759/2732] fetch-failed  -            Los Primos Panaderia
[1760/2732] needs-browser order.online Bird-N-Bun
[1761/2732] no-platform [1761/2732] no-platform   -            Hopnonymous B[1762/2732] needs-browser Square Online storefront Copa Vida Torrey Ridge
[1763/2732] no-platform   -            Lakeside Social
[1764/2732] no-platform   -            Al Umaraa Restaurant & Market
[1765/2732] no-platform   -            Plant Power Fast Food Digital Kitchen
[1766/2732] fetch-failed[1766/2732] fetch-failed  -            Poki Poki &[1767/2732] no-platform [1767/2732] no-platform   -            The Islands Restaurant - [1768/2732] wrong-branch  popmenu      Alohana Açaí Bowls
[1769/2732] needs-browse[1769/2732] needs-browser order.online B[1770/2732] fetch-failed[1770/2732] fetch-failed  -            Rou[1771/2732] screened-out  shopify      Party Time Liquor
[1772/2732] needs-browse[1772/2732] needs-browser olo          Be[1773/2732] filed       [1773/2732] filed         wix  [1774/2732] no-platform   -            5 O'Clock Somewhere Rooftop Bar
[1775/2732] no-platform [1775/2732] no-platform   -            Night[1776/2732] needs-browse[1776/2732] fetch-failed  -            Red Eye Saloon
[1777/2732] no-platform   -            Krak Boba
[1778/2732] filed         shopify      San Diego Urban Farm
[1779/2732] no-platform   -            Scena Fusion Kitchen & Bar
[1780/2732] no-platform   -            Elote
[1781/2732] no-platform   -            Urban Skillet San Diego
[1782/2732] no-platform   -            Stella Jean’s Ice Cream
[1783/2732] no-platform   -            El Flako's Wrangler Barbecue
[1784/2732] no-platform   -            El Flako's Wrangler Barbecue
[1785/2732] fetch-failed  -            Ramones Mexican BBQ
[1786/2732] fetch-failed  -            Suki Hana
[1787/2732] no-platform   -            FLAVORFUL Dessert Atelier
[1788/2732] no-platform   -            Mike Hess Brewing - Seaport Village Taphouse
[1789/2732] no-platform   -            Johnny Radz Pizza
[1790/2732] no-platform   -            Phoenix Dessert - San Diego
[1791/2732] no-platform   -            Pala Cafe
[1792/2732] needs-browser olo          Panini Kabob Grill - Park 12
[1793/2732] wrong-branch [1794/2732] no-platform [1794/2732] no-platform   -            Duck Foot Brewing
[1795/2732] no-platform   -            Little Fox Cups + Cones
[1796/2732] needs-browser Square Online storefront Copa Vida
[1797/2732] no-platform   -            The Loft at UC San Diego
[1798/2732] fetch-failed  -            SugarBears Sweet Provisions
[1799/2732] no-platform   -            Dole Whip
[1800/2732] fetch-failed  -            Birria el Chavita
[1801/2732] no-platform   -            Clara's Kitchen ( Soul Food) Micro-enterprise Home Kitchen
[1802/2732] no-platform   -            Dulzura Vineyard and Winery
[1803/2732] fetch-failed  -            Plant Power Fast Food
[1804/2732] needs-browser Square Online (own domain) The Cakery
[1805/2732] needs-browser Paytronix    Ziggi's Coffee
[1806/2732] no-platform   -            Carnitas la Bendición
[1807/2732] no-platform   -            Diego's Pizza - Serving San Diego
[1808/2732] filed         menufy       Fusion Kabobz TAKEOUT ONLY
[1809/2732] no-platform   -            French Secret Pastry (Pre-Order Only)
[1810/2732] needs-browser Square Online (own domain) The Cakery Cafe
[1811/2732] fetch-failed  -            Altered State venue
[1812/2732] needs-browser Square Online (own domain) Le Charcuterie Bar
[1813/2732] no-platform   -            Blue Bowl Superfoods - Oceanside
[1814/2732] needs-browser -            Pelican's on the Bay
[1815/2732] no-platform   -            La Michoacana Elite
[1816/2732] fetch-failed  -            We Cookn
[1817/2732] fetch-failed  -            Salt & Fin
[1818/2732] fetch-failed  -            The Trap Shack
[1819/2732] fetch-failed  -            Shabu Spot
[1820/2732] no-platform   -            KD`S Donuts
[1821/2732] no-platform   -            Lon[1822/2732] screened-out[1822/2732] screened-out  shopify      [1823/2732] no-platform [1823/2732] no-platform   -            Loving Hut Vegan Express [1824/2732] no-platform [1824/2732] no-platform   -       [1825/2732] no-platform [1825/2732] screened-out  shopify  [1826/2732] screened-out [1826/2732] no-platform   -            Sunright Tea Studio
[1827/2732] needs-browser -            Side Chick - Chicken & Fries
[1828/2732] no-platform   -      [1829/2732] filed       [1829/2732] filed         clover [1830/2732] filed         own-jsonld   La Sala Lounge
[1831/2732] no-platform [1831/2732] no-platform   -       [1832/2732] no-platform [1832/2732] no-platform   -       [1833/2732] no-platform [1833/2732] no-platform   -            [1834/2732] no-platform   -            Silver Hoof Creamery
[1835/2732] no-platform [1835/2732] no-platform   -     [1836/2732] no-platform [1836/2732] no-platform   - [1837/2732] no-platform [1837/2732] no-platform   -[1838/2732] fetch-failed[1838/2732] fetch-failed[1839/2732] no-platform   -            Super Smoothies
[1840/2732] wrong-branch  own-jsonld   Tako
[1841/2732] fetch-failed  -            Christine's Coffee
[1842/2732] fetch-failed[1842/2732] fetch-failed  -       [1843/2732] filed       [1843/2732] filed         clover       Agrusa's Rincon
[1844/2732] too-few       netwaiter    J & J's Mexican Food
[1845/2732] no-platform   -            California Bean
[1846/2732] no-platform   -            NuYo Fro[1847/2732] no-platform [1847/2732] no-platform   -  [1848/2732] filed       [1848/2732] fetch-failed  -            Subterranean Coffee Drive thru
[1849/2732] filed         own-jsonld   Hon[1850/2732] no-platform [1850/2732] no-platform   -       [1851/2732] filed       [1851/2732] filed         sli[1852/2732] fetch-failed  -            Candy Land
[1853/2732] no-platform   -            The Funky Frenchie (Lemon Grove)
[1854/2732] no-platform [1854/2732] no-platform   -          [1855/2732] no-platform [1855/2732] no-platform   -  [1856/2732] fetch-failed[1856/2732] fetch-failed  -            Beach Sweets
[1857/2732] no-platform   -            Tamales Escondido
[1858/2732] no-platform   -            ALOHA GRILL
[1859/2732] fetch-failed  -            Savvy Macs, Inc.
[1860/2732] no-platform   -            Viewpoint Kitchen + Bar
[1861/2732] no-platform   -        [1862/2732] no-platform [1862/2732] no-platform   -            Enoteca Buona Forchetta
[1863/2732] no-platform   -            6 7 Deli & Pizza
[1864/2732] no-platform   -            Devil and Angel
[1865/2732] no-platform   -            Olive Branch Eatery
[1866/2732] needs-browser Square Online s[1867/2732] no-platform   -            F Street Cafe
[1868/2732] no-platform   -            Zoo Brew
[1869/2732] no-platform   -            Knead Artisan Bakery
[1870/2732] no-platform   -            Phology Noodle House - Pho Vietnamese Chula Vista CA
[1871/2732] no-platform   -            Jery's Pizza
[1872/2732] no-platform   -            Dockside Casual Seafood Counter
[1873/2732] no-platform   -            Cafe Nordstrom
[1874/2732] no-platform   -            The Red Barn
[1875/2732] no-platform   -            Golden Grill
[1876/2732] too-few       netwaiter    Pizza Grande
[1877/2732] no-platform   -            The Morning Grove
[1878/2732] no-platform   -            Corner Office Pizza and Craft Bar
[1879/2732] no-platform   -            Mitri's Delights
[1880/2732] no-platform [1880/2732] no-platform   -   [1881/2732] no-platfo[1881/2732] no-platform   -   [1882/2732] no-platform [1882/2732] no-platform   -            [1883/2732] no-platform [1883/2732] no-platform [1884/2732] no-platform [1884/2732] no-platform   -   [1885/2732] needs-browser Square Online storefront Tacos La Union
[1886/2732] no-platform [1886/2732] no-platform   -            S[1887/2732] no-platform [1887/2732] no-platform [1888/2732] no-platform [1888/2732] no-platform   -          [1889/2732] filed       [1889/2732] filed         wix          [1890/2732] no-platform   -            356 Korean BBQ & BAR
[1891/2732] filed         shopify      Cookies Tonight
[1892/2732] no-platform   -            Zest Wine Bistro
[1893/2732] wrong-branch  ubereats     Nutilda Sweet Lab
[1894/2732] no-platform   -            Diego's Taco Shop
[1895/2732] fetch-failed  -            SAKE BAR GAGA
[1896/2732] no-platform   -            62 Area Chow Hall
[1897/2732] no-platform   -            Shake Smart
[1898/2732] no-platform   -            Khao San Thai Kitchen - Santee
[1899/2732] no-platform   -            Surf City Squeeze
[1900/2732] no-platform   -            Oscar's Meat pies
[1901/2732] no-platform [1901/2732] no-platform   -            8[1902/2732] no-platform   -            Craft Pizza
[1903/2732] fetch-failed  -            Subterranean Coffee & Gelato
[1904/2732] fetch-failed  -            Suki Hana
[1905/2732] too-few     [1905/2732] too-few       netw[1906/2732] fetch-failed  -            Healthy Grill Mediterranean
[1907/2732] no-platform   -            Sun Gold Point Diner
[1908/2732] no-platform [1908/2732] no-platform   -            Black[1909/2732] no-platform   -            Thai Thai Melrose Restaurant
[1910/2732] no-platform   -            Board & Brew - Downtown San Diego
[1911/2732] needs-browser chownow      Sunset Thai Ocean Beach
[1912/2732] needs-browser plain-html   Chads Lakeside Kitchen
[1913/2732] no-platform   -            Snapshot Coffee Bar
[1914/2732] needs-browser -            Sammy's Restaurant & Bar
[1915/2732] no-platform   -            Three Boys Coffee
[1916/2732] no-platform [1916/2732] no-platform   -         [1917/2732] no-platform [1917/2732] no-platform   [1918/2732] no-platform   -            Forum Deli
[1919/2732] no-platform [1919/2732] no-platform   -            [1920/2732] no-platform [1920/2732] fetch-failed  -    [1921/2732] fetch-[1921/2732] needs-browser Square Online storefront Bao Bar
[1922/2732] fetch-failed  -            PAPA GUAPO CANTINA
[1923/2732] fetch-failed  -            RiseUp BBQ San Diego
[1924/2732] no-platform   -            Royal Pearl Tea
[1925/2732] needs-browser -            Tapas Bar
[1926/2732] no-platform   -            Missi[1927/2732] needs-browser Square Online storefront Whatever Forever Coffee
[1928/2732] needs-browser GloriaFood widget Maria's Coffee Shop
[1929/2732] no-platform   -            Tiny Giant Taproom
[1930/2732] filed       [1930/2732] no-platform   -       [1931/2732] no-plat[1931/2732] filed         clover  [1932/2732] no-platform [1932/2732] no-platform   -           [1933/2732] fetch-failed[1933/2732] fetch-failed  -            E[1934/2732] fetch-failed[1934/2732] fetch-failed  -            Surf Up Chicken
[1935/2732] fetch-failed  -            Pizza by Aromi
[1936/2732] no-platform   -          [1937/2732] no-platform [1937/2732] no-platform   -            Plant Based Meals
[1938/2732] no-platform   -            664
[1939/2732] no-platform   -         [1940/2732] no-platform [1940/2732] no-platform   -            C[1941/2732] no-platform [1941/2732] no-platform   - [1942/2732] fetch-failed[1942/2732] fetch-failed  -            Drunk Confections
[1943/2732] filed         order.online Ka[1944/2732] wrong-branch[1944/2732] wrong-branch  popmenu      Alohana Acai Bowls and[1945/2732] no-platform [1945/2732] no-platform   -  [1946/2732] no-platform [1946/2732] no-platform   -           [1947/2732] no-platform   -            Barbeer
[1948/2732] fetch-failed  -            The Mudbar
[1949/2732] needs-browse[1949/2732] needs-browser Square Online storefr[1950/2732] no-platform [1950/2732] no-platform   -    [1951/2732] no-platform   -            Test Kitchen
[1952/2732] screened-out[1952/2732] screened-out  order.online Suga[1953/2732] needs-browser order.online Solana Frosty
[1954/2732] no-platform   -            El After Social Club
[1955/2732] no-platform   -            Bodega Market
[1956/2732] no-platform   -            Campland Cantina
[1957/2732] no-platform   -            ABC Market & Deli
[1958/2732] no-platform   -            Hillside Ranch Vineyard
[1959/2732] fetch-failed  -            The Boarding Home
[1960/2732] wrong-branch  order.online Sushi Yorimichi 2
[1961/2732] no-platform   -            Super Express Chinese Food
[1962/2732] needs-browser Square Online (own domain) Sea Ridge Cafe
[1963/2732] no-platform [1963/2732] no-platform   -            Nordstr[1964/2732] too-few       wix          Cake by Sierra
[1965/2732] no-platform   -            Nordstrom Ebar Artisan Coffee
[1966/2732] fetch-failed  -            Casa Del Marisco Rafaelas
[1967/2732] no-platform   -            Playground Art + Coffee
[1968/2732] no-platform   -            Tommy's Pizza & Subs
[1969/2732] needs-browser HungerRush   Pop Pops Paleta
[1970/2732] needs-browse[1970/2732] needs-browser Square Online stor[1971/2732] filed         order.online It's Just Wings
[1972/2732] wrong-branch  order.online SugarBears Sweet Provisions
[1973/2732] no-platform [1973/2732] no-platform   -            MCX Food & Service Pl[1974/2732] no-platform   -            Greenfinch Restaurant & Bar
[1975/2732] no-platform   -            Moniker General
[1976/2732] no-platform   -            Get Baked Cookie Co.
[1977/2732] wrong-branch[1977/2732] no-platform   -            Tierra y Mar
[1978/2732] needs-browser spothopper   Agave Birrieria
[1979/2732] no-platform   -            Madina Market Halal Fast Food
[1980/2732] wrong-branch  popmenu      The Great Greek Mediterra[1981/2732] no-platform   -            Pla[1981/27[1982/2732] no-platform   -            Madina Market Halal Fast Food
[1983/2732] no-platform [1983/2732] no-platform   -            Mimi�[1984/2732] no-platform   -            Zonkey
[1985/2732] no-platform [1985/2732] no-platform   - [1986/2732] fetch-failed[1986/2732] fetch-failed  -            [1987/2732] no-platform   -            Michoacana Mia - SDSU
[1988/2732] no-platform   -            Pauma Indian Reservation
[1989/2732] fetch-failed[1989/2732] fetch-failed  -            Tacos L[1990/2732] no-platform   -            Pure Green
[1991/2732] needs-browser -            Gentle Grill
[1992/2732] fetch-failed[1992/2732] fetch-failed  -         [1993/2732] no-platform [1993/2732] no-platform   - [1994/2732] fetch-failed  -            Boo Boo's sweet Potato Pies
[1995/2732] filed       [1995/2732] filed         shopify      [1996/2732] no-platform [1996/2732] no-platform   -[1997/2732] no-platform [1997/2732] no-platform[1998/2732] fetch-failed[1998/2732] fetch-failed  -       [1999/2732] no-platform   -            Amalfi Enoteca Italiana
[2000/2732] needs-browser Square Online (own domain) KAFE'SITO
[2001/2732] no-platform [2001/2732] no-platform   -            SolCurry - Ind[2002/2732] no-platform [2002/2732] no-platform  [2003/2732] no-platform   -            Lyons Peak BBQ & Pizza
[2004/2732] fetch-failed[2004/2732] fetch-failed  -           [2005/2732] filed       [2005/2732] filed         wix       [2006/2732] needs-browser Square Online storefront 86d (inside Coin-Op)
[2007/2732] fetch-failed[2007/2732] fetch-failed  -[2008/2732] no-platform [2008/2732] no-platform   -            New Motion Beverages
[2009/2732] no-platform   -      [2010/2732] no-platform [2010/2732] no-platform   -         [2011/2732] needs-browse[2011/2732] needs-browser -   [2012/2732] no-platform [2012/2732] no-platform   [2013/2732] needs-browser -            Sweet Story Company LLC
[2014/2732] filed       [2014/2732] filed         shopify  [2015/2732] no-platform   -            Middy's Pizza
[2016/2732] needs-browser -            Market One
[2017/2732] no-platform   -            Surf City Squeeze
[2018/2732] needs-browser Square Online (own domain) The Salty Cookie
[2019/2732] no-platf[2019/2732] no-platform   -      [2020/2732] needs-browser Square Online (own domain) Barrio Donas
[2021/2732] no-platform [2021/2732] no-platform   -  [2022/2732] no-platform   -            The Poke Tea House
[2023/2732] no-platform [2023/2732] no-platform  [2024/2732] no-platform [2024/2732] no-platform   -    [2025/2732] no-platform [2025/2732] needs-browser[2026/2732] needs-browser Square Online storefront C[2026/2732] no-platform  [2027/2732] no-platform [2027/2732] no-platform   -      [2028/2732] needs-browse[2028/2732] needs-browser Square Online storefront S[2029/2732] no-platform [2029/2732] no-platform  [2030/2732] filed       [2030/2732] filed         order.onli[2031/2732] needs-browse[2031/2732] needs-browser slice       [2032/2732] no-platform [2032/2732] no-platform   -            Am[2033/2732] no-platform [2033/2732] no-platform   [2034/2732] no-platform   -            Solana Coffee Co at the Granger Hotel
[2035/2732] no-platform   -            Heftyboy BBQ dba 716 BBQ & more....
[2036/2732] fetch-failed  -            Tejedas' Peruvian Kitchen
[2037/2732] no-platform   -            Great American Cookies - Otay Ranch Town Center
[2038/2732] needs-browser -            Cali Rays Sourd[2039/2732] no-platform   -            Great American Cookies -[2040/2732] no-platform [2040/2732] no-platform   -            WetSton[2041/2732] no-platform   -            Showa Ramen
[2042/2732] needs-browser order.online WUHU TEA & DELI
[2043/2732] no-platform [2043/2732] no-platform   -            Th[2044/2732] no-platform [2044/2732] no-platform   -          [2045/2732] fetch-failed[2045/2732] fetch-failed  -      [2046/2732] no-platform   -            Chester's
[2047/2732] wrong-branch[2047/2732] wrong-branch  popmen[2048/2732] no-platform [2048/2732] no-platform   -            Seacoast Beach Bar & Sports Grill
[2049/2732] fetch-failed  -            Mister G Salsa
[2050/2732] no-platform   -            Prado Perk
[2051/2732] no-platform   -   [2052/2732] no-platform [2052/2732] no-platform   -           [2053/2732] no-platform [2053/2732] no-platform   -            Rams Hi[2054/2732] filed       [2054/2732] filed         shopify      Ench[2055/2732] no-platform [2055/2732] no-platform   -      [2056/2732] fetch-failed[2056/2732] fetch-failed  -        [2057/2732] needs-browse[2057/2732] no-platform   -            Sea[2058/2732] no-platform   -            Seaside BBQ
[2059/2732] wrong-branch[2059/2732] wrong-branch  popmenu      Max's R[2060/2732] no-platform [2060/2732] no-platform   -       [2061/2732] no-platform [2061/2732] no-platf[2062/2732] no-platform   -            Las Flautas 664
[2063/2732] no-platform   -            Collette’s Collaborative Collective Cuisine
[2064/2732] needs-browser order.online Poki One N Half San Marcos
[2065/2732] no-platform [2065/2732] no-platform   -         [2066/2732] no-platform [2066/2732] fetch-failed  -     [2067/2732] fetch[2067/2732] no-platform   -     [2068/2732] needs-browser Square Online (own domain) Juliantla Chocolate Boutique
[2069/2732] no-platform [2069/2732] no-platform   -            Mia Sorella Ch[2070/2732] filed       [2070/2732] fetch-failed  -            Tuggamomma Smokehouse
[2071/2732] no-platform   -            KayeSimplyBakes
[2072/2732] no-platform   -            Immersion Express / Coffee and Matcha
[2073/2732] filed         clover   [2074/2732] filed       [2074/2732] filed       [2075/2732] no-platform [2075/2732] no-platform   -            El[2076/2732] no-platform [2076/2732] no-platform   -     [2077/2732] no-platform   -            FiveO3 Pupusas
[2078/2732] fetch-failed  -            Unico Juice Shop
[2079/2732] fetch-failed[2079/2732] fetch-failed  -            Marip[2080/2732] no-platform   -            Wild Child Ice Cream
[2081/2732] no-platform [2081/2732] no-platform   -            [2082/2732] no-platform [2082/2732] no-platform   -     [2083/2732] no-platform   -            DEN
[2084/2732] no-platform   -            The Boss Crepas
[2085/2732] no-platform   -            My O My Coffee and More
[2086/2732] no-platform   -            Topo's Tacos
[2087/2732] no-platform [2087/2732] no-platform   -            Mason[2088/2732] no-platform   -            Cakes & Cactus
[2089/2732] no-platform [2089/2732] filed         chownow      Handel's Homemade Ice Cream Little Italy
[2090/2732] no-platform   -            Fred's Lunch Bag Deli
[2091/2732] needs-browser Square Online storefront The Bean Box 701
[2092/2732] no-platform   -         [2093/2732] filed       [2093/2732] filed         s[2094/2732] fetch-failed[2094/2732] fetch-failed  -   [2095/2732] no-platform [2095/2732] no-platform   -            Sai[2096/2732] needs-browser Square Online storefront Phở Gà Go
[2097/2732] no-platform   -            Ocean Rainbow
[2098/2732] needs-browser Square Online (own domain) Slurp
[2099/2732] needs-browse[2099/2732] needs-browser u[2100/2732] fetch-failed[2100/2732] filed         shopify      Le Caramel
[2101/2732] no-platform   -            Michoacana Mia - Vista
[2102/2732] fetch-failed  -  [2103/2732] filed       [2103/2732] filed         shopify    [2104/2732] no-platform [2104/2732] no-platform   -       [2105/2732] needs-browse[2105/2732] needs-browser SpotOn   [2106/2732] filed       [2106/2732] filed         own-jsonld   Happ[2107/2732] no-platform [2107/2732] no-platform   -            Crafted @ Minerva’s Cafe
[2108/2732] filed         order.online [2109/2732] no-platform   -            Netta's Bakery
[2110/2732] no-platform [2110/2732] no-platfor[2111/2732] fetch-failed[2111/2732] fetch-failed  [2112/2732] no-platform [2112/2732] no-platform   -            Dos Palm[2113/2732] no-platform [2113/2732] no-platform   - [2114/2732] too-few     [2114/2732] too-few       net[2115/2732] fetch-failed[2115/2732] fetch-failed  -            Midni[2116/2732] no-platform   -            Luis Rey's
[2117/2732] no-platform [2117/2732] no-platform   -    [2118/2732] no-platform   -            The Tavern at Barley & Sword Brewing Company
[2119/2732] no-platform [2119/2732] no-platform[2120/2732] no-platform   -      [2120/2732] no-platform[2121/2732] fetch-failed[2121/2732] fetch-failed[2122/2732] no-platform [2122/2732] no-platform   -        [2123/2732] no-platform [2123/2732] no-platform   -            Lò B�[2124/2732] no-platform   -            Lori's Custom Cakes
[2125/2732] no-platform [2125/2732] no-platform   -  [2126/2732] no-platform [2126/2732] no-platform   -            Board [2127/2732] no-platform [2127/2732] no-platform   -[2128/2732] needs-browse[2128/2732] needs-browser Square Online storefront Higher [2129/2732] no-platform [2129/2732] no-platform  [2130/2732] fetch-failed[2130/2732] no-platform   - [2131/2732] no-platform   -            EL C[2131/2732] no-platform   -            Cold Smoke BBQ
[2132/2732] no-platform   - [2133/2732] no-platform   -            Street[2133/2732] fetch-failed  - [2134/2732] needs-browse[2134/2732] needs-browser Square Online[2135/2732] needs-browser [2135/2732] needs-browser -            [2136/2732] no-platform [2136/2732] no-platform [2137/2732] no-platform [2137/2732] no-platform [2138/2732] filed         shopify      LA PETITE BAKERY
[2139/2732] no-platform   -            K[2139/2732] no-platform   -            Sip Fresh
[2140/2732] filed         shopify      LA PETITE BAKERY
[2141/2732] fetch-failed  -            Ramen Inn - San Diego
[2142/2732] fetch-failed  - [2143/2732] no-platform [2143/2732] no-platform   -            Bueno Wine & Goods
[2144/2732] filed         wix          Sinn[2145/27[2145/2732] no-platform   -            Dolc[2146/2732] no-platform   -            Vanilla Oasis
[2147/2732] needs-browse[2147/2732] needs-browser slice        Pi[2148/2732] needs-browser -            seaglass restaurant
[2149/2732] no-platform   -            Queenstown Del Mar
[2150/2732] no-platform   -            Dalu Hawaiian BBQ Oceanside
[2151/2732] no-platform [2151/2732] no-platform   -            The Bistro -[2152/2732] needs-browser order.online Le Macaron French Pastries Westfield UTC
[2153/2732] no-platform   -            Läderach
[2154/2732] needs-browser Square Online storefront Copa Vida
[2155/2732] needs-browser Square Online storefront Dulce Tentación
[2156/2732] fetch-failed[2156/2732] fetch-failed  [2157/2732] needs-browse[2157/2732] needs-browser olo          Dimassi[2158/2732] filed         wix          Pinpoint Cafe - Element
[2159/2732] fetch-failed  -            Suki Hana Japan
[2160/2732] no-platform   -            Julian Food Truck
[2161/2732] no-platform   -            Ono Hawaiian BBQ
[2162/2732] fetch-failed  -            Harborside Cuisine
[2163/2732] fetch-failed  -            The Grub Station (South African )
[2164/2732] no-platform [2164/2732] no-platform   [2165/2732] fetch-failed  -            Punkers Cafe
[2166/2732] needs-browse[2166/2732] needs-browser slice    [2167/2732] no-platform [2167/2732] no-platform   -      [2168/2732] needs-browser -            Windows Cafe
[2169/2732] no-platform   -            Hydout Cafe Hillcrest
[2170/2732] no-platform   -            BREANS
[2171/2732] no-platform[2171/2732] no-platform   -          [2172/2732] no-platform   -            [2172/2732] no-platform   -            Hydout Cafe Hillcrest
[2173/2732] screened-out  shopify    [2174/2732] needs-browse[2174/2732] needs-browser -   [2175/2732] no-platform [2175/2732] no-platform   -            Side S[2176/2732] no-platform [2176/2732] no-platform   -            [2177/2732] no-platform [2177/2732] no-platform   -            [2178/2732] no-platform   -            Living Room Bar
[2179/2732] fetch-failed[2179/2732] needs-browser order.online The Meltdown
[2180/2732] fetch-failed  -      [2181/2732] needs-browser Square Online storefront Copa Vida - Del Mar
[2182/2732] no-platform   -            Grand Ole BBQ PETCO PARK
[2183/2732] fetch-failed  -            El huevo estrellado # 2
[2184/2732] no-platform   -            Boba n More
[2185/2732] needs-browser Square Online storefront Cargo Cafe - Wateridge
[2186/2732] no-platform   -            ZENTRL Kitchen + Bar - Liberty Station
[2187/2732] no-platform [2187/2732] no-platform   -          [2188/2732] needs-browse[2188/2732] needs-browser Square Online storefro[2189/2732] no-platform [2189/2732] no-platform [2190/2732] fetch-failed[2190/2732] fetch-failed  -            Lulu’[2191/2732] needs-browse[2191/2732] needs-browser order.online XENiA Mediterran[2192/2732] fetch-failed[2192/2732] fetch-failed  -     [2193/2732] no-platform [2193/2732] no-platform   -            Win[2194/2732] fetch-failed[2194/2732] fetch-failed  -   [2195/2732] no-platform [2195/2732] no-platform   -   [2196/2732] filed       [2196/2732] filed         spothopper   Blue Water[2197/2732] no-platform   -            ZENTRL Kitchen + Bar
[2198/2732] fetch-failed[2198/2732] needs-browser olo  [2199/2732] needs-browser olo[2199/2732] no-platform   -    [2200/2732] no-platform [2200/2732] no-platform   -            La Tienda Lounge
[2201/2732] needs-browser order.online Häagen-Dazs
[2202/2732] fetch-failed  -            Cafe 477 La Jolla
[2203/2732] screened-out  shopify      Surje Coffee at The Gallery
[2204/2732] fetch-failed  -            Kona Craft Cafe
[2205/2732] no-platform   -     [2206/2732] no-platform [2206/2732] no-platform   [2207/2732] needs-browse[2207/2732] needs-browser -            Ind[2208/2732] filed       [2208/2732] filed         wi[2209/2732] no-platform   -            The Hidden Gazebo Eatery
[2210/2732] no-platform [2210/2732] no-platform   -       [2211/2732] no-platform [2211/2732] no-platform   -       [2212/2732] needs-browser order.online The Meltdown
[2213/2732] needs-browser slice        Napoli Pizza
[2214/2732] needs-browser order.online Pilot Food
[2215/2732] no-platform [2215/2732] no-platform   -            Carnitas[2216/2732] needs-browse[2216/2732] needs-browser or[2217/2732] needs-browse[2217/2732] needs-browser orde[2218/2732] fetch-failed[2218/2732] fetch-failed  -[2219/2732] no-platform [2219/2732] no-platform   - [2220/2732] filed       [2220/2732] filed         wi[2221/2732] no-platform   -            Lobby Lounge - Park Hyatt Aviara
[2222/2732] no-platform   -            Don Maguro
[2223/2732] filed       [2223/2732] filed         wix          Scorched[2224/2732] no-platform   -            The Bean
[2225/2732] filed         chownow      Take 5 on the Greens at 19th Hole Restaurant
[2226/2732] fetch-failed  -            Mama’s Bowl
[2227/2732] no-platform [2227/2732] no-platform   -            [2228/2732] needs-browser order.online The Meltdown
[2229/2732] needs-browse[2229/2732] needs-browser chownow      Ggo[2230/2732] no-platform   -            The Café at Rady Children’s Hospital
[2231/2732] no-platform   -            Limon Mexican food
[2232/2732] filed         wix          TASTE! Craft Eatery
[2233/2732] no-platform   -            Xtravaganza and Sinbad Restaurant
[2234/2732] filed       [2234/2732] filed         own-jsonld   Roc[2235/2732] gated       [2235/2732] gated         chownow      Abuelita'[2236/2732] fetch-failed[2236/2732] no-platform   -  [2237/2732] no-platform   -            Little [2237/2732] fetch-failed  -  [2238/2732] needs-browse[2238/2732] needs-browser -            Temporarily Closed - Garlic and Tahini Egyptian Kitchen - De[2239/2732] no-platform [2239/2732] no-platform   -        [2240/2732] needs-browser order.online The Meltdown
[2241/2732] needs-browse[2241/2732] needs-browser or[2242/2732] needs-browse[2242/2732] needs-browser Square Online (own domain) Mariscos Tone Camarón
[2243/2732] needs-browser -            Sammy's Wo[2244/2732] needs-browse[2244/2732] needs-browser or[2245/2732] no-platform [2245/2732] no-platform   -          [2246/2732] no-platform   -            Kona Kai Club
[2247/2732] fetch-failed  -            Freshly Prepped
[2248/2732] no-platform   -            Emilio's Food Truck
[2249/2732] needs-browser order.online Mar & Ember
[2250/2732] needs-browser order.online The Meltdown
[2251/2732] needs-browser order.online The Burger Den
[2252/2732] fetch-failed[2252/2732] fetch-failed  -     [2253/2732] no-platform   -            JIVe Lounge
[2254/2732] no-platform [2254/2732] no-platform   -      [2255/2732] filed         wix          Thyme To Go
[2256/2732] needs-browse[2256/2732] needs-browser [2257/2732] needs-browser order.online The Meltdown
[2258/2732] no-platform   -            North County Food Hub
[2259/2732] fetch-failed[2259/2732] fetch-failed  -            The Bistro -[2260/2732] no-platform   -            Naija Fusion Cuisine
[2261/2732] no-platform   -            Colors Gourmet Pizza
[2262/2732] fetch-failed[2262/2732] fetch-failed  -        [2263/2732] no-platform   -            El Patron Mexican Food
[2264/2732] needs-browser order.online The Meltdown
[2265/2732] needs-browser order.online The Burger Den
[2266/2732] no-platform [2266/2732] no-platform   -            T[2267/2732] no-platform   -            GRAB & GO Viejas
[2268/2732] filed         own-jsonld   Pho Cow Cali @ UCSD
[2269/2732] needs-browser order.online The Burger Den
[2270/2732] no-platform   -            Bert's Bistro
[2271/2732] filed       [2271/2732] filed         wix  [2272/2732] no-platfo[2272/2732] no-platform   -            Belinda's Famili[2273/2732] filed    [2273/2732] filed         ubere[2274/2732] no-platform [2274/2732] no-platform   -            [2275/2732] no-platform [2275/2732] no-platform   -            Mkutano House
[2276/2732] no-platform   -            The SoCal Vegan
[2277/2732] no-platform   -           [2278/2732] no-platform [2278/2732] no-platform  [2279/2732] needs-browser -            Wing SZN - El Cajon
[2280/2732] no-platform [2280/2732] no-platform   - [2281/2732] no-platform [2281/2732] no-platform   -       [2282/2732] needs-browser Square Online storefront Hommunlii & Co
[2283/2732] no-platform [2283/2732] no-platform   -      [2284/2732] fetch-failed[2284/2732] fetch-failed  -        [2285/2732] no-platform [2285/2732] no-platform   -     [2286/2732] no-platform   -            SHIO Japanese Dining
[2287/2732] fetch-failed  -            Jamul Indian Village
[2288/2732] no-platform [2288/2732] no-platform  [2289/2732] needs-browse[2289/2732] fetch-failed  - [2290/2732] fetch-failed [2290/2732] needs-browser or[2291/2732] no-platform   -            Santaluz Bistro
[2292/2732] no-platform [2292/2732] no-platform   -       [2293/2732] no-platform   -            BBQ @ The Standard
[2294/2732] needs-browser order.online The Meltdown
[2295/2732] no-platform   -            Solrisa
[2296/2732] needs-browse[2296/2732] needs-browser slice        Hollywood Market and Giant Pizza
[2297/2732] no-platform   -            Bosley Cafe
[2298/2732] fetch-failed  -            Med Cafe
[2299/2732] needs-browser -            Fireside Bar & Grill
[2300/2732] no-platform   -            Spinnaker Coffee
[2301/2732] no-platform   -            Sabor a Mi Kitchen (Birrieria)
[2302/2732] no-platform   -            Gomeznutricion
[2303/2732] no-platform   -            CaMau Bakery & Deli
[2304/2732] needs-browser order.online The Meltdown
[2305/2732] needs-browser order.online The Meltdown
[2306/2732] no-platform   -            Soy Leaf Juice Bar & Healthy Grill
[2307/2732] no-platform   -            Sierra's Baking Corner
[2308/2732] no-platform   -            Jordan
[2309/2732] no-platform   -            1022 Cafe & Gelateria
[2310/2732] no-platform   -            Coffee Shop at the Lullabar
[2311/2732] no-platform   -            Blue Bayou
[2312/2732] filed        [2313/2732] needs-browse[2313/2732] no-platform   -            Grand[2314/27[2314/2732] needs-browser Square Online storefront Mindy’s Bakery
[2315/2732] no-platform   -  [2316/2732] no-platform   -            Pastry Pedaler - Bakery Delivery in Pac[2317/2732] no-platfor[2317/2732] no-platform   -          [2318/2732] no-platfor[2318/2732] no-platform   -            Coffee Amore
[2319/2732] no-platform   -            Anila's Cucina Rustica
[2320/2732] no-platform   -            ZENSHI Handcrafted Sushi
[2321/2732] no-platform   -            Gusto & Slices
[2322/2732] no-platform   -            Corner Counter
[2323/2732] no-platform   -            Fairbanks
[2324/2732] no-platform   -            Brick & Bell Plus
[2325/2732] no-platform   -            Sweet Cheeks Homestead
[2326/2732] no-platform   -            E. Lee's Sweets
[2327/2732] no-platform   -            Sweets
[2328/2732] no-platform   -            Seaside Cowboy Coffee
[2329/2732] no-platform   -            UrbanLife Cafe
[2330/2732] no-platform   -            India Princess
[2331/2732] no-platform   -            Mariscos la Baja mar y fuego
[2332/2732] no-platform [2332/2732] no-platform   -      [2333/2732] no-platform   -            Bridget Bakery
[2334/2732] fetch-failed  -            That Girl Can Bake
[2335/2732] fetch-failed  -            Antique Thai
[2336/2732] no-platform   -            PCH Café & Market
[2337/2732] fetch-failed  -            Mis Dos Gallos Taqueria, Fruit & Deli
[2338/2732] needs-browser Square Online (own domain) Sweet Escape Homemade Treats
[2339/2732] fetch-failed  -            Kae’s Kreations
[2340/2732] no-platform   -            Ruthii's Coffee
[2341/2732] no-platform   -            Mama Dukes Roadside
[2342/2732] needs-browser -            The Hamlett
[2343/2732] needs-browser toast        Klatch Coffee - El Cajon Sprouts
[23[2344/2732] needs-browser order.online The Meltd[234[2345/2732] fetch-failed  -            Marisco's Sabor A Mex[234[2346/2732] needs-browser order.online La Pizza [2347/2732][2347/2732] no-platform   -            Filiberto[2348/2732] no-platform   -            Farmer's Fridge
[2349/2732] needs-browser order.online Mexicana Lab 2707 Boston Avenue
[2350/2732] no-platform   -            Filibertos
[2351/2732] needs-browser order.online The Meltdown
[2352/2732] no-platform   -            King Kream Ice Cream
[2353/2732] no-platform [2353/2732] no-platform   -           [2354/2732] no-platform   -            little Estrella bakes
[2355/2732] no-platform   -            ZENSHI Handcrafted Sushi
[2356/2732] no-platform [2356/2732] no-platform   -      [2357/2732] needs-browse[2357/2732] needs-browser Square Onli[2358/2732] no-platform   -            tiger!tiger!
[2359/2732] no-platform   -            Pizza Place
[2360/2732] no-platform   -            Terra Cafe
[2361/2732] needs-browser -            The Coffee Spot
[2362/2732] needs-browse[2362/2732] no-platform   -            Alborz Restaurant
[2363/2732] needs-browser o[2364/2732] fetch-failed[2364/2732] fetch-failed  -  [2365/2732] too-few     [2365/2732] too-few       wix          Bocas Del Sol[2366/2732] no-platform   -            Pei Wei
[2367/2732] no-platform   -       [2367/2732] no-platform[2368/2732] needs-browser order.online Taquizas Maria
[2369/2732] no-platform [2369/2732] no-platform   -            Z[2370/2732] no-platform [2370/2732] fetch-failed  -[2371/2732] fetch-fa[2371/2732] no-platform   -[2372/2732] no-platform   [2372/2732] no-platform   -[2373/2732] fetch-failed[2373/2732] fetch-failed  -            O[2374/2732] no-platform [2374/2732] no-platform   -            Monster Snacks
[2375/2732] no-platform   -            K1 Paddock Lounge - Sports Bar & Res[2376/2732] needs-browse[2376/2732] needs-browser -          [2377/2732] no-platform   -            Kasi
[2378/2732] filed       [2378/2732] filed         shopif[2379/2732] no-platform [2379/2732] no-platform   -            La Gordita
[2380/2732] no-platform   -            Time Out Café
[2381/2732] fetch-failed  - [2382/2732] no-platform   -            Bacio di Latte | Flower Hill, SD
[2383/2732] fetch-failed  -            Lefty's Cheesesteaks
[2384/2732] no-platform   -            ZENSHI Handcrafted Sushi
[2385/2732] fetch-failed  -            Truluck's
[2386/2732] needs-browser order.online Big Daddy's Hawaiian BBQ (San Diego)
[2387/2732] fetch-failed  -            Goats Rose Sourdough
[2388/2732] no-platform   -            Bobby B's
[2389/2732] needs-browse[2389/2732] no-platform   -            The Palma Bar & Grill
[2390/2732] no-platform   -            La Salsa
[2391/2732] needs-browser c[2392/2732] no-platform [2392/2732] no-platform   -    [2393/2732] no-platform [2393/2732] no-platform   -    [2394/2732] no-platform [2394/2732] no-platform   -            Sprinkles Ic[2395/2732] no-platform   -            Dainty Dessert
[2396/2732] no-platform [2396/2732] no-platform   -            [2397/2732] filed         wix          Gemini Twins Bakery
[2398/2732] no-platform [2398/2732] no-platform   [2399/2732] no-platform [2399/2732] no-platform   -  [2400/2732] no-platform   -            La Cantina
[2401/2732] no-platform [2401/2732] no-platform [2402/2732] no-platform   -            Breakwater Brewing Co.
[2403/2732] no-platform [2403/2732] no-platform   -  [2404/2732] no-platform   -            ZENSHI Handcrafted Sushi
[2405/2732] needs-browser order.online Pavilions Bakery
[2406/2732] no-platform   -            Old Fashioned Creamery at Barona
[2407/[2407/2732] no-platform   -            Old Fashi[2408/2732] filed         wix          Pinpoint Cafe - Gateway Torrey Hills
[2409/2732] fetch-failed  -            Blessed by Cake
[2410/2732] no-platform [2410/2732] no-platform   -            The Warehouse
[2411/2732] no-platform   -            Lobster Lab - Sky Deck at Del Ma[2412/2732] needs-browse[2412/2732] needs-browser -            Tortuga Bar and Grill
[2413/2732] no-platform   -          [2414/2732] fetch-failed[2414/2732] needs-browser Square Online [2415/2732] needs-browser S[2415/2732] fetch-failed  -            Baked Babe Cakes & Bakes
[2416/2732] needs-browser Square Online stor[2417/2732] no-platform [2417/2732] screened-out  shopify      Bird Rock Coffee Roasters - Park & Market
[2418/2732] no-platform  [2419/2732] no-platform [2419/2732] no-platform   -            Twist New Zealand Sty[2420/2732] fetch-failed  -            Más Veggies Vegan Taqueria
[2421/2732] no-platform [2421/2732] no-platform   -  [2422/2732] no-platform [2422/2732] needs-browser Squa[2423/2732] needs-browser Square [2423/2732] no-platform   -   [2424/2732] no-platform [2424/2732] filed         order.online Sweet Rosemary
[2425/2732] needs-browser -            Holy Slice Pizza Shop
[2426/2732] no-platform   -            Gelato 101 Temporary store
[2427/2732] filed         shopify      Bonpastry
[2428/2732] no-platform   -            Crave
[2429/2732] no-platform   -            Stacy's SUGAR Shop
[2430/2732] no-platform   -            Pei Wei
[2431/2732] fetch-failed  -            Sabor Al Gusto
[2432/2732] needs-browser chownow      Wanderlust Creamery
[2433/2732] fetch-failed  -            Casa Ocho
[2434/2732] no-platfo[2435/2732] fetch-failed[2435/2732] needs-browser[2436/2732] needs-browser Square Online ([2436/2732] no-platform  [2437/2732] no-platform   -            HOB on Park
[2438/2732] no-platform [2438/2732] no-platform  [2439/2732] no-platform [2439/2732] no-platform   -     [2440/2732] no-platform   -            Herb & Eatery
[2441/2732] no-platform   -            Copper Kings Oceanside
[2442/2732] no-platform   -            Cork Oak Cafe
[2443/2732] needs-browser olo          Coffee Bean
[2444/2732] no-platform [2444/2732] no-platform   [2445/2732] needs-browser -            Big Oven Tacos
[2446/2732] no-platform [2446/2732] no-platform   [2447/2732] filed         spothopper   Cabo Cantina
[2448/2732] no-platform   -            Fouet & Co.
[2449/2732] filed         spothopper   Oishi Sushi at Serra Mesa
[2450/2732] fetch-failed[2450/2732] fetch-failed  -            The[2451/2732] no-platform   -            Calzone Life Escondido
[2452/2732] no-platform   -            SD Custom Cakes
[2453/2732] fetch-failed  -            OB Kebab
[2454/2732] no-platform [2454/2732] no-platform   -         [2455/2732] no-platform [2455/2732] no-platform   [2456/2732] needs-browse[2456/2732] needs-browser Square Online [2457/2732] fetch-failed[2457/2732] fetch-failed  -  [2458/2732] no-platform [2458/2732] no-platform   -     [2459/2732] no-platform [2459/2732] no-platform   -            Vintage Rose Sourdough
[2460/2732] no-platform [2461/2732] no-platform [2461/2732] no-platform   -            Roadtrip[2462/2732] no-platform [2462/2732] no-platform   - [2463/2732] no-platform   -            ZENSHI Handcrafted Sushi
[2464/2732] needs-browser Square Online (own domain) BCB Coffee
[2465/2732] needs-browse[2465/2732] needs-browser Square Online storefront Em Coffee[2466/2732] no-platform [2466/2732] no-platform   -   [2467/2732] no-platform   -            House of Black
[2468/2732] needs-browse[2468/2732] needs-browser Square Online store[2469/2732] needs-browser Square Online (own domain) Hako Sushi Box
[2470/2732] no-platform   -            Dana Andrew Celebrations
[2471/2732] no-platform   -            The Gold Reserve Kitchen & Bar
[2472/2732] no-platform   -            Border X Brewing
[2473/2732] no-platform [2473/2732] no-platform   -       [2474/2732] fetch-failed[2474/2732] fetch-failed  - [2475/2732] needs-browser Square Online storefront Emjaye's Coffee
[2476/2732] no-platform   -            The Neighborhood Cafe
[2477/2732] no-platform   -            Noodles
[2478/2732] no-platform [2478/2732] no-platform   [2479/2732] filed         wix          The Malt House
[2480/2732] no-platform [2480/2732] no-platform   -            The Market
[2481/2732] no-platform   -            Cent'Anni Café
[2482/2732] no-platform   -   [2483/2732] fetch-failed[2483/2732] fetch-failed  -   [2484/2732] no-platform   -            Terrace Lounge
[2485/2732] no-platform   -            Baja Fresh
[2486/2732] fetch-failed[2486/2732] fetch-failed  -        [2487/2732] no-platform   -            Valerio's Finest Bake Shop
[2488/2732] no-platform   -            Mission Brewing (fka Rough Draft)
[2489/2732] no-platform   -            The Dive Bar
[2490/2732] no-platform [2490/2732] no-platform   -            Swe[2491/2732] no-platform   -            Fox Den Bar
[2492/2732] no-platform   -            Casa Café & Market
[2493/2732] no-platform [2493/2732] no-platform   -         [2494/2732] no-platform   -            The Coyote Den
[2495/2732] no-platform [2495/2732] no-platform   -     [2496/2732] fetch-failed[2496/2732] fetch-fail[2497/2732] no-platform [2497/2732] no-platform   -            Z[2498/2732] no-platform [2498/2732] no-platform   -[2499/2732] needs-browser order.online HapiVegan
[2500/2732] needs-browser Square Online storefront Sushi Heights
[2501/2732] fetch-failed  -            All Fried Up
[2502/2732] no-platform   -            M & M Patisserie
[2503/2732] no-platform   -            Pacific Seafood
[2504/2732] filed         wix          Oi Shiba
[2505/2732] no-platform   -            Café Sand Castle
[2506/2732] no-platform   -            Pavilions Bakery
[2507/2732] no-platform   -            Brigitte's Bakery
[2508/2732] filed         wix          Pinpoint Cafe - Pepper Canyon
[2509/2732] no-platform   -            Maderas Golf Club
[2510/2732] no-platform   -            The TriTiperia
[2511/2732] no-platform   -            Island Girl Bakes
[2512/2732] no-platform   -            Haven Cafe
[2513/2732] no-platform   -            ZENSHI Handcrafted Sushi
[2514/2732] no-platform   -            Papi Tacos
[2515/2732] fetch-failed[2515/2732] no-platform  [2516/2732] no-platform   -            Five Cor[2516/2732] fetch-failed [2517/2732] no-platform [2517/2732] no-platform   -            B[2518/2732] no-platform   -            ZENSHI Handcrafted Sushi
[2519/2732] fetch-failed  -            Simply Baked Box
[2520/2732] needs-browser -            Marketplace
[2521/2732] no-platform   -            Buttery Bakes
[2522/2732] no-platform   -            My O My Coffee and Deli
[2523/2732] fetch-failed  -            Calvins' Sportsbar
[2524/2732] no-platform   -            Marquesitas Liah
[2525/2732] no-platform   -            ZENSHI Handcrafted Sushi
[2526/2732] fetch-failed  -            Sunny Bunny Bakes
[2527/2732] no-platform   -            ZENSHI Handcrafted Sushi
[2528/2732] needs-browser Square Online storefront Em Coffee House- Kearny Mesa
[2529/2732] needs-browse[2529/2732] needs-browser -  [2530/2732] no-platform   -            Native Foods
[2531/2732] no-platform   -            Sweet Maison Bakery
[2532/2732] no-platform [2532/2732] no-platf[2533/2732] no-platform   -            Snax
[2534/2732] no-platform [2534/2732] no-platform   -    [2535/2732] no-platform   -            Corner Market
[2536/2732] no-platform [2536/2732] no-platform   -            Valley [2537/2732] no-platform   -            Iron Brew Coffee
[2538/2732] no-platform [2538/2732] no-platform   -         [2539/2732] no-platform [2539/2732] no-platform   -            Z[2540/2732] no-platform   -            elementa
[2541/2732] needs-browser Square Online (own domain) Cado
[2542/2732] no-platform   -            Krispy Krunchy Chicken
[2543/2732] fetch-failed  -            BBQUSION
[2544/2732] no-platform   -            Sifted and Sugared
[2545/2732] no-platform   -            Center Bar
[2546/2732] fetch-failed  -            Javelina Craft Barbecue
[2547/2732] filed       [2547/2732] filed         wix          No More Boring Cakes (horse trailer bakery[2548/2732] no-platform [2548/2732] no-platform   -           [2549/2732] fetch-failed  -            Gourmet Tamales
[2550/2732] needs-browser -            Market La Jolla
[2551/2732] no-platform   -            Hectors pizza
[2552/2732] no-platform   -            Promised Goods
[2553/2732] filed       [2553/2732] filed         shopify [2554/2732] no-platform   -            Village Inn
[2555/2732] filed         sh[2555/2732] filed         shopify   [2556/2732] no-platform   - [2556/2732] no-platform   -[2557/2732] filed         own-jsonld   ALTA Café at Directors Science Park[2558/2732] no-platform   -            Sugar Treats n Cakes
[2559/2732] fetch-failed  -            Diamond Jims
[2560/2732] needs-browser order.online Puesto Taco B[2561/2732] needs-browser order.online Puesto Taco Bar
[2562/2732] no-platform [2562/2732] no-platform   -    [2563/2732] wrong-branch  own-jsonld   Shibuya Nights
[2564/2732] no-platform   -            IMPE Bar
[2565/2732] no-platform [2565/2732] no-platform   -            Deja Vu
[2566/2732] no-platform   -            Slice House by Tony Gemignani
[2567/2732] no-platform   -            Give Us This Day LLC Micro-Bakery
[2568/2732] filed         popmenu      [2569/2732] filed         popmenu      Alohana Acai Bowls - Camp Pendleton Area 21
[2570/2732] too-few     [2570/2732] too-few       shopify [2571/2732] no-platform   -            Dumonts
[2572/2732] no-platform   -            Rancho Bakers
[2573/2732] no-platform   -            Jungle Cart
[2574/2732] needs-browser chownow      Mr Gs Tavern
[2575/2732] fetch-failed  -            Thyme Of Essence
[2576/2732] no-platform   -            Rancho Bakers
[2577/2732] no-platform   -            Veladora
[2578/2732] no-platform   -            Villa Fresh Italian Kitchen
[2579/2732] needs-browser order.online The Meltdown
[2580/2732] wrong-branch  clover       Manzanita Roasting Company and Coffee House
[2581/2732] no-platform [2581/2732] no-platform   -            Ca[2582/2732] fetch-failed  -            Nat Sweet Treats
[2583/2732] needs-browse[2583/2732] needs-browser o[2584/2732] fetch-failed  -            Kellys Pub
[2585/2732] no-platform   -            I Love Pho
[2586/2732] too-few       netwaiter    Thai Pasta
[2587/2732] needs-browse[2587/2732] needs-browser Square Onl[2588/2732] needs-browser order.online Hummus Mediterranean Kitchen
[2589/2732] no-platform   -            Thai Basil
[2590/2732] no-platform   -            GIHON Ethiopian Kitchen
[2591/2732] needs-browse[2591/2732] no-platform   -            [2592/2732] no-platform  [2592/2732] needs-browser Square Online[2593/2732] no-platform [2593/2732] no-platform   -           [2594/2732] fetch-failed[2594/2732] fetch-failed  -            Dryer's Ice Cream Parlor
[2595/2732] fetch-failed  -         [2596/2732] no-platform [2596/2732] no-platform   -            Un[2597/2732] no-platform   -            ZENSHI Handcrafted Sushi
[2598/2732] no-platform   -            Chicken & Crown
[2599/2732] no-platform   -            TEC Cafe
[2600/2732] no-platform   -            Sweet Labors
[2601/2732] no-platform   -            Hacienda De Vega
[2602/2732] no-platform   -            Bovino
[2603/2732] no-platform   -            BCB Coffee Company
[2604/2732] no-platform [2604/2732] no-platform  [2605/2732] fetch-failed[2605/2732] no-platform   -            Ba[2606/2732] no-platform   -            Badas burgers
[2607/2732] no-platform   -            Airport Lounge
[2608/2732] needs-browse[2608/2732] needs-browser order.online S[2609/2732] wrong-branch  order.online Bubba’s Smokehouse BBQ
[2610/2732] n[2610/2732] wrong-branch  order.online B[2611/2732] no-platform [2611/2732] no-platform   -      [2612/2732] no-platform [2612/2732] no-platform   -            [2613/2732] needs-browse[2613/2732] needs-browser[2614/2732] no-platform [2614/2732] no-platform   -  [2615/2732] filed       [2615/2732] filed         shopify      Sweet Sh[2616/2732] no-platform [2616/2732] no-platform   -   [2617/2732] filed       [2617/2732] filed         shopify      B[2618/2732] needs-browse[2618/2732] needs-bro[2619/2732] needs-browser Square Online (own domain) Annabel Cohen Gourmet
[2620/2732] no-platform   -            Pavilions Bakery
[2621/2732] fetch-failed  -            Yonny Mini Hotpot
[2622/2732] needs-browser toa[2622/2732] fetch-failed  -      [2623/2732] no-platform [2623/2732] no-platform   -            Baba's Pizza
[2624/2732] needs-browser order.online F[2625/2732] needs-browser order.online Fish Restaurant
[2626/2732] needs-browser Square Online storefront Cafecito 1806
[2627/2732] no-platform   -            Soda & Swine
[2628/2732] no-platform [2628/2732] no-platform   -            Cafe Fresh
[2629/2732] needs-browser -            Blue Water Grill
[2630/2732] no-platform   -   [2631/2732] no-platform   -            Veronica's Goodies
[2632/2732] no-platform [2632/2732] no-platform  [2633/2732] needs-browse[2633/2732] no-platform   -            Lang's Bakery
[2634/2732] needs-browser [2635/2732] no-platform [2635/2732] no-platform   -            O[2636/2732] filed       [2636/2732] filed         shopify [2637/2732] fetch-failed[2637/2732] fetch-failed  -[2638/2732] no-platform [2638/2732] no-platform   -[2639/2732] needs-browser Square Online (own domain) Mayari Coffee
[2640/2732] needs-browse[2640/2732] needs-browser Square Online storefront[2641/2732] screened-out[2641/2732] screened-out  sh[2642/2732] no-platform [2642/2732] no-platform   -      [2643/2732] filed       [2643/2732] filed         shopify   [2644/2732] needs-browser -            The Landing
[2645/2732] no-platform   -            Scoopy Scoopy Ice Cream
[2646/2732] no-platform   -            Hilltop Cafe
[2647/2732] no-platform   -            Rock Steady
[2648/2732] fetch-failed  -            Island Market
[2649/2732] no-platform   -            Deli and Pizzeria
[2650/2732] no-platform [2650/2732] no-platform   -            [2651/2732] no-platform   -            Tu Taco Taco Shop #2
[2652/2732] fetch-failed  -            In Between
[2653/2732] needs-browse[2653/2732] no-platform   -            The brew inn tavern
[2654/2732] needs-browser order.online Sa[2655/2732] needs-browse[2655/2732] needs-browser -            The Vill[2656/2732] no-platform [2656/2732] no-platform   [2657/2732] no-platform   -            Inland Tavern
[2658/2732] no-platform [2658/2732] no-platform   -  [2659/2732] no-platform [2659/2732] no-platform   -[2660/2732] no-platform   -    [2660/2732] no-platform   -[2661/2732] no-platform [2661/2732] no-platform   -     [2662/2732] no-platform [2662/2732] no-platform   -  [2663/2732] no-platform   -            The Reading Club
[2664/2732] wrong-branch  order.on[2664/2732] no-platform   -     [2665/2732] screened-out  shopify      Tito Ricks Cafe
[2666/2732] needs-browser Square Online storefront Rancho Sandwich & Creamery
[2667/2732] no-platform [2667/2732] no-platform   -            M[2668/2732] no-platform [2668/2732] no-platform   - [2669/2732] no-platform [2669/2732] no-platform   -            The Santaluz Club[2670/2732] no-platform   -            Oliva
[2671/2732] no-platform   -            Kabul West Mediterranean Grill
[2672/2732] no-platform   -            De Los Altos Restaurant
[2673/2732] fetch-failed  -            Chandelier BY G
[2674/2732] no-platform [2674/2732] no-platform   -        [2675/2732] fetch-failed  -            Filo
[2676/2732] wrong-branch  slice        Famous Famiglia
[2677/2732] fetch-failed  -            By The Sea
[2678/2732] no-platform   -            Pinsarella Ancient Roman Pizza
[2679/2732] screened-out  shopify      OTAY CAFE
[2680/2732] no-platform   -            Don Ramon Méxican and sea food
[2681/2732] no-platform   -            Bean Sprouts
[2682/2732] no-platform   -            Nicolosi's Pizza (Mira Lee Way)
[2683/2732] needs-browser order.online Sangucheria PSF Liberty Station
[2684/2732] fetch-failed  -            The Banshee Bar
[2685/2732] no-platform   -            NM Cafe
[2686/2732] no-platform   -            Michoacana Mia - Escondido
[2687/2732] fetch-failed  -            Monserrate Pastries
[2688/2732] fetch-failed[2688/2732] fetch-failed  -            Fa[2689/2732] no-platform   -            Vella Brasserie
[2690/2732] no-platform   -            Health Center Deli
[2691/2732] no-platform   -            Nrgize
[2692/2732] no-platform   -            Coast Coffee Co
[2693/2732] fetch-failed  -            Negro Durazo
[2694/2732] no-platform   -            Heritage
[2695/2732] fetch-failed  -            Griffin Grind
[2696/2732] no-platform   -            HACIENDITA BAKERY
[2697/2732] no-platform   -            Nono José Empanadas
[2698/2732] no-platform   -            High Seas Bar
[2699/2732] fetch-failed  -            Cafe 477 Encinitas
[2700/2732] no-platform   -            Buka - Taste of Nigeria
[2701/2732] no-platform   -            Humphrey Nutrición club herbalife
[2702/2732] no-platform [2702/2732] no-platform   -        [2703/2732] no-platform [2703/2732] no-platform   -            Tocumbo [2704/2732] no-platform [2704/2732] no-platform   -            Rhino [2705/2732] no-platform   -            Mama Kat's Restaurant and Pie Shop
[2706/2732] no-platform   -            Mielimon Bakery
[2707/2732] no-platform   -            Afghan Table
[2708/2732] no-platform   -            Ono Hawaiian BBQ
[2709/2732] needs-browser -            Verde Kitchen & Bar
[2710/2732] no-platform   -            Mexico City Cuisine-CoLab
[2711/2732] no-platform   -            Amalfi Cucina Italiana at Orfila Vineyards
[2712/2732] fetch-failed[2712/2732] fetch-failed  -        [2713/2732] no-platform [2713/2732] no-platform   -       [2714/2732] no-platform   -            Mexico City Cuisine LLC
[2715/2732] no-platform   -            Nothing Bundt Cakes
[2716/2732] no-platform   -            Egg Tuck
[2717/2732] no-platform   -            Hui Hua
[2718/2732] no-platform   -            Lone Pine Eatery
[2719/2732] no-platform   -            Joes on the Nose
[2720/2732] no-platform   -            Sweet Munchies
[2721/2732] no-platform [2721/2732] no-platform   -            30Z [2722/2732] needs-browser Square Online storefront Petite Perk Cafe
[2723/2732] no-platform   -            Thum SD
[2724/2732] fetch-failed  -            SALT N SAVOR DELI & CAFE
[2725/2732] no-platform [2725/2732] no-platform   [2726/2732] no-platform   -            ZENSHI Handcrafted Sushi
[2727/2732] needs-browser Square Online (own domain) The Mighty Bean Coffee Co.
[2728/2732] no-platform   -            Stony Mountain Bar & Grill
[2729/2732] needs-browser chownow      Su Pan Bakery Escondido
[2730/2732] no-platform   -            Country Waffles
[2731/2732] no-platform   -            Lindo Valle Mexican Grill
[2732/2732] no-platform [2732/2732] no-platform   -            The Divers Cup

platform                       attempted         filed       too-few         gated  wrong-branch needs-browser   no-platform  fetch-failed  screened-out
none                                1964             0             0             0             0           101          1526           337             0
order.online                         134             9             1             0            13           104             0             0             7
toast                                 99            17             0             1            25            55             0             0             1
Square Online storefront              95             0             0             0             0            95             0             0             0
shopify                               69            35             3             0             0             0             0             0            31
Square Online (own domain)            52             0             0             0             0            52             0             0             0
chownow                               43            13             0             4             0            26             0             0             0
spothopper                            41            20             2             0             0            16             0             0             3
clover                                30             9             0             0            10             5             0             0             6
own-jsonld                            27            21             1             0             4             0             0             0             1
wix                                   27            23             4             0             0             0             0             0             0
slice                                 26             3             0             0             1            21             0             0             1
olo                                   22             0             0             0             0            22             0             0             0
netwaiter                             19             0            19             0             0             0             0             0             0
popmenu                               17             4             0             0            13             0             0             0             0
SpotOn                                15             0             0             0             0            15             0             0             0
plain-html                            14             0             0             0             0            14             0             0             0
MealKeyWay                            13             0             0             0             0            13             0             0             0
HungerRush                             7             0             0             0             0             7             0             0             0
menufy                                 7             3             0             0             1             0             0             0             3
GloriaFood widget                      4             0             0             0             0             4             0             0             0
ubereats                               4             2             0             0             1             1             0             0             0
Paytronix                              2             0             0             0             0             2             0             0             0
MenuSifu                               1             0             0             0             0             1             0             0             0
TOTAL                               2732           159            30             5            68           554          1526           337            53

159 menus, 12089 dishes
wrote menus/wip/router-20260905-073232.json
wrote menus/wip/router-20260905-073232.notes.json
