queue 2967 (1957 with a website, 1010 via serper fallback only); routing 2967 at concurrency 4

[   1/2967] no-platform   -            Oceanside Harbor Village
[   2/2967] no-platform   -            Crumbl Cookies
[   3/2967] no-platform   -            Westfield UTC
[   4/2967] no-platform   -            Ghirardelli Ice Cream & Chocolate Shop
[   5/2967] no-platform   -            Sessions by the Bay Cannabis Dispensary and Lounge
[   6/2967] filed         own-jsonld   Peterson's Donut Corner
[   7/2967] needs-browser toast        Liberty Public Market
[   8/2967] no-platform   -            Mitsuwa Marketplace - San Diego
[   9/2967] needs-browser chownow      Burger Bench Escondido
[  10/2967] screened-out  order.online Wood Ranch Mission Valley
[  11/2967] no-platform   -            Cardiff Seaside Market
[  12/2967] needs-browser -            Casa de Freds
[  13/2967] no-platform   -            Kaelin's Market
[  14/2967] no-platform   -            Mama Kat's Restaurant
[  15/2967] no-platform   -            Mimi's Ca[  16/2967] no-platform   -            Mimi's Cafe
[  17/2967] needs-browser order.online Rodizio Grill Brazilian Steakhouse San Diego
[  18/2967] no-platform   -            Yogurt Mill
[  19/2967] no-platform   -            Taquería Imperia[ [  20/2967] no-platform   -            El Super
[  21/2967] no-platform   -            Sally's Waterfront Dining
[  22/2967] no-platform   -            Twin Peaks
[  23/2967] no-platform   -            Windmill Food Hall
[  24/2967] no-platform   -            Crumbl Cookies
[  25/2967] needs-browser toast        Draft South Mission
[  26/2967] needs-browser chownow      Brigantine Seafood
[  27/2967] no-platform   -            Acai Republic - Oceanside
[  28/2967] no-platform   -            Public Square Coffee House
[  29/2967] no-platform   -            VG Donut & Bakery
[  30/2967] no-platform   -            Original Pancake House Vista
[  31/2967] no-platform   -            Crumbl Cookies
[  32/2967] no-platform   -            Portside Pier
[  33/2967] no-platform   -            Khyber Pass Zarparan Restaurant | Afghan
[  34/2967] no-platform   -            Lake Cuyamaca Restaurant & Store
[  35/2967] wrong-branch  toast        Lucha Libre Taco Shop
[  36/2967] no-platform   -            Otay Farms Market & Mexican Food
[  37/2967] needs-browser toast        Barrio Star
[  38/2967][  38/2967] needs-browser order.online Tom's Famous Family Restaurant 24
[  39/2967] needs-browser toast        Barrio Star
[  40/2967] needs-browser olo          Dog Haus Biergarten
[  41/2967] no-platform   -            Prohibition Lounge
[  42/2967] no-platform   -            Islands Restaurant Chula Vista
[  43/2967] no-platform   -            Saigon Restaurant
[  44/2967] needs-browser toast        FIT Social
[  45/2967] needs-browser Square Online storefront Wayfarer Bread & Pastry
[  46/2967] no-platform   -            Con Pane Rustic Breads & Cafe
[  47/2967] needs-browser olo          Better Buzz Coffee San Marcos
[  48/2967] no-platform   -            Quartyard
[  49/2967] no-platform   -            Crumbl Cookies
[  50/2967] no-platform   -            Rubio's Coastal Grill
[  51/2967] needs-browser toast        MooTime Creamery
[  52/2967] no-platform   -            Kiko's Place-The Seafood King
[  53/2967] wrong-branch  toast        Good Night John Boy
[  54/2967] no-platform   -            Huckleberry's Breakfast & Lunch
[  55/2967] no-platform   -            Phở Vân Restaurant
[  56/2967] needs-browser order.online Primos Mexican Food & Cantina
[  57/2967] no-platform   -            Fridas Street Tacos
[  58/2967] no-platform   -            Crumbl Cookies
[  59/2967] needs-browser order.online TOM's Famous Family Restaurant 22
[  60/2967] no-platform   -            Sweet Spot Real Jamaican Restaurant
[  61/2967] no-platform   -            Hong Kong Restaurant
[  62/2967] no-platform   -            Crumbl Cookies
[  63/2967] no-platform   -            Crumbl Cookies
[  64/2967] needs-browser -            Noble Experiment
[  65/2967] needs-browser plain-html   Por Favor El Cajon
[  66/2967] needs-browser slice        Massachusetts Mike's Pizzeria
[  67/2967] no-platform   -            Loreto's Taco Shop
[  68/2967] too-few       netwaiter    Su Pan Bakery El Cajon
[  69/2967] needs-browser toast        Tom's Watch Bar - Petco Park
[  70/2967] no-platform   -            Taco Bar
[  71/2967] needs-browser plain-html   Papas & Tacos Mexican Food
[  72/2967] needs-browser chownow      Parakeet Cafe - Little Italy
[  73/2967] no-platform   -            Deiberto's Mexican Restaurant
[  74/2967] no-platform   -            Plazas Mexican Food
[  75/2967] no-platform   -            Carnitas Las Michoacánas
[  76/2967] no-platform   -            The Shores Restaurant
[  77/2967] needs-browser plain-html   Nick's on State
[  78/2967] needs-browser toast        Lanna Thai Cuisine
[  79/2967] needs-browser order.online Jimbo's - Escondido
[  80/2967] no-platform   -            Los Reyes Mexican Restaurant & C[  81/2[  81/2967] needs-browser GloriaFood widget That Mex[  82/2967] too-few       spothopper   Kebab Craft
[  83/2967][  83/2967] no-platform   -            Red Fox Room and Steakhouse
[  84/2967] no-platform   -            Los Garcia's Taco Shop
[  85/2967] needs-browser toast        Coya Peruvian Secret
[  86/2967] no-platform   -            Fallbrook Cafe
[  87/2967] no-platform   -            El Real Mexican Food
[  88/2967] no-platform   -            Stone Brewing Tap Room - Ocea[  89/2967] no-platform   -            Stone Brewing Tap Room - Oceanside
[  90/2967] no-platform   -            Round1 Bowling & Arcade - National City
[  91/2967] screened-out  order.online Grandma Tofu & BBQ
[  92/2967] needs-browser olo          DQ GRILL & CHILL, OCEANSIDE
[  93/2967] needs-browser order.online Vaqueros Carne Asada
[  94/2967] no-platform   -            Barrio Food Hub
[  95/2967] no-platform   -            Los Junior's Mexican Food
[  96/2967] needs-browser -            The Asian Bistro
[  97/296[  97/2967] needs-browser Square Online storefront Empan[  98/2967] [  98/2967] needs-browser slice        Pastalini
[  99/2967] needs-browser slice        Pastalini
[ 100/2967] no-platform   -            I Love Bagels
[ 101/2967] no-platform   -            BunZ
[ 102/2967] no-platform   -            Newtopia Cyder
[ 103/2967] no-platform   -            Rubio's Coastal Grill
[ 104/2967] no-platform   -            Tiajuana Food Court
[ 105/2967] needs-browser toast        The Asian Bistro
[ 106/2967] no-platform   -            Paradise Lounge & Grill - San Diego's Best Sports Bar
[ 107/2967] no-platform   -            Tocumbo Ice Cream
[ 108/2967] screened-out  shopify      4th Ave Lounge
[ 109/2967] no-platform   -            Tacotarian San Diego
[ 110/2967] needs-browser Square Online storefront skybound coffee + dessert lounge
[ 111/2967] needs-browser olo          Panini Kabob Grill - Mission Valley
[ 112/2967] no-platform   -            It's Raw Poke Shop
[ 113/2967] needs-browser Square Online (own domain) Up2You Ca[ 1[ 114/2967] no-platform   -            Antonio's Mexican Food
[ 115/2967] no-platform   -            Crumbl Cookies
[ 116/2967] no-platform   -            Iceskimo
[ 117/2967] no-platform   -            Crumbl Cookies
[ 118/2967] needs-browser order.online Sancho's Tacos
[ 119/2967] needs-browser Square Online storefront Sunny Side Kitchen
[ 120/2967] needs-browser olo          Better Buzz Coffee Coronado
[ 121/2967] needs-browser olo          Better Buzz Coffee Pacific Beach Grand
[ 122/2967] no-platform   -            Hanu Korean BBQ
[ 123/2967] no-platform   -            El Primo Birriería
[ 124/2967] no-platform   -            Cute Cakes Bakery & Café
[ 125/2967] no-platform   -            EQ San Diego
[ 126/2967] no-platform   -            La Concha Bakery
[ 127/2967] needs-browser plain-html   Pancho's Mexican Restaurant
[ 128/2967] needs-browser SpotOn       allmine pizza and past[ [ 129/2967] needs-browser toast        Galpão Gaucho Brazilian Steakhouse
[ 130/2967] no-platform   -            Lucy's Bakery
[ 131/2967] no-platform   -            O'side Bakery
[ 132/2967] no-platform   -            VAGA Restaurant & Bar
[ 133/2967] needs-browser toast        1022 Cafe & Gelateria
[ 134/2967] needs-browser spothopper   Village Pizza
[ 135/2967] needs-browser -            Sammy's Woodfire Pizza and Grille
[ 136/2967] needs-browser toast        Risers Pizza
[ 137/2967] no-platform   -            Eppig Brewing Co. Waterfront Biergarten
[ 138/2967] no-platform   -            Zarlitos Family Restaurant
[ 139/2967] needs-browser order.online Robertito's Mexican Food
[ 140/2967] no-platform   -            Baci Restaurant | Italian
[ 141/2967] needs-browser toast        Shaks Mediterranean Bistro
[ 142/2967] no-platform   -            Golden Mandarin
[ 143/2967] needs-browser Square Online (own domain) Camp Coffee Company
[ 144/2967] needs-browser order.online Sukho Thai Extraordinaire
[ 145/2967] needs-browser -            Beyer Deli
[ 146/2967] needs-browser Square Online (own domain) Beach City Smoothies
[ 147/2967] needs-browser Square Online (own domain) Portal Coffee
[ 148/2967] no-platform   -            Golden Donut
[ 149/2967] needs-browser SpotOn       Souplantation
[ 150/2967] no-platform   -            Frida’s Taqueria Oceanside
[ 151/2967] needs-browser Square Online storefront Prager Brothers Artisan Breads
[ 152/2967] needs-browser spothopper   Los Panchos Mexican Grill & Seafood
[ 153/2967] no-platform   -            The Bella Lounge
[ 154/2967] no-platform   -            Mi Ranchito Taco Shop
[ 155/2967] no-platform   -            Rubio's Coastal Grill
[ 156/2967] no-platform   -            Market on 8th
[ 157/2967] no-platform   -            Niederfrank's Ice Cream
[ 158/2967] no-platform   -            Superbloom Coffee & Juice
[ 159/2967] no-platform   -            Edelweiss Bakery
[ 160/2967] no-platform   -            Birria El Rey
[ 161/2967] needs-browser MealKeyWay   Dumplings N More
[ 162/2967] needs-browser -            California Pizza Kitchen at Solana Beach
[ 163/2967] needs-browser spothopper   Penelopes Mexican Food
[ 164/2967] needs-browser Square Online storefront Maan's Mediterranean Grill
[ 165/2967] needs-browser toast        The Remy
[ 166/2967] no-platform   -            GelatoLove Carlsbad Village
[ 167/2967] screened-out  shopify      Ascend Coffee Roasters
[ 168/2967] no-platform   -            Quixote
[ 169/2967] no-platform   -            Panda Imperial[ 170/2967] [ 170/2967] too-few       order.online Ben & Jerry's
[ 171/2967] no-platform   -            Konito's Cafe
[ 172/29[ 172/2967] too-few       order.online Ben & Jerry's
[ 173/2967] no-platform   -            Manna Heaven BBQ - National City
[ 174/2967] no-platform   -            The Cowshed
[ 175/2967] needs-browser order.online Rise Southern Biscuits & Righteous Chicken - San Diego
[ 176/2967] no-platform   -            The Cowshed
[ 177/2967] no-platform   -            Bonchon Chicken
[ 178/2967] no-platform   -            Crumbl Cookies
[ 179/2967] needs-browser toast        Sultan Baklava
[ 180/2967] no-platform   -            Chiroys Cafe
[ 181/2967] no-platform   -            Yingli Restaurant[ 182/2967] no-[ 182/2967] needs-browser -         [ 183/2967] no-platform   -            Yingli Restaurant | Chula Vista
[ 184/2967] needs-browser HungerRush   Flippin' Pizza NY Pies and Slices
[ 185/2967] needs-browser spothopper   Curry & More - Indian Bistro
[ 186/2967] needs-browser spothopper   3N1 Sports Bar & Grill
[ 187/2967] no-platform   -            Green Vine Delicatessen
[ 188/2967] no-platform   -            Jts Clubhouse Pub and Grill
[ 189/2967] no-platform   -            The Vibe
[ 190/2967] too-few       netwaiter    Aiberto's Taco Shop
[ 191/2967] no-platform   -            Marina Kitchen
[ 192/2967] no-platform   -            Manna Heaven BBQ Downtown
[ 193/2967] no-platform   -            Pacific Beach Ice Cream Co.
[ 194/2967] needs-browser spothopper   Julian Hard Cider
[ 195/2967] no-platform   -            Curbside Eatery & Drinkery
[ 196/2967] no-platform   -            Leucadia Donut Shoppe
[ 197/2967] no-platform   -            Arizona Chinese Restaurant
[ 198/2967] needs-browser -            The Rooftop by STK
[ 199/2967] no-platform   -            ICHIBAN RAMEN AND SUSHI
[ 200/2967] needs-browser -            Canyon Grille
[ 201/2967] no-platform   -            Muri Coffee & Dessert
[ 202/2967] no-platform   -            China Fun
[ 203/2967] needs-browser toast        Tabu Sushi Bar & Grill Santee
[ 204/2967] no-platform   -            Lighthouse Ice Cream
[ 205/2967] no-platform   -            SOMISOMI
[ 206/2967] no-platform   -            The Buffet
[ 207/2967] no-platform   -            Savory Thai Restaurant
[ 208/2967] wrong-branch  toast        Beeside Balcony La Jolla
[ 209/2967] no-platform   -            Ami Sushi
[ 210/2967] no-platform   -            Seafood La 57
[ 211/2967] no-platform   -            Hidden Fish
[ 212/2967] no-platform   -            Coffee by Malibu Farm
[ 213/2967] needs-browser Square Online storefront Bay Park Coffee
[ 214/2967] needs-browser Square Online storefront Portinos Restaurant
[ 215/2967] needs-browser toast        QUICK BITES CAFE / Best Sandwiches
[ 216/2967] too-few       shopify      Mr. Coconut CA
[ 217/2967] no-platform   -            Draft Republic San Marcos
[ 218/2967] needs-browser Square Online storefront Sandwich Emporium
[ 219/2967] no-platform   -            Hurricane Grill & Wings
[ 220/2967] no-platform   -            El Charro Mexican Food
[ 221/2967] no-platform   -            Black Cat Bar
[ 222/2967] needs-browser -            Truckstop Saloon
[ 223/2967] no-platform   -            Emma's Mexican Food
[ 224/2967] needs-browser MealKeyWay   大鼓米线Dagu Miishien
[ 225/2967] no-platform   -            La Sabrosita
[ 226/2967] no-platfor[ 226/2967] no-platform   -            La Sabrosita
[ 227/2967] no-platform   -            Duck Foot Brewing
[ 228/2967] no-platform   -            Helix Brewing Co.
[ 229/2967] needs-browser spothopper   il Sogno Italiano
[ 230/2967] no-platform   -            Mariscos La Perla Negra
[ 231/2967] screened-out  toast        Agave Birrieria
[ 232/2967] no-platform   -            Spitz Mediterranean Street Food
[ 233/2967] no-platform   -            Rancho Las Palmas Mexican Grill & Seafood
[ 234/2967] no-platform   -            Paris Baguette
[ 235/2967] no-platform   -            Angelito's Fruteria Y Neveria
[ 236/2967] needs-browser toast        Healthy Creations Cafe
[ 237/2967] needs-browser toast        Healthy Creations Cafe
[ 238/2967] no-platform   -            Camel's Bar and Grill
[ 239/2967] no-platform   -            Fortuna Ristorante Italiano
[ 240/2967] needs-browser Square Online storefront El Cajon Elks Lodge 1812
[ 241/2967] needs-browser toast        Valentina
[ 242/2967] no-platform   -            Phở Carlsbad
[ 243/2967] no-platform   -            Phở Carlsbad
[ 244/2967] gated         chownow      Finney's Crafthouse
[ 245/2967] no-platform   -            Kinaly Thai Restaurant
[ 246/2967] no-platform   -            SanSai Japanese Grill
[ 247/2967] no-platform   -            Handel's Homemade Ice Cream Vista
[ 248/2967] no-platform   -            Fugu
[ 249/2967] needs-browser Square Online storefront Genteel Coffee Roasters
[ 250/2967] needs-browser order.online TOUS les JOURS Bakery Café - La Jolla
[ 251/2967] needs-browser toast        Novo Brazil Brewing Mission Valley
[ 252/2967] needs-browser toast        NOIR Sushi and Sake Fusion Lounge
[ 253/2967] no-platform   -            The Par Lounge and Deck
[ 254/2967] no-platform   -            Hopnonymous Brewi[ 255/2967][ 255/2967] no-platform   -            Flora
[ 256/2967] no-platform   -            Marisco's German
[ 257/2967] no-platform   -            Tocumbo Ice Cream CV
[ 258/2967] needs-browser order.online Burrito Leo's Mexican Food
[ 259/2967] needs-browser -            Yogurt Heaven
[ 260/2967] needs-browser slice        HillCrust Pizza
[ 261/2967] no-platform   -            Zen 5
[ 262/2967] gated         chownow      Bob's Steak & Chop House
[ 263/2967] no-platform   -            Ramones Cantina
[ 264/2967] needs-browser slice        Italia Pizza
[ 265/2967] needs-browser Square Online (own domain) CUPPA CUPPA COFFEE COMPANY
[ 266/2967] needs-browser toast        Angry Chickz - Oceanside
[ 267/2967] no-platform   -            1St Street Bar
[ 268/2967] needs-browser toast        Burgeon Beer Company
[ 269/2967] no-platform   -            Catalina Offshore Products
[ 270/2967] needs-browser[ 270/2967] no-platform   -            Catalina Offshore Products
[ 271/2967] no-platform   -            A.R. Valentien
[ 272/2967] wrong-branch  toast        Pure Project Vista
[ 273/2967] no-platform   -            Lucy's Bakery
[ 274/2967] no-platform   -            Aztec Brewing Company
[ 275/2967] no-platform   -            Sweet Bakery Mexico Lindo
[ 276/2967] gated         order.online NuYo Frozen Yogurt Telegraph Canyon
[ 277/2967] no-platform   -            Off The 8 Café
[ 278/2967] no-platform   -            Cafe Bella Drive Thru
[ 279/2967] no-platform   -            Booze Brothers Brewing Co.
[ 280/2967] needs-browser olo          Randy's Donuts
[ 281/2967] needs-browser olo          Luna Grill Millenia
[ 282/2967] needs-browser HungerRush   Buonasera New York Pizzeria
[ 283/2967] no-platform   -            Sushi On San Marcos - Japanese Restaurant
[ 284/2967] needs-browser Square Online (own domain) Solana[ 285/2967] needs-b[ 285/2967] no-platform   -            Royal India Express
[ 286/2967] needs-browser MealKeyWay   Surfing Crab Escondido
[ 287/2967] screened-out  menufy       Ginza Sushi
[ 288/2967] no-platform   -            We Olive & Wine Bar
[ 289/2967] no-platform   -            Dragon Express
[ 290/2967] no-platform   -            The Confessional by The Lost Abbey
[ 291/2967] no-platform   -            California Mountain Bakery
[ 292/2967] wrong-branch  toast        Belching Beaver Brewery Oceanside
[ 293/2967] no-platform   -            The Craft Creamery
[ 294/[ 294/2967] no-platform   -            The Craft Creamery
[ 295/2967] needs-browser order.online bb.q Chicken Ch[ 296/2967[ 296/2967] needs-browser toast        Rosemonts Cafe
[ 297/2967] no-platform   -            Ike's Love & Sandwiches
[ 298/2967] wrong-branch  popmenu      Max's Restaurant Chula Vista, Cuisine of the Philippines
[ 299/2967] needs-browser HungerRush   Pop Pops Paleta
[ 300/2967] needs-browser Square Online (own domain) BattleMage Brewing Company
[ 301/2967] no-platform   -            Thai Island@
[ 302/2967] needs-browser spothopper   Santos Coffee
[ 303/2967] no-platform   -            Crumbl Cookies
[ 304/2967] no-platform   -            Palomino's Mexican & Seafood
[ 305/2967] no-platform   -            The Art of Espresso
[ 306/2967] no-platform   -            BKK THAI KITCHEN
[ 307/2967] no-platform   -            Rolling-Out
[ 308/2967] no-platform   -            Deft Brewing
[ 309/2967] no-platform   -            Mesa Pizza
[ 310/2967] no-platform   -            Los Armando's Mexican Food
[ 311/2967] wrong-branch  toast        Madi Pacific Beach
[ 312/29[ 312/2967] wrong-branch  toast        Madi Pacific Beach
[ 313/2967] no-platform   -            Athens Market Taverna
[ 314/2967] needs-browser order.online San Diego Sandwich Co
[ 315/2967] no-platform   -            Teriyaki Sun
[ 316/2967] no-platform   -            TapShack Kombucha & Coffee
[ 317/2967] needs-browser MealKeyWay   Ocean Buffet
[ 318/2967] no-platform   -            Avenue Subs Coronado
[ 319/2967] needs-browser Square Online (own domain) Matcha Cafe Maiko - Escondido
[ 320/2967] no-platform   -            Kaka Rawand - كباب كاكه روند (ملحمة أنوار)
[ 321/2967] wrong-branch  order.online Lourdes Mexican Food San Elijo
[ 322/2967] needs-browser olo          Better Buzz Coffee Oceanside South
[ 323/2967] needs-browser HungerRush   Flippin' Pizza La Costa
[ 324/2967] no-platform   -            Botani Breakfast & Pizzeria
[ 325/2967] no-platform   -            Eugenio Italian Ristorante & More
[ 326/2967] needs-browser -            Marieta's Mexican Food
[ 327/2967] no-platform   -            Sky Deck at Del Mar Highlands Town Center
[ 328/2967] needs-browser spothopper   Johnny Mañanas Ocean Beach
[ 329/2967] no-platform   -            Mi Barra Bar
[ 330/2967] needs-browser order.online Poki Poki - Oceanside # 1
[ 331/2967] no-platform   -            Cake de Partie
[ 332/2967] needs-browser toast        Novo Brazil Brewing - Lane Ave
[ 333/2967] no-platform   -            The Library T[ 334/[ 334/2967] screened-out  own-jsonld   Hanna Garden
[ 335/2967] no-platform   -            Saigon Star Restaurant
[ 336/2967] screened-out  own-jsonld   Hanna Garden
[ 337/2967] no-platform   -            Kababayan Bakery
[ 338/2967] no-platform   -            Valerio's 1979
[ 339/2967] no-platform   -            Thai Garden
[ 340/2967] no-platform   -            Mama G’s Kitchen & Sauces Peruvian Cuisine
[ 341/2967] no-platform   -            the Koffie Co
[ 342/2967] no-platform   -            Paris Baguet[ 3[ 343/2967] no-platform   -            Continent Delicatessen
[ [ 344/2967] no-platform   -            Continent [ 345/2967] n[ 345/2967] no-platform   -            Relic Bakery & Kitchen
[ 346/2967] no-platform   -            Surf City Squeeze
[ 347/2967] no-platform   -            The Camp Store
[ 348/2967] no-platform   -            Pizza Mania
[ 349/2967] no-platform   -            Bravo Cafe
[ 350/2967] no-platform   -            Backdraft Bar & Grill
[ 351/2967] screened-out  shopify      Barefoot Coffee Roasters
[ 352/2967] needs-browser SpotOn       Porky's Lechon Barbecue
[ 353/2967] needs-browser Square Online storefront Crossroads Deli
[ 354/2967] no-platform   -            Famous Oasis Ice Cream Parlor
[ 355/2967] filed         shopify      Flor and Seed Coffee Roasters
[ 356/2967] needs-browser spothopper   Isabelle Briens French Pastry Cafe
[ 357/2967] needs-browser Square Online (own domain) Elixir Espresso & Wine Bar
[ 358/2967] needs-browser order.online Primos Mexican Food & Cantina
[ 359/2967] no-platform   -            Wisteria Candy Cottage
[ 360/2967] needs-browser plain-html   South of Nick's Del Mar | Mexican Kitchen + Bar
[ 361/2967] too-few       netwaiter    Opa Greek Restaurant & Grill
[ 362/2967] no-platform   -            KD's Donuts
[ 363/2967] no-platform   -            Valerio's 1979
[ 364/2967] needs-browser SpotOn       Lupe's Cafe Mexican Restaurant
[ 365/2967] no-platform   -            P.L. Bagels
[ 366/2967] no-platform   -            Ginza Sushi
[ 367/2967] no-platform   -            Imperial Express
[ 368/2967] needs-browser MenuSifu     Sizzling Pot King
[ 369/2967] no-platform   -            Bica Coffee Shop
[ 370/2967] no-platform   -            Taste of Denmark
[ 371/2967] gated         chownow      CinKuni (Italian & Japanese Cuisine)
[ 372/2967] needs-browser SpotOn       Tasty Pho
[ 373/2967] no-platform   -            Potato Corner
[ 374/2967] needs-browser olo          Tocaya Modern Mexican
[ 375/2967] needs-browser Square Online (own domain) Tyne Coffee Co.
[ 376/2967] needs-browser toast        The Outpost by Valley Farm
[ 377/2967] needs-browser olo          Better Buzz Coffee Imperial Beach
[ 378/2967] no-platform   -            Cielo Rooftop
[ 379/2967] no-platform   -            California Bean
[ 380/2967] wrong-branch  order.online Ciné Café
[ 381/2967] needs-browser -            Swami's
[ 382/2967] no-platform   -            El Original Mariscos German
[ 383/2967] no-platform   -            Beginners Diner
[ 384/2967] no-platform   -            Calico Cidery
[ 385/2967] needs-browser Square Online (own domain) Chef Budda Blasian Soul Food LLC
[ 386/2967] no-platform   -            Alibi
[ 387/2967] too-few       shopify      Culture Brewing
[ 388/2967] filed         order.online The Pad Thai Stand
[ 389/2967] no-platform   -            KM BBQ
[ 390/2967] no-platform   -            Glazed Coffee & Creamery
[ 391/2967] no-platform   -            Kaffee Meister
[ 392/2967] no-platform   -            Mariscos Gonzalez
[ 393/2967] needs-browser olo          Luna Grill Encinitas
[ 394/2967] no-platform   -            Piedra Santa
[ 395/2967] no-platform   -            Live Oak Market & restaurant @ gas station
[ 396/2967] no-platform   -            The Leucadian
[ 397/2967] no-platform   -            East Village Brewing Company
[ 398/2967] too-few       netwaiter    Wings mix
[ 399/2967] no-platform   -            Menuderia y mariscos GDL
[ 400/2967] no-platform   -            Mariscos La Bola
[ 401/2967] no-platform   -            Beach + [ 402/2967][ 402/2967] needs-browser toast        Na Tart
[ 403/2967] no-platform   -            Hill Street Donut House
[ 404/2967] no-platform   -            Brewjería Taproom & Kitchen
[ 405/2967] no-platform   -            Gyrogrill
[ 406/2967] needs-browser Square Online storefront Garden Coffee
[ 407/2967] wrong-branch  popmenu      Cocina de Barrio North Park
[ 408/2967] no-platform   -            Fridas Taqueria
[ 409/2967] no-platform   -            Nickel Beer Company
[ 410/2967] no-platform   -            ENO Market & Pizzeria
[ 411/2967] needs-browser slice        Giant Pizza King Linda Vista
[ 412/2967] needs-browser toast        Okama Ramen and Grill
[ 413/2967] needs-browser -            Olala Crepes
[ 414/2967] needs-browser Square Online storefront Thyme for Lunch Cafe & Grill
[ 415/2967] needs-browser clover       Himalayan Bistro Oceanside
[ 416/2967] no-platform   -            Phở Hòa Restaurant | Vietnamese
[ 417/2967] needs-browser -            SoCal Su[ 41[ 418/2967] screened-out  menufy       IB Tha[ [ 419/2967] no-platform   -            Ko-Li Bar
[ 420/2967] no-platform   -            Fusion Bar & Lounge
[ 421/2967] no-platform   -            Mujeres Brew House
[ 422/2967] needs-browser order.online Fatboy's Deli & Spirits
[ 423/2967] needs-browser toast        Chula Vista Brewery
[ 424/2967] needs-browser Square Online storefront Mesa Agricola
[ 425/2967] no-platform   -            Gooseberries kafe
[ 426/2967] no-platform   -            The Grounds Bean Bar
[ 427/2967] needs-browser Square Online (own domain) Industrial Grind Coffee
[ 428/2967] needs-browser chownow      Ironsmith Coffee Roasters
[ 429/2967] no-platform   -            Home Coffee
[ 430/2967] no-platform   -            Paris Baguette
[ 431/2967] needs-browser chownow      Pho Hiep & Grill
[ 432/2967] no-platform   -            Caffé Adesso
[ 433/2967] needs-browser order.online Memo's Bagel Café
[ 434/2967] no-platform   -            Gelabong
[ 435/2967] screened-out  shopify      Seven Seas Roasting Company
[ 436/2967] no-platform   -            Oculto 477
[ 437/2967] needs-browser slice        West Coast Pizza Company
[ 438/2967] needs-browser Square Online storefront iWok Chinese Kitchen
[ 439/2967] needs-browser order.online L&L Hawaiian Barbecue - San Marcos (Inside Walmart)
[ 440/2967] needs-browser Square Online storefront Mnemonic Coffee
[ 441/2967] no-platform   -            Chopsticks Chinese Cuisine
[ 442/2967] no-platform   -            Donut Factory
[ 443/2967] no-platform   -            Charli's Landing
[ 444/2967] needs-browser toast        Fat Joe’s O’side
[ 445/2967] no-platform   -            La Moreliana
[ 446/2967] needs-browser toast        SOBREMESA
[ 447/2967] no-platform   -            Pick Up Stix Fresh Asian Flavors
[ 448/2967] no-platform   -            Tea Pavilion
[ 449/2967] needs-browser -            Banh Mi Blvd
[ 450/2967] no-platform   -            Mutual Friend Ice Cream
[ 451/2967] needs-browser toast        Paradisaea
[ 452/2967] gated         toast        Convoy Music Bar
[ 453/2967] no-platform   -            Poki Poki - Escondido
[ 454/2967] no-platform   -            The BLVD Bar
[ 455/2967] needs-browser Square Online (own domain) Dot Cafe
[ 456/2967] no-platform   -            Katsuya Ko
[ 457/2967] needs-browser order.online BB's Deli
[ 458/2967] no-platform   -            Bronze Bird
[ 459/2967] no-platform   -            Bistro Pazzo
[ 460/2967] no-platform   -            Paris Baguette
[ 461/2967] no-platform   -            Valentinas Taco Shop
[ 462/2967] no-platform   -            YGF Malatang
[ 463/2967] no-platform   -            Memo's Golden Bagel
[ 464/2967] needs-browser order.online Le Macaron French Pastries
[ 465/2967] no-platform   -            The Reunion
[ 466/2967] needs-browser slice        Pop's Pizza
[ 467/2967] needs-browser -            Seaview Restaurant
[ 468/2967] needs-browser order.online bb.q Chicken Vista
[ 469/2967] no-platform   -            Premier Pub
[ 470/2967] no-platform   -            The Lean Bean
[ 471/2967] needs-browser MealKeyWay   Iron Wok
[ 472/2967] no-platform   -            Eat Your Heart Out II
[ 473/2967] needs-browser SpotOn       Kalei's Kitchenette
[ 474/2967] no-platform   -            Side Chick - Chicken & Fries
[ 475/2967] needs-browser order.online Häagen-Dazs
[ 476/2967] needs-browser toast        Origen
[ 477/2967] no-platform   -            Julian Station
[ 478/2967] no-platform   -            San Diego Blenders
[ 479/2967] no-platform   -            EL ENCANTO SD
[ 480/2967] needs-browser toast        Tahini Authentic Middle Eastern Street Food - Mission Valley
[ 481/2967] no-platform   -            Quality Taste Pot
[ 482/2967] no-platform   -            Masala house Indian Restaurant & Catering
[ 483/2967] needs-browser slice        Rock On Pizza
[ 484/2967] no-platform   -            Pazzos Italian
[ 485/2967] needs-browser Square Online storefront Sue's Korean Kitchen
[ 486/2967] no-platform   -            Victor's K[ 487/2967] [ 487/2967] no-platform   -            Bar Kamon
[ 488/2967] no-platform   -            Nanay's Best BBQ
[ 489/2967] no-platform   -            Fruttos Yogurt
[ 490/2967] no-platform   -            Al Teatro Panini Grill
[ 491/2967] no-platform   -            Delah Coffee - North Park
[ 492/2967] no-platform   -            Idego Coffee Roasters
[ 493/2967] screened-out  shopify      BEAURISTA COFFEE
[ 494/2967] no-platform   -            Jalisco Cantina
[ 495/2967] no-platform   -            Explorers Café
[ 496/2967] no-platform   -            Frutas
[ 497/2967] needs-browser Square Online storefront Tacoman
[ 498/2967] too-few       netwaiter    Nolberto's Taco Shop
[ 499/2967] no-platform   -            Criscito Pizza
[ 500/2967] needs-browser Square Online storefront La Ola Seafood
[ 501/2967] needs-browser olo          Panini Kabob Grill - Westfield UTC
[ 502/2967] no-platform   -            43 Area Mess Hall
[ 503/2967] no-platform   -            NuYo Frozen Yogurt Eastlake
[ 504/2967] needs-browser spothopper   Liberty Wing Co
[ 505/2967] no-platform   -            Great Khan's Mongolian Grill Carlsbad
[ 506/2967] no-platform   -            Nory's Donut & Bakery
[ 507/2967] wrong-branch  toast        Lucha Libre Taco Shop
[ 508/2967] no-platform   -            SHELTER Encinitas
[ 509/2967] no-platform   -            Hino
[ 510/2967] no-platform   -            Captain's Quarters
[ 511/2967] no-platform   -            Crispy Cones - Carlsbad
[ 512/2967] no-platform   -            Red Ribbon Bakeshop
[ 513/2967] no-platform   -            Sideways Bar
[ 514/2967] no-platform   -            The Luau
[ 515/2967] needs-browser olo          Better Buzz Coffee Del Mar
[ 516/2967] no-platform   -            Coral Tree Tea House
[ 517/2967] needs-browser spothopper   N City Sports Lounge
[ 518/2967] no-platform   -            Prince Hookah Cafe
[ 519/2967] no-platform   -            Christophe Rull Pat[ 520/2967] no-platform   -            P B Pub
[ 521/2967] no-platform   -            Christophe Rull Patisserie
[ 522/2967] needs-browser Square Online storefront Prager Brothers Artisan Bread
[ 523/2967] no-platform   -            Red Ribbon Bakeshop
[ 524/2967] no-platform   -            Cafe Bella Midway
[ 525/2967] no-platform   -            Nana's and Pops Sweet Shop
[ 526/2967] no-platform   -            Thai Style
[ 527/2967] no-platform   -            JOEHNS Coffee
[ 528/2967] needs-browser toast        La Jollita
[ 529/2967] needs-browser Square Online storefront Fan-Fan
[ 530/2967] wrong-[ 530/2967] needs-browser toast        La Jollita
[ 531/2967] no-platform   -            The Halal Shack
[ 532/2967] no-platform   -            Aztec Food Hub
[ 533/2967] no-platform   -            Aztec Food Hub
[ 534/2967] needs-browser toast        Mr. Charlie's
[ 535/2967] no-platform   -            Penguin Yogurt Factory
[ 536/2967] needs-browser MealKeyWay   One More Bite Dumpling--San Marcos
[ 537/2967] needs-browser -            Sammy's Restaurant & Bar
[ 538/2967] no-platform   -            Tony’s Newport Cafe
[ 539/2967] no-platform   -            Tacos de Birria El Chinito Jr
[ 540/2967] needs-browser plain-html   Donut Stop
[ 541/2967] no-platform   -            Gong Cha
[ 542/2967] no-platform   -            Dos Vaqueros Mexican Food
[ 543/2967] no-platform   -            Taco Time Food Truck
[ 544/2967] screened-out  clover       OB Quik Stop Liquor & OB Deli
[ 545/2967] no-platform   -            Kona Coffee
[ 546/2967] needs-browser Square Online storefront Prager Brothers Artisan Breads
[ 547/2967] needs-browser Square Online (own domain) Beach City Smoothies - Oceanside
[ 548/2967] needs-browser SpotOn       D Wings & Ribs
[ 549/2967] no-platform   -            The Elegant Truffle
[ 550/2967] needs-browser toast        Prey Brewing Company
[ 551/2967] wrong-branch  order.online Party Burgers by Booze Brothers Brewing Co
[ 552/2967] needs-browser -            SHAKA Coffee
[ 553/2967] no-platform   -            ThirsTea - Boba, Rolled Ice Cream
[ 554/2967] no-platform   -            Stagecoach Inn
[ 555/2967] no-platform   -            Millport
[ 556/2967] needs-browser Square Online (own domain) Interim Coffee
[ 557/2967] no-platform   -            Dreamwave Coffee
[ 558/2967] needs-browser -            Panorama Bar & Grill
[ 559/2967] no-platform   -            The Saloon
[ 560/2967] no-platform   -            Ichifuji Sushi
[ 561/2967] no-platform   -            Seahorse Coffee
[ 562/2967] no-platform   -            The Deli Stop
[ 563/2967] no-platform   -            Michi Michi Baking Collective
[ 564/2967] no-platform   -            Pier Pizza
[ 565/2967] needs-browser toast        Matoi
[ 566/2967] needs-browser toast        Tsunami Modern Cuisine
[ 567/2967] needs-browser slice        Lakes Market & Deli
[ 568/2967] needs-browser Square Online storefront Cargo Cafe
[ 569/2967] needs-browser MealKeyWay   JCK Asia Kitchen & Bar
[ 570/2967] needs-browser order.online Poki Poki - Encinitas
[ 571/2967] needs-browser MealKeyWay   Dumplings N More
[ 572/2967] needs-browser HungerRush   Trining's Bakery & Cafe
[ 573/2967] no-platform   -            Parkys
[ 574/2967] needs-browser MealKeyWay   Zhengxin Chicken Steak
[ 575/2967] needs-browser Square Online (own domain) Elixir Espresso Bar
[ 576/2967] no-platform   -            Shanghai Cuisine
[ 577/2967] needs-browser toast        Docent Brewing
[ 578/2967] needs-browser MealKeyWay   Ten Gu Ramen
[ 579/2967] needs-browser Square Online storefront Sul & Beans
[ 580/2967] needs-browser toast        Bonehead Burger Co.
[ 581/2967] no-platform   -            China Express
[ 582/2967] no-platform   -            Poor House Brewing Company
[ 583/2967] no-platform   -            Little Joy Coffee Bar
[ 584/2967] needs-browser Square Online storefront ZzanG Hotdog & Chicken
[ 585/2967] screened-out  order.online La Fresita Y Mas
[ 586/2967] no-platform   -            Mr. Pulpo Sea Food
[ 587/2967] needs-browser toast        Tita's Taco Shop
[ 588/2967] no-platform   -            Reds Whites and Brews
[ 589/2967] screened-out  clover       Hooked On Pokè
[ 590/2967] no-platform   -            Finca
[ 591/2967] no-platform   -            The Lean Machine Meal Prep
[ 592/2967] needs-browser MealKeyWay   Hi!Dumplings
[ 593/2967] no-platform   -            CoLab Public House
[ 594/2967] too-few       shopify      Culture Brewing
[ 595/2967] wrong-branch  order.online Saffron and Rose Persian Ice Cream Del Mar
[ 596/2967] needs-browser olo          Sweetfin
[ 597/2967] no-platform   -            Fuzziwig's Candy Factory
[ 598/2967] needs-browser order.online EsKiNiTa
[ 599/2967] no-platform   -            Channel 2 Sports Bar
[ 600/2967] no-platform   -            Chee-Chee Club
[ 601/2967] needs-browser SpotOn       Crest Taco
[ 602/2967] needs-browser order.online Daniel's Taco Shop
[ 603/2967] needs-browser Square Online (own domain) JAVA GARDEN
[ 604/2967] no-platform   -            Pick Up Stix Fresh Asian Flavors
[ 605/2967] no-platform   -            El Culichi - Birriería y Cenaduría
[ 606/2967] needs-browser SpotOn       Hot or Not Thai
[ 607/2967] no-platform   -            858 Burger
[ 608/2967] needs-browser Paytronix    Pure Green Carlsbad - smoothies + acai + cold-pressed juice
[ 609/2967] no-platform   -            Borrego Rooftop
[ 610/2967] needs-browser MealKeyWay   Szechuan Chef Chinese Cuisine
[ 611/2967] no-platform   -            Bistro Kaz
[ 612/2967] no-platform   -            Rosa's Ice Cream and Fruit Bar
[ 613/2967] no-platform   -            8th & B Poke
[ 614/2967] screened-out  shopify      Mcilhenney Brewing Co.
[ 615/2967] no-platform   -            The Landing Strip Restaurant and Bar
[ 616/2967] needs-browser HungerRush   Flippin Pizza Encinitas
[ 617/2967] filed         own-jsonld   Donut Star
[ 618/2967] needs-browser order.online DaYung's Tea
[ 619/2967] no-platform   -            La Central
[ 620/2967] no-platform   -            Danny's Deli - Jacumba
[ 621/2967] needs-browser -            Elote Restaurant
[ 622/2967] no-platform   -            Chen Golden Palace
[ 623/2967] needs-browser toast        Mess Hall
[ 624/2967] needs-browser -            Stella Jean's Ice Cream Kensington
[ 625/2967] needs-browser toast        Wine Girl San Diego
[ 626/2967] no-platform   -            Yummy Spoon
[ 627/2967] needs-browser toast        Between Us
[ 628/2967] no-platform   -            Mike Hess Brewing Tasting Room
[ 629/2967] no-platform   -            Deano's Pub
[ 630/2967] no-platform   -            It's A Piece A Cake
[ 631/2967] needs-browser plain-html   Chef’s Wok & Dumplings
[ 632/2967] no-platform   -            San Diego Eagle
[ 633/2967] no-platform   -            24 Suns
[ 634/2967] no-platform   -            City Dragon
[ 635/2967] no-platform   -            Sundaes at The Del
[ 636/2967] no-platform   -            The Island at Carlsbad
[ 637/2967] no-platform   -            Kaki Sushi
[ 638/2967] no-platform   -            Okavango Outpost
[ 639/2967] no-platform   -            Canyon Vista Restaurant
[ 640/2967] no-platform   -            Tender Hooligan
[ 641/2967] no-platform   -            Yakumi Sushi SD
[ 642/2967] no-platform   -            Bighorn Fudge LLC
[ 643/2967] needs-browser order.online Poki Poki
[ 644/2967] wrong-branch  toast        Perfect Pizza
[ 645/2967] needs-browser toast        Big City Bagels-(BCB Cafe)-North Park
[ 646/2967] needs-browser chownow      The Boochyard
[ 647/2967] needs-browser toast        Upper East
[ 648/2967] needs-browser chownow      Burger Bench Vista
[ 649/2967] no-platform   -            Intazza Coffee Mug & Grub
[ 650/2967] no-platform   -            Somisomi
[ 651/2967] no-platform   -            Silver Gate Yacht Club
[ 652/2967] no-platform   -            Mikara Cafe
[ 653/2967] no-platform   -            Karihan Filipino Food
[ 654/2967] needs-browser order.online Taste of Thai
[ 655/2967] needs-browser clover       Ryan Bros Coffee City Heights
[ 656/2967] no-platform   -            Kinchana
[ 657/2967] needs-browser toast        Cala La Jolla Café
[ 658/2967] needs-browser Square Online storefront Copa Vida
[ 659/2967] needs-browser order.online Elsa's Kitchen
[ 660/2967] no-platform   -            Spoon House
[ 661/2967] needs-browser Square Online storefront House of Pho
[ 662/2967] no-platform   -            Hoffer's Cigar Bar
[ 663/2967] no-platform   -            Juice Alchemy
[ 664/2967] no-platform   -            The Mission Bay Beach Club
[ 665/2967] no-platform   -            Gloria's Taco Shop
[ 666/2967] needs-browser Square Online storefront Mad Munch Grilled Cheezer Co.
[ 667/2967] screened-out  slice        Mike's Giant New York Pizza
[ 668/2967] needs-browser plain-html   JNC Pinoy Foodmart
[ 669/2967] wrong-branch  toast        Achilles Coffee Roasters
[ 670/2967] needs-browser MealKeyWay   Fish With You ｜Spicy & Sour Fish Soup 鱼你在一起酸菜鱼
[ 671/2967] screened-out  order.online Carbonaro's
[ 672/2967] screened-out  toast        Agave Taco Shop
[ 673/2967] no-platform   -            Cool Down Coffee
[ 674/2967] no-platform   -            Pure Meal Prep SD
[ 675/2967] needs-browser spothopper   Bear Roots Brewing Co.
[ 676/2967] screened-out  order.online Frida's Taqueria
[ 677/2967] needs-browser toast        Thai Ladle
[ 678/2967] no-platform   -            Teriyaki Madness
[ 679/2967] wrong-branch  toast        Common Theor[ 680/2967] wr[ 680/2967] no-platform   -            The Gärten
[ 681/2967] needs-browser chownow      Juice Kaboose
[ 682/2967] needs-browser chownow      Leos Kitchen
[ 683/2967] no-platform   -            Smittys Downtown
[ 684/2967] needs-browser toast        Junction Bar & Grill
[ 685/2967] no-platform   -            Two Hands Corn Dog San Marcos
[ 686/2967] no-platform   -            The Elwood
[ 687/2967] no-platform   -            SD Cookie Guru
[ 688/2967] filed         own-jsonld   Chiim Thai
[ 689/2967] needs-browser toast        Sultan Baklava Mediterranean Grill
[ 690/2967] no-platform   -            Godfather's Diner
[ 691/2967] no-platform   -            Arcana Brewing Company
[ 692/2967] no-platform   -            Tom's Chinese BBQ
[ 693/2967] no-platform   -            Juan Jasper Kitchen & Wine
[ 694/2967] needs-browser spothopper   Bear Roots Tavern
[ 695/2967] wrong-branch  toast        Taco Lounge Escaya
[ 696/2967] needs-browser order.online Deli Belly
[ 697/2967] no-platform   -            La Nacional
[ 698/2967] no-platform   -            Forbidden Cove
[ 699/2967] no-platform   -            Las Brazas Mexican Food
[ 700/2967] no-platform   -            JJANG Korean bbq
[ 701/2967] needs-browser order.online Eggies
[ 702/2967] no-platform   -            2N1 Korean BBQ
[ 703/2967] needs-browser Square Online storefront Tasty Pizza Escondido LLC
[ 704/2967] no-platform   -            All Stars Sports Bar & Grill
[ 705/2967] no-platform   -            Deano's Pub East
[ 706/2967] no-platform   -            DoughBoy's Grill
[ 707/2967] no-platform   -            Brew Wave Coffee
[ 708/2967] ne[ 708/2967] no-platform   -            Brew Wave Coffee
[ 709/2967] needs-browser Square Online storefront The Brewers Tap Room
[ 710/2967] needs-browser SpotOn       La Banana Fruits - Fruteria
[ 711/2967] no-platform   -            Agave Bar and Grill
[ 712/2967] no-platform   -            Kind Coffee
[ 713/2967] screened-out  shopify      Fuzz Coffee and Records
[ 714/2967] too-few       netwaiter    Star Express
[ 715/2967] no-platform   -            Ma's House
[ 716/2967] no-platform   -            Picasso's Naturals
[ 717/2967] needs-browser toast        Angry Petes Pizza Point Loma
[ 718/2967] needs-browser Square Online (own domain) Slurp
[ 719/2967] no-platform   -            Filipino Grill
[ 720/2967] no-platform   -            Hill Top Winery
[ 721/2967] no-platform   -            Nova Easy Kombucha
[ 722/2967] needs-browser toast        Understory Bar
[ 723/2967] no-platform   -            Taqueria Campos
[ 724/2967] needs-browser Square Online (own domain) Rad Habits Juice
[ 725/2967] needs-browser -            Torreyana
[ 726/2967] no-platform   -            Raging Cider & Mead Co
[ 727/2967] needs-browser Square Online storefront Mama Made Thai
[ 728/2967] screened-out  menufy       Sushi Monster
[ 729/2967] no-platform   -            La Corriente [ 730/296[ 730/2967] no-platform   -            Bonchon Chick[ 7[ 731/2967] no-platform   -            The Space Pad
[ 732/2967] no-platform   -            Quarter Deck Inn Cocktails
[ 733/2967] no-platform   -            Vista Bean Coffee
[ 734/2967] no-platform   -            Dragon's Den
[ 735/2967] needs-browser Square Online storefront PB Poke House Oceanside
[ 736/2967] needs-browser order.online Bowls N Brews
[ 737/2967] no-platform   -            Ellie's Wood Fired Pizza
[ 738/2967] no-platform   -            The Story Caffè
[ 739/2967] no-platform   -            Village Pub
[ 740/2967] no-platform   -            Linda's Donuts
[ 741/2967] no-platform   -            Alpine Chill
[ 742/2967] no-platform   -            Main Street Pour House - Vista
[ 743/2967] needs-browser Square Online (own domain) Mirin Kitchen
[ 744/2967] no-platform   -            Spicy Noodle
[ 745/2967] needs-browser slice        Fiori’s Pizza
[ 746/2967] no-platform   -            SusieCakes - Carlsbad Forum
[ 747/2967] no-platform   -            Tastea
[ 748/2967] needs-browser chownow      Juice Caboose
[ 749/2967] no-platform   -            Harvey's
[ 750/2967] needs-browser Square Online (own domain) Aloha Ice Co
[ 751/2967] no-platform   -            Rush Bowls
[ 752/2967] no-platform   -            Tierra Mia Coffee Drive Thru
[ 753/2967] no-platform   -            Thovo Mariscos & Birria
[ 754/2967] no-platform   -            Coffee Wave
[ 755/2967] needs-browser order.online Bag of Beans Cafe & Restaurant
[ 756/2967] needs-browser GloriaFood widget Fuego Mediterranean Grill
[ 757/2967] no-platform   -            Immersion Coffee
[ 758/2967] no-platform   -            Tutti Frutti
[ 759/2967] no-platform   -            KJ Chinese Restaurant
[ 760/2967] needs-browser chownow      Juice Caboose
[ 761/2967] needs-browser SpotOn       Mariscos y Miches El Patron
[ 762/2967] no-platform   -            KYODAI 23 SUSHI
[ 763/2967] no-platform   -            Hometown Taste
[ 764/2967] needs-browser -            Odysea Lounge
[ 765/2967] no-platform   -            Granny's Apple Fries
[ 766/2967] no-platform   -            Litas Fish Market - Oceanside
[ 767/2967] wrong-branch  toast        Pizza 22
[ 768/2967] no-platform   -            Growlers Sports Bar & Taproom
[ 769/2967] needs-browser chownow      Parakeet Cafe - Carlsbad
[ 770/2967] screened-out  shopify      Seven Seas Roasting
[ 771/2967] needs-browser Square Online storefront Kilowatt Craft Beer & Cocktails Oceanside
[ 772/2967] no-platform   -            Marathon Coffee
[ 773/2967] no-platform   -            Vica’s Cafe
[ 774/2967] no-platform   -            Unique Sandwiches
[ 775/2967] needs-browser Square Online storefront Goli
[ 776/2967] no-platform   -            El Mercadito
[ 777/2967] no-platform   -            Bowl To Go
[ 778/2967] no-platform   -            Galata Turkish Ice Cream
[ 779/2967] needs-browser Square Online storefront Dog Leg Brewing
[ 780/2967] no-platform   -            Star Dust Donut Shop
[ 781/2967] no-platform   -            Mi Amigo Mexican Food & Sea
[ 782/2967] no-platform   -            Volcan Mountain Winery
[ 783/2967] no-platform   -            Frank's Bakery - Gibaldi's Italian Bread
[ 784/2967] no-platform   -            Juice Adventure
[ 785/2967] no-platform   -            Java Earth Coffee
[ 786/2967] no-platform   -            Carruth Cellars Tasting Room
[ 787/2967] no-platform   -            Las Michoacanas
[ 788/2967] no-platform   -            Cj Lounge
[ 789/2967] no-platform   -            Fall Brewing Company South Park Taproom
[ 790/2967] needs-browser -            Tutti Frutti Frozen Yogurt
[ 791/2967] no-platform   -            Taqueria Daily Fresh
[ 792/2967] wrong-branch  order.online The Pad Thai Stand
[ 793/2967] no-platform   -            Los Cucos Mexican Food
[ 794/2967] needs-browser Square Online (own domain) The Craft Taco at The Nat
[ 795/2967] no-platform   -            Meadiocrity Mead
[ 796/2967] no-platform   -            Cheers
[ 797/2967] no-platform   -            Ten Seconds Yunnan Rice Noodle
[ 798/2967] needs-browser Square Online storefront Mein St. Asian Kitchen
[ 799/2967] no-platform   -            Social hookah lounge
[ 800/2967] no-platform   -            Jungle Tea
[ 801/2967] needs-browser -            Golden Spoon Carlsbad Plaza
[ 802/2967] no-platform   -            Ocean View Bar & Grill
[ 803/2967] no-platform   -            Saki Saki Sushi Bar & Grill
[ 804/2967] no-platform   -            Bang Bang
[ 805/2967] needs-browser Square Online (own domain) Castelli & Pizarro Family Vineyards & Winery
[ 806/2967] needs-browser slice        Papa's Pizza
[ 807/2967] needs-browser Square Online (own domain) Pho Ever Carlsbad
[ 808/2967] wrong-branch  clover       Burros and Fries
[ 809/2967] no-platform   -            Latchkey Brewing Company
[ 810/2967] no-platform   -            Cup of Yo
[ 811/2967] no-platform   -            Belinda's Famil[ 812/2967] no-platfor[ 812/2967] no-platform   -            Ferlini Coffee
[ 813/2967] no-platform   -            Bar Traza
[ 814/2967] no-platform   -            Midnight Animal Coffee
[ 815/2967] no-platform   -            Park Commons
[ 816/2967] no-platform   -            Crab City (La Jolla Cove)
[ 817/2967] no-platform   -            Hongyuan Kebab
[ 818/2967] no-platform   -            Bobalicious
[ 819/2967] no-platform   -            Nékter Juice Bar
[ 820/2967] needs-browser Square Online storefront Empanada Kitchen
[ 821/2967] no-platform   -            OB Smoothies Bar & Subs
[ 822/2967] no-platform   -            Café Ventanas
[ 823/2967] no-platform   -            Rise + Shine Coffee Shop
[ 824/2967] no-platform   -            Badas Burgers Food Truck
[ 825/2967] needs-browser chownow      moonbowls (Healthy Korean Bowls- Boston Ave)
[ 826/2967] no-platform   -            China Fun
[ 827/2967] no-platform   -            Zodiak Hookah Lounge
[ 828/2967] no-platform   -            South O Brewing Company & Kitchen
[ 829/2967] needs-browser slice        Little Sisters Pizza
[ 830/2967] needs-browser -            Coastal Cantina
[ 831/2967] no-platform   -            Mamma Pinsa
[ 832/2967] no-platform   -            Colima's Mexican Foods
[ 833/2967] wrong-branch  order.online La michoacana Plus San Diego #2
[ 834/2967] no-platform   -            Señor Taquero Taco Shop
[ 835/2967] no-platform   -            Crown Landing
[ 836/2967] no-platform   -            Rumorosa
[ 837/2967] no-platform   -            Sourdough & moore
[ 838/2967] needs-browser toast        Lilo
[ 839/2967] too-few       netwaiter    K & K Orient Valley Food [ 840/2[ 840/2967] no-platform   -            Arteazen Handcrafted Tea
[ 841/2967] needs-browser order.online The Coffee Cart Café & Espresso Catering
[ 842/2967] no-platform   -            Inzane Brewing Co.
[ 843/2967] needs-browser toast        Brites Soft Serve
[ 844/2967] too-few       netwaiter    Kim's Bar-B-Que
[ 845/2967] no-platform   -            Merenda
[ 846/2967] no-platform   -            PB Oriental
[ 847/2967] no-platform   -            Sher the love of cooking
[ 848/2967] needs-browser Square Online storefront Ululani's San Diego
[ 849/2967] no-platform   -            Elite Baking
[ 850/2967] needs-browser GloriaFood widget Jamul Meat Market
[ 851/2967] no-platform   -            Sunny Grove Brewing Company
[ 852/2967] no-platform   -            Xolotacos
[ 853/2967] no-platform   -            Harissa Mediterranean Kitchen
[ 854/2967] no-platform   -            PKI Sushi
[ 855/2967] no-platform   -            Himalayan Chulo
[ 856/2967] no-platform   -            Carne & Hueso
[ 857/2967] no-platform   -            Uncle Feras Middle Eastern Restaurant
[ 858/2967] no-platform   -            Embolden Beer Co.
[ 859/2967] no-platform   -            Mantra Raja
[ 860/2967] needs-browser slice        Del Cerro Pizza
[ 861/2967] no-platform   -            Landshark Bar & Gri[ 862/2967] no-platform   -            Landshark Bar & Grill
[ 863/2967] needs-browser Square Online storefront Pho Ha[ 864/2967] needs-b[ 864/2967] no-platform   -            Spicy Lao Kitchen
[ 865/2967] needs-browser -            Modern Times Coffee
[ 866/2967] no-platform   -            Leucadia Pizza
[ 867/2967] no-platfo[ 867/2967] no-platform   -            Sai Japanese Bi[ 868[ 868/2967] no-platform   -            Leucadia Pizza
[ 869/2967] no-platform   -            Sam's Donuts Shop
[ 870/2967] no-platform   -            Barrio Coffee
[ 871/2967] needs-browser SpotOn       Mexican & Seafood R[ 872/2967] needs-browser SpotOn       Mexican & Seafood Restaurant
[ 873/2967] no-platform   -            Rocko's Family Restaurant
[ 874/2967] no-platform   -            Tacos La Chorreada
[ 875/2967] no-platform   -            Mariscos La Chalupa #1 - Seafood Truck
[ 876/2967] no-platform   -            Lilian's
[ 877/2967] no-platform   -            VUE
[ 878/2967] no-platform   -            Bubbles & Brews Cafe
[ 879/2967] needs-browser order.online Tous les Jours
[ 880/2967] no-platform   -            Bayside Bar & Grill
[ 881/2967] needs-browser toast        Go Greek Authentic Yogurteria
[ 882/2967] no-platform   -            Skyline Cafe
[ 883/2967] filed         shopify      Kyoto Coast Matcha
[ 884/2967] no-platform   -            24 Area Messhall
[ 885/2967] no-platform   -            Sieu Sieu BBQ
[ 886/2967] needs-browser chownow      JRs Grill / G Street Deli
[ 887/2967] needs-browser toast        Dark Horse Japanese Nikkei Cuisine
[ 888/2967] no-platform   -            Cherry Bomb
[ 889/2967] no-platform   -            RomBomb Burger
[ 890/2967] no-platform   -            AMICIBAR
[ 891/2967] needs-browser order.online Häagen-Dazs
[ 892/2967] no-platform   -            Mariscos La Morena
[ 893/2967] no-platform   -            The Pearl Restaurant
[ 894/2967] no-platform   -            Tacos El Villasana
[ 895/2967] needs-browser toast        Canton Bakery by Meta Sweets
[ 896/2967] no-platform   -            Beach wolf
[ 897/2967] no-platform   -            Mother Earth Brew Co.
[ 898/2967] no-platform   -            Tap That
[ 899/2967] needs-browser Square Online (own domain) CUPPA CUPPA [ 900/2967][ 900/2967] needs-browser Square Online storefront Flour Atelier
[ 901/2967] needs-browser -            Yogurt Lounge Serra Mesa
[ 902/2967] needs-browser MealKeyWay   Pho Tan
[ 903/2967] no-platform   -            Truva
[ 904/2967] no-platform   -            ALBACA
[ 905/2967] no-platform   -            Pizza Kaiju
[ 906/2967] no-platform   -            Witherby Bar & Restaurant
[ 907/2967] needs-browser chownow      Donburi Rice Bowls
[ 908/2967] no-platform   -            Zuma San Diego
[ 909/2967] no-platform   -            Easy Thai
[ 910/2967] no-platform   -            Theresa's Italian Steakhouse
[ 911/2967] no-platform   -            Imperial Palace
[ 912/2967] needs-browser Square Online storefront Nobibi Convoy
[ 913/2967] no-platform   -            Easy Thai
[ 914/2967] needs-browser order.online Lady M Cake Boutique - San Diego
[ 915/2967] no-platform   -            TP TEA – San Diego
[ 916/2967] no-platform   -            Lapper Kitchen + Tap
[ 917/2967] no-platform   -            Tina's Baking Addiction
[ 918/2967] no-platform   -            Over The Tap
[ 919/2967] no-platform   -            The Cove [ 920/2967] no-platform   -            The Cove Bar & Grill
[ 921/2967] no-platform   -            Kiku Room
[ 922/2967] needs-browser toast        Swagyu Burger [ 92[ 923/2967] no-platform   -            Kim's Deli
[ 924/2967] no-platform   -            Happytime Tea
[ 925/2967] no-platform   -            Vinya Yoga and Wine Bar
[ 926/2967] no-platform   -            The Sushi Stand
[ 927/2967] too-few       own-jsonld   Vinh Long Food To Go
[ 928/2967] no-platform   -            Treo Kitchen + Bar
[ 929/2967] needs-browser MealKeyWay   Tengu Ramen
[ 930/2967] needs-browser toast        Mary's Salads
[ 931/2967] needs-browser order.online Poki Poki Carlsbad - Boba & Brewski
[ 932/2967] needs-browser toast        Taco Loco
[ 933/2967] needs-browser Square Online storefront Muse Cheesecakes & Bakery
[ 934/2967] no-platform   -            Campus Cafe
[ 935/2967] no-platform   -            Ching's Famous Hopia
[ 936/2967] no-platform   -            Coffee Culture
[ 937/2967] needs-browser -            Kaluú Upscale Mexican & Lounge
[ 938/2967] no-platform   -            Tacos el Niño Santana
[ 939/2967] no-platform   -            Suspiros Cakes Chula Vista
[ 940/2967] needs-browser toast        Fiesta Mexican Grille
[ 941/2967] no-platform   -            My Vegan Pie
[ 942/2967] needs-browser order.online El Rinconcito Fruteria
[ 943/2967] needs-browser order.online Sr. Taquito
[ 944/2967] no-platform   -            Sabroso taco savor a mi tierra
[ 945/2967] no-platform   -[ 945/2967] no-platform   -            Sabroso taco savor a mi tierra
[ 946/2967] needs-browser Square Online (own domain) Teuscher Chocolates San Diego
[ 947/2967] no-platform   -            LJ Crafted Wines - Wines & Tastings
[ 948/2967] no-platform   -            Josie's Hideout Saloon
[ 949/2967] no-platform   -            Necter Juice Bar
[ 950/2967] too-few       wix          Dame Más Cafeina
[ 951/2967] no-platform   -            Cafe Aero
[ 952/2967] no-platform   -            The Coffee Bar at Foothills Church
[ 953/2967] no-platform   -            Presotea
[ 954/2967] no-platform   -            Buttery Bakes
[ 955/2967] needs-browser chownow      Parakeet Cafe - Nautilus
[ 956/2967] no-platform   -            Gather
[ 957/2967] wrong-branch  order.online The Pad Thai Stand
[ 958/2967] needs-browser slice        Milo’s Pizza &[ 959/[ 959/2967] no-platform   -            Mission Donut Ho[ 96[ 960/2967] no-platform   -            J Crepe & Cafe
[ 961/2967] no-platform   -            Imperial Beach Kitchen
[ 962/2967] no-platform   -            Oakberry Açaí bowls
[ 963/2967] no-platform   -            Fat Tuesday
[ 964/2967] no-platform   -            Valerio's 1979
[ 965/2967] no-platform   -            D'liteful Chocolat
[ 966/2967] no-platform   -            Baklava King
[ 967/2967] no-platform   -            Old Hickory Steakhouse
[ 968/2967] no-platform   -            Yas Lounge
[ 969/2967] no-platform   -            CRAVE Mediterranean Grill
[ 970/2967] needs-browser Square Online storefront Societe Brewing Company
[ 971/2967] needs-browser Square Online storefront Common Grounds Cafe - MCRD Base
[ 972/2967] no-platform   -            Tasty Donuts
[ 973/2967] no-platform   -            Trevi Hills Winery
[ 974/2967] needs-browser toast        Asado Gaucho - Argentinian Meat Dining Experience
[ 975/2967] no-platform   -            Fall Brewing Company
[ 976/2967] no-platform   -            12 HRS MATCHA CAFE
[ 977/2967] no-platform   -            Arevalo's Bakery
[ 978/2967] no-platform   -            Arevalo's Bakery
[ 979/2967] no-platform   -            Ono Hawaiian BBQ
[ 980/2967] no-platform   -            NuYo Frozen Yogurt Encinitas
[ 981/2967] needs-browser order.online Poke One N Half
[ 982/2967] needs-browser Square Online storefront Loma Salad Bar
[ 983/2967] no-platform   -            Old Town Eatery
[ 984/2967] no-platform   -            The Nutrition Place
[ 985/2967] needs-browser clover       Blendees
[ 986/2967] no-platform   -            Charade Speakeasy
[ 987/2967] no-platform   -            Killer Whale Creamery
[ 988/2967] needs-browser clover       Bruster[ 989/2967] needs-[ 989/2967] no-platform   -            Lambers Chinese Bakery
[ 990/2967] no-platform   -            Jamal's Chicken
[ 991/2967] no-platform   -            Carruth Cellars Urban Winegarden & Cheese Shop: Liberty Station
[ 992/2967] no-platform   -            Tres Hermanos Locos Tacos
[ 993/2967] needs-browser order.online Lezat Indonesian Kitchen
[ 994/2967] no-platform   -            Sunny Dumpling House
[ 995/2967] needs-browser Square Online (own domain) Cafe Pascale Grill & Deli
[ 996/2967] needs-browser order.online Mamamia Pizza Kitchen
[ 997/2967] no-platform   -            Cha Cha Tea Spot
[ 998/2967] needs-browser chownow      Off the Vine Gardens Deli And Catering
[ 999/2967] no-platform   -            Alona’s Caketots
[1000/2967] no-platform   -            SINTA
[1001/2967] no-platform   -            S T U D I O Restaurant + Bar
[1002/2967] needs-browser Square Online storefront Golden Dragon
[1003/2967] needs-browser toast        Nomada
[1004/2967] no-platform   -            GOLDEN DRAGON ASIAN CUISINE
[1005/2967] no-platform   -            Taqueria El Patron
[1006/2967] no-platform   -            chance's coffee
[1007/2967] needs-browser order.online TOUS les JOURS Bakery Café - National City
[1008/2967] needs-browser Square Online storefront Bean Box
[1009/2967] needs-browser -            Cluck N Sip
[1010/2967] needs-browser toast        Bros Kabob
[1011/2967] no-platform   -            Burtech Family Vineyard Tasting Room
[1012/2967] no-platform   -            Shake Smart
[1013/2967] needs-browser olo          Randy’s Donuts
[1014/2967] no-platform   -            Cleopatra's Lounge
[1015/2967] needs-browser -            Pure Squeeze
[1016/2967] no-platform   -            Hannegan’s House Beer Co & Creamery
[1017/2967] needs-browser -            Divina Matcha
[1018/2967] nee[1018/2967] no-platform   -            La Clochette
[1019/2967] no-platform   -            Brewery X
[102[1020/2967] needs-browser order.online Torta Time
[1021/2967] needs-browser order.online Torta Time[1022/2967] no-platform   -            Italian Cucina
[1023/2[1023/2967] needs-browser Square Online (own domain) Chefs Cafe
[1024/2967] no-platform   -            102 Scone Co.
[1025/2967] no-platform   -            Momo Sando&Oma[1026[1026/2967] no-platform   -            Izakaya Maíze[[1027/2967] needs-browser toast        Divina Matcha
[1028/2967] needs-browser olo          McConnell's Fine Ice Creams - Carlsbad
[1029/2967] no-platform   -            Amuse Lounge and Patio
[1030/2967] no-platform   -            SciEats (Nonprofit Eatery)
[1031/2967] no-platform   -            Golden Donut
[1032/2967] no-platform   -            Tower39 Rooftop Lounge
[1033/2967] no-platform   -            Jaguar Paw
[1034/2967] too-few       netwaiter    Playa Azul Mariscos Restaurant
[1035/2967] no-platform   -            Smoking Cannon Brewery[[1036/2967] no-platform   -            Ohana Nutrition
[1037/2967] no-platform   -            Cocina De Ledezma LLC
[1038/2967] no-platform   -            Honey Cafe & Store
[1039/2967] no-platform   -            Qualcomm Cafe Q
[1040/2967] no-platform   -            Pasta Design
[1041/2967] no-platform   -            Linda's Yogurt & Deli
[1042/2967] no-platform   -            TJ BURRITO Co.
[1043/2967] no-platform   -            The Sanctuary by The Lost Abbey
[1044/2967] needs-browser Square Online (own domain) Inka'fe SD Coffee Shop
[1045/2967] no-platform   -            All That Shabu
[1046/2967] no-platform   -            Backstreet Brewery
[1047/2967] screened-out  toast        High Marea
[1048/2967] no-platform   -            Bivouac Adventure Lodge Coffee Shop
[1049/2967] no-platform   -            Delicia's Taco Shop
[1050/2967] no-platform   -            Cake
[1051/2967] no-platform   -            Papa Bambino's
[1052/2967] needs-browser toast        Market St Pizzeria
[1053/2967] needs-browser -            LUCIEN
[1054/2967] no-platform   -            Michael's in Borrego
[1055/2967] no-platform   -            The Bar at Moniker General
[1056/2967] needs-browser order.online Fatboy's Deli & Spirits
[1057/2967] no-platform   -            Veranda
[1058/2967] no-platform   -            Lemon City Taphouse
[1059/2967] wrong-branch  toast        Cosmos Burger Carlsbad
[1060/2967] no-platform   -            Backyard Brewery
[1061/2967] no-platform   -            Backyard Brewery
[1062/2967] no-platform   -            Panaderia Fuentes
[1063/2967] no-platform   -            Weir Beer
[1064/2967] no-platform   -            Red Ribbon Bakeshop
[1065/2967] no-platform   -            Warner Springs Golf Shop & Grill
[1066/2967] needs-browser Square Online storefront Moniker Coffee Co. at The Craft Creamery
[1067/2967] no-platform   -            Iceskimo
[1068/2967] no-platform   -            Michi Brew Co.
[1069/2967] needs-browser Square Online storefront Cargo Cafe - Sorrento Valley
[1070/2967] no-platform   -            Honney Doffee Coffee
[1071/2967] no-platform   -            Noodles - Authentic Asian Cuisine
[1072/2967] needs-browser toast        One of Us
[1073/2967] no-platform   -            The Coffee House at North Coa[1074/2967[1074/2967] filed         toast        Napatini Bistro and Wine Bar
[1075/2967] wrong-branch  toast        Boba Tea Spot
[1076/2967] no-platform   -            Cali Banh Mi
[1077/296[1077/2967] wrong-branch  toast        Boba Tea Spot
[1078/2967] no-platform   -            Culture Craft Coffee & Espresso
[1079/2967] needs-browser chownow      Parakeet Juicery - La Jolla
[1080/2967] no-platform   -            The Grillery
[1081/2967] no-platform   -            The Golf Bar
[1082/2967] needs-browser Square Online storefront Purl Tea San Marcos
[1083/2967] no-platform   -            Nova Boba and Coffee shop
[1084/2967] no-platform   -            Little Fawn
[1085/2967] screened-out  shopify      Ascend Coffee Roasters
[1086/2967] wrong-branch  toast        Gold Coffee Shop
[1087/2967] filed         own-jsonld   The San Diego Taco Truck
[1088/2967] no-platform   -            CHERRYBOMB EC
[1089/2967] too-few       netwaiter    Ba Le French Sandwich Shop
[1090/2967] no-platform   -            Milonga Empanadas
[1091/2967] needs-browser Square Online storefront Cargo Cafe - Paseo Del Mar
[1092/2967] no-platform   -            Tazza D'Oro
[1093/2967] no-platform   -            Cakey Bakey
[1094/2967] needs-browser Square Online (own domain) Balboa Candy
[1095/2967] no-platform   -            Las Ricas Tortas
[1096/2967] no-platform   -            Milonga Empanadas Fashion Valley
[1097/2967] no-platform   -            All Things Ube Desserts
[1098/2967] no-platform   -            Dream Fountain Catering
[1099/2967] no-platform   -            Pub 1795
[1100/2967] no-platform   -            Ho Wan Noodle Shop
[1101/2967] no-platform   -            Los Primos Panaderia
[1102/2967] no-platform   -            Elegance On Display
[1103/2967] no-platform   -            Drinky Promis[1[1104/2967] needs-browser toast        Pita Pit
[110[1105/2967] needs-browser toast        Pita Pit
[1106/2967] no-platform   -            OMG Crêpes
[1107/2967] no-platform   -            Hopnonymous Brewing - Normal Heights
[1108/2967] no-platform   -            Poki Poki[1109/2967] no-platform   [1109/2967] needs-browser order.online Bird-N-Bun
[1110/2967] needs-browser Square Online storefront Copa Vida Torrey Ridge
[1111/2967] no-platform   -            Plant Power Fast Food Digital Kitchen
[1112/2967] no-platform   -            Al Umaraa Restaurant & Market
[1113/2967] needs-browser order.online Beard Papa’s San Diego
[1114/2967] needs-browser olo          Better Buzz Coffee Santee
[1115/2967] no-platform   -            Route 6 Coffee & Smoothies
[1116/2967] no-platform   -            5 O'Clock Somewhere Rooftop Bar
[1117/2967] no-platform   -            Krak Boba
[1118/2967] screened-out  shopify      Party Time Liquor
[1119/2967] no-platform   -            Urban Skillet San Diego
[1120/2967] needs-browser spothopper   Tipping Pint[1121/2967] needs-browser spothopper   Tipping Pint Brewing Co.
[1122/2967] no-platform   -            Elote
[1123/2967] no-platform   -            Scena Fusion Kitchen & Bar
[1124/2967] filed         wix          Sourpuss Donuts
[1125/2967] no-platform   -            Feisty Kate's Burgers and Malts
[1126/2967] no-platform   -            Mike Hess Brewing - Seaport Village Taphouse
[1127/2967] no-platform   -            Red Eye Saloon
[1128/2967] needs-browser toast        Johnny Radz Pizza
[1129/2967] needs-browser Paytronix    Ziggi's Coffee
[1130/2967] needs-browser olo          Panini Kabob Grill - Park 12
[1131/2967] no-platform   -            Duck Foot Brewing
[1132/2967] no-platform   -            El Flako's Wrangler Barbecue
[1133/2967] needs-browser toast        Clara's Kitchen ( Soul Food) Micro-enterprise Home Kitchen
[1134/2967] no-platform   -            El Flako's Wrangler Barbecue
[1135/2967] no-platform   -            The Loft at UC San Diego
[1136/2967] no-platform   -            FLAVORFUL Dessert Atelier
[1137/2967] no-platform   -            Ramones Mexican BBQ
[1138/2967] no-platform   -            Guadalupe Brewery Tap House
[1139/2967] needs-browser -            Grab & Go
[1140/2967] no-platform   -            Blue Bowl [1141/2967] no-platform[1141/2967] no-platform   -            Dole Whip
[1142/2967] needs-browser Square Online (own domain) The Cakery Cafe
[1143/2967] needs-browser Square Online (own domain) The Cakery
[1144/2967] needs-browser Square Online storefront Copa Vida
[1145/2967] no-platform   -            Birria el Chavita
[1146/2967] needs-browser toast        Grab & Go
[1147/2967] no-platform   -            Plant Power Fast Food
[1148/2967] no-platform   -            Dulzura Vineyard and Winery
[1149/2967] no-platform   -            Carnitas la Bendición
[1150/2967] no-platform   -            French Secret Pastry (Pre-Order Only)
[1151/2967] no-platform   -            Citizen Brewers
[1152/2967] no-platform   -            La Michoacana Elite
[1153/2967] needs-browser Square Online (own domain) Le Charcuterie Bar
[1154/2967] no-platform   -            The Trap Shack
[1155/2967] no-platform   -            Shabu Spot
[1156/2967] no-platform   -            KD`S Donuts
[1157/2967] no-platform   -            Silver Hoof Creamery
[1158/2967] needs-browser -            Pelican's on the Bay
[1159/2967] no-platform   -            Rank & File
[1160/2967] no-platform   -            Lonchera Mariscos El Gordo
[1161/2967] no-platform   -            Salt & Fin
[1162/2967] no-platform   -            Side Chick - Chicken & Fries
[1163/2967] no-platform   -            La Mesa Wine Works
[1164/2967] no-platform   -            Sunright Tea Studio
[1165/2967] no-platform   -            Teaspoon Escondido
[1166/2967] no-platform   -            We Cookn
[1167/2967] screened-out  shopify      Seven Seas Roastin[1168/[1168/2967] no-platform   -            Jaybird Superette
[1169/2967] screened-out  shopify      Come Back Coffee Co.
[1170/2967] no-platform   -            La Rikura Mexican[1171/[1171/2967] no-platform   -            Starbread Bakery
[1172/2967] no-platform   -            Tamales Oaxaquenos
[1173/2967] no-platform   -            El Cajon taco shop
[1174/2967] too-few       netwaiter    J & J's Mexican Food
[1175/2967] no-platform   -            The Cafe
[1176/2967] no-platform   -            Emerald Chinese Cuisine
[1177/2967] no-platform   -            Dr Boochart
[1178/2967] wrong-branch  own-jsonld   Tako
[1179/2967] no-platform   -            Super Smoothies
[1180/2967] no-platform   -            Zodiac Boba
[1181/2967] no-platform   -            California Bean
[1182/2967] no-platform   -            Subterranean Coffee Drive thru
[1183/2967] no-platform   -            Shake Bar & Lounge
[1184/2967] no-platform   -            The Honor Bar
[1185/2967] no-platform   -            Tamales Escondido
[1186/2967] filed         own-jsonld   Hong Kong Kitchen & Dimsum
[1187/2967] no-platform   -            Fres.Co
[1188/2967] no-platform   -            NuYo Frozen Yogurt Solana Beach
[1189/2967] no-platform   -            Beach Sweets
[1190/2967] no-platform   -            Candy Land
[1191/2967] no-platform   -            Huy Ky Bakery
[1192/2967] no-platform   -            The Funky Frenchie (Lemon Grove)
[1193/2967] needs-browser -            85°C Bakery Cafe-Santee
[1194/2967] no-platform   -            Bistro at the Pier
[1195/2967] no-platform   -            Claudia’s [1196/2967[1196/2967] no-platform   -            6 7 Deli & Pizza
[1197/2967] no-platform   -            Savvy Macs, Inc.
[1198/2967] needs-browser Square Online storefront Its Cafe Thai
[1199/2967] no-platform   -            Devil and Angel
[1200/2967] no-platform   -            Olive Branch Eatery
[1201/2967] no-platform   -            Viewpoint Kitchen + Bar
[1202/2967] no-platform   -            Bücha Hard Kombucha
[1203/2967] needs-browser toast        ALOHA GRILL
[1204/2967] no-platform   -            The Red Barn
[1205/2967] no-platform   -            F Street Cafe[[1206/2967] no-platform   -            Jery's Pizza
[1207/2967] no-platform   -            Zoo Brew
[1208/2967] no-platform   -            Dockside Casual Seafood Counter
[1209/2967] wrong-branch  toast        Knead Artisan Bakery
[1210/2967] no-platform   -            Phology Noodle House - Pho Vietnamese Chula Vista CA
[1211/2967] too-few       netwaiter    Pizza Grande
[1212/2967] no-platform   -            Cafe Nordstrom
[1213/2967] no-platform   -            Corner Office Pizza and Craft Bar
[1214/2967] no-platform   -            Bianchi Pizza & Pasta
[1215/2967] no-platform   -            Golden Grill
[1216/2967] no-platform   -            Stratus Restaurant & Bar
[1217/2967] no-platform   -            Little Victory Wine Bar
[1218/2967] no-platform   -            The MRKT
[1219/2967] needs-browser toast        Zest Wine Bistro
[1220/2967] no-platform   -            The Morning Grove
[1221/2967] no-platform   -            Diego's Taco Shop
[1222/2967] no-platform   -            Shake Smart
[1223/2967] no-platform   -            Craft Pizza
[1224/2967] no-platform   -            Surf City Squeeze
[1225/2967] no-platform   -            Ground Up Cafe
[1226/2967] no-platform   -            Oscar's Meat pies
[1227/2967] no-platform   -            SAKE BAR GAGA
[1228/2967] too-few       netwaiter    Sandwich Place
[1229/2967] needs-browser MealKeyWay   Yuki Yuki
[1230/2967] no-platform   -            Three Boys Coffee
[1231/2967] needs-browser -            Sammy's Restaurant & Bar
[1232/2967] no-platform   -            Board & Brew - Downtown San Diego
[1233/2967] no-platform   -            Dirty Dough - Oceanside
[1234/2967] no-platform   -            Thai Thai Melrose Restaurant
[1235/2967] no-platform   -            Royal Pearl Tea
[1236/2967] needs-browser chownow      Sunset Thai Ocean Beach
[1237/2967] no-platform   -            Forum Deli
[1238/2967] no-platform   -            PAPA GUAPO CANTINA
[1239/2967] no-platform   -            Mission Brewing - Kensington
[1240/2967] needs-browser toast        Bao Bar
[1241/2967] no-platform   -            Cherrie Blossom Tea & Boba
[1242/2967] needs-browser Square Online storefron[1243/2967] needs-browser [1243/2967] wrong-branch  toast        Tapas Bar
[1244/2967] needs-browser GloriaFood widget Maria's Coffee Shop
[1245/2967] no-platform   -            Last Spot Bar
[1246/2967] no-platform   -            664
[1247/2967] no-platform   -            The Guild Bar
[1248/2967] no-platform   -            Panadería González
[1249/2967] no-platform   -            Healthy Grill Mediterranean
[1250/2967] no-platform   -            Koobrew
[1251/2967] no-platform   -            Mantra Sukha Tea Lounge
[1252/2967] no-platform   -            Gintaro Sushi
[1253/2967] no-platform   -            Marzul Coastal Cuisine
[1254/2967] no-platform   -            The Mudbar
[1255/2967] no-platform   -            Barbeer
[1256/2967] no-platform   -            Test Kitchen
[1257/2967] needs-browser Square Online storefront Petite Paleo Bakery
[1258/2967] no-platform   -            Crafted Coastal Bakery
[1259/2967] no-platform   -            Carnitas Paracho Garibay
[1260/2967] needs-browser order.online Solana Frosty
[1261/2967] no-platform   -            El Santo Remedio Cantina
[1262/2967] no-platform   -            The Boarding Home
[1263/2967] wrong-branch  popmenu      Alohana Acai Bowls and Smoothies - North Park
[1264/2967] no-platform   -            ABC Market & Deli
[1265/2967] no-platform   -            117⁰ West Spirits Speakeasy
[1266/2967] no-platform   -            Candy Land Café San Diego
[1267/2967] no-platform   -            Super Express Chinese Food
[1268/2967] no-platform   -            Casa Del Marisco Rafaelas
[1269/2967] no-platform   -            Hillside Ranch Vineyard
[1270/2967] no-platform   -            Drunk Confections
[1271/2967] needs-browser Square Online (own domain) Sea Ridge Cafe
[1272/2967] needs-browser HungerRush   Pop Pops Paleta
[1273/2967] no-platform   -            Tommy's Pizza & Subs
[1274/2967] no-platform   -            Get Baked Cookie Co.
[1275/2967] no-platform   -            CHINA CHEF 1
[1276/2967] needs-browser MenuSifu     Joyee Noodle House(UTC)
[1277/2967] wrong-branch  toast        Zonkey
[1278/2967] no-platform   -            Plaza Deli
[1279/2967] no-platform   -            Manta Pizza
[1280/2967] screened-out  toast        Agave Birrieria
[1281/2967] no-platform   -            MCX Food & Service Plaza, Camp Pendleton, CA
[1282/2967] wrong-branch  toast        Amalfi Enoteca Italiana
[1283/2967] no-platform   -            Oasis Breads
[1284/2967] no-platform   -            Taqueria Los Famosos
[1285/2967] no-platform   -            Tacos Locos Tasty Mexican Food
[1286/2967] no-platform   -            New Motion Beverages
[1287/2967] no-platform   -            Street Corner
[1288/2967] needs-browser Square Online (own domain) KAFE'SITO
[1289/2967] no-platform   -            Middy's Pizza
[1290/2967] needs-browser Square Online storefront 86d (inside Coin-Op)
[1291/2967] no-platform   -            Surf City Squeeze
[1292/2967] no-platform   -            Shaka Java
[1293/2967] no-platform   -            Sip Fresh
[1294/2967] no-platform   -            Blue Bowl Superfoods
[1295/2967] needs-browser toast        Katy’s Diner
[1296/296[1296/2967] no-platform   -            longball [1297/296[1297/2967] no-platform   -            Cor[1298/2967] needs-browser Square Online (own domain) The Salty Cookie
[1299/296[1299/2967] no-platform   -            Boo Boo's sweet Pot[1300/296[1300/2967] needs-browser -            Ma[1301/2967] no-platform   -            Tortas Ahogadas El Gallito
[1302/2967] needs-browser Square Online storefront Cargo Cafe - Torrey Pines
[1303/296[1303/2967] no-platform   -            Hotdog[1304/296[1304/2967] no-platform   -            Sweet Factory
[1305/2967] no-platform   -            La Paloma
[1306/2967] needs-browser toast        Katy’s Diner
[1307/2967] needs-browser Square Online storefront Secret Sauce Wok & Grill
[1308/2967] no-platform   -            The Poke Tea House
[1309/2967] no-platform   -            Tejedas' Peruvian Kitchen
[1310/2967] no-platform   -            Tacos El Jalón
[1311/2967] needs-browser -            Fresca Deli .
[1312/2967] no-platform   -            Ambiance Kitchen + Lounge
[1313/2967] no-platform   -            Heftyboy BBQ dba 716 BBQ & more....
[1314/2967] no-platform   -            La Cucina
[1315/2967] no-platform   -            Great American Cookies - Otay Ranch Town Center
[1316/2967] no-platform   -            Chester's
[1317/2967] needs-browser Square Online (own domain) Cafe Pascale
[1318/2967] needs-browser order.online WUHU TEA & DELI
[1319/2967] no-platform   -            Cocina de Tamales
[1320/2967] no-platform   -            Prado Perk
[1321/2967][1321/2967] no-platform   -            The Lookout at Lake Poway
[1322/2967] no-platform   -            Prado Perk
[1323/2967] needs-browser order.online Poki One N Half San Marcos
[1324/2967] no-platform   -            Mombasa Cooker
[1325/2967] no-platform   -            Mister G Salsa
[1326/2967] no-platform   -            Tortillas de Harina Elice, Flour Tortillas
[1327/2967] no-platform   -            Sugared Cookie Company
[1328/2967] no-platform   -            Rumi
[1329/2967] no-platform   -            Surf City Squeeze
[1330/2967] wrong-branch  popmenu      Max's Restaurant National C[133[1331/2967] no-platform   -            Seaside BBQ
[1332/2967] needs-browser order.online Poki One N Half San Marcos
[1333/2967] no-platform   -            Sweets by Victoria
[1334/2967] no-platform   -            Burgers & Shakes
[1335/2967] no-platform   -            Immersion Express / Coffee and Matcha
[1336/2967] no-platform   -            FiveO3 Pupusas
[1337/2967] no-platform   -            KayeSimplyBakes
[1338/2967] needs-browser Square Online (own domain) Juliantla Chocolate Boutique
[1339/2967] no-platform   -            Unico Juice Shop
[1340/2967] no-platform   -            Thérapie Bistro
[1341/2967] no-platform   -            Soleil @k
[1342/2967] no-platform   -            DEN
[1343/2967] no-platform   -            Mariposa Ice Cream Oceanside
[1344/2967] no-platform   -            My O My Coffee and More
[1345/2967] no-platform   -            Carlo
[1346/2967] no-platform   -            The Boss Crepas
[1347/2967] no-platform   -            So Cal Famous Beach Ice
[1348/2967] no-platform   -            Wild Child Ice Cream
[1349/29[1349/2967] no-platform   -            Wild Child Ice Cream
[1350/2967] needs-browser Square Online storefront The Bean Box 701
[1351/2967] no-platform   -            FLAVORS EXPRESS SDSU
[1352/2967] wrong-branch  toast        Saigon Alley Kitchen & Bar
[1353/2967] no-platform   -            Beach Street Tacos
[1354/2967] no-platform   -            Michoacana Mia - Vista
[1355/2967] needs-browser ubereats     FallbrkEats
[1356/2967] no-platform   -            Ocean Rainbow
[1357/2967] no-platform   -            Frutti Mas
[1358/2967] needs-browser Square Online (own domain) Slurp
[1359/2967] no-platform   -            Chagee
[1360/2967] no-platform   -            Netta's Bakery
[1361/2967] no-platform   -            Juice Holler
[1362/2967] needs-browser SpotOn       Oriste Fairway Cafe
[1363/2967] needs-browser toast        La Vida
[1364/2967] no-platform   -            IB Espresso
[1365/2967] no-platform   -            Lò Bánh Cuốn Tân Định
[[1366/2967] no-platform   -            Lò Bánh Cuốn Tân Định
[1367/2967] no-platform   -            Delicious Treats
[1368/2967] no-platform   -            Numbskulls Shave Ice
[1369/2967] no-platform   -            Boardwalk Pizza
[1370/2967] no-platform   -            Pacific Point
[1371/2967] no-platform   -            Lori's Custom Cakes
[1372/2967] no-platform   -            Fatburger
[1373/2967] needs-browser toast        The Tavern at Barley & Sword Brewing Company
[1374/2967] no-platform   -            Deleitte
[1375/2967] no-platform   -            Board & Brew - Mission Valley
[1376/2967] no-platform   -            Midnight Skewer 深夜酒馆
[1377/2967] no-platform   -            EL CAMARON FELIZ TACOS Y BIRRIA
[1378/2967] wrong-branch  toast        Oto Sushi Encinitas
[1379/2967] no-platform   -            Cold Smoke BBQ
[1380/2967] filed         shopify      LA PETITE BAKERY
[1381/2967] no-platform   -            Street Tacos El Camino Food Truck
[1382/2967] no-platform   -            Ramen Inn - San Diego
[1383/2967] no-platform   -            Colibri Cafe
[1384/2967] no-platform   -            Bueno Wine & Goods
[1385/2967] needs-browser Square Online storefront Ramen Station
[1386/2967] no-platform   -            Kazukii Sushi & Japanese Cuisine
[1387/2967] needs-browser toast        The Deck at 264
[1388/2967] no-platform   -            Sip Fresh
[1389/2967] no-platform   -            Cutwater
[1390/2967] no-platform   -            Dolce Italia Desserts, Inc.
[1391/2967] no-platform   -            MyPozole
[1392/2967] no-platform   -            Vanilla Oasis
[1393/2967] needs-browser -            Mosaic Restaurant & Bar
[1394/2967] no-platform   -            Blade Shanghai
[1395/2967] needs-browser slice        Pizza On Pearl North Park
[1396/2967] no-platform   -            The Bistro - Eat. Drink. Connect.®
[1397/2967] no-platform   -            Fiesta Pinoy
[1398/2967] needs-browser -            seaglass restaurant
[1399/2967] no-platform   -            Queenstown Del Mar
[1400/2967] needs-browser order.online Le Macaron French Pastries Westfield UTC
[1401/2967] no-platform   -            Dalu Hawaiian BBQ Oceanside
[1402/2967] no-platform   -            Suki Hana Japan
[1403/2967] needs-browser -            Windows Cafe
[1404/2967] no-platform   -            Golf Grill
[1405/2967] no-platform   -            Punkers Cafe
[1406/2967] no-platform   -            Finca Casa Blanca
[1407/2967] no-platform   -            Side Piece
[1408/2967] no-platform   -            Julian Food Truck
[1409/2967] needs-browser Square Online storefront Copa Vida
[1410/2967] no-platform   -            The Grub Station (South African )
[1411/2967] needs-browser olo          Dimassi's Mediterranean Buffet
[1412/2967] no-platform   -            Harborside Cuisine
[1413/2967] needs-browser toast        Hydout Cafe Hillcrest
[1414/2967] no-platform   -            BREANS
[1415/2967] no-platform   -            Boba n More
[1416/2967] no-platform   -            Common Good Coffe[1[1417/2967] no-platform   -            Ono Hawaiian BBQ
[1418/2967] needs-browser Square Online storefront Dulce Tentación
[1419/2967] no-platform   -            El huevo estrellado # 2
[1420/2967] screened-out  shopify      Steady State Roasting
[1421/2967] no-platform   -            Trifecta Tavern
[1422/2967] no-platform   -            Cali BBQ- NEX (base access required)
[1423/2967] no-platform   -            Side Street Bowls & Smoothies
[1424/2967] wrong-branch  toast        Grand Ole BBQ PETCO PARK
[1425/2967] needs-browser order.online The Meltdown
[1426/2967] wrong-branch  toast        Super Creamery
[1427/2967] no-platform   -            Aryana Restaurant & Bar
[1428/2967] no-platform   -            La Michoacana San Diego
[1429/2967] no-platform   -            Tu Madres Bakery
[1430/2967] no-platform   -            The Victorian at Hill Street
[1431/2967] no-platform   -            California Ice Cream
[1432/2967] no-platform   -            Kona Craft Cafe
[1433/2967] needs-browser Square Online storefront Cargo Cafe - Wateridge
[1434/2967] no-platform   -            Living Room Bar
[1435/2967] no-platform   -            ICE POPS
[1436/2967] needs-browser Square Online storefront Copa Vida - Del Mar
[1437/2967] needs-browser Square Online storefront Cargo Cafe - Gateway
[1438/2967] no-platform   -            Lulu’s Buns Wholesale Bakery
[1439/2967] no-platform   -            ZENTRL Kitchen + Bar - Liberty Station
[1440/2967] needs-browser order.online XENiA Mediterranean Kitchen - San Diego
[1441/2967] no-platform   -            The Darling Dough Co.
[1442/2967] no-platform   -            Windmill Canyon Restaurant
[1443/2967] no-platform   -            La Tienda Lounge
[1444/2967] no-platform   -            Noel's Cookies
[1445/2967] needs-browser olo          MOTO Pizza San Diego
[1446/2967] no-platform   -            La Central
[1447/2967] no-platform   -            Bambucha Kombucha
[1448/2967] wrong-branch  toast        Pizza Port Tasting Room
[1449/2967] no-platform   -            La Botana Loca
[1450/2967] no-platform   -            Cafe 477 La Jolla
[1451/2967] no-platform   -            ZENTRL Kitchen + Bar
[1452/2967] no-platform   -            Seven Seas Cafe
[1453/2967] needs-browser order.online Häagen-Dazs
[1454/2967] no-platform   -            Corner Deli & Pizza
[1455/2967] no-platform   -            Crispy Fish Tacos
[1456/2967] no-platform   -            Cocinita Express
[1457/2967] screened-out  shopify      Surje Coffee at The Gallery
[1458/2967] no-platform   -            Sun Coast Pizza
[1459/2967] no-platform   -            Pizza Trolley
[1460/2967] needs-browser -            Indulge Restaurant and Bar
[1461/2967] no-platform   -            The Hidden Gazebo Eatery
[1462/2967] screened-out  shopify      THRONE ROOM
[1463/2967] no-platform   -            Dyno Bar
[1464/2967] no-platform   -            Matcha On Ice Cafe
[1465/2967] no-platform   -            Ocean Journey Cafe
[1466/2967] no-platform   -            BLAH Brewing
[1467/2967] no-platform   -            Mission Brewing - Sky Deck
[1468/2967] no-platform   -            Mission Brewing - Miramar
[1469/2967] no-platform   -            Zephyr Café
[1470/2967] no-platform   -            Alebrije Food Truck Twin Oaks
[1471/2967] no-platform   -            Tres Fuegos Cocina
[1472/2967] no-platform   -            ETNA DULCIS
[1473/2967] no-platform   -            Three Amigos World Famous Street Tacos
[1474/2967] needs-browser order.online The Meltdown
[1475/2967] needs-browser order.online The Meltdown
[1476/2967] no-platform   -            Carnitas La Bendicion Market St
[1477/2967] no-platform   -            NandosHotBox
[1478/2967] no-platform   -            Don Maguro
[1479/2967] no-platform   -            Vie Café
[1480/2967] no-platform   -            Lobby Lounge - [1481/2967] no-pla[1481/2967] needs-browser order.online The Burger Den
[1482/2967] filed         wix          Scorched Earth- Fire Sandwiches
[1483/2967] no-platform   -            The Bean
[1484/2967] no-platform   -            On the Rocks
[1485/2967] no-platform   -            Bulldog Tavern
[1486/2967] no-platform   -            Double Down Grill
[1487/2967] needs-browser -            Lounge 72
[1488/2967] no-platform   -            The Monastery by The Lost Abbey (Miramar Area)
[1489/2967] no-platform   -            Julian Wine & Chocolate
[1490/2967] no-platform   -            Mama’s Bowl
[1491/2967] no-platform   -            Plaza Grill
[1492/2967] too-few       shopify      Five Pillars Coffee
[1493/2967] no-platform   -            Limon Mexican food
[1494/2967] needs-browser order.online The Meltdown
[1495/2967] no-platform   -            Coatl Coffee
[1496/2967] no-platform   -            Tacos El Chris
[1497/2967] gated         chownow      Abuelita's Birria & Mexican Food
[1498/2967] no-platform   -            El Clamatazo
[1499/2967] no-platform   -            TOCHO MOROCHO
[1500/2967] no-platform   -            El Ranchero Food Truck
[1501/2967] no-platform   -            The Café at R[1502/2967] no-platform   [1502/2967] no-platform   -            Anigma
[1503/2967] no-platform   -            Cafe Carlsbad
[1504/2967] needs-browser chownow      GgoolBap, Korean BBQ Bowls
[1505/2967] no-platform   -            Little Thai Cottage (Mobile Vendor)
[1506/2967] no-platform   -            Xtravaganza and Sinbad Restaurant
[1507/2967] needs-browser -            Temporarily Closed - Garlic and Tahini Egyptian Kitchen - Delivery & Carry Out Only
[1508/2967] no-platform   -            The Westgate Room's Plaza Bar
[1509/2967] needs-browser order.online The Meltdown
[1510/2967] wrong-branch  toast        Rock N’ Roost Rotisserie
[1511/2967] no-platform   -            El Rincon del sabor
[1512/2967] no-platform   -            J. Brix Wines Tasting Room
[1513/2967] no-platform   -            Blu Temple | Blu Cabana
[1514/2967] no-platform   -            Freshly Prepped
[1515/2967] no-platform   -            ‘ritas Taco Truck
[1516/2967] no-platform   -            Kona Kai Club
[1517/2967] no-platform   -            Emilio's Food Truck
[1518/2967] no-platform   -            Turtle Rock Ridge Wine Bar
[1519/2967] no-platform   -            Bholat's
[1520/2967] needs-browser Square Online (own domain) Slurp
[1521/2967] no-platform   -            Hidden City Nutrition
[1522/2967] no-platform   -            Victorious Pizza
[1523/2967] needs-browser order.online The Meltdown
[1524/2967] needs-browser order.online The Meltdown
[1525/2967] needs-browser -            Sammy's Woodfired Pizza and Grill
[1526/2967] no-platform   -            JIVe Lounge
[1527/2967] screened-out  shopify      Inflection Point Coffee
[1528/2967] needs-browser order.online lulubowls (Hawaiian-Inspired Bowls- Boston Ave.)
[1529/2967] no-platform   -            Naija Fusion Cuisine
[1530/2967] no-platform   -            Colors Gourmet Pizza
[1531/2967] no-platform   -            Huerta Taco Stand
[1532/2967] needs-browser order.online Mar & Ember
[1533/2967] needs-browser order.online The Burger Den
[1534/2967] no-platform   -            Namino (Tahchin)
[1535/2967] no-platform   -            North County Food Hub
[1536/2967] needs-browser order.online The Meltdown
[1537/2967] needs-browser order.online The Meltdown
[1538/2967] no-platform   -            Bert's Bistro
[1539/2967] no-platform   -            Breakwater Brewing Co.
[1540/2967] needs-browser toast        Georgette's
[1541/2967] needs-browser order.online The Burger Den
[1542/2967] no-platform   -            The Bistro - Eat. Drink. Connect.®
[1543/2967] no-platform   -            SDSU Faculty Staff Club
[1544/2967] no-platform   -            Manny's Bar & G[1545/2967] no-platform   -            GRAB & GO Viejas
[1546[1546/2967] needs-browser order.online The Burger Den
[1547/2967] no-platform   -            El Patron Mexican Food
[1548/2967] no-platform   -            The Fountains Restaurant
[1549/2967] needs-browser Square Online storefront Hommunlii & Co
[1550/2967] no-platform   -            Mkutano House
[1551/2967] no-platform   -            Tacos Berlin
[1552/2967] needs-browser order.online The Meltdown
[1553/2967] no-platform   -            Perky’s
[1554/2967] no-platform   -            Staxx Burger House
[1555/2967] no-platform   -            Ta’ Corn Madre
[1556/2967] no-platform   -            The SoCal Vegan
[1557/2967] no-platform   -            Casa Campus Point
[1558/2967] needs-browser -            Wing SZN - El Cajon
[1559/2967] no-platform   -            MexiBowls By Cali Craft Tacos- 2707 Boston Avenue Sa Diego CA 92113
[1560/2967] no-platform   -            El Camino
[1561/2967] no-platform   -            El Más Chingón SD
[1562/2967] no-platform   -            SHIO Japanese Dining
[1563/2967] needs-browser order.online The Meltdown
[1564/2967] no-platform   -            Jamul Indian Village
[1565/2967] no-platform   -            Fireside Bar & Gril[1566/2967] no-platform   -            Cataleya’s Cafe & Sweets
[1567/2967] no-platform   -            Fireside Bar & Grill
[1568/2967] no-platform   -            Angie's Place
[1569/2967] no-platform   -            Santaluz Bistro
[1570/2967] needs-browser slice        Hollywood Market and Giant Pizza
[1571/2967] needs-browser order.online The Meltdown
[1572/2967] no-platform   -            Daymar Select Fine Coffees
[1573/2967] needs-browser order.online The Meltdown
[1574/2967] no-platform   -            Sang Dao Kitchen
[1575/2967] no-platform   -            Grinds & Groove[1[1576/2967] no-platform   -            Element 8 Cafe
[1577/2967] no-platform   -            Bosley Cafe
[1578/2967] no-platform   -            Med Cafe
[1579/2967] needs-browser order.online The Meltdown
[1580/2967] needs-browser Square Online (own domain) Mayari Coffee
[1581/2967] screened-out  shopify      Lofty Coffee
[1582/2967] no-platform   -            Sushi Cafe + Deli
[1583/2967] no-platform   -            Gomeznutricion
[1584/2967] no-platform   -            Scoopy Scoopy Ice Cream
[1585/2967] no-platform   -            Gelato 1[1586/2967] no-plat[1586/2967] no-platform   -            Cali Cream Bakery
[1587/2967] no-platform   -            Solrisa
[1588/2967] no-platform   -            Rancho Cafe
[1589/2967] no-platform   -            Cays L[1590/[1590/2967] needs-browser order.online Coffee Cart
[1591/2967] no-platform   -            Jungle Cart
[1592/2967] needs-browser -            Makai
[1593/2967] no-platform   -            Lang's Bakery
[1594/2967] no-platform   -            Original Mariscos German
[1595/2967] needs-browser order.online Deli Belly
[1596/2967] no-platform   -            Chuck's Wagon Deli
[1597/2967] wrong-branch  toast        Blue Water Grill
[1598/2967] no-platform   -            Lefty's Cheesesteaks
[1599/2967] no-platform   -            Baba's Pizza
[1600/2967] no-platform   -            La Salsa
[1601/2967] no-platform   -            Soda & Swine
[1602/2967] no-platform   -            Pavilions Bakery
[1603/2967] screened-out  order.online Fish Restaurant
[1604/2967] needs-br[1604/2967] screened-out  order.online Fish Restaurant
[1605/2967] no-platform   -            Badas burge[16[1606/2967] no-platform   -            Cafe Fresh
[1607/2967] no-platform   -            Brick & Bell Plus
[1608/2967] no-platform   -            Fairbanks
[1609/2967] needs-browser Square Online storefront Emjaye's Coffee
[1610/2967] no-platform   -            The Gold Reserve Kitchen & Bar
[1611/2967] no-platform   -            Island Market
[1612/2967] no-platform   -            The Heritage Steakhouse
[1613/2967] no-platform   -            Trinacria Pizza Co.
[1614/2967] no-platform   -            Freedom Carts
[1615/2967] no-platform   -            Big Oven Tacos
[1616/2967] no-platform   -            Corner Counter
[1617/2967] no-platform   -            Cork Oak Cafe
[1618/2967] no-platform   -            El Dorado
[1619/2967] no-platform   -            LUNAS
[1620/2967] no-platform   -            Shake Smart
[1621/2967] no-platform   -            Blessed by Cake
[1622/2967] no-platform   -            Blue Wave Bistro
[1623/2967] no-platform   -            Bake and beach
[1624/2967] no-platform   -            Stacy's SUGAR Shop
[1625/2967] no-platform   -            Jordan
[1626/2967] needs-browser order.online Big Daddy's Hawaiian BBQ (San Diego)
[1627/2967] no-platform   -            Villa Fresh Italian Kitchen
[1628/2967] no-platform   -            Kasi
[1629/2967] no-platform   -            Blue Bayou
[1630/2967] needs-browser chownow      Mr Gs Tavern
[1631/2967] no-platform   -            K1 Paddock Lounge - Sports Bar & Restaurant - San Diego, CA
[1632/2967] no-platform   -            Veladora
[1633/2967] no-platform   -            Dumonts
[1634/2967] needs-browser toast        Carls Tavern
[1635/2967] no-platform   -            Fundant Cookies
[1636/2967] needs-browser order.online La Pizza del Barrio
[1637/2967] no-platform   -            Diamond Jims
[1638/2967] needs-browser toast        Klatch Coffee - Santee
[1639/2967] no-platform   -            Kava Lounge
[1640/2967] needs-browser order.online Mexicana[1641/2967] needs-browse[1641/2967] no-platform   -            Kellys Pub
[1642/2967] no-platform   -            CARAVAN
[1643/2967] no-platform   -            Monster Snacks
[1644/2967] needs-browser Square Online storefront Copa Vida
[1645/2967] no-platform   -            Deja Vu
[1646/2967] no-platform   -            Village Inn
[1647/2967] no-platform   -            Gourmet Tamales
[1648/2967] needs-browser Square Online (own domain) Sweet Escape Homemade Treats
[1649/2967] no-platform   -            Promised Goods
[1650/2967] no-platform   -            Farmer's Fridge
[1651/2967] no-platform   -            Krispy Krunchy Chicken
[1652/2967] no-platform   -            Time Out Café
[1653/2967] needs-browser -            Barcino Grill
[1654/2967] no-platform   -            Sunny Bunny Bakes
[1655/2967] no-platform   -            Safari Coffee Outpost
[1656/2967] no-platform   -            Simply Baked Box
[1657/2967] no-platform   -            Cent'Anni Café
[1658/2967] no-platform   -            Canyon Inn
[1659/2967] no-platform   -            Sweets
[1660/2967] no-platform   -            Pavilions Bakery
[1661/2967] no-platform   -            Dana Andrew Celebrations
[1662/2967] no-platform   -            M & M Patisserie
[1663/2967] needs-browser Square Online storefront Sushi Heights
[1664/2967] no-platform   -            Antique Thai
[1665/2967] filed         spothopper   Cabo Cantina
[1666/2967] no-platform   -            Marketplace
[1667/2967] needs-browser Square Online storefront Stuffed Ice Cream
[1668/2967] no-platform   -            Café Sand Castle
[1669/2967] no-platform   -            tiger!tiger!
[1670/2967] no-platform   -            Lilac Heights Bakery
[1671/2967] no-platform   -            Roadtrip Bowls Made by Lazy Dog
[1672/2967] no-platform   -            The Market
[1673/2967] no-platform   -            Alborz Restaurant
[1674/2967] no-platform   -            Pei Wei
[1675/2967] no-platform   -            Vintage Rose Sourdough
[1676/2967] no-platform   -            Taqueria
[1677/2967] no-platform   -            RASPARSWEET
[1678/2967] no-platform   -            TOAST & TALES
[1679/2967] needs-browser -            The Landing
[1680/2967] no-platform   -            Diego's Taco Shop
[1681/2967] no-platform   -            Cali Craft Tacos
[1682/2967] no-platform   -            Elena’s Pastry
[1683/2967] no-platform   -            SD Custom C[1684/2967] no-platform   -            SD Custom Cakes
[1685/2967] no-platform   -            Calzone Life Escondido
[1686/2967] no-platform   -            OB Kebab
[1687/2967] no-platform   -            Sweet land ice cream truck
[1688/2967] no-platform   -            The Dive Bar
[1689/2967] no-platform   -            Fouet & Co.
[1690/2967] no-platform   -            Bacio di Latte | Flower Hill, SD
[1691/2967] no-platform   -            Fox Den Bar
[1692/2967] wrong-branch  toast        Cozy Corner
[1693/2967] no-platform   -            Copper Kings Oceanside
[1694/2967] no-platform   -            The Coyote Den
[1695/2967] no-platform   -            Casa Café & Market
[1696/2967] no-platform   -            Truluck's
[1697/2967] no-platform   -            Dryer's Ice Cream Parlor
[1698/2967] no-platform   -            Café Rhône
[1699/2967] needs-browser chownow      Wanderlust Creamery
[1700/2967] no-platform   -            Sabor Al Gusto
[1701/2967] no-platform   -            Uumbal
[1702/2967] needs-browser order.online HapiVegan
[1703/2967] needs-browser -            Brigitte's Bakery
[1704/2967] needs-browser -            Market La Jolla
[1705/2967] needs-browser toast        bcb Cafe
[1706/2967[1706/2967] needs-browser toast        bcb Cafe
[1707/2967] no-platform   -            Breakwater Brewing Co.
[1708/2967] no-platform   -            Boston Market
[1709/2967] no-platform   -            Más Veggies Vegan Taqueria
[1710/2967] no-platform   -            Twist New Zealand Style Real Fruit Ice Cream
[1711/2967] no-platform   -            Maderas Golf Club
[1712/2967] no-platform   -            Pacific Seafood
[1713/2967] screened-out  shopify      Bird Rock [1714/2967] screened-out  shopify      Bird Rock Coffee Roasters - Park & Market
[1715/2967] needs-browser Square Online storefront Muse Cheesecake
[1716/2967] no-platform   -            Tortuga Bar and Grill
[1717/2967] no-platform   -            The Warehouse
[1718/2967] wrong-branch  toast        Sextons Pizza
[1719/2967] no-platform   -            Lovely Creations Co
[1720/2967] no-platform   -            The TriTiperia
[1721/2967] needs-browser Square Online (own domain) Veggyjess
[1722/2967] no-platform   -            Lobster Lab - Sky Deck at Del Mar Highlands Town Center
[1723/2967] no-platform   -            Haven Cafe
[1724/2967] needs-browser order.online Pavilions Bakery
[1725/2967] no-platform   -            Crave
[1726/2967] no-platform   -            Five Corners Coffee & Bakery Co.
[1727/2967] no-platform   -            Pei Wei
[1728/2967] no-platform   -            HOB on Park
[1729/2967] no-platform   -            Buttery Bakes
[1730/2967] no-platform   -            Marquesitas Liah
[1731/2967] no-platform   -            Deli & Go
[1732/2967] no-platform   -            Old Fashioned Creamery at Barona
[1733/2967] no-platform   -            The Shop _ Coffee + Thrift
[1734/2967] no-platform   -            Herb & Eatery
[1735/2967] no-platform   -            Stone Oven
[1736/2967] needs-browser olo          Coffee Bean
[1737/2967] no-platform   -            La Cantina
[1738/2967] no-platform   -            Snout & Scone
[1739/2967] no-platform   -            My O My Coffee and Deli
[1740/2967] no-platform   -            House of Black
[1741/2967] no-platform   -            Grover's Grill
[1742/2967] needs-browser -            Daisy’s Amazing Cakes
[1743/2967] no-platform   -            Dainty Dessert
[1744/2967] no-platform   -            Sweet Maison Bakery
[1745/2967] no-platform   -            BBQUSION
[1746/2967] no-platform   -            Beer Company
[1747/2967] no-platform   -            Border X Brewing
[1748/2967] no-platform   -            Noodles
[1749/2967] no-platform   -            SAN DIEGO FRIES
[1750/2967] no-platform   -            Taco Villa
[1751/2967] no-platform   -            Iron Brew Coffee
[1752/2967] no-platform   -            Snax
[1753/2967] no-platform   -            Rush Bowls
[1754[1754/2967] no-platform   -            Rush Bowls
[1755/2967] no-platform   -            SugarWater BakeHouse
[1756/2967] no-platform   -            Corner Market
[1757/2967] no-platform   -            elementa
[1758/2967] no-platform   -            Stix
[1759/2967] no-platform   -            The Waterfront
[1760/2967] no-platform   -            Center Bar
[1761/2967] no-platform   -            Hectors pizza
[1762/2967] no-platform   -            Sifted and Sugared
[1763/2967] no-platform   -            Terrace Lounge
[1764/2967] no-platform   -            The Palma Bar & Grill
[1765/2967] no-platform   -            Baja Fresh
[1766/2967] no-platform   -            Valerio's Finest Bake Shop
[1767/2967] no-platform   -            Goats Rose Sourdough
[1768/2967] no-platform   -            Javelina Craft Barbecue
[1769/2967] no-platform   -            Baked Babe Cakes & Bakes
[1770/2967] no-platform   -            I Love Pho
[1771/2967] no-platform   -            Sprinkles Ice Cream Shop And Bakery
[1772/2967] no-platform   -            Carbon Angela’s Kitchen
[1773/2967] no-platform   -            Weapon Ramen
[1774/2967] no-platform   -            Bobby B's
[1775/2967] too-few       netwaiter    Thai Pasta
[1776/2967] needs-browser order.online El Ranchero
[1777/2967] no-platform   -            La Gordita
[1778/2967] needs-browser order.online Hummus Mediterranean Kitchen
[1779/2967] no-platform   -            Linden Crust Bakehouse
[1780/2967] needs-browser -            Sweet Treats by Thick
[1781/2967] needs-browser Square Online (own domain) Crepes
[1782/2967] no-platform   -            Thai Basil
[1783/2967] needs-browser order.online Puesto Taco Bar
[1784/2967] no-platform   -            Old World Meat Company
[1785/2967] no-platform   -            Olly's Baked Assortments
[1786/2967] no-platform   -            Sugar Treats n Cakes
[1787/2967] no-platform   -            Daily Roast
[1788/2967] needs-browser Square Online storefront Sushi Freak
[1789/2967] no-platform   -            All Fried Up
[1790/2967] no-platform   -            IMPE Bar
[1791/2967] no-platform   -            Mission Brewing (fka Rough Draft)
[1792/2967] no-platform   -            DELISTRABERRY
[1793/2967] wrong-branch  own-jsonld   Shibuya Nights
[1794/2967] no-platform   -            Coco's Bakery
[1795/2967] no-platform   -            Fruteria el Manguito
[1796/2967] no-platform   -            Casa Ocho
[1797/2967] too-few       wix          Bocas Del Sol. (MissShelly's Shack )
[1798/2967] needs-browser order.online Taquizas Maria
[1799/2967] wrong-branch  toast        The Coffee Spot
[1800/2967] no-platform   -            Pizza Place
[1801/2967] no-platform   -            Terra Cafe
[1802/2967] no-platform   -            little Estrella bakes
[1803/2967] no-platform   -            King Kream Ice Cream
[1804/2967] needs-browser order.online Sabor a Vida Cafe & Deli
[1805/2967] no-platform   -            Bovino
[1806/2967] no-platform   -            Hacienda De Vega
[1807/2967] no-platform   -            Farmer's Fridge
[1808/2967] no-platform   -            Fairbanks
[1809/2967] no-platform   -            Give Us This Day LLC Micro-Bakery
[1810/2967] needs-browser -            Carlsbad Cookie Company
[1811/2967] too-few       shopify      Taste & Sea C[1812/[1812/2967] needs-browser order.online The Meltdown
[1813/2967] no-platform   -            Marisco's Sabor A Mexico
[1814/2967] no-platform   -            Rancho Bakers
[1815/2967] no-platform   -            Rancho Bakers
[1816/2967] no-platform   -            Thyme Of Essence
[1817/2967] no-platform   -            Airport Lounge
[1818/2967] no-platform   -            Chicken & Crown
[1819/2967] needs-browser order.online The Meltdown
[1820/2967] wrong-branch  clover       Manzanita Roasting Company and Coffee House
[1821/2967] wrong-branch  toast        Bubba’s Smokehouse BBQ
[1822/2967] no-platform   -            The Hamlett
[1823/2967] no-platform   -            Sabor a Mi Kitchen (Birrieria)
[1824/2967] no-platform   -            Spinnaker Coffee
[1825/2967] needs-browser order.online Poki Poki
[1826/2967] no-platform   -            Calypso Cocktails[[1827/2967] no-platform   -            Mama Dukes Roadside
[1828/2967] no-platform   -            Nat Sweet Treats
[1829/2967] no-platform   -            The Caddyshack
[1830/2967] no-platform   -            University Towers Kitchen
[1831/2967] no-platform   -            Coffee Shop at the Lullabar
[1832/2967] needs-browser order.online The Meltdown
[1833/2967] no-platform   -            TEC Cafe
[1834/2967] no-platform   -            Kae’s Kreations
[1835/2967] no-platform   -            Sweet Labors
[1836/2967] no-platform   -            Skewers Grill
[1837/2967] needs-browser order.online The Meltdown
[1838/2967] no-platform   -            CaMau Bakery & Deli
[1839/2967] no-platform   -            Sierra's Baking Corner
[1840/2967] no-platform   -            Soy Leaf Juice Bar & Healthy Grill
[1841/2967] no-platform   -            Ruthii's Coffee
[1842/2967] no-platform   -            1022 Cafe & Gelateria
[1843/2967] no-platform   -            Shallow End Gri[1844/2967] no-platform   -            PCH Café & Market
[1845/2967] no-platform   -            Shallow End Grill
[1846/2967] no-platform   -            Mariscos la Baja mar y fuego
[1847/2967] no-platform   -            UrbanLife Cafe
[1848/2967] no-platform   -            Grand Social
[1[1849/2967] no-platform   -            Seaside Cowboy Coffe[1[1850/2967] no-platform   -            Grand Social
[1851/2967][1851/2967] needs-browser Square Online storefront Mindy’s Bakery
[1852/2967] needs-browser MealKeyWay   Yonny Mini Hotp[18[1853/2967] no-platform   -            Café de Anza
[1854/2967] no-platform   -            Pastry Pedaler - Bakery Delivery in Pacific Beach, San Diego
[1855/2967] no-platform   -            Sweet Cheeks Ho[1856/29[1856/2967] no-platform   -            Coffee Amore
[1857/2967] no-platform   -            India Princess
[1858/2967] no-platform   -            Anila's Cucina Rustica
[1859/2967] needs-browser Square Online storefront Cafecito 1806
[1860/2967] no-platform   -            Mawazo Kitchen
[1861/2967] no-platform   -            Coin Toss
[1862/2967] no-platform   -            E. Lee's Sweets
[1863/2967] no-platform   -            Mis Dos Gallos Taqueria, Fruit & Deli
[1864/2967] no-platform   -            Dharma Bread Co
[1865/2967] no-platform   -            Calvins' Sportsbar
[1866/2967] filed         wix          The Malt House
[1867/2967] no-platform   -            Fiesta Mexicana Bakery
[1868/2967] no-platform   -            The Neighborhood Cafe
[1869/2967] no-platform   -            Veronica's Goodies
[1870/2967] no-platform   -            Papi Tacos
[1871/2967] no-platform   -            Chow Hall
[1872/2967] no-platform   -            Jammy Toast Bakery
[1873/2967] no-platform   -            Island Girl Bakes
[1874/2967] no-platform   -            Topwater Grill
[1875/2967] no-platform   -            Native Foods
[1876/2967] no-platform   -            Stony Mountain Bar & Grill
[1877/2967] no-platform   -            Lindo Valle Mexican Grill
[1878/2967] needs-browser -            Verde Kitchen & Bar
[1879/2967] no-platform   -            That Girl Can Bake
[1880/2967] no-platform   -            Tu Taco Taco Shop #2
[1881/2967] wrong-branch  toast        Sangucheria PSF [1882/2967] wrong-branch  toast        Sangucheria PSF Hillcrest
[1883/2967] no-platform   -            Health Center Deli
[1884/2967] no-platform   -            Nrgize
[1885/2967] no-platform   -            The Reading Club
[1886/2967] no-platform   -            Buka - Taste of Nigeria
[1887/2967] no-platform   -            NM Cafe
[1888/2967] no-platform   -            HACIENDITA BAKERY
[1889/2967] wrong-branch  toast        Sangucheria PSF Liberty Station
[1890/2967] no-platform   -            Negro Durazo
[1891/2967] no-platform   -            Coast Coffee Co
[1892/2967] no-platform   -            Afghan Table
[1893/2967] no-platform   -            Don Ramon Méxican and sea food
[1894/2967] no-platform   -            Cafe 477 Encinitas
[1895/2967] no-platform   -            The Grand Tradition
[1896/2967] no-platform   -            Nicolosi's Pizza (Mira Lee Way)
[1897/2967] no-platform   -            High Seas Bar
[1898/2967] no-platform   -            Humphrey Nutrición club herbalife
[1899/2967] screened-out  shopify      OTAY CAFE
[1900/2967] no-platform   -            Michoacana Mia - Escondido
[1901/2967] no-platform   -            Deli and Pizzeria
[1902/2967] no-platform   -            Nono José Empanadas
[1903/2967] no-platform   -            Rhino Cake and Coffee Company
[1904/2967] no-platform   -            Bean Sprouts
[1905/2967] no-platform   -            Hilltop Cafe
[1906/2967] no-platform   -            Griffin Grind
[1907/2967] no-platform   -            By The Sea
[1908/2967] no-platform   -            Mama Kat's Restaurant and Pie Shop
[1909/2967] no-platform   -            Mi Pan Bakery
[1910/2967] no-platform   -            Mielimon Bakery
[1911/2967] wrong-branch  slice        Famous Famiglia
[1912/2967] no-platform   -            Fallbrook Kitchen Rentals
[1913/2967] no-platform   -            Filo
[1914/2967] no-platform   -            De Los Altos Restaurant
[1915/2967] no-platform   -            The Quay Cafe
[1916/2967] no-platform   -            The Village Mission Valley Cafe
[1917/2967] no-platform   -            Modern Times Coffee
[1918/2967] no-platform   -            Ono Hawaiian BBQ
[1919/2967] no-platform   -            Heritage
[1920/2967] no-platform   -            Tocumbo Ice Cream Na[1921/2967] [1921/2967] no-platform   -            The Macaron Shop SD
[1922/2967] no-platform   -            Rocko's Modern Taphouse
[1923/2967] no-platform   -            The Divers Cup
[1924/2967] no-platform   -            Hui Hua
[1925/2967] needs-browser Square Online storefront Petite Perk Cafe
[1926/2967] no-platform   -            The Santaluz Club Dining Room and Events
[1927/2967] no-platform   -            Gaslamp Coffee Bar
[1928/2967] no-platform   -            Mexico City Cuisine-CoLab
[1929/2967] no-platform   -            Amalfi Cucina Italiana at Orfila Vineyards
[1930/2967] needs-browser Square Online (own domain) The Mighty Bean Coffee Co.
[1931/2967] no-platform   -            Mexico City Cuisine LLC
[1932/2967] no-platform   -            Lone Pine Eatery
[1933/2967] no-platform   -            Egg Tuck
[1934/2967] no-platform   -            Inland Tavern
[1935/2967] no-platform   -            The En[1936/2967][1936/2967] no-platform   -            Sweet [1937/296[1937/2967] no-platform   -            Country Waffles
[1938/2967] no-platform   -            Oliva
[1939/2967] no-platform   -            Joes on the No[1940/2967] no-platform   -            Joes on the Nose
[1941/2967] no-platform   -            MeloMelo Coconut Dessert
[1942/2967] no-platform   -            The Banshee Bar
[1943/2967] no-platform   -            Masa Madre
[1944/2967] wrong-branch  toast        Blank Slate
[1945/2967] no-platform   -            30Z Dive Club (Three Ounce)
[1946/2967] no-platform   -            In Between
[1947/2967] needs-browser Square Online storefront Rancho Sandwich & Creamery
[1948/2967] no-platform   -            Chandelier BY G
[1949/2967] no-platform   -            Kabul West Mediterranean Grill
[1950/2967] no-platform   -            The brew inn tavern
[1951/2967] no-platform   -            Monserrate Pastries
[1952/2967] no-platform   -            Thum SD
[1953/2967] no-platform   -            Rock Steady
[1954/2967] no-platform   -            Avo & Ocha
[1955/2967] no-platform   -            Buffet House
[1956/2967] wrong-branch  order.online The Poke Co. - Linda[1957/2[1957/2967] no-platform   -            El Puert[1958/2967] [1958/2967] no-platform   -            B[1959/2967] no-platform   -            Por Vida
[1960/2967] no-platform   -            Fasia Buffet
[1961/2967] wrong-branch  order.online The Poke Co. - Linda Vista
[1962/2967] no-platform   -            The Best Donuts
[1963/2967] no-platform   -            Señor Pancho Mexican Grill
[1964/2967] no-platform   -            Paul's Place
[1965/2967] no-platform   -            Jeong Won BBQ Buffet
[1966/2967] no-platform   -            VanDough French Bakery
[1967/2967] no-platform   -            Hilberto's Mexican Food
[1968/2967] no-platform   -            Saray Restaurant Charcoal Grill
[1969/2967] no-platform   -            El Ranchero Taco Shop
[1970/2967] no-platform   -            Germán Seafood Food Truck
[1971/2967] no-platform   -            Mr Pho
[1972/2967] no-platform   -            Niban Japanese Restaurant
[1973/2967] no-platform   -            Franks Mexican Grill
[1974/2967] no-platform   -            Birrieria y menuderia Guadalajara
[1975/2967] no-platform   -            Mi Rancho Market
[1976/2967] no-platform   -            Plaza Donuts
[1977/2967] no-platform   -            Triple Crown Pub
[1978/2967] no-platform   -            Kesling's Kitchen
[1979/2967] no-platform   -            La India Bonita
[1980/2967] no-platform   -            Kotija Taco Shop Mexican Food
[1981/2967] no-platform   -            Tavos Tacos n Beer
[1982/2967] no-platform   -            D-K-Che Fruteria
[1983/2967] no-platform   -            LA MALCRIADA BIRRIERIA
[1984/2967] no-platform   -            Mariscos Fili La Carreta
[1985/2967] no-platform   -            Dolche cafe/ Mexifood
[1986/2967] no-platform   -            Beijing Express
[1987/2967] no-platform   -            Pho46 & Banh Mi
[1988/2967] no-platform   -            Estrada's Taco Shop
[1989/2967] no-platform   -            O B Donuts
[1990/2967] no-platform   -            Tekila Cocina Mexicana
[1991/2967] no-platform   -            Mr Holy Gao
[1992/2967] no-platform   -            Nice Food Restaurant
[1993/2967] no-platform   -            Terzo Bakery & Cafe
[1994/2967] no-platform   -            Chitos Taco Shop
[1995/2967] no-platform   -            Veronica's Kitchen
[1996/2967] no-platform   -            Taqueria Revolución
[1997/2967] no-platform   -            Arrieros
[1998/2967] no-platform   -            Dannys Palm Bar and Grill
[1999/2967] no-platform   -            Cafecito on Palm
[2000/2967] no-platform   -            Juan Bertos Mexican Food
[2001/2967] no-platform   -            Margarita’s
[2002/2967] no-platform   -            Pho 4 Queen
[2003/2967] no-platform   -            The Salty Frog Bar
[2004/2967] no-platform   -            Yogurt Barn
[2005/2967] no-platform   -            Elena's French Crepes Cafe & Peet's Coffee
[2006/2967] no-platform   -            Meshuggah Shack
[2007/2967] no-platform   -            Bravo's Taco Shop
[2008/2967] no-platform   -            LAS UVAS TEJUINO LA DONA
[2009/2967] no-platform   -            Wicked Poke
[2010/2967] no-platform   -            Cow Shed Bar and Grill
[2011/2967] no-platform   -            Pho Anh & Grill
[2012/2967] no-platform   -            Chico's Restaurant
[2013/2967] no-platform   -            Wahine Kai Shave Ice
[2014/2967] no-platform   -            Orlando's Taco Shop
[2015/2967] no-platform   -            Mikki's Cafe
[2016/2967] no-platform   -            Los Reyes Mexican Food
[2017/2967] no-platform   -            Pinsarella Ancient Roman Pizza
[2018/2967] no-platform   -            The Break Room
[2019/2967] no-platform   -            Apple Country Restaurants
[2020/2967] no-platform   -            Tacos Oasis
[2021/2967] no-platform   -            PHOnomenal
[2022/2967] no-platform   -            La Rosa Giant Pizza
[2023/2967] no-platform   -            Sunrise Deli & Grill
[2024/2967] no-platform   -            Jilberto's
[2025/2967] no-platform   -            Tacos El Gordo
[2026/2967] no-platform   -            Faridas
[2027/2967] no-platform   -            Chung Hing
[2028/2967] no-platform   -            Poncho Villa's Mexican Food
[2029/2967] no-platform   -            Sub-marine
[2030/2967] no-platform   -            The Latin Chef Liberty Station
[2031/2967] no-platform   -            Don Lucio's Mexican Grill
[2032/2967] no-platform   -            Lisa's Filipino Cuisine
[2033/2967] no-platform   -            Hilda's Mexican Bakery
[2034/2967] no-platform   -            Swan Bar
[2035/2967] no-platform   -            One More Thats It
[2036/2967] no-platform   -            Mis Cuates Taco Shop
[2037/2967] no-platform   -            664 TJ Birriería
[2038/2967] no-platform   -            San Diego Blenders
[2039/2967] no-platform   -            Panda Chef
[2040/2967] no-platform   -            Super Donuts
[2041/2967] no-platform   -            Starbread Bakery
[2042/2967] no-platform   -            Tj Tortas & Tacos
[2043/2967] no-platform   -            Original Yogurt Shack
[2044/2967] no-platform   -            R&B Filipino Cuisine
[2045/2967] no-platform   -            Lucky Donuts & Deli
[2046/2967] no-platform   -            Rock N Roll Scoops
[2047/2967] no-platform   -            Pam's Donuts and Frozen Yogurt
[2048/2967] no-platform   -            S K's Donuts
[2049/2967] no-platform   -            El Primo Birrieria Mexican cuisine
[2050/2967] no-platform   -            Birriería Y Menudería Guadalajara
[2051/2967] no-platform   -            BLUE NILE Ethiopian market and restaurant
[2052/2967] no-platform   -            Rising Dragon Chinese Restaurant
[2053/2967] no-platform   -            Rosemary & Thyme Cafe
[2054/2967] no-platform   -            The Keep Coffee
[2055/2967] no-platform   -            California Mexican Food
[2056/2967] no-platform   -            6 Grados Coffee
[2057/2967] no-platform   -            Sammy's Mexican Bakery
[2058/2967] no-platform   -            Sawaya Brothers Jr/ Pollo Mex
[2059/2967] no-platform   -            Dia Del Cafe
[2060/2967] no-platform   -            Taquería Imperial Taco Shop
[2061/2967] no-platform   -            Desi's Bar & Grill
[2062/2967] no-platform   -            Sky Hookah Lounge
[2063/2967] no-platform   -            Yogurt Express
[2064/2967] no-platform   -            Ringers Cocktails
[2065/2967] no-platform   -            Mi Reyna Tortilleria
[2066/2967] no-platform   -            Heavenly Donuts
[2067/2967] no-platform   -            Tacos El Flaco
[2068/2967] no-platform   -            George's Cafe
[2069/2967] no-platform   -            Scotland Yard Restaurant
[2070/2967] no-platform   -            Golden Donut
[2071/2967] no-platform   -            Tans Donuts
[2072/2967] no-platform   -            R&B Tea San Carlos
[2073/2967] no-platform   -            Chico Club
[2074/2967] no-platform   -            The Vybe Lounge
[2075/2967] no-platform   -            Hello Deli
[2076/2967] no-platform   -            El Tigre Churros Y Platanos
[2077/2967] no-platform   -            Don Jilberto's Mexican Food
[2078/2967] no-platform   -            La Dama y Sus Takonez
[2079/2967] no-platform   -            Wings Mix
[2080/2967] no-platform   -            Crafted Culture
[2081/2967] no-platform   -            Cesar's Taco Shop
[2082/2967] no-platform   -            Raymundo's Taco Shop
[2083/2967] no-platform   -            Gonzales Mess Hall
[2084/2967] no-platform   -            La Cresta Restaurant and Caffé
[2085/2967] no-platform   -            Sorianas Mexican Food
[2086/2967] no-platform   -            Candied Apple Cafe
[2087/2967] no-platform   -            Chamango Mango
[2088/2967] no-platform   -            China Fun
[2089/2967] no-platform   -            The Whet Noodle
[2090/2967] no-platform   -            Manna Restaurant Pancake House And Chinese Fast Food
[2091/2967] no-platform   -            Marvelous Muffins
[2092/2967] no-platform   -            Maxdon's
[2093/2967] no-platform   -            Panaderia La Buena
[2094/2967] no-platform   -            Caffe Positano, Village
[2095/2967] no-platform   -            Yogurt Lounge III
[2096/2967] no-platform   -            Mike's Cocktails
[2097/2967] no-platform   -            garage.79
[2098/2967] no-platform   -            Donut Factory
[2099/2967] no-platform   -            Savoy Donuts
[2100/2967] no-platform   -            Yogurt Palace
[2101/2967] no-platform   -            Formosa Club
[2102/2967] no-platform   -            The Watering Hole
[2103/2967] no-platform   -            Lucita Taco Shop
[2104/2967] no-platform   -            Happy Lemon Del Mar
[2105/2967] no-platform   -            Fatte's Pizza
[2106/2967] no-platform   -            Steph's Donut Hole
[2107/2967] no-platform   -            Nice Food Restaurant
[2108/2967] no-platform   -            14 Area Chow Hall
[2109/2967] no-platform   -            Plantology Cafe
[2110/2967] no-platform   -            Best Donuts
[2111/2967] no-platform   -            Sweet Shoppe
[2112/2967] no-platform   -            BALBOA PERK, Coffee & Tea
[2113/2967] no-platform   -            Manila Fastfood and Desserts
[2114/2967] no-platform   -            Banh Mi Express
[2115/2967] no-platform   -            21 Area Mess Hall
[2116/2967] no-platform   -            Ujin
[2117/2967] no-platform   -            Express Pizza 'N Wings
[2118/2967] no-platform   -            Chico's Panaderia
[2119/2967] no-platform   -            Tijuanero By Tijuanazo - Little Italy
[2120/2967] no-platform   -            Mi Taco Shop
[2121/2967] no-platform   -            Las Morelias
[2122/2967] no-platform   -            Spring Valley Inn
[2123/2967] no-platform   -            El Huarache Taco Shop
[2124/2967] no-platform   -            Gualberto's Taco Shop
[2125/2967] no-platform   -            Coal Bros Taqueria
[2126/2967] no-platform   -            Growing Edge Coffee & Community
[2127/2967] no-platform   -            Mike's Giant New York Pizza
[2128/2967] no-platform   -            BaBa Ice Cream
[2129/2967] no-platform   -            33 Area Chow Hall
[2130/2967] no-platform   -            e•'lo•te
[2131/2967] no-platform   -            Bonsall Donut House
[2132/2967] no-platform   -            Manka Peruvian Cuisine
[2133/2967] no-platform   -            Circus Ma'am Ice Cream
[2134/2967] no-platform   -            The Cardiff Office
[2135/2967] no-platform   -            Tuétano Taquería
[2136/2967] no-platform   -            Supreme Donuts
[2137/2967] no-platform   -            A1 sports Bar
[2138/2967] no-platform   -            Bakery Corner Donuts
[2139/2967] no-platform   -            On the Rocks Cocktails
[2140/2967] no-platform   -            La Pesca Cevichería Baja
[2141/2967] no-platform   -            Calico's
[2142/2967] no-platform   -            Muir Coffee House
[2143/2967] no-platform   -            Paleteria La Michoacana
[2144/2967] no-platform   -            Dcs Across The Street
[2145/2967] no-platform   -            La Mexican Fiesta
[2146/2967] no-platform   -            Noemas Tex Mex cuisine
[2147/2967] no-platform   -            Panda Restaurant
[2148/2967] no-platform   -            Deli Mart
[2149/2967] no-platform   -            Martini Hall 53
[2150/2967] no-platform   -            Immersion Coffee
[2151/2967] no-platform   -            Plume & Brew Coffee
[2152/2967] no-platform   -            Foster's Family Donouts
[2153/2967] no-platform   -            Judy's Deli
[2154/2967] no-platform   -            Sportsmans Pub
[2155/2967] no-platform   -            Morada Restaurant Rancho Santa Fe
[2156/2967] no-platform   -            Lollicup Tea Zone
[2157/2967] no-platform   -            Hilberto's Mexican Food
[2158/2967] no-platform   -            YOHED COFFEE
[2159/2967] no-platform   -            The coffee machine
[2160/2967] no-platform   -            Julian Pit Stop
[2161/2967] no-platform   -            Chico's Bakery
[2162/2967] no-platform   -            Taste of African Cuisine
[2163/2967] no-platform   -            Papayas Juice Bar
[2164/2967] no-platform   -            The Round Up Grill
[2165/2967] no-platform   -            Yogurt Barn
[2166/2967] no-platform   -            Euros Hookah Lounge
[2167/2967] no-platform   -            Super Donuts #2
[2168/2967] no-platform   -            Oceanside Donut
[2169/2967] no-platform   -            Donut star
[2170/2967] no-platform   -            West Pac Noodle Bar
[2171/2967] no-platform   -            Fresh Donuts
[2172/2967] no-platform   -            DJ's Pizza Express
[2173/2967] no-platform   -            Donut Stop
[2174/2967] no-platform   -            Jessie's Bake Shop
[2175/2967] no-platform   -            La Nueva Mexican Bakery
[2176/2967] no-platform   -            664 TJ Birriería
[2177/2967] no-platform   -            mammys coffee
[2178/2967] no-platform   -            Mi Amigo Restaurant and bakery
[2179/2967] no-platform   -            Summer's Deli & Catering
[2180/2967] no-platform   -            La Especial
[2181/2967] no-platform   -            TJ birrierria 664 #4
[2182/2967] no-platform   -            La Barca - Mexican Seafood and Craft Cocktails
[2183/2967] no-platform   -            Pansang's Filipino Cuisine
[2184/2967] no-platform   -            Wild Wooly's Saloon
[2185/2967] no-platform   -            SeaTaco
[2186/2967] no-platform   -            Lycha Tea, Coffee & Desserts
[2187/2967] no-platform   -            Sunset Café
[2188/2967] no-platform   -            Bakery
[2189/2967] no-platform   -            Vegan Tacos SD
[2190/2967] no-platform   -            California Kumpir
[2191/2967] no-platform   -            TJ Birrieria
[2192/2967] no-platform   -            La Cochinita
[2193/2967] no-platform   -            Pearson Deli
[2194/2967] no-platform   -            The Shop Cafe Barrio Logan
[2195/2967] no-platform   -            Hacienda Jamul
[2196/2967] no-platform   -            Cardiff By The Sea Buisness District
[2197/2967] no-platform   -            Purebowl
[2198/2967] no-platform   -            Java Shack
[2199/2967] no-platform   -            La Michoacana Ice Cream Shop
[2200/2967] no-platform   -            It's in the Filling!
[2201/2967] no-platform   -            TORI CAFE
[2202/2967] no-platform   -            Feliz Coffee Club
[2203/2967] no-platform   -            Tasty Bakery
[2204/2967] no-platform   -            Taqueria y mariscos el kiki
[2205/2967] no-platform   -            Fresh Catch Fish Market & Grill
[2206/2967] no-platform   -            Queenstage Coffee House
[2207/2967] no-platform   -            Chief's Da Tiki Bar
[2208/2967] no-platform   -            Birrieria la Loteria
[2209/2967] no-platform   -            Olive Oil Cafe
[2210/2967] no-platform   -            Yomie's Rice x Yogurt
[2211/2967] no-platform   -            Seaside Yogurt
[2212/2967] no-platform   -            Danish & Donuts
[2213/2967] no-platform   -            Donuts N Things
[2214/2967] no-platform   -            Nahomie's Cafe & Deli
[2215/2967] no-platform   -            PARA
[2216/2967] no-platform   -            Stadium Club
[2217/2967] no-platform   -            Club 13
[2218/2967] no-platform   -            Asian Kitchen
[2219/2967] no-platform   -            Mayra's Bakery
[2220/2967] no-platform   -            Executive Friendship Deli
[2221/2967] no-platform   -            Plaza Donuts & Yogurt
[2222/2967] no-platform   -            Jitters Espresso
[2223/2967] no-platform   -            Cafe des Artistes
[2224/2967] no-platform   -            Cafecito on Seacoast
[2225/2967] no-platform   -            Lemon Grove Bakery
[2226/2967] no-platform   -            Cilantro's Mexican Food,
[2227/2967] no-platform   -            Donut Pantry
[2228/2967] no-platform   -            Donut World
[2229/2967] no-platform   -            Dubai Cafe
[2230/2967] no-platform   -            ESSNTL Coffee
[2231/2967] no-platform   -            Chiquibaby's Bar
[2232/2967] no-platform   -            Mr Donuts
[2233/2967] no-platform   -            Raspados Michoacan
[2234/2967] no-platform   -            Burritos Luna
[2235/2967] no-platform   -            Tamales Brenda's
[2236/2967] no-platform   -            Great Happiness
[2237/2967] no-platform   -            El Cevichero PB
[2238/2967] no-platform   -            Brick 95
[2239/2967] no-platform   -            Champs Korean Bbq
[2240/2967] no-platform   -            Wasa Sushi Bar
[2241/2967] no-platform   -            Pacific lounge
[2242/2967] no-platform   -            The Iconic Coffee Club
[2243/2967] no-platform   -            SweetLife on 3rd
[2244/2967] no-platform   -            Cristallo Cafe
[2245/2967] no-platform   -            Bakin' it Up Collective - An Artisan Bakery
[2246/2967] no-platform   -            San Diego Bakery & Café
[2247/2967] no-platform   -            Los Tapatios Mexican Food
[2248/2967] no-platform   -            Ho Won Express
[2249/2967] no-platform   -            Don Munchies SD
[2250/2967] no-platform   -            Tommy V's Pizzeria
[2251/2967] no-platform   -            E.S.B. Cafe
[2252/2967] no-platform   -            Mango Mania Frutas & More
[2253/2967] no-platform   -            Tram Chim - Live King Crab
[2254/2967] no-platform   -            Audrey's Café
[2255/2967] no-platform   -            Mariscos La Reyna del Sur
[2256/2967] no-platform   -            Dr. Juice
[2257/2967] no-platform   -            CORAL SPORTS BAR
[2258/2967] no-platform   -            El Rinconcito Taco Shop
[2259/2967] no-platform   -            Birria Blvd
[2260/2967] no-platform   -            Tacos AlPastor Spring Valley
[2261/2967] no-platform   -            Cup 'n Go
[2262/2967] no-platform   -            Trining’s Bakery & Cafe National City
[2263/2967] no-platform   -            Yum Yum Yo Frozen Yogurt/Sandwiches/Boba
[2264/2967] no-platform   -            Tacos El Orejas
[2265/2967] no-platform   -            Gold Soul Coffee
[2266/2967] no-platform   -            Java Time
[2267/2967] no-platform   -            Barrio Street Tacos
[2268/2967] no-platform   -            Camden Food Co.
[2269/2967] no-platform   -            Family Golden Palace
[2270/2967] no-platform   -            El Jefes Tac[2271/2[2271/2967] no-platform   -            Vinum Locus
[2272/2967] no-platform   -            Cui Daore
[2273/2967] no-platform   -            AWOL
[2274/2967] no-platform   -            The Parks Cafe
[2275/2967] no-platform   -            Harbor Island Deli & Spirits
[2276/2967] no-platform   -            Okayama Steakhouse
[2277/2967] no-platform   -            Layali nights lounge
[2278/2967] no-platform   -            Bedda
[2279/2967] no-platform   -            Layali nights lounge
[2280/2967] no-platform   -            Rancho Roasters
[2281/2967] no-platform   -            Da Nang Restaurant and Cafe
[2282/2967] no-platform   -            My Cup of Tea Unique Gifts
[2283/2967] no-platform   -            Bean Me Up Coffee
[2284/2967] no-platform   -            La Isla Neveria
[2285/2967] no-platform   -            Very Tasty Coffee
[2286/2967] no-platform   -            La Barbacoa Autentica De Borrego
[2287/2967] no-platform   -            Heavy's Smokehouse
[2288/2967] no-platform   -            Arc & Kin
[2289/2967] no-platform   -            Carnitas La Caldera
[2290/2967] no-platform   -            Village Tacos
[2291/2967] no-platform   -            Encinitas Donut House
[2292/2967] no-platform   -            Yakitori Tsuta
[2293/2967] no-platform   -            Frutas Frescas
[2294/2967] no-platform   -            The Tin Scoop
[2295/2967] no-platform   -            Locally Toasted Delicatessen
[2296/2967] no-platform   -            ESB Coffee
[2297/2967] no-platform   -            Marcella June's Coffee Lounge
[2298/2967] no-platform   -            Stage stop pizza
[2299/2967] no-platform   -            Viche Marina Deli & Coffee
[2300/2967] no-platform   -            Blend & Bite Cafe
[2301/2967] no-platform   -            Saigon Corner
[2302/2967] no-platform   -            The Yogo, Handcrafted Ice Cream & Desserts
[2303/2967] no-platform   -            Sinbad Restaurant And Lounge
[2304/2967] no-platform   -            Pepita's Cafe
[2305/2967] no-platform   -            Los sushi lovers
[2306/2967] no-platform   -            Honey Banana
[2307/2967] no-platform   -            Taqueria Don Chamango
[2308/2967] no-platform   -            Awesome Jamaican Jerk Wings by Laylahs
[2309/2967] no-platform   -            Tokyo Express
[2310/2967] no-platform   -            Cafe Dawny
[2311/2967] no-platform   -            Pan paulitas mexican bakery
[2312/2967] no-platform   -            Polanco Kitchen & Bar
[2313/2967] no-platform   -            Balboa Bakery
[2314/2967] no-platform   -            The Library Coffee Shop
[2315/2967] no-platform   -            Veterans of Foriegn Wars Post 9327
[2316/2967] no-platform   -            Linda Vista Market
[2317/2967] no-platform   -            Teo's Kitchen
[2318/2967] no-platform   -            El Primo Birrieria Taco Truck
[2319/2967] no-platform   -            Larisa's Mexican Bakery
[2320/2967] no-platform   -            KD's Donuts
[2321/2967] no-platform   -            Green Light Cafe & Deli
[2322/2967] no-platform   -            Rancho's Taco Shop And Seafood
[2323/2967] no-platform   -            Sandwich Co.
[2324/2967] no-platform   -            DACAFÉ
[2325/2967] no-platform   -            Jimmy's Cafe & Pub
[2326/2967] no-platform   -            Aurora's Bakery
[2327/2967] no-platform   -            Shelly's Deli
[2328/2967] no-platform   -            Hector's Taco Shop & Fruteria
[2329/2967] no-platform   -            Seoul Street
[2330/2967] no-platform   -            Menuderia Y Taqueria El Flako
[2331/2967] no-platform   -            Roselys Eats and Sweets
[2332/2967] no-platform   -            BARESSITO ANTRO BAR
[2333/2967] no-platform   -            Sandok Filipino Cuisine
[2334/2967] no-platform   -            Over The Border
[2335/2967] no-platform   -            Made in Chinaloa
[2336/2967] no-platform   -            Old Town Ice Cream
[2337/2967] no-platform   -            Akari Sushi
[2338/2967] no-platform   -            1904 Street Dogs
[2339/2967] no-platform   -            Doh Doh Coffee
[2340/2967] no-platform   -            Weapon Ramen Liberty Public Market
[2341/2967] no-platform   -            Golden Spoon Frozen Yogurt
[2342/2967] no-platform   -            Tortas Tj
[2343/2967] no-platform   -            Sea Ridge Coffee
[2344/2967] no-platform   -            Caffe Positano, Fairbanks
[2345/2967] no-platform   -            The Cookie Opera
[2346/2967] no-platform   -            Tacos Minali
[2347/2967] no-platform   -            22 Area Galley
[2348/2967] no-platform   -            Isabela’s Mexican food
[2349/2967] no-platform   -            Panadería El Trigal
[2350/2967] no-platform   -            Sonora Steak Asadero El Prieto #13
[2351/2967] no-platform   -            LA MICHOACANA SON MEX OF POWAY
[2352/2967] no-platform   -            Water Store
[2353/2967] no-platform   -            La Cucina di Silvana
[2354/2967] no-platform   -            Mr. Manitas Taco Bar and Fruteria
[2355/2967] no-platform   -            Autentica Comida Oaxaquena
[2356/2967] no-platform   -            EL PASO TACO SHOP
[2357/2967] no-platform   -            The coffee machine
[2358/2967] no-platform   -            Logan Inn
[2359/2967] no-platform   -            Notorious Barbecue
[2360/2967] no-platform   -            Jason's Courtyard Cafe
[2361/2967] no-platform   -            El Uno Bar
[2362/2967] no-platform   -            Birrieria La Vaquita
[2363/2967] no-platform   -            Rancho Roasters
[2364/2967] no-platform   -            Pink Donuts
[2365/2967] no-platform   -            Javier’s Mexican Food
[2366/2967] no-platform   -            Casa Del Lobo
[2367/2967] no-platform   -            Smoke and Salt Restaurant
[2368/2967] no-platform   -            TG Cafe
[2369/2967] no-platform   -            Boba Life La Mesa
[2370/2967] no-platform   -            The Pocket Pool & Bar
[2371/2967] no-platform   -            Mood ALsham restaurant
[2372/2967] no-platform   -            Sara's Bakery
[2373/2967] no-platform   -            Aalami Restaurant - Somali Cuisine
[2374/2967] no-platform   -            La Michoacana Ice Cream
[2375/2967] no-platform   -            Franco's Flapjack
[2376/2967] no-platform   -            Lizs Cocina
[2377/2967] no-platform   -            Tasty Buds LLC
[2378/2967] no-platform   -            Ortiz Bakery
[2379/2967] no-platform   -            Cafecito at EPOCA
[2380/2967] no-platform   -            Mariscos Guille
[2381/2967] no-platform   -            De La Torre Cenaduria
[2382/2967] no-platform   -            Ramen Girl
[2383/2967] no-platform   -            La Cocina De Chata
[2384/2967] no-platform   -            Acai Roots
[2385/2967] no-platform   -            Cafe Del Mar
[2386/2967] no-platform   -            Ana’s Fruit & Deli
[2387/2967] no-platform   -            Las Ranas Lonchera Mariscos
[2388/2967] no-platform   -            Pines
[2389/2967] no-platform   -            Las Delicias de Alicia
[2390/2967] no-platform   -            The Galley
[2391/2967] no-platform   -            Taquería Imperial Taco Shop
[2392/2967] no-platform   -            Tacos el uzzi
[2393/2967] no-platform   -            Coastal Coffee - Scripps Memorial Hospital
[2394/2967] no-platform   -            La Espiga de Oro Mexican Bakery
[2395/2967] no-platform   -            El Camaron Negro
[2396/2967] no-platform   -            Taco de Ojo Sports Cantina
[2397/2967] no-platform   -            Black Sea Cafe & Market
[2398/2967] no-platform   -            Wow Donuts
[2399/2967] no-platform   -            Hot Blend Café
[2400/2967] no-platform   -            Dubu San Diego Tofu Company
[2401/2967] no-platform   -            Rising Sun Sushi
[2402/2967] no-platform   -            Koakai Brewing Co.
[2403/2967] no-platform   -            Cacio
[2404/2967] no-platform   -            San Diego Beer House
[2405/2967] no-platform   -            Tus Chefs Favoritas
[2406/2967] no-platform   -            Erlene's Family Style Cuisine
[2407/2967] no-platform   -            Al Chile Mexican Food
[2408/2967] no-platform   -            Manila Bistro
[2409/2967] no-platform   -            Family Tacos
[2410/2967] no-platform   -            EL SAZON DE MAMA
[2411/2967] no-platform   -            The Other Side Bar and Grill
[2412/2967] no-platform   -            FENIX LOUNGE
[2413/2967] no-platform   -            Tortillas De Harina El Trigal
[2414/2967] no-platform   -            Rey Tj Burger's San Diego
[2415/2967] no-platform   -            Tlaloc Deli
[2416/2967] no-platform   -            Pinoy Express Fastfood
[2417/2967] no-platform   -            La Chalupa Mariscos #2 Food Truck
[2418/2967] no-platform   -            Macy's Cafe at Fashion Valley
[2419/2967] no-platform   -            Lizzie's Cake Couture
[2420/2967] no-platform   -            Downtown cafe pizza
[2421/2967] no-platform   -            Kikos Place cantina
[2422/2967] no-platform   -            Fruit
[2423/2967] no-platform   -            Xicanitos
[2424/2967] no-platform   -            Marina Kitchen at Mariott Marquis
[2425/2967] no-platform   -            Chula Tacos Taquerias
[2426/2967] no-platform   -            Maple Tree Coffee
[2427/2967] no-platform   -            Perk Social
[2428/2967] no-platform   -            The Café at Alma San Diego
[2429/2967] no-platform   -            Korean Bingsoo Cafe
[2430/2967] no-platform   -            La Flor Bakery
[2431/2967] no-platform   -            Cali Cafe
[2432/2967] no-platform   -            Rita's of Mission Hills
[2433/2967] no-platform   -            El Kafecito
[2434/2967] no-platform   -            Juicers
[2435/2967] no-platform   -            Beaudevin
[2436/2967] no-platform   -            Louisiana Banana Pudding
[2437/2967] no-platform   -            Smash’d Burgers
[2438/2967] no-platform   -            J-Town Grab and Go
[2439/2967] no-platform   -            Noodle Bowl and dumplings
[2440/2967] no-platform   -            Rapido Y Sabroso Taco Truck
[2441/2967] no-platform   -            Pho On The Go
[2442/2967] no-platform   -            Uphori Cafe
[2443/2967] no-platform   -            The Propeller Bar and Grill
[2444/2967] no-platform   -            D's Coffee
[2445/2967] no-platform   -            Valerio's Bakehouse
[2446/2967] no-platform   -            Coffee Shop
[2447/2967] no-platform   -            Clayton's Galley
[2448/2967] no-platform   -            Verde Kitchen & Bar
[2449/2967] no-platform   -            Star Gazer Club
[2450/2967] no-platform   -            La Patrona
[2451/2967] no-platform   -            Smash Bacon
[2452/2967] no-platform   -            Jue Wei food
[2453/2967] no-platform   -            Goodspot
[2454/2967] no-platform   -            Meal and Munch
[2455/2967] no-platform   -            Candy's Boom Boom Room
[2456/2967] no-platform   -            Burritos Salomè
[2457/2967] no-platform   -            Bethlehem Baking Co.
[2458/2967] no-platform   -            Skinny Jake Smokehouse
[2459/2967] no-platform   -            Taiyo
[2460/2967] no-platform   -            The Meantime
[2461/2967] no-platform[2461/2967] no-platform   -    [2462/2967] no-platform   -            Ranas Hotdogs & Hamburgers
[2463/2967] no-platform   -            Cedar Rose
[2464/2967] no-platform   -            Chupacabras taco shop
[2465/2967] no-platform   -            Daniel's West
[2466/2967] no-platform   -            SWEET & SPICY SD LLC
[2467/2967] no-platform   -            Front Street Sweet Shack
[2468/2967] no-platform   -            La Perla del Pacífico
[2469/2967] no-platform   -            Tacos la Guera
[2470/2967] no-platform   -            Bayside Bar
[2471/2967] no-platform   -            Marina Market and Café
[2472/2967] no-platform   -            Rapha Tea
[2473/2967] no-platform   -            Miguel’s Street Tacos
[2474/2967] no-platform   -            Bailey House
[2475/2967] no-platform   -            Cup of Bloom La Jolla
[2476/2967] no-platform   -            Guau Guau Taza de Cafe
[2477/2967] no-platform   -            Freeze Gourmet
[2478/2967] no-platform   -            Alberto's
[2479/2967] no-platform   -            Tacos El Unico
[2480/2967] no-platform   -            La Creperia Nutilda
[2481/2967] no-platform   -            Chinese Cuisine
[2482/2967] no-platform   -            Barbas Mexican Food
[2483/2967] no-platform   -            Thai Style Kitchen Oceanside
[2484/2967] no-platform   -            Yesenia’s Mexican Food
[2485/2967] no-platform   -            MJ's Eatery Philly Cheesesteaks and more
[2486/2967] no-platform   -            El Rinconcito Sinaloense Antojitos
[2487/2967] no-platform   -            The Honey Pot
[2488/2967] no-platform   -            Grill chicken Linda vista
[2489/2967] no-platform   -            Authentic Mexican Bakery
[2490/2967] no-platform   -            Pikolinas
[2491/2967] no-platform   -            Puerta Del Cielo Mexican Foods-Food Truck
[2492/2967] no-platform   -            Vega’s Kitchen
[2493/2967] no-platform   -            El Chile pelais del Flaco
[2494/2967] no-platform   -            Tacos puebla
[2495/2967] no-platform   -            La Morena del Fuego
[2496/2967] no-platform   -            Island Style Sushi
[2497/2967] no-platform   -            Taco truck
[2498/2967] no-platform   -            Soulsip
[2499/2967] no-platform   -            New Name Club
[2500/2967] no-platform   -            Shrimp on a Skateboard Mariscos
[2501/2967] no-platform   -            taco de ojo sports cantina
[2502/2967] no-platform   -            7 Marcelos Mexican Cafe
[2503/2967] no-platform   -            Nori Japan
[2504/2967] no-platform   -            El Mejor Taco Avapor
[2505/2967] no-platform   -            "LAS CAZUELITAS" Home made Mexican food
[2506/2967] no-platform   -            Da Good Vibes Eats
[2507/2967] no-platform   -            701 FOOD
[2508/2967] no-platform   -            Bello’s Tacos and Burritos
[2509/2967] no-platform   -            AY MI MAZATLÁN
[2510/2967] no-platform   -            Brunette Social Sports Bar
[2511/2967] no-platform   -            Rodeó's Cocina Mexican Restaurant
[2512/2967] no-platform   -            Taco Stand
[2513/2967] no-platform   -            117° West Spirits
[2514/2967] no-platform   -            Filipino Lumpia
[2515/2967] no-platform   -            Mariscos y Birrieria El Compa Güero
[2516/2967] no-platform   -            Food Truck
[2517/2967] no-platform   -            Vivant Bistro & Craft Bar
[2518/2967] no-platform   -            Comida China
[2519/2967] no-platform   -            El Puerquito Hard Frescas
[2520/2967] no-platform   -            El Sonorense Taco Shop
[2521/2967] no-platform   -            HOTDOGS SINALOA 619
[2522/2967] no-platform   -            Mariscos la baja mar y fuego
[2523/2967] no-platform   -            Sushi ki To
[2524/2967] no-platform   -            Quick Meal Deal Hunterz
[2525/2967] no-platform   -            Balboa's Grill House
[2526/2967] no-platform   -            9th Hole Snack Shop
[2527/2967] no-platform   -            It's Raw Poke Truck
[2528/2967] no-platform   -            Pollos Asados Goyos
[2529/2967] no-platform   -            El Peruano Grill
[2530/2967] no-platform   -            Gourmet @ Culinary Outlook
[2531/2967] no-platform   -            City Chopped Cheese
[2532/2967] no-platform   -            Larry's Birria
[2533/2967] no-platform   -            Tacos delicioso
[2534/2967] no-platform   -            FIFTEEN 360
[2535/2967] no-platform   -            El Ostion Mariscos
[2536/2967] no-platform   -            Quel & Tito's Food Shack
[2537/2967] no-platform   -            Premier Food Services
[2538/2967] no-platform   -            Sliderz & Mo'
[2539/2967] no-platform   -            Squishys619
[2540/2967] no-platform   -            Tacos Los Carnales
[2541/2967] no-platform   -            Taqueria Los Panchos
[2542/2967] no-platform   -            Tacos "El Moy"
[2543/2967] no-platform   -            HomeMeals
[2544/2967] no-platform   -            Kevin's Convenience Stand
[2545/2967] no-platform   -            La catrachita
[2546/2967] no-platform   -            Cassara Kitchen & Bar
[2547/2967] no-platform   -            Myung Ka Korean Food
[2548/2967] no-platform   -            El Taco Latino
[2549/2967] no-platform   -            La Casa de Don Juan
[2550/2967] no-platform   -            Tamales Landa
[2551/2967] no-platform   -            Tacos Loco's
[2552/2967] no-platform   -            Galley
[2553/2967] no-platform   -            Sushi Love
[2554/2967] no-platform   -            Marisol's Pie Shop
[2555/2967] no-platform   -            Kim's House
[2556/2967] no-platform   -            YakiroSushi
[2557/2967] no-platform   -            SALT N SAVOR DELI & CAFE
[2558/2967] no-platform   -            Berta & Odina's Food Truck
[2559/2967] no-platform   -            Baba Coffee Mobile
[2560/2967] no-platform   -            Food Pavilion
[2561/2967] no-platform   -            Arrieros Tacos ¡Hecho está!
[2562/2967] no-platform   -            Oishii Sushi Bar
[2563/2967] no-platform   -            Mariscos La Baja Food Truck
[2564/2967] no-platform   -            Fox Point Pizza
[2565/2967] no-platform   -            Mimosa
[2566/2967] no-platform   -            Its Cafe Thai
[2567/2967] no-platform   -            Desayunos y Baguettes
[2568/2967] no-platform   -            College Corner Cafe
[2569/2967] no-platform   -            Panniken
[2570/2967] no-platform   -            Robbie's Roadhouse
[2571/2967] no-platform   -            CC Bakehouse
[2572/2967] no-platform   -            Powder Technology Laboratory Coffee
[2573/2967] no-platform   -            La Vendimia de María Tavares
[2574/2967] no-platform   -            VAQUERO TJ GRILL
[2575/2967] no-platform   -            Nature's emporumh
[2576/2967] no-platform   -            Five Loaves Sourdough Co.
[2577/2967] no-platform   -            Wash mobile
[2578/2967] no-platform   -            Taco Lovers
[2579/2967] no-platform   -            Regional My Place
[2580/2967] no-platform   -            Babylon Restaurant
[2581/2967] no-platform   -            Pop-up Tacos
[2582/2967] no-platform   -            Ball Three
[2583/2967] no-platform   -            Recognize Cocktails
[2584/2967] no-platform   -            Club Iguana
[2585/2967] no-platform   -            Heros
[2586/2967] no-platform   -            Oscars Cocktail Bar
[2587/2967] no-platform   -            The Coop
[2588/2967] no-platform   -            Porters Grille & BBQ
[2589/2967] no-platform   -            Elbo Rest
[2590/2967] no-platform   -            Molly Malones Sports Tavern
[2591/2967] no-platform   -            Coral Market
[2592/2967] no-platform   -            The Cove
[2593/2967] no-platform   -            Embassy Room
[2594/2967] no-platform   -            Luckyz Sports Pub
[2595/2967] no-platform   -            Desi N Friends
[2596/2967] no-platform   -            Rds Log Cabin
[2597/2967] no-platform   -            Incredibowl Cafe & Deli
[2598/2967] no-platform   -            Oside Shave Ice
[2599/2967] no-platform   -            Birdies Bar and Grill
[2600/2967] no-platform   -            Jupiter Leucadia
[2601/2967] no-platform   -            Marbella Oyster Bar
[2602/2967] no-platform   -            Frank’s Ice Cream Wholesale
[2603/2967] no-platform   -            Rise & Brew Coffee
[2604/2967] no-platform   -            Mission Hills Coffee Company
[2605/2967] no-platform   -            Island Market
[2606/2967] no-platform   -            Tides
[2607/2967] no-platform   -            Bien Hecho Coffee
[2608/2967] no-platform   -            Café VERA
[2609/2967] no-platform   -            Pho PB
[2610/2967] no-platform   -            Smokehouse Pizza & BBQ
[2611/2967] no-platform   -            The Beekeeper's Oven - Julian
[2612/2967] no-platform   -            Sourworx
[2613/2967] no-platform   -            Koffeeing UP
[2614/2967] no-platform   -            Repostería Jexana
[2615/2967] no-platform   -            CaliTea
[2616/2967] no-platform   -            Hungarian bakery
[2617/2967] no-platform   -            Six Degrees
[2618/2967] no-platform   -            Spreckels Sweets And Treats
[2619/2967] no-platform   -            Mongus Grill
[2620/2967] no-platform   -            NA
[2621/2967] no-platform   -            Captain's Seafood Gallery
[2622/2967] no-platform   -            Natural Delights Juice Bar
[2623/2967] no-platform   -            Poke Point
[2624/2967] no-platform   -            House Of Draught No 2
[2625/2967] no-platform   -            BNCafe
[2626/2967] no-platform   -            Oasis On The Rocks
[2627/2967] no-platform   -            El Picnic Tabel
[2628/2967] no-platform   -            The Place
[2629/2967] no-platform   -            Macan Market
[2630/2967] no-platform   -            Stone Brewing Company
[2631/2967] no-platform   -            Lupita's Mexican Food
[2632/2967] no-platform   -            Cafe Europe
[2633/2967] no-platform   -            Kouklas Cafe
[2634/2967] no-platform   -            Galley
[2635/2967] no-platform   -            San Diego Creamery
[2636/2967] no-platform   -            The Bistro Restaurant
[2637/2967] no-platform   -            Leading Edge Cafe
[2638/2967] no-platform   -            The Shine Shack
[2639/2967] no-platform   -            V/ Workout Bar
[2640/2967] no-platform   -            Fairbanks Coffee Stand
[2641/2967] no-platform   -            Izakaya En
[2642/2967] no-platform   -            Dees Sports Tavern
[2643/2967] no-platform   -            49Er
[2644/2967] no-platform   -            Ice Cream Parlor-Lemon Grove
[2645/2967] no-platform   -            AZTECA SAN DIEGO TACO'S
[2646/2967] no-platform   -            Boo Boo Sweetz
[2647/2967] no-platform   -            Mission Grounds Coffee
[2648/2967] no-platform   -            Mad Maui BBQ
[2649/2967] no-platform   -            Fronted
[2650/2967] no-platform   -            Speak Easy
[2651/2967] no-platform   -            Mariscos villafaña
[2652/2967] no-platform   -            An's Gelato
[2653/2967] no-platform   -            C&C Barkery
[2654/2967] no-platform   -            Bakery 7
[2655/2967] no-platform   -            Caveman BBQ
[2656/2967] no-platform   -            Downtown BBQ
[2657/2967] no-platform   -            The Sourdough Sweetie
[2658/2967] no-platform   -            Jayda Marie's Bakery
[2659/2967] no-platform   -            Carniceria Taco Shop
[2660/2967] no-platform   -            DAYGO Brunch’N
[2661/2967] no-platform   -            Sports Lounge & Arcade Bar
[2662/2967] no-platform   -            Oasis Bar
[2663/2967] no-platform   -            Ramen Goddess
[2664/2967] no-platform   -            DeAnza Bar
[2665/2967] no-platform   -            Sattellite Bites
[2666/2967] no-platform   -            Tacos de corazón
[2667/2967] no-platform   -            Mr. Jalepeno El Burrito Mexicano & more.
[2668/2967] no-platform   -            OB Tamales and Taqueria
[2669/2967] no-platform   -            COFFEE CRATE
[2670/2967] no-platform   -            Yogen FrÃ¼z
[2671/2967] no-platform   -            Americana Restaurant
[2672/2967] no-platform   -            (dba) The Wayfarer's Pantry - Cottage Kitchen
[2673/2967] no-platform   -            Little Frosty’s
[2674/2967] no-platform   -            The Fusion Bistro
[2675/2967] no-platform   -            The Cow Shed Bar and Grill
[2676/2967] no-platform   -            Mariscos La Tia
[2677/2967] no-platform   -            Tierra Mia Mariscos y Mas
[2678/2967] no-platform   -            Out of Towners Bar Grill Lounge
[2679/2967] no-platform   -            Panaderia Rosarito
[2680/2967] no-platform   -            Ramones
[2681/2967] no-platform   -            Rainbow Cafe
[2682/2967] no-platform   -            Marla’s Coffee
[2683/2967] no-platform   -            Bonnie's Bread Boutique
[2684/2967] no-platform   -            Reef Lounge Poolside Bar & Grill
[2685/2967] no-platform   -            Randolfo's Tacos
[2686/2967] no-platform   -            Bincho taco
[2687/2967] no-platform   -            Roxie’s Sweet Bakes & Treats
[2688/2967] no-platform   -            Rancho Hookah Lounge
[2689/2967] no-platform   -            Pizzeria
[2690/2967] no-platform   -            Donut Star
[2691/2967] no-platform   -            La delicia
[2692/2967] no-platform   -            Tacos Los Carnales
[2693/2967] no-platform   -            Seafood and pub
[2694/2967] no-platform   -            Mariscos El Prieto Express
[2695/2967] no-platform   -            Sushi In the Ranch
[2696/2967] no-platform   -            Tonkatsu Narikura - Coming Soon
[2697/2967] no-platform   -            Amanda Pandas Bakery
[2698/2967] no-platform   -            K-Bakery
[2699/2967] no-platform   -            The Taco Stop
[2700/2967] no-platform   -            Nooni’s Taco Shop
[2701/2967] no-platform   -            valarias
[2702/2967] no-platform   -            Cultivated Greens
[2703/2967] no-platform   -            El Patrón Mar y Tierra
[2704/2967] no-platform   -            Sinaloa Fish
[2705/2967] no-platform   -            Mesa Cafe
[2706/2967] no-platform   -            Mariscos El Paisa
[2707/2967] no-platform   -            P.B. Wellness Health & Nutrition
[2708/2967] no-platform   -            Puffs SD- HomeBased
[2709/2967] no-platform   -            Bakes By Zena
[2710/2967] no-platform   -            Seafood San Diego
[2711/2967] no-platform   -            Los hotchos del barrio
[2712/2967] no-platform   -            Taco’s El Chaparro
[2713/2967] no-platform   -            Nespresso Pop-Up
[2714/2967] no-platform   -            Men-ya Mufu - Coming Soon
[2715/2967] no-platform   -            Hajime Ramen
[2716/2967] no-platform   -            Bloomix studio
[2717/2967] no-platform   -            Birria a Mi Gusto
[2718/2967] no-platform   -            Chimbita
[2719/2967] no-platform   -            Smoked Street Tacos
[2720/2967] no-platform   -            CC Bakehouse
[2721/2967] no-platform   -            Palomar Ice Cream and Candy
[2722/2967] no-platform   -            Taste of Home Cakes and Cupcakes
[2723/2967] no-platform   -            La Sheesh Bar & Grill
[2724/2967] no-platform   -            Sprinkles Cafe
[2725/2967] no-platform   -            Gabriel's Taco Stand
[2726/2967] no-platform   -            The Stag Lion
[2727/2967] no-platform   -            Little Owl Coffe & Tea
[2728/2967] no-platform   -            jr sushi
[2729/2967] no-platform   -            Bella Bakery Boutique LLC
[2730/2967] no-platform   -            Parkway Social 619
[2731/2967] no-platform   -            Cafe Pronto
[2732/2967] no-platform   -            Carnitas y Chicharrones Los Marranitos SD #1
[2733/2967] no-platform   -            Pizza
[2734/2967] no-platform   -            MC's Kitchen
[2735/2967] no-platform   -            Pine Valley Java
[2736/2967] no-platform   -            The Pony Express Coffee Bar & Drive Thru
[2737/2967] no-platform   -            Barking Deer Pizza & Beer
[2738/2967] no-platform   -            Lemonlade
[2739/2967] no-platform   -            Lina's Bakery
[2740/2967] no-platform   -            Nik's BBQ
[2741/2967] no-platform   -            Nimbus Bakery
[2742/2967] no-platform   -            Tacos Las Huesas
[2743/2967] no-platform   -            Fairbanks Coffee Company
[2744/2967] no-platform   -            Cozy Crumble Cottage Bakery
[2745/2967] no-platform   -            Tortilleria Bakery
[2746/2967] no-platform   -            Valencia Mexican Food
[2747/2967] no-platform   -            Bakery San Jorge
[2748/2967] no-platform   -            Pannakin Coffee & Tea
[2749/2967] no-platform   -            Bee's Bread Co
[2750/2967] no-platform   -            The Dulzura Cafe%2C
[2751/2967] no-platform   -            Wellspring Tea Room
[2752/2967] no-platform   -            Porciones De Dulzura Bakery
[2753/2967] no-platform   -            The Patch Coffee
[2754/2967] no-platform   -            Bread of Life Bakes
[2755/2967] no-platform   -            Lush Lounge
[2756/2967] no-platform   -            Mickies Suds Room
[2757/2967] no-platform   -            Indigo Pineapple Café
[2758/2967] no-platform   -            Barra 8
[2759/2967] no-platform   -            College Sub Shop
[2760/2967] no-platform   -            Dieberto's
[2761/2967] no-platform   -            11th Marines Chow Hall
[2762/2967] no-platform   -            El Cotixan Taco Shop
[2763/2967] no-platform   -            El Paso Bar
[2764/2967] no-platform   -            Fruity Fruits
[2765/2967] no-platform   -            Churro Con Chocolate
[2766/2967] no-platform   -            Club 42 Tequila Bar
[2767/2967] no-platform   -            Cafe Pho
[2768/2967] no-platform   -            Tacos el jefe
[2769/2967] no-platform   -            Sabor Michoacán
[2770/2967] no-platform   -            La Vuelta Club
[2771/2967] no-platform   -            Pikes Iron Wagon Real Pit BBQ
[2772/2967] no-platform   -            La Michoacana Elite
[2773/2967] no-platform   -            HomemadebyNashae
[2774/2967] no-platform   -            Kneading Love Micro Bakery
[2775/2967] no-platform   -            Steves Cabana
[2776/2967] no-platform   -            Raspabros
[2777/2967] no-platform   -            El Cajon Grand Cocktail Lounge
[2778/2967] no-platform   -            Bonitas Bar and Grill
[2779/2967] no-platform   -            Cozy Cat Bakehouse
[2780/2967] no-platform   -            Vero's Sweet Bakeshop
[2781/2967] no-platform   -            Tutu Taco
[2782/2967] no-platform   -            Techy Cafe Chula Vista
[2783/2967] no-platform   -            Canela Bake
[2784/2967] no-platform   -            The Bridge Snacks and Refreshments
[2785/2967] no-platform   -            La Perla del Pacífico
[2786/2967] no-platform   -            Blue Haven
[2787/2967] no-platform   -            Bavarian Inn
[2788/2967] no-platform   -            Yute Keto Bakery
[2789/2967] no-platform   -            Spicy Duck
[2790/2967] no-platform   -            Trolley
[2791/2967] no-platform   -            Viva el Cafe
[2792/2967] no-platform   -            Walters Cafe and Trailer Pk
[2793/2967] no-platform   -            Lumière Café San Diego
[2794/2967] no-platform   -            Romo Baker and general store
[2795/2967] no-platform   -            Cafecito del Monte
[2796/2967] no-platform   -            Higher Grounds Coffee
[2797/2967] no-platform   -            No excuse income
[2798/2967] no-platform   -            Panderia Bakery
[2799/2967] no-platform   -            Windansea Bar and Grill
[2800/2967] no-platform   -            A Piece of Cake
[2801/2967] no-platform   -            Raspados Aloha 2
[2802/2967] no-platform   -            Joshways Barbeque
[2803/2967] no-platform   -            Bin Kheer Café
[2804/2967] no-platform   -            Ramone's
[2805/2967] no-platform   -            Ettas Place
[2806/2967] no-platform   -            Eds Cocktail Lounge
[2807/2967] no-platform   -            JT Bros
[2808/2967] no-platform   -            Teris East
[2809/2967] no-platform   -            Nouvelle Latin Cuisine
[2810/2967] no-platform   -            Donburi Kitchen
[2811/2967] no-platform   -            Sweet By Saray
[2812/2967] no-platform   -            California Taco Club
[2813/2967] no-platform   -            Joe's Pizza and Bistro
[2814/2967] no-platform   -            Miramar Fresh Kitchen
[2815/2967] no-platform   -            La Michoacana Ice Cream
[2816/2967] no-platform   -            Gilbeys Cocktail Lounge
[2817/2967] no-platform   -            Zoe’s Place Bakery
[2818/2967] no-platform   -            Ciccicotti’s
[2819/2967] no-platform   -            Mama’s Cucina Italiana
[2820/2967] no-platform   -            Casa del Pane
[2821/2967] no-platform   -            The Hearth
[2822/2967] no-platform   -            Tacos
[2823/2967] no-platform   -            CHI
[2824/2967] no-platform   -            Wednesday Cake
[2825/2967] no-platform   -            Ximena
[2826/2967] no-platform   -            AVO Vegan Restaurant
[2827/2967] no-platform   -            El Rancho Grande Bar & Grill
[2828/2967] no-platform   -            Neat treats by Rachel
[2829/2967] no-platform   -            El Rancho Bar & Grill
[2830/2967] no-platform   -            Lili antojitos and Mexican food Boulevard
[2831/2967] no-platform   -            Sweet Bean Cafe
[2832/2967] no-platform   -            Kaphe Muna
[2833/2967] no-platform   -            Coffee & Smoothies
[2834/2967] no-platform   -            Chicanos Pastries
[2835/2967] no-platform   -            MIKAKU sushi and grill
[2836/2967] no-platform   -            Shibari
[2837/2967] no-platform   -            Birria & Mariscos el Zurdo
[2838/2967] no-platform   -            Rooster Ramen
[2839/2967] no-platform   -            Rooster Ramen
[2840/2967] no-platform   -            Mexican Seafood & Grill
[2841/2967] no-platform   -            Sabor A Cielo Sweets
[2842/2967] no-platform   -            SHOR
[2843/2967] no-platform   -            SideYard Coffee
[2844/2967] no-platform   -            Bakery
[2845/2967] no-platform   -            Little Vienna
[2846/2967] no-platform   -            Old California Coffee House and Eatery
[2847/2967] no-platform   -            Gallopin In
[2848/2967] no-platform   -            Las Palmas
[2849/2967] no-platform   -            Sapporo Rock & Roll Sushi
[2850/2967] no-platform   -            Hawaiian Shaved Ice
[2851/2967] no-platform   -            Foundation X
[2852/2967] no-platform   -            Sweet Robin's
[2853/2967] no-platform   -            On Point BBQ
[2854/2967] no-platform   -            Cocinita La Michoacana
[2855/2967] no-platform   -            Cafe Zzo Coffee Shop and Mini Mart
[2856/2967] no-platform   -            Takos El Michi
[2857/2967] no-platform   -            DQ Orange Julius
[2858/2967] no-platform   -            Mike’s Sourdough Bakery
[2859/2967] no-platform   -            KGP Pizza & Grill
[2860/2967] no-platform   -            Eppig Brewing North Park
[2861/2967] no-platform   -            Mariscos Seafood
[2862/2967] no-platform   -            The Pagoda
[2863/2967] no-platform   -            Southbay Cafe & Cantina
[2864/2967] no-platform   -            Fifty 9 Fifty
[2865/2967] no-platform   -            Sunshine Poke & Sushi Rolls
[2866/2967] no-platform   -            Blooming Vegans
[2867/2967] no-platform   -            1935 Artisan Desserts & Kitchen
[2868/2967] no-platform   -            Arevalo's Raspados
[2869/2967] no-platform   -            Rusty Spur Cocktails and Dancing
[2870/2967] no-platform   -            iDessert
[2871/2967] no-platform   -            Frost Me Gourmet Cupcakes
[2872/2967] no-platform   -            Wolftown
[2873/2967] no-platform   -            Cocina Tonalnan
[2874/2967] no-platform   -            Ghost tacos downtown
[2875/2967] no-platform   -            Walking on Water Cafe
[2876/2967] no-platform   -            Tlaxcala Hectoir's Taco Shop
[2877/2967] no-platform   -            Maggie’s Cake Shop
[2878/2967] no-platform   -            La Cucharita
[2879/2967] no-platform   -            Pacific Taco Shop
[2880/2967] no-platform   -            Cups Coffee Cart
[2881/2967] no-platform   -            Eryan Sweets
[2882/2967] no-platform   -            Beach Cuisine Inc
[2883/2967] no-platform   -            Sunset by the Park
[2884/2967] no-platform   -            McCozy
[2885/2967] no-platform   -            Coca Cola Market
[2886/2967] no-platform   -            Pretzel Market
[2887/2967] no-platform   -            Pizzaria, Etc.
[2888/2967] no-platform   -            The Dining Room
[2889/2967] no-platform   -            CottageKitchen
[2890/2967] no-platform   -            El Cuervo
[2891/2967] no-platform   -            Sweet Rose Cottage Bakery, LLC
[2892/2967] no-platform   -            The Beekeeper's Oven Farmstand - Santa Ysabel
[2893/2967] no-platform   -            Sweetheart farms
[2894/2967] no-platform   -            Omas Delectables
[2895/2967] no-platform   -            The Grove Bar & Grill
[2896/2967] no-platform   -            Hafla Platter Inc
[2897/2967] no-platform   -            Santos Cafe Old Town
[2898/2967] no-platform   -            Modern Kabob - Grill & Smoothies
[2899/2967] no-platform   -            Wynola Pizza Express
[2900/2967] no-platform   -            National Burrito
[2901/2967] no-platform   -            Michele’s Cafe & Galleria
[2902/2967] no-platform   -            DONUTOPOLIS SCRIPPS RANCH VILLAGES
[2903/2967] no-platform   -            Sushi Gaga
[2904/2967] no-platform   -            Mar & Fuego
[2905/2967] no-platform   -            Smoothie Caffe
[2906/2967] no-platform   -            Latte By The Sea
[2907/2967] no-platform   -            Eva's Bakery
[2908/2967] no-platform   -            AREA DE COMIDA
[2909/2967] no-platform   -            Colors cafe
[2910/2967] no-platform   -            Mila's Ice cream & snacks
[2911/2967] no-platform   -            BAKERY FUENTES
[2912/2967] no-platform   -            Taqueria Mucho Toro
[2913/2967] no-platform   -            Dolce Cafe
[2914/2967] no-platform   -            Cafecito on Park
[2915/2967] no-platform   -            Julie's Desserts & Bakery
[2916/2967] no-platform   -            Torpedo Grill
[2917/2967] no-platform   -            Tantuni Turkish Street Food
[2918/2967] no-platform   -            Taste of egypt cafe
[2919/2967] no-platform   -            La Sirena
[2920/2967] no-platform   -            Café Noelle
[2921/2967] no-platform   -            Tacos la ocho
[2922/2967] no-platform   -            Nutrition Prime Spot
[2923/2967] no-platform   -            Mariscos Del Barrio
[2924/2967] no-platform   -            Super Mario's Mexican Food
[2925/2967] no-platform   -            Chamoyess
[2926/2967] no-platform   -            Blanco Rosso
[2927/2967] no-platform   -            Ben & Jerry's
[2928/2967] no-platform   -            Moreliana Ice Cream & Restaurant
[2929/2967] no-platform   -            Las Muñecas tradicional desserts
[2930/2967] no-platform   -            Tacos De Birria Mayo
[2931/2967] no-platform   -            Paula Jean's Coffee Bean
[2932/2967] no-platform   -            Arevalo's Bakery
[2933/2967] no-platform   -            Dalat Cafe
[2934/2967] no-platform   -            Baked & Blended
[2935/2967] no-platform   -            Denis’s Bakery
[2936/2967] no-platform   -            Sweet Bee Desserts
[2937/2967] no-platform   -            Society featuring Bubbas BBQ
[2938/2967] no-platform   -            Muneca ice cream
[2939/2967] no-platform   -            Dollshie Coffee
[2940/2967] no-platform   -            Shack-House
[2941/2967] no-platform   -            Donas Bakery and Food to Go
[2942/2967] no-platform   -            Raymundos taco shop
[2943/2967] no-platform   -            Mission Burger
[2944/2967] no-platform   -            Yeeha Boba
[2945/2967] no-platform   -            Cafe Bella Express
[2946/2967] no-platform   -            Serina Pizza
[2947/2967] no-platform   -            Café Bien
[2948/2967] no-platform   -            Cafe Rico & Catering LLC
[2949/2967] no-platform   -            The Nutrition Checkpoint
[2950/2967] no-platform   -            Los 3 Animales Taqueria
[2951/2967] no-platform   -            Madina Delicious Restaurant
[2952/2967] no-platform   -            Dalat Cafe
[2953/2967] no-platform   -            Chimney Nation
[2954/2967] no-platform   -            Chimney Nation
[2955/2967] no-platform   -            Sweet city creamery
[2956/2967] no-platform   -            Savioe
[2957/2967] no-platform   -            Prinkipia Frozen Yogurt
[2958/2967] no-platform   -            Blue Star Cafe
[2959/2967] no-platform   -            Fuego Mediterranean Grill
[2960/2967] no-platform   -            Duke's Hawaiian Coffee
[2961/2967] no-platform   -            Zen Coffee & Deli
[2962/2967] no-platform   -            Machela
[2963/2967] no-platform   -            Samba arena cafe
[2964/2967] no-platform   -            Chandelier Lounge Cuisine
[2965/2967] no-platform   -            Olga's Food Place
[2966/2967] no-platform   -            Cafe East by Eurest
[2967/2967] no-platform   -            Muscle Bar

platform                       attempted         filed       too-few         gated  wrong-branch needs-browser   no-platform  fetch-failed  screened-out
none                                2392             0             0             0             0            61          2331             0             0
toast                                125             1             0             2            34            84             0             0             4
order.online                         111             1             1             0             8            95             0             0             6
Square Online storefront              81             0             0             0             0            81             0             0             0
Square Online (own domain)            46             0             0             0             0            46             0             0             0
shopify                               27             3             5             0             0             0             0             0            19
chownow                               26             0             0             4             0            22             0             0             0
olo                                   23             0             0             0             0            23             0             0             0
slice                                 19             0             0             0             1            17             0             0             1
MealKeyWay                            18             0             0             0             0            18             0             0             0
spothopper                            17             1             1             0             0            15             0             0             0
netwaiter                             14             0            14             0             0             0             0             0             0
SpotOn                                13             0             0             0             0            13             0             0             0
own-jsonld                            10             5             1             0             2             0             0             0             2
plain-html                            10             0             0             0             0            10             0             0             0
clover                                 8             0             0             0             2             4             0             0             2
HungerRush                             6             0             0             0             0             6             0             0             0
wix                                    5             3             2             0             0             0             0             0             0
GloriaFood widget                      4             0             0             0             0             4             0             0             0
popmenu                                4             0             0             0             4             0             0             0             0
menufy                                 3             0             0             0             0             0             0             0             3
MenuSifu                               2             0             0             0             0             2             0             0             0
Paytronix                              2             0             0             0             0             2             0             0             0
ubereats                               1             0             0             0             0             1             0             0             0
TOTAL                               2967            14            24             6            51           504          2331             0            37

14 menus, 271 dishes
wrote menus/wip/router-20260906-091823.json
wrote menus/wip/router-20260906-091823.notes.json
