queue 3011 (2001 with a website, 1010 via serper fallback only); routing 3011 at concurrency 4

[   1/3011] no-platform   -            Oceanside Harbor Village
[   2/3011] no-platform   -            Crumbl Cookies
[   3/3011] no-platform   -            Westfield UTC
[   4/3011] no-platform   -            Ghirardelli Ice Cream & Chocolate Shop
[   5/3011] no-platform   -            Sessions by the Bay Ca[   6/3011] no-platform   -  [   6/3011] filed         own-jsonld   Peterson's Donut Corne[ [   7/3011] needs-browser toast        Liberty Public Market
[   8/3011] screened-out  order.online Wood Ranch Mission Valley
[   9/3011] no-platform   -            Mitsuwa Marketplace - San Diego
[  10/3011] no-platform   -            Kaelin's Market
[  11/3011] needs-browser -            Casa de Freds
[  12/3011] needs-browser chownow      Burger Bench Escondido
[  13/3011] no-platform   -            Cardiff Seaside Market
[  14/3011] no-platform   -            Mama Kat's Restaurant
[  15/3011] no-platform   -            Somisomi
[  16/3011] needs-browser order.online Rodizio Grill Brazilian Steakhouse San Diego
[  17/3011] no-platform   -            Mimi's Cafe
[  18/3011] needs-browser toast        Draft South Mission
[  19/3011] no-platform   -            El Super
[  20/3011] no-platform   -            Taquería Im[  21/3[  21/3011] no-platform   -            Yogurt Mill
[  22/3011] no-platform   -            Sally's Waterfront Dining
[  23/3011] no-platform   -            Windmill Food Hall
[  24/3011] no-platform   -            Twin Peaks
[  25/3011] no-platform   -            Crumbl Cookies
[  26/3011] needs-browser chownow      Brigantine Seafood
[  27/3011] no-platform   -            Acai Republic - Oceanside
[  28/3011] no-platform   -            VG Donut & Bakery
[  29/3011] no-platform   -            Public Square Coffee House
[  30/3011] no-platform   -            Original Pancake House Vista
[  31/3011] no-platform   -            Portside Pier
[  32/3011] no-platform   -            Crumbl Cookies
[  33/3011] no-platform   -            Khyber Pass Zarparan Restaurant | Afghan
[  34/3011] no-platform   -            Lake Cuyamaca Restaurant & Store
[  35/3011] no-platform   -            Otay Farms Market & Mexican Food
[  36/3011] wrong-branch  toast        Lucha Libre [  37/3011[  37/3011] needs-browser toast        Barrio Star
[  38/3011] no-platform   -            Menudería Don Vicente
[  39/3011] needs-browser olo          Dog Haus Biergarten
[  40/3011] needs-browser order.online Tom's Famous Family Restaurant 24
[  41/3011] no-platform   -            Prohibition Lounge
[  42/3011] no-platform   -            Islands Restaurant Chula Vista
[  43/3011] needs-browser toast        FIT Social
[  44/3011] no-platform   -            Con Pane Rustic Breads & Cafe
[  45/3011] no-platform   -            Saigon Restaurant
[  46/3011] needs-browser Square Online storefront Wayfarer Bread & Pastry
[  47/3011] needs-browser olo          Better Buzz Coffee San Marcos
[  48/3011] needs-browser order.online Carnitas Las Michoacánas
[  49/3011] no-platform   -            Crumbl Cookies
[  50/3011] no-platform   -            Quartyard
[  51/3011] wrong-branch  toast        Good Night John Boy
[  52/3011] no-platform   -            Kiko's Place-The Seafo[  53/30[  53/3011] needs-browser toast        MooTime Creamery
[  54[  54/3011] needs-browser toast        MooTime Creamery
[  55/3011] no-platform   -            Los Reyes Mexican Restaurant & Cantina
[  56/3011] no-platform   -            Huckleberry's Breakfast & Lunch
[  57/3011] no-platform   -            Fridas Street Tacos
[  58/3011] needs-browser order.online Primos Mexican Food & Cantina
[  59/3011] no-platform   -            Phở Vân Restaurant
[  60/3011] no-platform   -            Hong Kong Restaurant
[  61/3011] no-platform   -            Sweet Spot Real Jamaican Restaurant
[  62/3011] needs-browser order.online TOM's Famous Family Restaurant 22
[  63/3011] no-platform   -            Crumbl Cookies
[  64/3011] needs-browser -            Noble Experiment
[  65/3011] no-platform   -            Crumbl Cookies
[  6[  66/3011] no-platform   -            Crumbl Cook[  67/3011] needs-browser plain-html   Por Favor El Cajon
[  68/3011] no-platform   -            Loreto's Taco Shop
[  69/3011] needs-browser slice        Massachusetts Mike's Pizzeria
[  70/3011] too-few       netwaiter    Su Pan Bakery El Cajon
[  71/3011] no-platform   -            Taco Bar
[  72/3011] needs-browser chownow      Parakeet Cafe - Little Italy
[  73/3011] needs-browser plain-html   Papas & Tacos Mexican Food
[ [  74/3011] needs-browser plain-html   Papas & Tacos Mexican Food
[  75/3011] no-platform   -            Plazas Mexican Food
[  76/3011] no-platform   -            The Shores Restaurant
[  77/3011] needs-browser plain-html   Nick's on State
[  78/3011] no-platform   -            Deiberto's Mexican Restaurant
[  79/3011] needs-browser order.online Jimbo's - Escondido
[  80/3011] needs-browser GloriaFood widget That Mexican Place
[  81/3011] needs-browser toast        Coya Peruvian Secret
[  82/3011] too-few       spothopper   Kebab Craft
[  83/3011] needs-browser toast        Lanna Thai Cuisine
[  84/3011] no-platform   -            Fallbrook Cafe
[  85/3011] no-platform   -            Los Garcia's Taco Shop
[  86/3011] no-platform   -            Stone Brewing Tap Room - Oceanside
[  87/3011] no-platform   -            El Real Mexican Food
[  88/3011] no-platform   -            Red Fox Room and Steakhouse
[[  89/3011] screened-out  order.online Grandma Tofu & BBQ
[  90/3011] needs-browser olo          DQ GRILL & CHILL, OCEANSIDE
[  91/3011] no-platform   -            Round1 Bowling & Arcade - National City
[  92/3011] no-platform   -            Red Fox Room and Steakhouse
[  93/3011] needs-browser order.online Vaqueros Carne Asada
[  94/3011] no-platform   -            Barrio Food Hub
[  95/3011] needs-browser order.online Jimbo’s - Carmel Valley
[  96/3011] needs-browser order.online Jimbo’s - Carmel Valley
[  97/3011] needs-browser Square Online storefront Empanada Kitchen
[  98/3011] needs-browser slice        Pastalini
[  99/3011] needs-browser slice        Pastalini
[ 100/3011] no-platform   -            I Love Bagels
[ 101/3011] no-platform   -            BunZ
[ 102/3011] no-platform   -            Newtopia Cyder
[ 103/3011] no-platform   -            Rubio's Coastal Grill
[ 104/3011] needs-browser toast        The Asian Bistro
[ 105/3011] no-platform   -            Tiajuana Food Court
[ 106/3011] screened-out  shopify      4th Ave Lounge
[ 107/3011] no-platform   -            Tocumbo Ice Cream
[ 108/3011] no-platform   -            Hanu Korean BBQ
[ 109/3011] no-platform   -            Tacotarian San Diego
[ 110/3011] no-platform   -            Paradise Lounge & Grill - San Diego's Best Sports Bar
[ 111/3011] needs-browser Square Online storefront skybound coffee + dessert lounge
[ 112/3011] needs-browser olo          Panini Kabob Grill - Mission Valley
[ 113/3011] needs-browser Square Online (own domain) Up2You Cafe
[ 114/3011] no-platform   -            It's Raw Poke Shop
[ 115/3011] no-platform   -            Antonio's Mexican Food
[ 116/3011] needs-browser plain-html   Nick's Del Mar
[ 117/3011] needs-browser plain-html   Nick's Del Mar
[ 118/3011] no-platform   -            Iceskimo
[ 119/3011] needs-browser olo          Better Buzz Coffee Coronado
[ 120/3011] no-platform   -            Crumbl Cookies
[ 121/3011] needs-browser Square Online storefront Sunny Side Kitchen
[ 122/3011] needs-browser olo          Better Buzz Coffee Pacific Beach Grand
[ 123/3011] no-platform   -            El Primo Birriería
[ 124/3011] no-platform   -            Cute Cakes Bakery & Café
[ 125/3011] needs-browser toast        Galpão Gaucho Brazilian Steakhouse
[ 126/3011] no-platform   -            EQ San Diego
[ 127/3011] no-platform   -            La Concha Bakery
[ 128/3011] needs-browser plain-html   Pancho's Mexican Restaurant
[ 129/3011] needs-browser SpotOn       allmine pizza and pasta
[ 130/3011] no-platform   -            Lucy's Bakery
[ 131/3011] no-platform   -            O'side Bakery
[ 132/3011] no-platform   -            VAGA Restaurant & Bar
[ 133/3011] needs-browser toast        1022 Cafe & Gelateria
[ 134/3011] needs-browser -            Sammy's Woodfire Pizza and Grille
[ 135/3011] needs-browser spothopper   Village Pizza
[ 136/3011] needs-browser toast        Risers Pizza
[ 137/3011] needs-browser order.online Robertito's Mexican Food
[ 138/3011] no-platform   -            Eppig Brewing Co. Waterfront Biergarten
[ 139/3011] no-platform   -            Zarlitos Family Restaurant
[ 140/3011] no-platform   -            Baci Restaurant | Italian
[ 141/3011] needs-browser order.online Sukho Thai Extraordinaire
[ 142/3011] needs-browser toast        Shaks Mediterranean Bistro
[ 143/3011] needs-browser Square Online (own domain) Camp Coffee Company
[ 144/3011] no-platform   -            Golden Mandarin
[ 145/3011] needs-browser -            B[ 146/3011[ 146/3011] needs-browser Square Online (own domain) Beach City Smoothies
[ 147/3011] needs-browser Square Online (own domain) Portal Coffee
[ 148/3011] no-platform   -            Golden Donut
[ 149/3011] no-platform   -            Frida’s Taqueria Oceanside
[ 150/3011] needs-browser SpotOn       Souplantation
[ 151/3011] needs-browser Square Online storefront Prager Brothers Artisan Breads
[ 152/3011] needs-browser spothopper   Los Panchos Mexican Grill & Seafood
[ 153/3011] no-platform   -            The Bella Lounge
[ 154/3011] no-platform   -            Mi Ranchito Taco Shop
[ 155/3011] no-platform   -            Edelweiss Bakery
[ 156/3011] no-platform   -            Rubio's Coastal Grill
[ 157/3011] no-platform   -            Superbloom Coffee & Juice
[ 158/3011] needs-browser MealKeyWay   Dumplings N More
[ 159/3011] no-platform   -            Market on 8th
[ 160/3011] no-platform   -            Birria El Rey
[ 161/3011] needs-browser -            California Pizza Kitchen at Solana Beach
[ 162/3011] no-platform   -            Niederfrank's Ice Cream
[ 163/3011] needs-browser Square Online storefront Maan's Mediterranean Grill
[ 164/3011] needs-browser spothopper   Penelopes Mexican Food
[ 165/3011] no-platform   -            GelatoLove Carlsbad Village
[ 166/3011] needs-browser toast        The Remy
[ 167/3011] no-platform   -            Panda Imperial Restaurant
[ 168/3011] screened-out  shopify      Ascend Coffee Roasters
[ 169/3011] no-platform   -            Quixote
[ 170/3011] no-platform   -            Mariscos Mar Y Tierra
[ 171/3011] too-few       order.online Ben & Jerry's
[ 172/3011] no-platform   -            Konito's Cafe
[ 173/3011] no-platform   -            Manna Heaven BBQ - National City
[ 174/3011] no-platform   -            The Cowshed
[ 175/3011] needs-browser order.online Rise Southern Biscuits & Righteous Chicken - San Diego
[ 176/3011] no-platform   -            The Cowshed
[ 177/3011] no-platform   -            Bonchon Chicken
[ 178/3011] needs-browser toast        Sultan Baklava
[ 179/3011] no-platform   -            Crumbl Cookies
[ 180/3011] no-platform   -            Chiroys Cafe
[ 181/3011] needs-browser -            The Invigatorium
[ 182/3011] no-platform   -            Red Lobster
[ 183/3011] needs-browser HungerRush   Flippin' Pizza NY Pies and Slices
[ 184/3011] needs-browser spothopper   Curry & More - Indian Bistro
[ 185/3011] no-platform   -            Yingli Restaurant | Chula Vista
[ 186/3011] needs-browser spothopper   3N1 Sports Bar & Grill
[ 187/3011] no-platform   -            Green Vine Delicatessen
[ 188/3011] no-platform   -            Jts Clubhouse Pub and Grill
[ 189/3011] no-platform   -            The Vibe
[ 190/3011] too-few       netwaiter    Aiberto's Taco Shop
[ 191/3011] no-platform   -            Pacific Beach Ice Cream Co.
[ 192/3011] no-platform   -            Manna Heaven BBQ Downtown
[ 193/3011] no-platform   -            Marina Kitchen
[ 194/3011] needs-browser spothopper   Julian Hard Cider
[ 195/3011] no-platform   -            Curbside Eatery & Drinkery
[ 196/3011] no-platform   -            Leucadia Donut Shoppe
[ 197/3011] no-platform   -            ICHIBAN RAMEN AND SUSHI
[ 198/3011] needs-browser -            The Rooftop by STK
[ 199/3011] needs-browser -            Canyon Grille
[ 200/3011] no-platform   -            Arizona Chinese Restaurant
[ 201/3011] no-platform   -            Muri Coffee & Dessert
[ 202/3011] needs-browser toast        Tabu Sushi Bar & Grill Santee
[ 203/3011] no-platform   -            China Fun
[ 204/3011] no-platform   -            Lighthouse Ice Cream
[ 205/3011] no-platform   -            SOMISOMI
[ 206/3011] no-platform   -            Savory Thai Restaurant
[ 207/3011] no-platform   -            The Buffet
[ 208/3011] no-platform   -            Ami Sushi
[ 209/3011] wrong-branch  toast        Beeside Balcony La Jolla
[ 210/3011] no-platform   -            Seafood La 57
[ 211/3011] no-platform   -            Coffee by Malibu Farm
[ 212/3011] no-platform   -            Hidden Fish
[ 213/3011] needs-browser Square Online storefront Bay Park Coffee
[ 214/3011] needs-browser Square Online storefront Portinos Restaurant
[ 215/3011] no-platform   -            Draft Republic San Marcos
[ 216/3011] too-few       shopify      Mr. Coconut CA
[ 217/3011] no-platform   -            El Charro Mexican Food
[ 218/3011] needs-browser Square Online storefront Sandwich Emporium
[ 219/3011] no-platform   -            Hurricane Grill & Wings
[ 220/3011] needs-browser toast        QUICK BITES CAFE / Best Sandwiches
[ 221/3011] no-platform   -            Black Cat Bar
[ 222/3011] no-platform   -            La Sabrosita
[ 223/3011] no-platform   -            Emma's Mexican Food
[ 224/3011] no-platform   -            Camel's Bar and Grill
[ 225/3011] needs-browser -            Truckstop Saloon
[ 226/3011] n[ 226/3011] screened-out  toast        Agave Birrieria
[ 227/3011] no-platform   -            Duck Foot Brewing
[ 228/3011] needs-browser spothopper   il Sogno Italiano
[ 229/3011] no-platform   -            Mariscos La Perla Negra
[ 230/3011] needs-browser MealKeyWay   大鼓米线Dagu Miishien
[ 231/3011] no-platform   -            Helix Brewing Co.
[ 232/3011] no-platform   -            Spitz Mediterranean Street Food
[ 233/3011] no-platform   -            Rancho Las Palmas Mexican Grill & Seaf[ 23[ 234/3011] needs-browser toast        Healthy Creations Cafe
[ 235/3011] no-platform   -            Paris Baguette
[ 236/3011] no-platform   -            New York Buffalo Wings[[ 237/3011] no-platform   -            Angelito's Fruteria Y Neveria
[ 238/3011] needs-browser toast        Valentina
[ 239/3011] gated         chownow      Finney's Crafthouse
[ 240/3011] no-platform   -            Fortuna Ristorante Italiano
[ 241/3011] needs-browser Square Online storefront El Cajon Elks Lodge 1812
[ 242/3011] no-platform   -            Phở Carlsbad
[ 243/3011] no-platform   -            Phở Carlsbad
[ 244/3011] no-platform   -            Kinaly Thai Restaurant
[ 245/3011] no-platform   -            SanSai Japanese Grill
[ 246/3011] no-platform   -            Camel's Bar and Grill
[ 247/3011] needs-browser toast        Novo Brazil Brewing Mission Valley
[ 248/3011] no-platform   -            Handel's Homemade Ice Cream Vista
[ 249/3011] needs-browser Square Online storefront Genteel Coffee Roasters
[ 250/3011] no-platform   -            Fugu
[ 251/3011] needs-browser order.online TOUS les JOURS Bakery Café - La Jolla
[ 252/3011] needs-browser toast        NOIR Sushi and Sake Fusion Lounge
[ 253/3011] no-platform   -            Hopnonymous Brewing Company
[ 254/3011] no-platform   -            Marisco's German
[ 255/3011] no-platform   -            Flora
[ 256/3011] no-platform   -            The Par Lounge and Deck
[ 257/3011] no-platform   -            Tocumbo Ice Cream CV
[ 258/3011] needs-browser toast        Angry Chickz - Oceanside
[ [ 259/3011] needs-browser slice        HillCrust Pi[ 26[ 260/3011] gated         chownow      Bob's Steak & Chop House
[ 261/3011] screened-out  order.online Yogurt Heaven
[ 262/3011] needs-browser toast        Angry Chickz - Oceanside
[ 263/3011] no-platform   -            Ramones Cantina
[ 264/3011] needs-browser slice        Italia Pizza
[ 265/3011] no-platform   -            Zen 5
[ 266/3011] needs-browser Square Online (own domain) CUPPA CUPPA COFFEE COMPANY
[ 267/3011] no-platform   -            1St Street Bar
[ 268/[ 268/3011] no-platform   -            1St Street Bar
[ 269/3011] needs-browser Square Online storefront New English Brewing - San Diego Brewery
[ 270/3011] wrong-branch  toast        Pure Project Vista
[ 271/3011] no-platform   -            Catalina Offshore Products
[ 272/3011] no-platform   -            A.R. Valentien
[ 273/3011] no-platform   -            Lucy's Bakery
[ 274/3011] no-platform   -            Aztec Brewing Company
[ 275/3011] no-platform   -            Sweet Bakery Mexico Lindo
[ 276/3011] gated         order.online NuYo Frozen Yogurt Telegraph Canyon
[ 277/3011] no-platform   -            Off The 8 Café
[ 278/3011] no-platform   -            Cafe Bella Drive Thru
[ 279/3011] needs-browser olo          Randy's Donuts
[ 280/3011] no-platform   -            Booze Brothers Brewing Co.
[ 281/3011] needs-browser HungerRush   Buonasera New York Pizzeria
[ 282/3011] needs-browser olo          Luna Grill Millenia
[ 283/3011] no-platform   -            Sushi On San Marcos - Japanese Restaurant
[ 284/3011] needs-browser Square Online (own domain) Solana Sumptuous Cookies
[ 285/3011] no-platform   -            Royal India Express
[ 286/3011] screened-out  menufy       Ginza Sushi
[ 287/3011] no-platform   -            We Olive & Wine Bar
[ 288/3011] wrong-branch  toast        Belching Beaver Brewery Oceanside
[ 289/3011] no-platform   -            Dragon Express
[ 290/3011] no-platform   -            The Confessional by The Lost Abbey
[ 291/3011] no-platform   -            California Mountain Bakery
[ 292/3011] no-platform   -            The Craft Creamery
[ 293/3011] needs-browser MealKeyWay   Surfing Crab Escondido
[ 294/3011] no-platform   -            The Art of Espresso
[ 295[ 295/3011] needs-browser toast        Rosemonts Cafe
[ 296/3011] needs-browser order.online bb.q Chicken Chula Vista
[ 297/3011] needs-browser Square Online (own domain) BattleMage Brewing Company
[ 298/3011] wrong-branch  popmenu      Max's Restaurant Chula Vista, Cuisine of the Philippines
[ 299/3011] no-platform   -            Ike's Love & Sandwiches
[ 300/3011] needs-browser spothopper   Santos Coffee
[ 301/3011] no-platform   -            Thai Island@
[ 302/3011] needs-browser HungerRush   Pop Pops Paleta
[ 303/3011] no-platform   -            BKK THAI KITCHEN
[ 304/3011] no-platform   -            Palomino's Mexican & Seafood
[ 305/3011] no-platform   -            Deft Brewing
[ 306/3011] no-platform   -            Crumbl Cookies
[ 307/3011] no-platform   -            Los Armando's Mexican Food
[ 308/3011] no-platform   -            Rolling-Out
[ 309/3011] no-platform   -            Mesa Pizza
[ 310/3011] no-platform   -            The Art of Espresso
[ 311/3011] needs-browser order.online bb.q Chicken National City
[ 312/3011] no-platform   -            Athens Market Taverna
[ 313/3011] wrong-branch  toast        Madi Pacific Beach
[ 314/3011] needs-browser order.online San Diego Sandwich Co
[ 315/3011] no-platform   -            Teriyaki Sun
[ 316/3011] no-platform   -            TapShack Kombucha & Coffee
[ 317/3011] no-platform   -            Avenue Subs Coronado
[ 318/3011] no-platform   -            Kaka Rawand - كباب كاكه روند (ملحمة أنوار)
[ 319/3011] needs-browser Square Online (own domain) Matcha Cafe Maiko - Escondido
[ 320/3011] needs-browser MealKeyWay   Ocean Buffet
[ 321/3011] needs-browser olo          Better Buzz Coffee Oceanside South
[ 322/3011] needs-browser HungerRush   Flippin' Pizza La Costa
[ 323/3011] no-platform   -            Botani Breakfast & Pizzeria
[ 324/3011] wrong-branch  order.online Lourdes Mexican Food Sa[ 325/30[ 325/3011] needs-browser -            Marieta's Mexican Food
[ 326/3011] no-platform   -            Eugenio Italian Ristorante & More
[ 327/3011] needs-browser spothopper   Johnny Mañanas Ocean Beach
[ 328/3011] no-platform   -            Sky Deck at Del Mar Highlands Town Center
[ 329/3011] no-platform   -            Mi Barra Bar
[ 330/3011] needs-browser order.online Poki Poki - Oceanside # 1
[ 331/3011] no-platform   -            Cake de Partie
[ 332/3011] no-platform   -            The Library Tavern
[ 333/3011] screened-out  own-jsonld   Hanna Garden
[ 334/3011] needs-browser toast        Novo Brazil Brewing - Lane Ave
[ 335/3011] no-platform   -            Saigon Star Restaurant
[ 336/3011] no-platform   -            Valerio's 1979
[ 337/3011] no-platform   -            Valerio's 1979
[ 338/3011] no-platform   -            Thai Garden
[ 339/3011] no-platform   -            Kababayan Bakery
[ 340/3011] no-platform   -            chikita cafe
[ 341/3011] no-platform   -            Mama G’s Kitchen & Sauces Peruvian Cuisine
[ 342/3011] no-platform   -            La Mixteca
[ 343/3011] no-platform   -            the Koffie Co
[ 344/3011] screened-out  own-jsonld   Hanna Garden
[ 345/3011] needs-browser -            Galu Café and Delicatessen
[ 346/3011] no-platform   -            Donuts Plus
[ 347/3011] no-platform   -            Continent Delicatessen
[ 348/3011] no-platform   -            Relic Bakery & Kitchen
[ 349/3011] no-platform   -            The Camp Store
[ 350/3011] no-platform   -            Surf City Squeeze
[ 351/3011] screened-out  shopify      Barefoot Coffee Roasters
[ 352/3011] no-platform   -            Bravo Cafe
[ 353/3011] no-platform   -            Pizza Mania
[ 354/3011] no-platform   -            Backdraft Bar & Grill
[ 355/3011] filed         shopify      Flor and Seed Coffee Roasters
[ 356/3011] needs-browser SpotOn       Porky's Lechon Barbecue
[ 357/3011] needs-browser spothopper   Isabelle Briens French Pastry Cafe
[ 358/3011] needs-browser Square Online storefront Crossroads Deli
[ 359/3011] needs-browser order.online Primos Mexican Food & Cantina
[ 360/3011] needs-browser Square Online (own domain) Elixir Espresso & Wine Bar
[ 361/3011] no-platform   -            Wisteria Candy Cottage
[ 362/3011] needs-browser plain-html   South of Nick's Del Mar | Mexican Kitchen + Bar
[ 363/3011] too-few       netwaiter    Opa Greek Restaurant & Grill
[ 364/3011] no-platform   -            Famous Oasis Ice Cream Parlor
[ 365/3011] no-platform   -            KD's Donuts
[ 366/3011] no-platform   -            P.L. Bagels
[ 367/3011] needs-browser SpotOn       Lupe's Cafe Mexican Restaurant
[ 368/3011] no-platform   -            Imperial Express
[ 369/3011] no-platform   -            Ginza Sushi
[ 370/3011] needs-browser MenuSifu     Sizzling Pot King
[ 371/3011] no-platform   -            Bica Coffee Shop
[ 372/3011] needs-browser order.online Halal Burger Co.
[ 373/3011] gated         chownow      CinKuni (Italian & Japanese Cuisine)
[ 374/3011] no-platform   -            Taste of Denmark
[ 375/3011] needs-browser SpotOn       Tasty Pho
[ 376/3011] needs-browser olo          Tocaya Modern Mexican
[ 377/3011] no-platform   -            Potato Corner
[ 378/3011] needs-browser olo          Better Buzz Coffee Imperial Beach
[ 379/3011] needs-browser Square Online (own domain) Tyne Coffee Co.
[ 380/3011] needs-browser toast        The Outpost by Valley Farm
[ 381/3011] no-platform   -            Cielo Roofto[ [ 382/3011] wrong-branch  order.online Ciné Café
[ 383/3011] no-platform   -            Beginners Diner
[ 384/3011] no-platform   -            California Bean
[ 385/3011] no-platform   -            El Origi[ 386/3011] no-platf[ 386/3011] no-platform   -            Calico Cidery
[ 387/3011] no-platform   -            Alibi
[ 388/3011] needs-browser Square Online (own domain) Chef Budda Blasian Soul Food LLC
[ 389/3011] needs-browser order.online Swami's
[ 390/3011] filed         order.online The Pad Thai Stand
[ 391/3011] no-platform   -            Glazed Coffee & Creamery
[ 392/3011] too-few       shopify      Culture Brewing
[ 393/3011] no-platform   -            KM BBQ
[ 394/3011] no-platform   -            Kaffee Meister
[ 395/3011] no-platform   -            The Shack Kitchen + Coffee
[ 396/3011] no-platform   -            Mariscos Gonzalez
[ 397/3011] needs-browser olo          Luna Grill Encinitas
[ 398/3011] no-platform   -            Piedra Santa
[ 399/3011] no-platform   -            Live Oak Market & restaurant @ gas station
[ 400/3011] no-platform   -            East Village Brewing Company
[ 401/3011] too-few       netwaiter    Wings mix
[ 402/3011] no-platform   -            The Leucadian
[ 403/3011] no-platform   -            Beach + Taco Shack
[ 404/3011] needs-browser toast        Na Tart
[ 405/3011] no-platform   -            Mariscos La Bola
[ 406/3011] no-platform   -            Menuderia y mariscos GDL
[ 407/3011] no-platform   -            Gyrogrill
[ 408/3011] no-platform   -            Hill Street Donut House
[ 409/3011] no-platform   -            Brewjería Taproom & Kitchen
[ 410/3011] needs-browser Square Online storefront Garden Coffee
[ 411/3011] needs-browser toast        Okama Ramen and Grill
[ 412/3011] wrong-branch  toast        Stir It Up CoffeeHouse & Cafe
[ 413/3011] wrong-branch  popmenu      Cocina de Barrio North Park
[ 414/3011] needs-browser slice        Giant Pizza King Linda Vista
[ 415/3011] no-platform   -            Fridas Taqueria
[ 416/3011] needs-browser Square Online storefront Thyme for Lunch Cafe & Grill
[ 417/3011] no-platform   -            Nickel Beer Company
[ 418/3011] needs-browser -            Olala Crepes
[ 419/3011] no-platform   -            Gooseberries kafe
[ 42[ 420/3011] screened-out  clover       PorchLight Cof[ 421/3011] needs-browser clover       Himalayan Bistro Oceanside
[ 42[ 422/3011] no-platform   -            Phở Hòa Restaurant | Vietnamese
[ 423/3011] no-platform   -            SoCal Sushi
[ 424/3011] screened-out  menufy       IB Thai
[ 425/3011] needs-browser order.online Fatboy's Deli & Spirits
[ 426/3011] no-platform   -            Fusion Bar & Lounge
[ 427/3011] no-platform   -            Ko-Li Bar
[ 428/3011] no-platform   -            Mujeres Brew House
[ 429/3011] no-platform   -            The Grounds Bean Bar
[ 430/3011] needs-browser toast        Chula Vista Brewer[ [ 431/3011] needs-browser Square Online storefront Mesa A[ 432/30[ 432/3011] needs-browser Square Online (own domain) Industrial Grind[ 433/30[ 433/3011] needs-browser chownow      Ironsmith Coffee Roasters
[ 434/3011] no-platform   -            Paris B[ 435/3011] no-platform   -            Home Coffee
[ 436/3011] needs-browser order.online Memo's Bagel Café
[ 437/3011] needs-browser Square Online storefront Mesa Agricola
[ 438/3011] no-platform   -            Caffé Adesso
[ 439/3011] needs-browser chownow      Pho Hiep & Grill
[ 440/3011] no-platform   -            Gelabong
[ 441/3011] needs-browser Square Online storefront iWok Chinese Kitchen
[ 442/3011] screened-out  shopify      Seven Seas Roasting Company
[ 443/3011] needs-browser slice        West Coast Pizza Company
[ 444/3011] no-platform   -            Oculto 477
[ 445/3011] needs-browser order.online L&L Hawaiian Barbecue - San Marcos (Inside Walmart)
[ 446/3011] needs-browser Square Online storefront Mnemonic Coffee
[ 447/3011] no-platform   -            Charli's Landing
[ 448/3011] no-platform   -            Chopsticks Chinese Cuisine
[ 449/3011] no-platform   -            Donut Factory
[ 450/3011] needs-browser toast        Fat Joe’s O’side
[ 451/3011] needs-browser toast        SOBREMESA
[ 452/3011] no-platform   -            Tea Pavilion
[ 453/3011] no-platform   -            La Moreliana
[ 454/3011] gated         toast        Convoy Music Bar
[ 455/3011] no-platform   -            Pick Up Stix Fresh Asian Flavors
[ 456/3011] no-platform   -            Poki Poki - Escondido
[ 457/3011] needs-browser toast        Paradisaea
[ 458/3011] needs-browser -            Banh Mi Blvd
[ 459/3011] no-platform   -            Mutual Friend Ice Cream
[ 460/3011] no-platform   -            Bistro Pazzo
[ 461/3011] needs-browser Square Online (own domain)[ 462/3011[ 462/3011] no-platform   -            Katsuya Ko
[ 463/3011] needs-browser order.online BB's Deli
[ 464/3011] no-platform   -            Bronze Bird
[ 465/3011] no-platform   -            Paris Baguette
[ 466/3011] needs-browser slice        Pop's Pizza
[ 467/3011] no-platform   -            Valentinas Taco Shop
[ 468/3011] no-platform   -            Blue Pepper Asian Cuisine
[ 469/3011] no-platform   -            YGF Malatang
[ 470/3011] no-platform   -            Memo's Golden Bagel
[ 471/3011] no-platform   -            Bistro Pazzo
[ 472/3011] no-platform   -            The Reunion
[ 473/3011] needs-browser -            Seaview Restaurant
[ 474/3011] needs-browser order.online Le Macaron French Pastries
[ 475/3011] no-platform   -            The Lean Bean
[ 476/3011] needs-browser order.online bb.q Chicken Vista
[ 477/3011] no-platform   -            Premier Pub
[ 478/3011] no-platform   -            Side Chick - Chicken & Fries
[ 479/3011] needs-browser SpotOn       Kalei's Kitchenette
[ 480/3011] no-platform   -            Eat Your Heart Out II
[ 481/3011] needs-browser MealKeyWay   Iron Wok
[ 482/3011] no-platform   -            Julian Station
[ 483/3011] needs-browser order.online Häagen-Dazs
[ 484/3011] needs-browser toast        Origen
[ 485/3011] needs-browser toast        Tahini Authentic Middle Eastern Street Food - Mission Valley
[ 486/3011] no-platform   -            EL ENCANTO SD
[ 487/3011] filed         toast        Baja Rick's Cantina
[ 488/3011] no-platform   -            San Diego Blenders
[ 489/3011] no-platform   -            Masala house Indian Restaurant & Catering
[ 490/3011] no-platform   -            Pazzos Italian
[ 491/3011] no-platform   -            Bar Kamon
[ 492/3011] needs-browser slice        Rock On Pizza
[ 493/3011] needs-browser Square Online storefront Sue's Korean Kitchen
[ 494/3011] no-platform   -            Nanay's Best BBQ
[ 495/3011] no-platform   -            Nory's Donut & Bakery
[ 496/3011] no-platform   -            Al Teatro Panini Grill
[ 497/3011] no-platform   -            Fruttos Yogurt
[ 498/3011] screened-out  shopify      BEAURISTA COFFEE
[ 499/3011] no-platform   -            Delah Coffee - North Park
[ 500/3011] no-platform   -            Black Radish
[ 501/3011] no-platform   -            Idego Coffee Roasters
[ 502/3011] no-platform   -            Jalisco Cantina
[ 503/3011] no-platform   -            Explorers Café
[ 504/3011] no-platform   -            Frutas
[ 505/3011] needs-browser Square Online storefront Tacoman
[ 506/3011] no-platform   -            Criscito Pizza
[ 507/3011] needs-browser Square Online storefront La Ola Sea[ 508[ 508/3011] no-platform   -            Victor's Kafe - Poway
[ 509/3011] too-few       netwaiter    Nolberto's Taco Shop
[ 510/3011] no-platform   -            43 Area Mess Hall
[ 511/3011] no-platform   -            Nana's and Pops Sweet Shop
[ 512/3011] needs-browser spothopper   Liberty Wing Co
[ 513/3011] needs-browser olo          Panini Kabob Grill - Westfield UTC
[ 514/3011] no-platform   -            NuYo Frozen Yogurt Eastlake
[ 515/3011] no-platform   -            Sweet Revenge Bakery
[ 516/3011] no-platform   -            Great Khan's Mongolian Grill Carlsbad
[ 517/3011] wrong-branch  toast        Lucha Libre Taco Shop
[ 518/3011] no-platform   -            SHELTER Encinitas
[ 519/3011] no-platform   -            Sideways Bar
[ 520/3011] no-platform   -            Red Ribbon Bakeshop
[ 521/3011] no-platform   -            Captain's Quarters
[ 522/3011] no-platform   -            Crispy Cones - Carlsbad
[ 523/3011] no-platform   -            The Luau
[ 524/3011] no-platform   -            Coral Tree Tea House
[ 525/3011] needs-browser spothopper   N City Sports Lounge
[ 526/3011] no-platform   -            Hino
[ 527/3011] needs-browser olo          Better Buzz Coffee Del Mar
[ 528/3011] no-platform   -            World Famous I Bar
[ 529/3011] no-platform   -            Christophe Rull Patisserie
[ 530/3011] no-platform   -            Prince Hookah Cafe
[ 531/3011] no-platform   -            P B Pub
[ 532/3011] needs-browser Square Online storefront Prager Brothers Artisan Bread
[ 533/3011] no-platform   -            Red Ribbon Bakeshop
[ 534/3011] no-platform   -            Coco & Jules Cookies
[ 535/3011] no-platform   -            Cafe Bella Midway
[ 536/3011] needs-browser toast        La Jollita
[ 537/3011] no-platform   -            Thai Style
[ 538/3011] needs-browser Square Online storefront Fan-Fan
[ 539/301[ 539/3011] no-platform   -            JOEHNS Coffee
[ 540/3011] needs-browser Square Online storefront Fan-Fan
[ 541/3011] no-platform   -            Brown Bag Deli
[ 542/3011] needs-browser toast        Mr. Charlie's
[ 543/3011] no-platform   -            The Halal Shack
[ 544/3011] no-platform   -            Aztec Food Hub
[ 545/3011] needs-browser -            Sammy's Restaurant & Bar
[ 546/3011] no-platform   -            Tony’s Newport Cafe
[ 547/3011] no-platform   -            Penguin Yogurt Factory
[ 548/3011] no-platform   -            Dos Vaqueros Mexican Food
[ 549/3011] needs-browser plain-html   Donut Stop
[ 550/3011] needs-browser MealKeyWay   One More Bite Dumpling--San Marcos
[ 551/3011] no-platform   -            Tacos de Birria El Chinito Jr
[ 552/3011] no-platform   -            Quality Taste Pot
[ 553/3011] no-platform   -            Fairplay
[ 554/3011] screened-out  clover       OB Quik Stop Liquor & OB Deli
[ 555/3011] no-platform   -            Taco Time Food Truck
[ 556/3011] no-platform   -            Gong Cha
[ 557/3011] needs-browser Square Online storefront Prager Brothers Artisan Breads
[ 558/3011] no-platform   -            Kona Coffee
[ 559/3011] needs-browser SpotOn       D Wings & Ribs
[ 560/3011] wrong-branch  toast        Prey Brewing Company
[ 561/3011] needs-browser Square Online (own domain) Beach City Smoothies - Oceanside
[ 562/3011] no-platform   -            The Elegant Truffle
[ 563/3011] wrong-branch  order.online Party Burgers by Booze Brothers Brewing Co
[ 564/3011] needs-browser -            SHAKA Coffee
[ 565/3011] no-platform   -            ThirsTea - Boba, Rolled Ice Cream
[ 566/3011] no-platform   -            Dreamwave Coffee
[ 567/3011] needs-browser -            Panorama Bar & [ 568/[ 568/3011] needs-browser Square Online (own domain) Interim Coffee
[ 569/3011] no-platform   -            Millport
[ 570/3011] no-platform   -            The Saloon
[ 571/3011] no-platform   -            Stagecoach Inn
[ 572/3011] no-platform   -            Michi Michi Baking Collective
[ 573/3011] no-platform   -            Seahorse Coffee
[ 574/3011] no-platform   -            Pier Pizza
[ 575/3011] needs-browser -            Tsunami Modern Cuisine
[ 576/3011] no-platform   -            The Deli Stop
[ 577/3011] needs-browser slice        Lakes [ 578/3011] ne[ 578/3011] no-platform   -            Ichifuji Sushi
[ 579/3011] needs-browser order.online Poki Poki - Encinitas
[ 580/3011] needs-browser Square Online storefront Cargo Cafe
[ 581/3011] needs-browser MealKeyWay   JCK Asia Kitchen & Bar
[ 582/3011] wrong-branch  toast        Corner Pizza Oceanside
[ 583/3011] needs-browser toast        Bonehead Burger Co.
[ 584/3011] no-platform   -            Parkys
[ 585/3011] needs-browser toast        Docent Brewing
[ 586/3011] needs-browser MealKeyWay   Dumplings N More
[ 587/3011] needs-browser toast        Matoi
[ 588/3011] needs-browser HungerRush   Trining's Bakery & Cafe
[ 589/3011] needs-browser Square Online (own domain) Elixir Espresso Bar
[ 590/3011] no-platform   -            Shanghai Cuisine
[ 591/3011] needs-browser Square Online storefront Sul & Beans
[ 592/3011] needs-browser MealKeyWay   Zhengxin Chicken Steak
[ 593/3011] needs-browser toast        Tita's Taco Shop
[ 594/3011] no-platform   -            CoLab Public House
[ 595/3011] no-platform   -            Poor House Brewing Company
[ 596/3011] screened-out  order.online La Fresita Y Mas
[ 597/3011] no-platform   -            Little Joy Coffee Bar
[ 598/3011] needs-browser Square Online storefront ZzanG Hotdog & Chicken
[ 599/3011] no-platform   -            China Express
[ 600/3011] no-platform   -            Reds Whites and Brews
[ 601/3011] no-platform   -            Finca
[ 602/3011] no-platform   -            Mr. Pulpo Sea Food
[ 603/3011] no-platform   -            Good Source Coffee
[ 604/3011] screened-out  clover       Fresh Café
[ 605/3011] no-platform   -            The Lean Machine Meal Prep
[ 606/3011] screened-out  clover       Hooked On Pokè
[ 607/3011] no-platform   -            Ten Gu Ramen
[ 608/3011] no-platform   -            The Modern Churro mexican food
[ 609/3011] no-platform   -            Fuzziwig's Candy Factory
[ 610/3011] needs-browser olo          Sweetfin
[ 611/3011] wrong-branch  order.online Saffron and Rose Persian Ice Cream Del Mar
[ 612/3011] too-few       shopify      Culture Brewing
[ 613/3011] needs-browser order.online EsKiNiTa
[ 614/3011] needs-browser SpotOn       Crest Taco
[ 615/3011] no-platform   -            Sunday Ice Cream
[ 616/3011] needs-browser order.online Daniel's Taco Shop
[ 617/3011] no-platform   -            Pick Up Stix Fr[ 618/3011] no-platform   -            Pick Up Stix Fresh Asian Flavors
[ 619/3011] no-platform   -            Channel 2 Sports Bar
[ 620/3011] no-platform   -            El Culichi - Birriería y Cenaduría
[ 621/3011] no-platform   -            Hi!Dumplings
[ 622/3011] no-platform   -            Borrego Rooftop
[ 623/3011] needs-browser SpotOn       Hot or Not Thai
[ 624/3011] needs-browser Square Online (own domain) JAVA GARDEN
[ 625/3011] no-platform   -            Pina Smoothies Twin Peaks
[ 626/3011] wrong-branch  toast        Stella Jean's Ice Cream Pacific Beach
[ 627/3011] no-platform   -            858 Burger
[ 628/3011] needs-browser Paytronix    Pure Green Carlsbad - smoothies + acai + cold-pressed juice
[ 629/3011] no-platform   -            Rosa's Ice Cream and Fruit Bar
[ 630/3011] needs-browser MealKeyWay   Szechuan Chef Chines[ 631/3011[ 631/3011] no-platform   -            Carino's Restaurant
[ 632/3011] no-platform   -            Bistro Kaz
[ 633/3011] no-platform   -            8th & B Poke
[ 634/3011] no-platform   -            The Landing Strip Restaurant and Bar
[ 635/3011] no-platform   -            Vanessa's Cocina Mexicana
[ 636/3011] needs-browser HungerRush   Flippin Pizza Encinitas
[ 637/3011] screened-out  shopify      Mcilhenney Brewing Co.
[ 638/3011] needs-browser order.online DaYung's Tea
[ 639/3011] no-platform   -            Chen Golden Palace
[ 640/3011] filed         own-jsonld   Donut Star
[ 641/3011] no-platform   -            La Central
[ 642/3011] no-platform   -            Sweet Spot
[ 643/3011] no-platform   -            Deano's Pub
[ 644/3011] no-platform   -            Danny's Deli - Jacumba
[ 645/3011] needs-browser -            Elote Restaurant
[ 646/3011] needs-browser toast        Mess Hall
[ 647/3011] needs-browser toast        Between Us
[ 648/3011] no-platform   -            Thai2You Restaurant
[ 649/3011] needs-browser toast        Stella Jean's Ice Cream Kensington
[ 650/3011] wrong-branch  toast        Hilltop Deli[ 651/301[ 651/3011] no-platform   -            Mike Hess Brewing Tast[ 652/3011] wrong-branch  toast        Hilltop Deli (Amy's)
[ 653/3011] no-platform   -            It's A Piece A Cake
[ 654/3011] needs-browser toast        Upper East
[ 655/3011] ne[ 655/3011] no-platform   -            24 Suns
[ 656/3011] needs-browser toast        Wine Girl San Diego
[ 657/3011] no-platform   -            San Die[ 658/3011] no-platform   -            City Dragon
[ 659/3011] no-platform   -            Sundaes at The Del
[ 660/301[ 660/3011] no-platform   -            The Island at Carlsbad
[ 661/3011] needs-browser toast        Upper East
[ 662/3011] no-platform   -            Okavango Outpost
[ 663/3011] no-platform   -            Canyon Vist[ 664/3011] n[ 664/3011] no-platform   -            Kaki Sushi
[ 665/3011] no-platform   -            Tender Hooligan
[ 666/3011] wrong-branch  toast        Perfect Pizza
[ 667/3011] no-platform   -            Yakumi Sushi SD
[ 668/3011] no-platform   -            Bighorn Fudge LLC
[ 669/3011] no-platform   -            Silver Gat[ 670/3011] n[ 670/3011] needs-browser order.online Poki Poki
[ 671/3011] needs-browser chownow      The Boochyard
[ 672/3011] needs-browser chownow      Burger Bench Vista
[ 673/3011] no-platform   -            Intazza Coffee Mug & Grub
[ 674/3011] no-platform   -            Karihan Filipino Food
[ 675/3011] needs-browser toast        Big City Bagels-(BCB Cafe)-North Park
[ 676/3011] no-platform   -            Somisomi
[ 677/3011] no-platform   -            Mikara Cafe
[ 678/3011] no-platform   -            Spoon House
[ 679/3011] needs-browser toast        Cala La Jolla [ 680/[ 680/3011] needs-browser order.online Taste of Thai
[ 681/3011[ 681/3011] no-platform   -            Kinchana
[ 682/3011] needs-browser toast        Cala La Jolla Café
[ 683/3011] needs-browser Square Online storefront House of Pho
[ 684/3011] needs-browser order.online Elsa's Kitchen
[ 685/3011] no-platform   -            The Mission Bay Beach Club
[ 686/3011] needs-browser Square Online storefront Mad Munch Grilled Cheezer Co.
[ 687/3011] no-platform   -            Hoffer's Cigar Bar
[ 688/3011] no-platform   -            Juice Alchemy
[ 689/3011] no-platform   -            Gloria's Taco Shop
[ 690/3011] screened-out  slice        Mike's Giant New York Pizza
[ 691/3011] needs-browser Square Online storefront Copa Vida
[ 692/3011] wrong-branch  toast        Achilles Coffee Roasters
[ 693/3011] screened-out  toast        Agave Taco Shop
[ 694/3011] needs-browser plain-html   JNC Pinoy Foodmart
[ 695/3011] screened-out  order.online Carbonaro's
[ 696/3011] needs-browser spothopper   Bear Roots Brewing Co.
[ 697/3011] no-platform   -            Novecientos Grado[ 698/3011] no-[ 698/3011] no-platform   -            Coo[ 699/3011] no-platform   -            Novecientos Grados by Tony Hawk
[ 700/3011] no-platform   -            Teriyaki Madness
[ 701/3011] screened-out  order.online Frida's Taqueria
[ 702/3011] needs-browser toast        Thai Ladle
[ 703/3011] needs-browser chownow      Juice Kaboose
[ 704/3011] needs-browser chownow      Leos Kitchen
[ 705/3011] no-platform   -            Fish With You ｜Spicy & Sour Fish Soup 鱼你在一起酸菜鱼
[ 706/3011] no-platform   -            The Gärten
[ 707/3011] needs-browser toast        Junction Bar & Grill
[ 708/3011] no-platform   -            Two Hands Corn Dog San Marcos
[ 709/3011] wrong-branch  toast        Common Theory Chula Vista
[ 710/3011] no-platform   -            Smittys Downtown
[ 711/3011] no-platform   -            SD Cookie Guru
[ 712/3011] filed         own-jsonld   Chiim Thai
[ 713/3011] no-platform   -            The Elwood
[ 714/3011] no-platform   -            Godfather's Diner
[ 715/3011] no-platform   -            Arcana Brewing Company
[ 716/3011] needs-browser toast        Sultan Baklava Mediterranean Grill
[ 717/3011] no-platform   -            Tom's Chinese BBQ
[ 718/3011] no-platform   -            JJANG Korean bbq
[ 719/3011] wrong-branch  toast        Taco Lounge Escaya
[ 720/3011] needs-browser spothopper   Bear Roots Tavern
[ 721/3011] no-platform   -            La Nacional
[ 722/3011] no-platform   -            Juan Jasper Kitchen & Wine
[ 723/3011] needs-browser order.online Deli Belly
[ 724/3011] no-platform   -            2N1 Korean BBQ
[ 725/3011] no-platform   -            Las Brazas Mexican Food
[ 726/3011] no-platform   -            All Stars Sports Bar & Grill
[ 727/3011] no-platform   -            Forbidden Cove
[ 728/3011] needs-browser order.online Eggies
[ 729/3011] needs-browser Square Online storefront Tasty Pizza Escondido LLC
[ 730/3011] no-platform   -            DoughBoy's Grill
[ 731/3011] no-platform   -            Goli
[ 732/3011] needs-browser toast        Barley & Sword Brewing Company
[ 733/3011] no-platform   -            Angela's Eccentric Kitchen
[ 734/3011] no-platform   -            Agave Bar and Grill
[ 735/3011] no-platform   -            Deano's Pub East
[ 736/3011] no-platform   -            Juice Stop Encinitas
[ 737/3011] no-platform   -            Brew Wave Coffee
[ 738/3011] no-platform   -            Kind Coffee
[ 739/3011] needs-browser SpotOn       La Banana Fruits - Fruteria
[ 740/3011] needs-browser Square Online storefront The Brewers Tap Room
[ 741/3011] too-few       netwaiter    Star Express
[ 742/3011] no-platform   -            Filipino Grill
[ 743/3011] screened-out  shopify      Fuzz Coffee and Records
[ 744/3011] needs-browser toast        Understory Bar
[ 745/3011] no-platform   -            Picasso's Naturals
[ 746/3011] no-platform   -            Hill Top Winery
[ 747/3011] no-platform   -            Nova Easy Kombucha
[ 748/3011] needs-browser Square Online (own domain) Slurp
[ 749/3011] needs-browser Square Online (own domai[ 750/3011] needs-br[ 750/3011] no-platform   -            Taqueria Ca[ 751[ 751/3011] needs-browser toast        Angry Petes[ 752/3011] needs-[ 752/3011] no-platform   -            Ma's House
[ 753/3011] needs-browser -            Torreyana
[ 754/3011] needs-browser Square Online storefront Mama Made Thai
[ 755/3011] screened-out  menufy       Sushi Monster
[ 756/3011] no-platform   -            Raging Cider & Mead Co
[ 757/3011] no-platform   -            Bonchon Chicken
[ 758/3011] no-platform   -            Quarter Deck Inn Cocktails
[ 759/3011] no-platform   -            La Corriente Coronado
[ 760/3011] no-platform   -            The Space Pad
[ 761/3011] no-platform   -            Vista Bean Coffee
[ 762/3011] needs-browser Square Online storefront PB Poke House Oceanside
[ 763/3011] no-platform   -            Dragon's Den
[ 764/3011] needs-browser order.online Bowls N Brews
[ 765/3011] no-platform   -            Linda's Donuts
[ 766/3011] wrong-branch  popmenu      Alohana Acai Bowls and Smoothies - Vista
[ 767/3011] no-platform   -            Ellie's Wood Fired Pizza
[ 768/3011] no-platform   -            The Story Caffè
[ 769/3011] no-platform   -            Alpine Chill
[ 770/3011] no-platform   -            Village Pub
[ 771/3011] no-platform   -            SusieCakes - Carlsbad Forum
[ 772/3011] no-platform   -            Main Street Pour House - Vista
[ 773/3011] needs-browser slice        Fiori’s Pizza
[ 774/3011] needs-browser Square Online (own domain) Mirin Kitchen
[ 775/3011] no-platform   -            Harvey's
[ 776/3011] needs-browser Square Online (own domain) Aloha Ice Co
[ 777/3011] needs-browser chownow      Juice Caboose
[ 778/3011] no-platform   -            Tastea
[ 779/3011] no-platform   -            Spicy Noodle
[ 780/3011] no-platform   -            Rush Bowls
[ 781/3011] needs-browser GloriaFood widget Fuego Mediterranean Grill
[ 782/3011] needs-browser order.online Bag of Beans Cafe & Restaurant
[ 783/3011] no-platform   -            Tutti Frutti
[ 784/3011] no-platform   -            Thovo Mariscos & Birria
[ 785/3011] needs-browser SpotOn       Mariscos y Miches El Patron
[ 786/3011] no-platform   -            KYODAI 23 SUSHI
[ 787/3011] needs-browser chownow      Juice Caboose
[ 788/3011] no-platform   -            Immersion Coffee
[ 789/3011] no-platform   -            Tierra Mia Coffee Drive Thru
[ 790/3011] no-platform   -            Coffee Wave
[ 791/3011] no-platform   -            Hometown Taste
[ 792/3011] screened-out  shopify      Vigilante Coffee Vista
[ 793/3011] no-platform   -            KJ Chinese Restaurant
[ 794/3011] needs-browser -            Odysea Lounge
[ 795/3011] no-platform   -            Granny's Apple Fries
[ 796/3011] no-platform   -            Litas Fish Market - Oceanside
[ 797/3011] screened-out  shopify      Seven Seas Roasting
[ 798/3011] no-platform   -            Growlers Sports Bar & Taproom
[ 799/3011] needs-browser Square Online storefront Kilowatt Craft Beer & Cocktails Oceanside
[ 800/3011] wrong-branch  toast        Pizza 22
[ 801/3011] no-platform   -            El Mercadito
[ 802/3011] needs-browser chownow      Parakeet Cafe - Carlsbad
[ 803/3011] no-platform   -            Galata Turkish Ice Cream
[ 804/3011] no-platform   -            Unique Sandwiches
[ 805/3011] no-platform   -            Bowl To Go
[ 806/3011] no-platform   -            Marathon Coffee
[ 807/3011] needs-browser Square Online storefront Dog Leg Brewing
[ 808/3011] no-platform   -            Volcan Mountain Winery
[ 809/3011] no-platform   -            Frank's Bakery - Gibaldi's Italian Bread
[ 810/3011] no-platform   -            Star Dust Donut Shop
[ 811/3011] no-platform   -            Java Earth Coffee
[ 812/3011] no-platform   -            Snow Pops San Diego - Snow Pops SD
[ 813/3011] no-platform   -            Marta
[ 814/3011] no-platform   -            Vica’s Cafe
[ 815/3011] no-platform   -            Mi Amigo Mexican Food & Sea
[ 816/3011] no-platform   -            Cj Lounge
[ 817/3011] no-platform   -            Carruth Cellars Tasting Room
[ 818/3011] no-platform   -            Las Michoacanas
[ 819/3011] no-platform   -            Juice Adventure
[ 820/3011] no-platform   -            Fall Brewing Company South Park Taproom
[ 821/3011] needs-browser order.online Sunny Scoops
[ 822/3011] no-platform   -            Taqueria Daily Fresh
[ 823/3011] needs-browser -            Tutti Frutti Frozen Yogurt
[ 824/3011] no-platform   -            Los Cucos Mexican Food
[ 825/3011] wrong-branch  order.online The Pad Thai Stand
[ 826/3011] needs-browser toast        Leu Leu
[ 827/3011] no-platform   -            Meadiocrity Mead
[ 828/3011] needs-browser Square Online (own domain) The Craft Taco at The Nat
[ 829/3011] no-platform   -            Cheers
[ 830/3011] needs-browser Square Online storefront Mein St. Asian Kitchen
[ 831/3011] needs-browser slice        Papa's Pizza
[ 832/3011] no-platform   -            Jungle Tea
[ 833/3011] no-platform   -            Bang Bang
[ 834/3011] no-platform   -            Ocean View Bar & Grill
[ 835/3011] no-platform   -            Social hookah lounge
[ 836/3011] needs-browser -            Golden Spoon Carlsbad Plaza
[ 837/3011] needs-browser Square Online (own domain) Castelli & Pizarro Family Vineyards & Winery
[ 838/3011] wrong-branch  clover       Burros and Fries
[ 839/3011] no-platform   -            Ten Seconds Yunnan Rice Noodle
[ 840/3011] no-platform   -            Latchkey Brewing Company
[ 841/3011] no-platform   -            Bar Traza
[ 842/3011] no-platform   -            Cup of Yo
[ 843/3011] needs-browser Square Online (own domain) Pho Ever Carls[ 84[ 844/3011] no-platform   -            Ferlini Coffee
[ 845/3011] no-platform   -            Saki Saki Sushi Bar & Grill
[ 846/3011] no-platform   -            OB Smoothies Bar & Subs
[ 847/3011] no-platform   -            Chen's Kitchen
[ 848/3011] no-platform   -            Midnight Animal Coffee
[ 849/3011] no-platform   -            Park Commons
[ 850/3011] no-platform   -            Belinda's Familia Mexican Food Truck
[ 851/3011] no-platform   -            Café Ventanas
[ 852/3011] no-platform   -            Nékter Juice Bar
[ 853/3011] no-platform   -            Badas Burgers Food Truck
[ 854/3011] no-platform   -            Crab City (La Jolla Cove)
[ 855/3011] no-platform   -            Hongyuan Kebab
[ 856/3011] no-platform   -            Rise + Shine Coffee Shop
[ 857/3011] no-platform   -            Bobalicious
[ 858/3011] needs-browser Square Online storefront Empanada Kitchen
[ 859/3011] no-platform   -            Zodiak Hookah Lounge
[ 860/3011] needs-browser slice        Little Sisters Pizza
[ 861/3011] needs-browser chownow      moonbowls (Healthy Korean Bowls- Boston Ave)
[ 862/3011] no-platform   -            Mamma Pinsa
[ 863/3011] no-platform   -            China Fun
[ 864/3011] needs-browser -            Coastal Cantina
[ 865/3011] no-platform   -            Colima's Mexican Foods
[ 866/3011] no-platform   -            Pure Fruit Bar & Deli LLC
[ 867/3011] wrong-branch  order.online La michoacana Plus San Diego #2
[ 868/3011] no-platform   -            Crown Landing
[ 869/3011] no-platform   -            South O Brewing Company & Kitchen
[ 870/3011] no-platform   -            Rumorosa
[ 871/3011] no-platform   -            Señor Taquero Taco Shop
[ 872/3011] no-platform   -            Ibis Market
[ 873/3011] no-platform   -            Sourdough & moore
[ 874/3011] no-platform   -            Brunch at Hotel del Coronado
[ 875/3011] no-platform   -            Inzane Brewing Co.
[ 876/3011] no-platform   -            Arteazen Handcrafted Tea
[ 877/3011] too-few       netwaiter    K & K[ 878/3011] too-few       n[ 878/3011] needs-browser toast        Lilo
[ 879/3011] needs-browser order.online The Coffee Cart Café & Espresso Catering
[ 880/3011] too-few       netwaiter    Kim's Bar-B-Que
[ 881/3011] needs-browser toast        Brites Soft Serve
[ 882/3011] needs-browser Square Online storefront Ululani's San Diego
[ 883/3011] no-platform   -            Harissa Mediterranean Kitchen
[ 884/3011] no-platform   -            Sher the love of cooking
[ 885/3011] needs-browser GloriaFood widget Jamul Meat Market
[ 886/3011] no-platform   -            Xolotacos
[ 887/3011] no-platform   -            Sunny Grove Brewing Company
[ 888/3011] no-platform   -            Elite Baking
[ 889/3011] no-platform   -            PB Oriental
[ 890/3011] no-platform   -            Merenda
[ 891/3011] no-platform   -            Mantra Raja
[ 892/3011] no-platform   -            Carne & Hueso
[ 893/3011] no-platform   -            PKI Sushi
[ 894/3011] no-platform   -            Embolden Beer Co[ [ 895/3011] no-platform   -            Uncle Feras Middle Eastern Restaurant
[ 896/3011] no-platform   -            Himalayan Chulo
[ 897/3011] needs-browser Square Online storefront Pho Ha Noi Asian Cuisine
[ 898/3011] needs-browser slice        Del Cerro Pizza
[ 899/3011] no-platform   -            Spicy Lao Kitchen
[ 900/3011] no-platform   -            Leucadia Pizza
[ 901/3011] needs-browser -            Modern Times Coffee
[ 902/3011] no-platform   -            La Cocina De Anita
[ 903/3011] no-platform   -            Landshark Bar & Grill
[ 904/3011] no-platform   -            Sam's Donuts Shop
[ 905/3011] no-platform   -            Dang Brother Camp Pendleton 22 Area
[ 906/3011] needs-browser SpotOn       Mexican & Seafood Restaurant
[ 907/3011] no-platform   -            Sai Japanese Bistro
[ 908/3011] no-platform   -            The Oasis Patio Bar
[ 909/3011] no-platform   -            Barrio Coffee
[ 910/3011] no-platform   -            Tacos La Chorreada
[ 911/3011] no-platform   -            Rocko's Family Restaurant
[ 912/3011] no-platform   -            Mariscos La Chalupa #1 - Seafood Truck
[ 913/3011] no-platform   -            VUE
[ 914/3011] no-platform   -            Lilian's
[ 915/3011] needs-browser toast        Go Greek Authentic Yogurteria
[ 916/3011] no-platform   -            Bubbles & Brews Cafe
[ 917/3011] no-platform   -            Bayside Bar & Grill
[ 918/3011] needs-browser order.online Tous les Jours
[ 919/3011] no-platform   -            Cherry Bomb
[ 920/3011] no-platform   -            Skyline Cafe
[ 921/3011] no-platform   -            Sieu Sieu BBQ
[ 922/3011] no-platform   -            24 Area Messhall
[ 923/3011] filed         shopify      Kyoto Coast Matcha
[ 924/3011] needs-browser order.online Häagen-Dazs
[ 925/3011] needs-browser chownow      JRs Grill / G Street Deli
[ 926/3011] needs-browser toast        Dark Horse Japanese Nikkei Cuisine
[ 927/3011] no-platform   -            Tap That
[ 928/3011] no-platform   -            Giovanetti’s Italian Cuisine
[ 929/3011] needs-browser toast        Canton Bakery by Meta Sweets
[ 930/3011] no-platform   -            RomBomb Burger
[ 931/3011] no-platform   -            AMICIBAR
[ 932/3011] no-platform   -            MAKE Cafe
[ 933/3011] no-platform   -            The Pearl Restaurant
[ 934/3011] no-platform   -            Beach wolf
[ 935/3011] no-platform   -            Mariscos La Morena
[ 936/3011] no-platform   -            Tacos El Villasana
[ 937/3011] no-platform   -            For The Win - San Diego
[ 938/3011] needs-browser Square Online (own domain) CUPPA CUPPA COFFEE LAB
[ 939/3011] no-platform   -            Mother Earth Brew Co.
[ 940/3011] needs-browser Square Online storefront Flour Atelier
[ 941/3011] needs-browser MealKeyWay   Pho Tan
[ 942/3011] no-platform   -            Truva
[ 943/3011] needs-browser -            Yogurt Lounge Serra Mesa
[ 944/3011] needs-browser chownow      Donburi Rice Bowls
[ 945/3011] needs-browser MealKeyWay   Tasty house 味来
[ 946/3011] no-platform   -            Pizza Kaiju
[ 947/3011] no-platform   -            ALBACA
[ 948/3011] no-platform   -            Witherby Bar & Restaurant
[ 949/3011] no-platform   -            Easy Thai
[ 950/3011] no-platform   -            Imperial Palace
[ 951/3011] no-platform   -            Easy Thai
[ 952/3011] no-platform   -            Theresa's Itali[ 953/3011] no[ 953/3011] needs-browser Square Online storefront Nobibi Convoy
[ 954/3011] no-platform   -            Zuma San Diego
[ 955/3011] needs-browser order.online Lady M Cake Boutique - San Diego
[ 956/3011] no-platform   -            Tina's Baking Addiction
[ 957/3011] no-platform   -            Lapper Kitchen + Tap
[ 958/3011] needs-browser plain-html   Roppongi
[ 959/3011] needs-browser toast        Swagyu Burger Bar
[ 960/3011] no-platform   -            Over The Tap
[ 961/3011] no-platform   -            The Cove Bar & Grill
[ 962/3011] no-platform   -            TP TEA – San Diego
[ 963/3011] no-platform   -            Mr. Buffalo Fries
[ 964/3011] no-platform   -            Happytime Tea
[ 965/3011] no-platform   -            Kiku Room
[ 966/3011] no-platform   -            Kim's Deli
[ 967/3011] no-platform   -            Vinya Yoga and Wine Bar
[ 968/3011] needs-browser order.online Qin West
[ 969/3011] filed         wix          Origen Coffee Roasters
[ 970/3011] too-few       own-jsonld   Vinh Long Food To Go
[ 971/3011] no-platform   -            The Sushi Stand
[ 972/3011] needs-browser order.online Poki Poki Carlsbad - Boba & Brewski
[ 973/3011] needs-browser toast        Taco Loco
[ 974/3011] no-platform   -            Coffee Culture[[ 975/3011] wrong-branch  toast        Mary's Salads
[ 976/3011] needs-browser Square Online storefront Muse Cheesecakes & Bakery
[ 977/3011] no-platform   -            Treo Kitchen + Bar
[ 978/3011] no-platform   -            Ching's Famou[ 979/30[ 979/3011] no-platform   -            My Vegan Pie
[ 980/3011] no-platform   -            Tacos el Niño Santana
[ 981/3011] needs-browser -            Kaluú Upscale Mexican & Lounge
[ 982/3011] no-platform   -            Suspiros Cakes Chula Vista
[ 983/3011] no-platform   -            Campus Cafe
[ 984/3011] no-platform   -            Tengu Ramen
[ 985/3011] needs-browser toast        Fiesta Mexican Grille
[ 986/3011] needs-browser order.online Sr. Taquito
[ 987/3011] no-platform   -            Josie's Hideout Saloon
[ 988/3011] needs-browser Square Online (own domain) Teuscher Chocolates San Diego
[ 989/3011] no-platform   -            LJ Crafted Wines - Wines & Tastings
[ 990/3011] no-platform   -            Brain Freeze Premium Frozen Yogurt & Ice Cream of Bonsall
[ 991/3011] no-platform   -            Sabroso taco savor a mi tierra
[ 992/3011] no-platform   -            Cafe Aero
[ 993/3011] too-few       wix          Dame Más Cafeina
[ 994/3011] no-platform   -            Valerio's 1979
[ 995/3011] no-platform   -            Necter Juice Bar
[ 996/3011] no-platform   -            Presotea
[ 997/3011] no-platform   -            Gather
[ 998/3011] needs-browser chownow      Parakeet Cafe - Nautilus
[ 999/3011] needs-browser order.online El Rinconcito Fruteria
[1000/3011] no-platform   -            Buttery Bakes
[1001/3011] wrong-branch  order.online The Pad Thai Stand
[1002/3011] no-platform   -            The Coffee Bar at Foothills Church
[1003/3011] no-platform   -            Imperial Beach Kitchen
[1004/3011] no-platform   -            Mission Donut House
[1005/3011] no-platform   -            Old Hickory Steakhouse
[1006/3011] no-platform   -            Oakberry Açaí bowls
[1007/3011] no-platform   -            D'liteful Ch[1008/3[1008/3011] no-platform   -            Fat Tuesday
[1009/3011] needs-browser slice        Milo’s Pizza [1010/3011] needs-browser slice        Milo’s Pizza & Deli
[1011/3011] no-platform   -            Baklava King
[1012/3011] needs-browser Square Online storefront Societe Brewing Company
[1013/3011] no-platform   -            12 HRS MATCHA CAFE
[1014/3011] needs-browser Square Online storefront Common Grounds Cafe - MCRD Base
[1015/3011] no-platform   -            CRAVE Mediterranean Grill
[1016/3011] no-platform   -            Yas Lounge
[1017/3011] needs-browser toast        Asado Gaucho - Argentinian Meat Dining Experience
[1018/3011] no-platform   -            Tasty Donuts
[1019/3011] no-platform   -            Fall Brewing Company
[1020/3011] no-platform   -            Ono Hawaiian BBQ
[1021/3011] no-platform   -            Trevi Hills Winery
[1022/3011] no-platform   -            The Nutrition Place
[1023/3011] needs-browser clover       Blendees
[1024/3011] no-platform   -            NuYo Frozen Yogurt Encinitas
[1025/3011] needs-browser Square Online storefront Loma[1026/3011][1026/3011] no-platform   -            Old Town Eatery
[1027/3011] needs-browser order.online Poke One N Half
[1028/3011] no-platform   -            Arevalo's Bakery
[1029/3011] no-platform   -            Arevalo's Bakery
[1030/3011] needs-browser clover       Bruster's Real Ice Cream
[1031/3011] no-platform   -            Killer Whale Creamery
[1032/3011] needs-browser order.online Lezat Indonesian Kitchen
[1033/3011] no-platform   -            Charade Speakeasy
[1034/3011] no-platform   -            Jamal's Chicken
[1035/3011] no-platform   -            Alona’s Caketots
[1036/3011] no-platform   -            Tres Hermanos Locos Tacos
[1037/3011] no-platform   -            Carruth Cellars Urban Winegarden & Cheese Shop: Liberty Station
[1038/3011] needs-browser toast        Nomada
[1039/3011] needs-browser Square Online (own domain) Cafe Pascale Grill & Deli
[1040/3011] needs-browser chownow      Off the Vine Gardens Deli And Catering
[1041/3011] no-platform   -            Cha Cha Tea Spot
[1042/3011] no-platform   -            Sunny Dumpling House
[1043/3011] needs-browser order.online Mamamia Pizza Kitchen
[1044/3011] no-platform   -            S T U D I O Restaurant + Bar
[1045/3011] no-platform   -            Taqueria El Patron
[1046/3011] needs-browser Square Online storefront Golden Dragon
[1047/3011] no-platform   -            GOLDEN DRAGON ASIAN CUISINE
[1048/3011] needs-browser order.online TOUS les JOURS Bakery Café - National City
[1049/3011] needs-browser Square Online storefront Bean Box
[1050/3011] no-platform   -            chance's coffee
[1051/3011] no-platform   -            Shake Smart[[1052/3011] no-platform   -            SINTA
[1053/3011] needs-browser olo          Randy’s Donuts
[1054/3011] needs-browser -            Cluck N Sip
[1055/3011] no-platform   -            Burtech Family Vineyard Tasting Room
[1056/3011] wrong-branch  toast        Bros Kabob
[1057/3011] no-platform   -            Cleopatra's Lounge
[1058/3011] needs-browser -            Pure Squeeze
[1059/3011] no-platform   -            Brewery X
[1060/3011] no-platform   -            La Clochette
[1061/3011] no-platform   -            Italian Cucina
[1062/3011] no-platform   -            Hannegan’s House Beer Co & Creamery
[1063/3011] needs-browser Square Online storefront Manor Coffee Bar
[1064/3011] no-platform   -            Izakaya Maíze
[1065/3011] needs-browser order.online Torta Time
[1066/3011] no-platform   -            102 Scone Co.
[1067/3011] no-platform   -            Tower39 Rooftop Lounge
[1068/3011] needs-browser olo          McConnell's Fine Ice Creams - Carlsbad
[1069/3011] no-platform   -            Mama’s Boy Cookies
[1070/3011] needs-browser Square Online (own domain) Chefs Cafe
[1071/3011] too-few       netwaiter    Playa Azul Mariscos Restaurant
[1072/3011] no-platform   -            Momo Sando&Omakase
[1073/3011] no-platform   -            SciEats (Nonprofit Eatery)
[1074/3011] no-platform   -            Amuse Lounge and Patio
[1075/3011] no-platform   -            Golden Donut
[1076/3011] no-platform   -            Pasta Design
[1077/3011] no-platform   -            Ohana Nutrition
[1078/3011] no-platform   -            Jaguar Paw
[1079/3011] no-platform   -            Qualcomm Cafe Q
[1080/3011] no-platform   -            Cocina De Ledezma LLC
[1081/3011] no-platform   -            Smoking Cannon Brewery
[1082/3011] needs-browser toast        Market St Pizzeria
[1083/3011] no-platform   -            Honey Cafe & Store
[1084/3011] no-platform   -            Linda's Yogurt & Deli
[1085/3011] no-platform   -            TJ BURRITO Co.
[1086/3011] no-platform   -            The Sanctuary by The Lost Abbey
[1087/3011] no-platform   -            Bivouac Adventure Lodge Coffee Shop
[1088/3011] needs-browser Square Online (own domain) Inka'fe SD Coffee Shop
[1089/3011] needs-browser toast        Divina Matcha
[1090/3011] no-platform   -            Backstreet Brewery
[1091/3011] no-platform   -            All That Shabu
[1092/3011] no-platform   -            Delicia's Taco Shop
[1093/3011] screened-out  toast        High Marea
[1094/3011] no-platform   -            Cake
[1095/3011] wrong-branch  toast        Cosmos Burger Carlsbad
[1096/3011] no-platform   -            Warner Springs Golf Shop & Grill
[1097/3011] needs-browser order.online Fatboy's Deli & Spirits
[1098/3011] no-platform   -            Papa Bambino's
[1099/3011] no-platform   -            Backyard Brewery
[1100/3011] no-platform   -            Michael's in Borrego
[1101/3011] no-platform   -            Lemon City Taphouse
[1102/3011] no-platform   -            The Bar at Moniker General
[1103/3011] no-platform   -            Weir Beer
[1104/3011] no-platform   -            Una Mas on Adams
[1105/3011] no-platform   -            Veranda
[1106/3011] no-platform   -            LUCIEN
[1107/3011] no-platform   -            Noodles - Authentic Asian Cuisine
[1108/3011] no-platform   -            Panaderia Fuentes
[1109/3011] no-platform   -            Michi Brew Co.
[1110/3011] needs-browser Square Online storefront Moniker Coffee Co. at The Craft Creamery
[1111/3011] no-platform   -            Iceskimo
[1112/3011] no-platform   -            Honney Doffee Coffee
[1113/3011] no-platform   -            Red Ribbon Bakeshop
[1114/3011] needs-browser Square Online storefront Cargo Cafe - Sorrento Valley
[1115/3011] needs-browser toast        One of Us
[1116/3011] needs-browser toast        Boba Tea Spot
[1117/3011] no-platform   -            The Coffee House at North Coast Church
[1118/3011] filed         toast        Napatini Bistro and Wine Bar
[1119/3011] no-platform   -            Cali Banh Mi
[1120/3011] needs-browser Square Online storefront Montebello
[1121/3011] needs-browser Square Online storefront Purl Tea San Marcos
[1122/3011] filed         own-jsonld   The San Diego Taco Truck
[1123/3011] needs-browser chownow      Parakeet Juicery - La Jolla
[1124/3011] no-platform   -            The Grillery
[1125/3011] no-platform   -            The Golf Bar
[1126/3011] no-platform   -            Nova Boba and Coffee shop
[1127/3011] wrong-branch  toast        Gold Coffee Shop
[1128/3011] no-platform   -            Culture Craft Coffee & Espresso
[1129/3011] no-platform   -            Milonga Empanadas
[1130/3011] screened-out  shopify      Ascend Coffee Roasters
[1131/3011] no-platform   -            Little Fawn
[1132/3011] no-platform   -            Lambers Chinese Bakery
[1133/3011] too-few       netwaiter    Ba Le French Sandwich Shop
[1134/3011] no-platform   -            CHERRYBOMB EC
[1135/3011] no-platform   -            Cakey Bakey
[1136/3011] no-platform   -            Tazza D'Oro
[1137/3011] needs-browser Square Online storefront Cargo Cafe - Paseo Del Mar
[1138/3011] needs-browser Square Online (own domain) Balboa Candy
[1139/3011] no-platform   -            Dream Fountain Catering
[1140/3011] no-platform   -            Milonga Empanadas Fashion Valley
[1141/3011] no-platform   -            Las Ricas Tortas
[1142/3011] no-platform   -            All Things Ube Desserts
[1143/3011] no-platform   -            Pub 1795
[1144/3011] needs-browser toast        Pompei Pizza
[1145/3011] no-platform   -            Ho Wan Noodle Shop
[1146/3011] needs-browser toast        Pita Pit
[1147/3011] no-platform   -            Los Primos Panaderia
[1148/3011] no-platform   -            Drinky Promise
[1149/3011] needs-browser order.online Bird-N-Bun
[1150/3011] no-platform   -            OMG Crêpes
[1151/3011] no-platform   -            Elegance On Display
[1152/3011] no-platform   -            Al Umaraa Restaurant & Market
[1153/3011] no-platform   -            Hopnonymous Brewing - Normal Height[1[1154/3011] no-platform   -            Poki Poki & Dragonitea - Fallbrook
[1155/3011] no-platform   -            Plant Power Fast Food Digital Kitchen
[1156/3011] screened-out  shopify      Party Time Liquor
[1157/3011] needs-browser Square Online storefront Copa Vida Torrey Ridge
[1158/3011] needs-browser olo          Better Buzz Coffee Santee
[1159/[1159/3011] needs-browser order.online Beard Papa’s San Diego
[1160/3011] needs-browser olo          Better Buzz Coffee Santee
[1161/3011] needs-browser spothopper   Tipping Pint Brewing Co.
[1162/3011] no-platform   -            Scena Fusion Kitchen & Bar
[1163/3011] no-platform   -            Route 6 Coffee & Smoothies
[1164/3011] filed         wix          Sourpuss Donuts
[1165/3011] no-platform   -            Elote
[1166/3011] no-platform   -            Pink Buddha
[1167/3011] no-platform   -            Krak Boba
[1168/3011] no-platform   -            Urban Skillet San Diego
[1169/3011] no-platform   -            Feisty Kate's Burgers and Malts
[1170/3011] needs-browser Square Online storefront Copa Vida
[1171/3011] no-platform   -            FLAVORFUL Dessert Atelier
[1172/3011] no-platform   -            Red Eye Saloon
[1173/3011] needs-browser toast        Johnny Radz Pizza
[1174/3011][1174/3011] wrong-branch  toast        Johnny Radz Pizza
[1175/3011] no-platform   -            Pala Cafe
[1176/3011] no-platform   -            Guadalupe Brewery [1177/3011[1177/3011] needs-browser toast        Duck Foot Brewing
[1178/3011] needs-browser Paytronix    Ziggi's Coffee
[1179/3011] no-platform   -            Mike Hess Brewing - Seaport Village Taphouse
[1180/3011] needs-browser olo          Panini Kabob Grill - Park 12
[1181/3011] no-platform   -            El Flako's Wrangler Barbecue
[1182/3011] no-platform   -            The Loft at UC San Diego
[1183/3011] no-platform   -            Ramones Mexican BBQ
[1184/3011] needs-browser toast        Clara's Kitchen ( Soul Fo[1185/3011] no-platform   -            Dole Whip
[1186/3011] no-platform   -            French Secret Pastry (Pre-Order Only)
[1187/3011] no-platform   -            Birria el Chavita
[1188/3011] no-platform   -            Carnitas la Bendición
[1189/3011] no-platform   -            Blue Bowl Superfoods - Oceanside
[1190/3011] needs-browser Square Online (own domain) The Cakery Cafe
[1191/3011] needs-browser toast        Grab & Go
[1192/3011] no-platform   -            Plant Power Fast Food
[1193/3011] no-platform   -            Citizen Brewers
[1194/3011] no-platform   -            Dulzura Vineyard and Winery
[1195/3011] no-platform   -            La Michoacana Elite
[1196/3011] wrong-branch  toast        Clara's Kitchen ( Soul Food) Micro-enterprise Home Kitchen
[1197/3011] needs-browser Square Online (own domain) Le Charcuterie Bar
[1198/3011] needs-browser -            Pelican's on the Bay
[1199/3011] no-platform   -            Rank & File
[1200/3011] no-platform   -            Salt & Fin
[1201/3011] no-platform   -            Lonchera Mariscos El Gordo
[1202/3011] no-platform   -            KD`S Donuts
[1203/3011] no-platform   -            The Trap Shack
[1204/3011] no-platform   -            Silver Hoof Creamery
[1205/3011] no-platform   -            Shabu Spot
[1206/3011] screened-out  shopify      Seven Seas Roasting Co.
[1207/3011] no-platform   -            Teaspoon Escondido
[1208/3011] screened-out  shopify      Come Back Coffee Co.
[1209/3011] no-platform   -            We Cookn
[1210/3011] no-platform   -            Sunright Tea Studio
[1211/3011] no-platform   -            Jaybird Superette
[1212/3011] no-platform   -            Tamales Oaxaquenos
[1213/3011] no-platform   -            La Mesa Wine Works
[1214/3011] no-platform   -            La Rikura Mexican Food
[1215/3011] no-platform   -            Starbread Bakery
[1216/3011] no-platform   -            Side Chick - Chicken & F[1217[1217/3011] no-platform   -            El Cajon taco shop
[1218/3011] no-platform   -            Emerald Chinese Cuisine
[1219/3011] wrong-branch  own-jsonld   Tako
[1220/3011] too-few       netwaiter    J & J's Mexican Food
[1221/3011] no-platform   -            Super Smoothies
[1222/3011] no-platform   -            Dr Boochart
[1223/3011] no-platform   -            The Cafe
[1224/3011] no-platform   -            Zodiac Boba
[1225/3011] no-platform   -            Subterranean Coffee Drive thru
[1226/3011] no-platform   -            California Bean
[1227/3011] filed         own-jsonld   Hong Kong Kitchen & Dimsum
[1228/3011] no-platform   -            Tamales Escondido
[1229/3011] no-platform   -            The Funky Frenchie (Lemon Grove)
[1230/3011] no-platform   -            Shake Bar & Lounge
[1231/3011] no-platform   -            Bistro at the Pier
[1232/3011] no-platform   -            The Honor Bar
[1233/3011] no-platform   -            Beach Sweets
[1234/3011] no-platform   -            NuYo Frozen Yogurt Solana Beach
[1235/3011] [1235/3011] no-platform   -            Beach Sweets
[1236/3011] no-platform   -            Huy Ky Bakery
[1237/3011] no-platform   -            Candy[1238/3011] no-platform   -            Huy Ky Bakery
[1239/3011] no-platform   -            Claudia’s Tea House
[1240/3011] no-platform   -            F Street Cafe
[1241/3011] no-platform   -            Viewpoint Kitchen + Bar
[1242/3011] no-platform   -            Savvy Macs, Inc.
[1243/3011] no-platform   -            Bücha Hard Kombucha
[1244/3011] needs-browser Square Online storefront Its Cafe Thai
[1245/3011] wrong-branch  toast        ALOHA GRILL
[1246/3011] no-platform   -            6 7 Deli & Pizza
[1247/3011] no-platform   -            Devil and Angel
[1248/3011] no-platform   -            Olive Branch Eatery
[1249/3011] no-platform   -            Jery's Pizza
[1250/3011] no-platform   -            Cafe Nordstrom
[1251/3011] no-platform   -            The Red Barn
[1252/3011] no-platform   -            Corner Office Pizza and Craft Bar
[1253/3011] no-platform   -            Dockside Casual Seafood Counter
[1254/3011] wrong-branch  toast        Knead Artisan Bakery
[1255/3011] too-few       netwaiter    Pizza Grande
[1256/3011] no-platform   -            Zoo Brew
[1257/3011] no-platform   -            Golden Grill
[1258/3011] no-platform   -            Little Victory Wine Bar
[1259/3011] no-platform   -            Phology Noodle House - Pho Vietnamese Chula Vista CA
[1260/3011] no-platform   -            The Morning Grove
[1261/3011] no-platform   -            Bianchi Pizza & Pasta
[1262/3011] needs-browser toast        Zest Wine Bistro
[1263/3011] no-platform   -            Stratus Restaurant & Bar
[1264/3011] no-platform   -            The MRKT
[1265/3011] no-platform   -            SAKE BAR GAGA
[1266/3011] no-platform   -            Oscar's Meat pies
[1267/3011] no-platform   -            Surf City Squeeze
[1268/3011] no-platform   -            Diego's Taco Shop
[1269/3011] no-platform   -            Shake Smart
[1270/3011] no-platform   -            Craft Pizza
[1271/3011] no-platform   -            Ground Up Cafe
[1272/3011] too-few       netwaiter    Sandwich Place
[1273/3011] needs-browser chownow      Sunset Thai Ocean Beach
[1274/3011] needs-browser -            Sammy's Restaurant & Bar
[1275/3011] no-platform   -            Dirty Dough - Oceanside
[1276/3011] no-platform   -            Three Boys Coffee
[1277/3011] no-platform   -            Board & Brew - Downtown San Diego
[1278/3011] no-platform   -            Royal Pearl Tea
[1279/3011] no-platform   -            Forum Deli
[1280/3011] no-platform   -            Healthy Grill Mediterranean
[1281/3011] no-platform   -            Thai Thai Melrose Restaurant
[1282/3011] needs-browser GloriaFood widget Maria's Coffee Shop
[1283/3011] no-platform   -            PAPA GUAPO CANTINA
[1284/3011] no-platform   -            The Guild Bar
[1285/3011] no-platform   -            Mission Brewing - Kensington
[1286/3011] needs-browser toast        Bao Bar
[1287/3011] no-platform   -            Yuki Yuki
[1288/3011] needs-browser Square Online storefront Whatever Forever Coffee
[1289/3011] no-platform   -            Cherrie Blossom Tea & Boba
[1290/3011] no-platform   -            Koobrew
[1291/3011] wrong-branch  toast        Tapas Bar
[1292/3011] no-platform   -            Panadería González
[1293/3011] no-platform   -            664
[1294/3011] no-platform   -            Last Spot Bar
[1295/3011] no-platform   -            Mantra Sukha Tea Lounge
[1296/3011] no-platform   -            Marzul Coastal Cuisine
[1297/3011] no-platform   -            The Mudbar
[1298/3011] no-platform   -            El Santo Remedio Cantina
[1299/3011] no-platform   -            Barbeer
[1300/3011] no-platform   -            Crafted Coastal Bakery
[1301/3011] no-platform   -            Gintaro Sushi
[1302/3011] no-platform   -            Carnitas Paracho Garibay
[1303/3011] no-platform   -            Test Kitchen
[1304/3011] needs-browser Square Online storefront Petite Paleo Bakery
[1305/3011] no-platform   -            Super Express Chinese Food
[1306/3011] no-platform   -            117⁰ West Spirits Speakeasy
[1307/3011] no-platform   -            The Boarding Home
[1308/3011] no-platform   -            Candy Land Café San Diego
[1309/3011] no-platform   -            ABC Market & Deli
[1310/3011] needs-browser order.online Solana Frosty
[1311/3011] no-platform   -            Tommy's Pizza & Subs
[1312/3011] no-platform   -            Hillside Ranch Vineyard
[1313/3011] needs-browser Square Online (own domain) Sea Ridge Cafe
[1314/3011] no-platform   -            Casa Del Marisco Rafaelas
[1315/3011] wrong-branch  popmenu      Alohana Acai Bowls and Smoothies - North Park
[1316/3011] needs-browser HungerRush   Pop Pops Paleta
[1317/3011] no-platform   -            Manta Pizza
[1318/3011] no-platform   -            Drunk Confections
[1319/3011] no-platform   -            CHINA CHEF 1
[1320/3011] wrong-branch  toast        Zonkey
[1321/3011] no-platform   -            Tacos Locos Tasty Mexican Food
[1322/3011] no-platform   -            P[1323/3011[1323/3011] no-platform   -            Get Baked Cookie Co.
[1324/3011] screened-out  toast        Agave Birrieria
[1325/3011] no-platform   -            MCX Food & Service Plaza, Camp Pendleton, CA
[1326/3011] no-platform   -            Oasis Breads
[1327/3011] wrong-branch  toast        Amalfi Enoteca Italiana
[1328/3011] no-platform   -            Joyee Noodle House(UTC)
[1329/3011] no-platform   -            Taqueria Los Famosos
[1330/3011] needs-browser Square Online (own domain) KAFE'SITO
[1331/3011] no-platform   -            New Motion Beverages
[1332/3011] no-platform   -            Street Corner
[1333/3011] no-platform   -            Sip Fresh
[1334/3011] needs-browser Square Online (own domain) The Salty Cookie
[1335/3011] no-platform   -            Shaka Java
[1336/3011] no-platform   -            Sweet Story Company LLC
[1337/3011] no-platform   -            Cork N Brew
[1338/3011] no-platform   -            Surf City Squeeze
[1339/3011] no-platform   -            Tortas Ahogadas El Gallito
[1340/3011] no-platform   -            Boo Boo's sweet Potato Pies
[1341/3011] no-platform   -            longball cocktail
[1342/3011] needs-browser Square Online storefront 86[1343/3011] needs-b[1343/3011] needs-browser -            Market One
[1344/3011] no-platform   -            Middy's Pizza
[1345/3011] no-platform   -            Blue Bowl Superfoods
[1346/3011] needs-browser Square Online storefront Secret Sauce Wok & Grill
[1347/3011] needs-browser Square Online storefront Cargo Cafe - Torrey Pines
[1348/3011] no-platform   -            Tacos El Jalón
[1349/3011] no-platform   -            The Poke Tea House
[1350/3011] no-platform   -            Sweet Factory
[1351/3011] no-platform   -            La Paloma
[1352/3011] no-platform   -            Hotdogs Sonora
[1353/3011] no-platform   -            Ambiance Kitchen + Lounge
[1354/3011] needs-browser -            Fresca Deli .
[1355/3011] no-platform   -            Great American Cookies - Otay Ranch Town Center
[1356/3011] no-platform   -            Tejedas' Peruvian Kitchen
[1357/3011] no-platform   -            La Cucina
[1358/3011] no-platform   -            Heftyboy BBQ db[1359/3011] no-platfo[1359/3011] needs-browser Square Online (own domain) Cafe Pascale
[1360/3011] needs-browser toast        Katy’s Diner
[1361/3011] no-platform   -            Cocina de Tamales
[1362/3011] no-platform   -            The Lookout at Lake Poway
[1363/3011] no-platform   -            Chester's
[1364/3011] needs-browser order.online WUHU TEA & DELI
[1365/3011] no-platform   -            Barona Coffee Company
[1366/3011] wrong-branch  popmenu      Max's Restaurant National City
[1367/3011] no-platform   -            Mister G Salsa
[1368/3011] no-platform   -            Sugared Cookie Company
[1369/3011] no-platform   -            Rumi
[1370/3011] no-platform   -            Prado Perk
[1371/3011] no-platform   -            Surf City Squeeze
[1372/3011] no-platform   -            Tortillas de Harina Elice, [1373/3011] no-p[1373/3011] no-platform   -           [1374/3011] no-p[1374/3011] no-platform   -            Swe[1375/3011] no-platform   -            KayeSimplyBakes
[1376/3011] no-platform   -            Tortillas de Harina Elice, Flour Tortillas
[1377/3011] no-platform   -            Thérapie Bistro
[1378/3011] no-platform   -            Burgers & Shakes
[1379/3011] needs-browser order.online Poki One N Half San Marcos
[1380/3011] no-platform   -            Seaside BBQ
[1381/3011] no-platform   -            Immersion Express / Coffee and Matcha
[1382/3011] needs-browser Square Online (own domain) Juliantla Chocolate Boutique
[1383/3011] no-platform   -            FiveO3 Pupusas
[1384/3011] no-platform   -            Wild Child Ice Cream
[1385/3011] no-platform   -            Mariposa Ice Cream Oceanside
[1386/3011] no-platform   -            Soleil @k
[1387/3011] no-platform   -            So Cal Famous Beach Ice
[1388/3011] no-platform   -            My O My Coffee and More
[1389/3011] no-platform   -            Unico Juice Shop
[1390/3011] no-platform   -            DEN
[1391/3011] no-platform   -            Carlo
[1392/3011] no-platform   -            Mason Ale Works Tasting Room
[1393/3011] no-platform   -            The Boss Crepas
[1394/3011] no-platform   -            Ocean Rainbow
[1395/3011] needs-browser ubereats     FallbrkEats
[1396/3011] no-platform   -            FLAVORS EXPRESS SDSU
[1397/3011] needs-browser Square Online (own domain) Slurp
[1398/3011] no-platform   -            Beach Street Tacos
[1399/3011] needs-browser Square Online storefront The Bean Box 701
[1400/3011] wrong-branch  toast        Saigon Alley Kitchen & Bar
[1401/3011] no-platform   -            Juice Holler
[1402/3011] no-platform   -            Michoacana Mia - Vista
[1403/3011] no-platform   -            Frutti Mas
[1404/3011] no-platform   -            Chagee
[1405/3011] needs-browser SpotOn       Oriste Fairway Cafe
[1406/3011] no-platform   -            Netta's Bakery
[1407/3011] wrong-branch  toast        Oto Sushi Encinitas
[1408/3011] no-platform   -            Lori's Custom Cakes
[1409/3011] needs-browser toast        The Deck at 264
[1410/3011] no-platform   -            Midnight Skewer 深夜酒馆
[1411/3011] no-platform   -            Delicious Treats
[1412/3011] no-platform   -            Board & Brew - Mission Valley
[1413/3011] no-platform   -            Lò Bánh Cuốn Tân Định
[1414/3011] no-platform   -            Numbskulls Shave Ice
[1415/3011] no-platform   -            Deleitte
[1416/3011] needs-browser toast        La Vida
[1417/3011] no-platform   -            IB Espresso
[1418/3011] no-platform   -            Fatburger
[1419/3011] no-platform   -            Boardwalk Pizza
[1420/3011] needs-browser toast        The Tavern at Barley & Sword Brewing Company
[1421/3011] no-platform   -            Colibri Cafe
[1422/3011] gated         toast        Higher Grounds Coffee and Cafe
[1423/3011] no-platform   -            Sip Fresh
[1424/3011] no-platform   -            Cutwater
[1425/3011] no-platform   -            Pacific Point
[1426/3011] filed         shopify      LA PETITE BAKERY
[1427/3011] no-platform   -            Bueno Wine & Goods
[1428/3011] no-platform   -            EL CAMARON FELIZ TACOS Y BIRRIA
[1429/3011] no-platform   -            MyPozole
[1430/3011] no-platform   -            Dolce Italia Desserts, Inc.
[1431/3011] no-platform   -            Cold Smoke BBQ
[1432/3011] no-platform   -            Ramen Inn - San Diego
[1433/3011] needs-browser -            Mosaic Restaurant & Bar
[1434/3011] no-platform   -            Street Tacos El Camino Food Truck
[1435/3011] needs-browser Square Online storefront Ramen Station
[1436/3011] no-platform   -            Dalu Hawaiian BBQ Oceanside
[1437/3011] no-platform   -            Kazukii Sushi & Japanese Cuisine
[1438/3011] no-platform   -            Blade Shanghai
[1439/3011] no-platform   -            The Bistro - Eat. Drink. Connect.®
[1440/3011] needs-browser order.online Le Macaron French Pastries Westfield UTC
[1441/3011] no-platform   -            Fiesta Pinoy
[1442/3011] no-platform   -            Queenstown Del Mar
[1443/3011] needs-browser -            seaglass restaurant
[1444/3011] needs-browser slice        Pizza On Pearl North Park
[1445/3011] no-platform   -            Vanilla Oasis
[1446/3011] no-platform   -            Finca Casa Blanca
[1447/3011] no-platform   -            Ono Hawaiian BBQ
[1448/3011] no-platform   -            Side Piece
[1449/3011] no-platform   -            Suki Hana Japan
[1450/3011] needs-browser olo          Dimassi's Mediterranean Buffet
[1451/3011] needs-browser Square Online storefront Dulce Tentación
[1452/3011] no-platform   -            Harborside Cuisine
[1453/3011] no-platform   -            The Grub Station (South African )
[1454/3011] no-platform   -            Julian Food Truck
[1455/3011] no-platform   -            BREANS
[1456/3011] no-platform   -            Punkers Cafe
[1457/3011] needs-browser -            Windows Cafe
[1458/3011] needs-browser toast        Hydout Cafe Hillcrest
[1459/3011] needs-browser order.online The Meltdown
[1460/3011] needs-browser Square Online storefront Copa Vida
[1461/3011] no-platform   -            Golf Grill
[1462/3011] no-platform   -            El huevo estrellado # 2
[1463/3011] no-platform   -            Side Street Bowls & Smoothies
[1464/3011] wrong-branch  toast        Grand Ole BBQ PETCO PARK
[1465/3011] no-platform   -            Tu Madres Bakery
[1466/3011] no-platform   -            Cali BBQ- NEX (base access required)
[1467/3011] screened-out  shopify      Steady State Roasting
[1468/3011] no-platform   -            Common Good Coffee
[1469/3011] no-platform   -            Boba n More
[1470/3011] needs-browser Square Online storefront Cargo Cafe - Wateridge
[1471/3011] no-platform   -            Trifecta Tavern
[1472/3011] no-platform   -            California Ice Cream
[1473/3011] no-platform   -            Living Room Bar
[1474/3011] no-platform   -            Aryana Restaurant & Bar
[1475/3011] no-platform   -            Kona Craft Cafe
[1476/3011] needs-browser toast        Super Creamery
[1477/3011] no-platform   -            La Michoacana San Diego
[1478/3011] no-platform   -            Lulu’s Buns Wholesale Bakery
[1479/3011] no-platform   -            The Victorian at Hill Street
[1480/3011] no-platform   -            ICE POPS
[1481/3011] no-platform   -            The Darling Dough Co.
[1482/3011] needs-browser Square Online storefront Cargo Cafe - Gateway
[1483/3011] needs-browser Square Online storefront Copa Vida - Del Mar
[1484/3011] no-platform   -            Windmill Canyon Restaurant
[1485/3011] no-platform   -            ZENTRL Kitchen + Bar - Liberty Station
[1486/3011] no-platform   -            Crispy Fish Tacos
[1487/3011] needs-browser order.online XENiA Mediterranean Kitchen - San Diego
[1488/3011] no-platform   -            Bambucha Kombucha
[1489/3011] no-platform   -            Cafe 477 La Jolla
[1490/3011] no-platform   -            Seven Seas Cafe
[1491/3011] no-platform   -            Noel's Cookies
[1492/3011] no-platform   -            La Tienda Lounge
[1493/3011] needs-browser olo          MOTO Pizza San Diego
[1494/3011] no-platform   -            ZENTRL Kitchen + Bar
[1495/3011] no-platform   -            La Botana Loca
[1496/3011] wrong-branch  toast        Pizza Port Tasting Room
[1497/3011] no-platform   -            Cocinita Express
[1498/3011] needs-browser order.online Häagen-Dazs
[1499/3011] no-platform   -            La Central
[1500/3011] screened-out  shopify      Surje Coffee at The Gallery
[1501/3011] no-platform   -            Corner Deli & Pizza
[1502/3011] no-platform   -            Sun Coast Pizza
[1503/3011] no-platform   -            Pizza Trolley
[1504/3011] needs-browser -            Indulge Restaurant and Bar
[1505/3011] no-platform   -            BLAH Brewing
[1506/3011] no-platform   -            The Hidden Gazebo Eatery
[1507/3011] no-platform   -            Ocean Journey Cafe
[1508/3011] no-platform   -            Mission Brewing - Sky Deck
[1509/3011] no-platform   -            Mission Brewing - Miramar
[1510/3011] no-platform   -            Matcha On Ice Cafe
[1511/3011] no-platform   -            Dyno Bar
[1512/3011] screened-out  shopify      THRONE ROOM
[1513/3011] no-platform   -            ETNA DULCIS
[1514/3011] no-platform   -            Alebrije Food Truck Twin Oaks
[1515/301[1515/3011] no-platform   -            Alebrije Food Truck Twin Oaks
[1516/3011] no-platform   -            Tres Fuegos Cocina
[1517/3011] no-platform   -            Zephyr Café
[1518/3011] no-platform   -            Vie Café
[1519/3011] needs-browser order.online The Meltdown
[1520/3011] no-platform   -            Don Maguro
[1521/3011] no-platform   -            NandosHotBox
[1522/3011] no-platform   -            Carnitas La Bendicion Market St
[1523/3011] needs-browser order.online The Burger Den
[1524/3011] no-platform   -            Lobby Lounge - Park Hyatt Aviara
[1525/3011] filed         wix          Scorched Earth- Fire Sandwiches
[1526/3011] no-platform   -            The Bean
[1527/3011] needs-browser order.online The Meltdown
[1528/3011] too-few       shopify      Five Pillars Coffee
[1529/3011] no-platform   -            On the Rocks
[1530/3011] no-platform   -            Mama’s Bowl
[1531/3011] no-platform   -            Julian Wine & Chocolate
[1532/3011] no-platform   -            Double Down Grill
[1533/3011] needs-browser -            Lounge 72
[1534/3011] no-platform   -            The Monastery by The Lost Abbey (Miramar Area)
[1535/3011] no-platform   -            Plaza Grill
[1536/3011] needs-browser order.online The Meltdown
[1537/3011] no-platform   -            Bulldog Tavern
[1538/3011] no-platform   -            TOCHO MOROCHO
[1539/3011] no-platform   -            El Ranchero Food Truck
[1540/3011] no-platform   -            Limon Mexican food
[1541/3011] no-platform   -            Cafe Carlsbad
[1542/3011] needs-browser chownow      GgoolBap, Korean BBQ Bowls
[1543/3011] no-platform   -            The Café at Rady Children’s Hospital
[1544/3011] no-platform   -            El Clam[1545/3011] no-platform   -            Coatl Coffee
[1546/3011] no-platform   -            El Clamatazo
[1547/3011] gated         chownow      Abuelita's Birria & Mexican Food
[1548/3011] no-platform   -            El Rincon del sabor
[1549/3011] no-platform   -            Tacos El Chris
[1550/3011] no-platform   -            Xtravaganza and Sinbad Restaurant
[1551/3011] needs-browser -            Temporarily[1551/3011] no-platform   -            Xtravaganza and Sinbad Restaurant
[1552/3011] no-platform   -            J. Brix Wines Tasting Room
[1553/3011] no-platform   -            The Westgate Room's Plaza Bar
[1554/3011] no-platform   -            Little Thai Cottage (Mobile Vendor)
[1555/3011] needs-browser order.online The Meltdown
[1556/3011] no-platform   -            Kona Kai Club
[1557/3011] wrong-branch  toast        Rock N’ Roost Rotisserie
[1558/3011] no-platform   -            Blu Temple | Blu Cabana
[1559/3011] no-platform   -            Turtle Rock Ridge Wine Bar
[1560/3011] no-platform   -            Freshly Prepped
[1561/3011] no-platform   -            Emilio's Food Truck
[1562/3011] no-platform   -            Colors Gourmet Pizza
[1563/3011] no-platform   -            Bholat's
[1564/3011] needs-browser Square Online (own domain) Slurp
[1565/3011] no-platform   -            Hidden City Nutrition
[1566/3011] needs-browser order.online The Meltdown
[1567/3011] no-platform   -            Victorious Pizza
[1568/3011] needs-browser -            Sammy's Woodfired Pizza and Grill
[1569/3011] needs-browser order.online The Meltdown
[1570/3011] no-platform   -            ‘ritas Taco Truck
[1571/3011] needs-browser order.online The Meltdown
[1572/3011] needs-browser order.online Mar & Ember
[1573/3011] screened-out  shopify      Inflection Point Coffee
[1574/3011] no-platform   -            North County Food Hub
[1575/3011] no-platform   -            Namino (Tahchin)
[1576/3011] needs-browser order.online The Meltdown
[1577/3011] no-platform   -            Huerta Taco Stand
[1578/3011] no-platform   -            JIVe Lounge
[1579/3011] needs-browser order.online lulubowls (Hawaiian-Inspired Bowls- Boston Ave.)
[1580/3011] no-platform   -            Naija Fusion Cuisine
[1581/3011] no-platform   -            Manny's Bar & Grill
[1582/3011] no-platform   -            The Fountains Restaurant
[1583/3011] no-platform   -            SDSU Faculty Staff Club
[1584/3011] needs-browser order.online The Burger Den
[1585/3011] needs-browser order.online The Burger Den
[1586/3011] needs-browser toast        Georgette's
[1587/3011] no-platform   -            El Patron Mexican Food
[1588/3011] needs-browser order.online The Burger Den
[1589/3011] no-platform   -            GRAB & GO Viejas
[1590/3011] no-platform   -            Breakwater Brewing Co.
[1591/3011] no-platform   -            Bert's Bistro
[1592/3011] no-platform   -            The Bistro - Eat[1593/3011] no-platf[1593/3011] no-platform   -            The SoCal Vegan
[1594/3011] needs-browser order.online The Meltdown
[1595/3011] needs-browser Square Online storefront Hommunlii & Co
[1596/3011] no-platform   -            Staxx Burger Hous[1[1597/3011] no-platform   -            Ta’ Corn Madre
[1598/3011] no-platform   -            Tacos Berlin
[1599/3011] no-platform   -            Casa Campus Point
[1600/3011] needs-browser -            Wing SZN - El Cajon
[1601/3011] no-platform   -            MexiBowls By Cali Craft Tacos- 2707 Boston Avenue Sa Diego CA 92113
[1602/3011] no-platform   -            Perky’s
[1603/3011] no-platform   -            Mkutano House
[1604/3011] no-platform   -            Cataleya’s Cafe & Sweets
[1605/3011] no-platform   -            SHIO Japanese Dining
[1606/3011] needs-browser order.online The Meltdown
[1607/3011] no-platform   -            Sushi @ Commissary
[1608/3011] no-platform   -            Daymar Select Fine Coffees
[1609/3011] no-platform   -            El Más Chingón SD
[1610/3011] no-platform   -            Jamul Indian Village
[1611/3011] no-platform   -            El Camino
[1612/3011] no-platform   -            Angie's Place
[1613/3011] needs-browser order.online The Meltdown
[1614/3011] no-platform   -            Sang Dao Kitchen
[1615/3011] no-platform   -            Santaluz Bistro
[1616/3011] needs-browser -            Fireside Bar & Grill
[1617/3011] no-platform   -            Grinds & Grooves
[1618/3011] no-platform   -            Gomeznutricion
[1619/3011] needs-browser order.online The Meltdown
[1620/3011] needs-browser order.online The Meltdown
[1621/3011] no-platform   -            Element 8 Cafe
[1622/3011] no-platform   -            Med Cafe
[1623/3011] no-platform   -            Bosley Cafe
[1624/3011] needs-browser slice        Hollywood Market and Giant Pizza
[1625/3011] needs-browser Square Online (own domain) Annabel Cohen Gourmet
[1626/3011] no-platform   -            Pavilions Bakery
[1627/3011] no-platform   -            Solrisa
[1628/3011] screened-out  order.online Fish Restaurant
[1629/3011] no-platform   -            Baba's Pizza
[1630/3011] needs-browser Square Online storefront Emjaye's Coffee
[1631/3011] no-platform   -            Sweets
[1632/3011] no-platform   -            The Gold Reserve Kitchen & Bar
[1633/3011] wrong-branch  toast        Blue Water Grill
[1634/3011] no-platform   -            Cafe Fresh
[1635/3011] needs-browser order.online Deli Belly
[1636/3011] no[1636/3011] needs-browser order.online Deli Belly
[1637/3011] no-platform   -            Lang's Bakery[[1638/3011] no-platform   -            Rancho Cafe
[1639/3011] no-platform   -            Soda & Swine
[1640/3011] no-platform   -            Cays Lounge
[1641/3011] no-platform   -            Cali Cream Bakery
[1642/3011] no-platform   -            Cork Oak Cafe
[1643/3011] no-platform   -            Gelato 101 Temporary store
[1644/3011] no-platform   -            El Dorado
[1645/3011] no-platform   -            Scoopy Scoopy Ice Cream
[1646/3011] no-platform   -            Big Oven Tacos
[1647/3011] no-platform   -            Blue Wave Bistro
[1648/3011] no-platform   -            LUNAS
[1649/3011] screened-out  shopify      Lofty Coffee
[1650/3011] no-platform   -            Stacy's SUGAR Shop
[1651/3011] needs-browser Square Online (own domain) Mayari Coffee
[1652/3011] no-platform   -            Blessed by Cake
[1653/3011] no-platform   -            Bake and beach
[1654/3011] needs-browser order.online Big Daddy's Hawaiian BBQ (San Diego)
[1655/3011] no-platform   -            Island Market
[1656/3011] no-platform   -            Kasi
[1657/3011] no-platform   -            K1 Paddock Lounge - Sports Bar & Restaurant - San Diego, CA
[1658/3011] no-platform   -            Chuck's Wagon Deli
[1659/3011] needs-browser order.online La Pizza del Barrio
[1660/3011] needs-browser -            Makai
[1661/3011] needs-browser Square Online (own domain) Sweet Escape Homemade Treats
[1662/3011] no-platform   -            The Heritage Steakhouse
[1663/3011] needs-browser order.online Mexicana Lab 2707 Boston Avenue
[1664/3011] filed         wix          The Malt House
[1665/3011] needs-browser Square Online storefront Copa Vida
[1666/3011] no-platform   -            The Neighborhood Cafe
[1667/3011] no-platform   -            Topwater Grill
[1668/3011] no-platform   -            Dana Andrew Celebrations
[1669/3011] needs-browser Square Online storefront Stuffed Ice Cream
[1670/3011] no-platform   -            Roadtrip[1671/3011] no-platform [1671/3011] no-platform   -            CARAVAN
[1672/3011] no-platform   -            Vintage Rose Sourdough
[1673/3011] no-platform   -            TOAST & TALES
[1674/3011] no-platform   -            Elena’s Pastry
[1675/3011] no-platform   -            Jammy Toast Bakery
[1676/3011] no-platform   -            Bing's Bar
[1677/3011] no-platform   -            Taqueria
[1678/3011] no-platform   -            SD Custom Cakes
[1679/3[1679/3011] no-platform   -            SD Custom Cakes
[1680/3011] no-platform   -            Fouet & Co.
[1681/3011] no-platform   -            Copper Kings Oceanside
[1682/3011] needs-browser chownow      Wanderlust Creamery
[1683/3011] no-platform   -            Sabor Al Gusto
[1684/3011] no-platform   -            Más Veggies Vegan Taqueria
[1685/3011] no-platform   -            Twist New Zealand Style Real Fruit Ice Cream
[1686/3011] needs-browser toast        Klatch Coffee - Santee
[1687/3011] screened-out  shopify      Bird Rock Coffee Roasters - Park & Market
[1688/3011] needs-browser Square Online storefront Muse Cheesecake
[1689/3011] no-platform   -            Tortuga Bar and Grill
[1690/3011] no-platform   -            The Warehouse
[1691/3011] no-platform   -            Lobster Lab - Sky Deck at Del Mar Highlands Town Center
[1692/3011] needs-browser order.online Pavilions Bakery
[1693/3011] no-platform   -            Café Rhône
[1694/3011] no-platform   -            La Cantina
[1695/3011] no-platform   -            Old Fashioned Creamery at Barona
[1696/3011] needs-browser -            Daisy’s Amazing Cakes
[1697/3011] no-platform   -            Snout & Scone
[1698/3011] no-platform   -            Dainty Dessert
[1699/3011] no-platform   -            SAN DIEGO FRIES
[1700/3011] no-platform   -            Tide and Treats
[1701/3011] no-platform   -            Rush Bowls
[1702/3011] wrong-branch  toast        Sextons Pizza
[1703/3011] no-platform   -            Native Foods
[1704/3011] no-platform   -            The Palma Bar & Grill
[1705/3011] no-platform   -            Goats Rose Sourdough
[1706/3011] no-platform   -            Lovely Creations Co
[1707/3011] no-platform   -            Baked Babe Cakes & Bakes
[1708/3011] no-platform   -            Bobby B's
[1709/3011] no-platform   -            Weapon Ramen
[1710/3011] no-platform   -            Sprinkles Ice Cream Shop And Bakery
[1711/3011] needs-browser -            Sweet Treats by Thick
[1712/3011] no-platform   -            Olly's Bake[1713/3011] no[1713/3011] no-platform   -            Daily Roast
[1714/3011] no-platform   -            La Gordita
[1715/3011] no-platform   -            Coco's Bakery
[1716/3011] no-platform   -            DELISTRABERRY
[1717/3011] needs-browser order.online Taquizas Maria
[1718/3011] too-few       wix          Bocas Del Sol. (MissShelly's Shack )
[1719/3011] wrong-branch  toast        The Coffee Spot
[1720/3011] no-platform   -            Pizza Place
[1721/3011] no-platform   -            little Estrella bakes
[1722/3011] no-platform   -            King Kream Ice C[1723[1723/3011] no-platform   -            Farmer's Fridge
[1724/3011] no-platform   -            Terra Cafe
[1725/3011] no-platform   -            Marisco's Sabor A Mexico
[1726/3011] no-platform   -            Antique Thai
[1727/3011] no-platform   -            The Hamlett
[1728/3011] no-platform   -            Mama Dukes Roadside
[1729/3011] no-platform   -            Kae’s Kreations
[1730/3011] needs-browser order.online The Meltdown
[1731/3011] needs-browser order.online The Meltdown
[1732/3011] no-platform   -            PCH Café & Market
[1733/3011] no-platform   -            Ruthii's Coffee
[1734/3011] no-platform   -            Bridget Bakery
[1735/3011] no-platform   -            Mariscos la Baja mar y fuego
[1736/3011] no-platform   -            tiger!tiger!
[1737/3011] no-platform   -            UrbanLife Cafe
[1738/3011] no-platform   -            Shallow End Gri[17[1739/3011] no-platform   -            Seaside Cowboy [1740/3[1740/3011] no-platform   -            Casa Ocho
[1741/3011] no-platform   -            Sweet Cheeks Homestead
[1742[1742/3011] no-platform   -            Casa Ocho
[1743/3011] no-platform   -            Alborz Restaurant
[1744/3011] no-platform   -            Pei Wei
[1745/3011] no-platform   -            Diego's Taco Shop
[1746/3011] no-platform   -            Anila's Cucina Rustica
[1747/3011] no-platform   -            Coffee Amore
[1748/3011] needs-browser Square Online storefront Mindy’s Bakery
[1749/3011] no-platform   -            E. Lee's Sweets
[1750/3011] no-platform   -            Bacio di Latte | Flower Hill, SD
[1751/3011] no-platform   -            1022 Cafe & Gelateria
[1752/3011] no-platform   -            Grand Social
[1753/3011[1753/3011] no-platform   -            Grand Social
[1754/3011] no-platform   -            Pastry Pedaler - Bakery Delivery in Pacific Beach, San Diego
[1755/3011] no-platform   -            CaMau Bakery & Deli
[1756/3011] needs-browser order.online The Meltdown
[1757/3011] no-platform   -            Soy Leaf Juice Bar & Healthy Grill
[1758/3011] no-platform   -            Spinnaker Coffee
[1759/3011] no-platform   -            Sabor a Mi Kitchen (Birrieria)
[1760/3011] no-platform   -            That Girl Can Bake
[1761/3011] no-platform   -            Thyme Of Essence
[1762/3011] wrong-branch  clover       Manzanita Roasting Company and Coffee House
[1763/3011] no-platform   -            Rancho Bakers
[1764/3011] needs-browser order.online The Meltdown
[1765/3011] too-few       shopify      Taste & Sea Ca[1766/3011] needs-browser -            Carlsbad Cookie Company
[1767/3011] too-few       shopify      Taste & Sea Cakery
[1768/3011] no-platform   -            Coffee Shop at the Lullabar
[1769/3011] no-platform   -            Give Us This Day LLC Micro-Bakery
[1770/3011] no-platform   -            IMPE Bar
[1771/3011] wrong-branch  own-jsonld   Shibuya Nights
[1772/3011] no-platform   -            Linden Crust Bakehouse
[1773/3011] no-platform   -            Javelina Craft Barbecue
[1774/3011] no-platform   -            Sugar Treats n Cakes
[1775/3011] needs-browser order.online Puesto Taco Bar
[1776/3011] no-platform   -            Sifted and Sugared
[1777/3011] no-platform   -            SugarWater BakeHouse
[1778/3011] no-platform   -            The Waterfront
[1779/3011] no-platform   -            Hectors pizza
[1780/3011] no-platform   -            Center Bar
[1781/3011] no-platform   -            elementa
[1782/30[1782/3011] no-platform   -            elementa
[1783/3011] no-platform   -            Stix
[1784/3011] no-platform   -            Snax
[1785/3011] no-platform   -            Corner Market
[1786/3011] no-platform   -            My O My Coffee and Deli
[1787/3011] no-platform   -            Sweet Maison Bakery
[1788/3011] no-platform   -            Truluck's
[1789/3011] no-platform   -            Nat Sweet Treats
[1790/3011] no-platform   -            Marquesitas Liah
[1791/3011] no-platform   -            Buttery Bakes
[1792/3011] no-platform   -            Five Corners Coffee & Bakery Co.
[1793/3011] no-platform   -            Haven Cafe
[1794/3011] no-platform   -            The TriTiperia
[1795/3011] wrong-branch  toast        Cozy Corner
[1796/3011] no-platform   -            Maderas Golf Club
[1797/3011] no-platform   -            Uumbal
[1798/3011] no-platform   -            Pacific Seafood
[1799/3011] no-platform   -            The Coyote Den
[1800/3011] needs-browser order.online HapiVegan
[1801/3011] no-platform   -            Casa Café & Market
[1802/3011] no-platform   -            Fox Den Bar
[1803/3011] no-platform   -            The Dive Bar
[1804/3011] needs-browser -            The Landing
[1805/3011] no-platform   -            Sweet land ice cre[1806/301[1806/3011] no-platform   -            Cali Craft Tacos
[1807/3011] wrong-branch  toast        Brigitte's Bakery
[1808/3011] no-platform   -            Lilac Heights Bakery
[1809/3011] no-platform   -            RASPARSWEET
[1810/3011] needs-browser Square Online storefront Sushi Heights
[1811/3011] no-platform   -            M & M Patisserie
[1812/3011] no-platform   -            Pavilions Bakery
[1813/3011] needs-browser toast        bcb Cafe
[1814/3011] no-platform   -            Papi Tacos
[1815/3011] no-platform   -            Café Sand[1816/30[1816/3011] no-platform   -            Breakwater Brewing Co.
[1817/3011] no-platform   -            Calvins' Sportsbar
[1818/3011] no-platform   -            Simply Baked Box
[1819/3011] no-platform   -            Island Girl Bakes
[1820/3011] no-platform   -            Sunny Bunny Bakes
[1821/3011] no-platform   -            Chow Hall
[1822/3011] no-platform   -            Boston Mar[182[1823/3011] needs-browser -            Barcino Grill
[1824/3011] no-platform   -            Marketplace
[1825/3011] no-platform   -            Krispy Krunchy Chicken
[1826/3011] no-platform   -            Cent'Anni Café
[1827/3011] no-platform   -            Gourmet Tamales
[1828/3011] no-platform   -            Fairbanks
[1829/3011] no-platform   -            Promised Goods
[1830/3011] no-platform   -            Village Inn
[1831/3011] no-platform   -            Farmer's Fridge
[1832/3011] no-platform   -            Diamond Jims
[1833/3011] no-platform   -            Kava Lounge
[1834/3011] no-platform   -            Fundant Cookies
[1835/3011] no-platform   -            Dumonts
[1836/3011] needs-browser chownow      Mr Gs Tavern
[1837/3011] no-platform   -            Veladora[[1838/3011] no-platform   -            Deja Vu
[1839/3011] no-platform   -            Villa Fresh Italian Kitchen
[1840/3011] needs-browser Square Online (own domain) Veggyjess
[1841/3011] no-platform   -            Blue Bayou
[1842/3011] no-platform   -            BBQUSION
[1843/3011] no-platform   -            Jordan
[1844/3011] no-platform   -            Freedom Carts
[1845/3011] no-platform   -            Trinacria Pizza Co.
[1846/3011] no-platform   -            Pei Wei
[1847/3011] no-platform   -            Brick & Bell Plus
[1848/3011] no-platform   -            Fairbanks
[1849/3011] no-platform   -            Crave
[1850/3011] no-platform   -            HOB on Park
[1851/3011] no-platform   -            Deli & Go
[[1852/3011] no-platform   -            Deli & Go
[1853/3011] no-platform   -            Mis Dos Gallos Taqueria, Fruit & Deli
[1854/3011] no-platform   -            Herb & Eatery
[1855/3011] no-platform   -            Corner Counter
[1856/3011] needs-browser olo          Coffee Bean
[1857/3011] no-platform   -            Stone Oven
[1858/3011] no-platform   -            Sushi Cafe + Deli
[1859/3011] no-platform   -            Jungle Cart
[1860/3011] no-platform   -            Fiesta Mexicana Bakery
[1861/3011] no-platform   -            Lefty's Cheesesteaks
[1862/3011] no-platform   -            Beer Company
[1863/3011] needs-browser order.online Coffee Cart
[1864/3011] no-platform   -            La Salsa
[1865/3011] no-platform   -            The Shop _ Coffee + Thrift
[1866/3011] needs-browser toast        Carls Tavern
[1867/3011] no-platform   -            Shake Smart
[1868/3011] no-platform   -            Baja Fresh
[1869/3011] no-platform   -            Terrace Lounge
[1870/3011] no-platform   -            Valerio's Finest Bake Shop
[1871/3011] no-platform   -            Monster Snacks
[1872/3011] no-platform   -            Carbon Angela’s Kitchen
[1873/3011] too-few       netwaiter    Thai Pasta
[1874/3011] needs-browser order.online El Ranchero
[1875/3011[1875/3011] needs-browser order.online El Ranchero
[1876/3011] no-platform   -            Time Out Café
[1877/3011] needs-browser Square Online (own domain) Crepes
[1878/3011] no-platform   -            Thai Basil
[1879/3011] no-platform   -            Canyon Inn
[1880/3011] needs-browser Square Online storefront Sushi Freak
[1881/3011] no-platform   -            Old World Meat Company
[1882/3011] no-platform   -            I Love Pho
[1883/3011] needs-browser order.online Hummus Mediterranean Kitchen
[1884/3011] no-platform   -            Fruteria el Manguito
[1885/3011] filed         spothopper   Cabo Cantina
[1886/3011] no-platform   -            Hacienda De Vega
[1887/3011] no-platform   -            Bovino
[1888/3011] needs-browser order.online Sabor a Vid[1889/3011] no[1889/3011] no-platform   -            The Market
[1890/3011] no-platform   -            OB Kebab
[1891/3011] no-platform   -            Dryer's Ice Cream Parlor
[1892/3011] no-platform   -            Fairbanks
[1893/3011] no-platform   -            Airport Lounge
[1894/3011] needs-browser order.online Poki Poki
[1895/3011] needs-browser toast        BCB Coffee Company
[1896/3011] no-platform   -            The Caddyshack
[1897/3011] no-platform   -            Calypso Cocktails
[1898/3011] no-platform   -            Grover's Grill
[1899/3011] no-platform   -            House of Black[[1900/3011] no-platform   -            Skewers Grill
[1901/3011] no-platform   -            Border X Brewing
[1902/3011] no-platform   -            Noodles
[1903/3011] wrong-branch  toast        Bubba’s Smokehouse BBQ
[1904/3011] no-platform   -            Taco Villa
[1905/3011] no-platform   -            Chicken & Crown
[1906/3011] no-platform   -            University Towers Kitchen
[1907/3011] no-platform   -            Mission Brewing (fka Rough Draft)
[1908/3011] no-platform   -            TEC Cafe
[1909/3011] no-platform   -            Trade Restaurant & Lounge
[1910/3011] no-platform   -            Sweet Labors
[1911/3011] no-platform   -            Coin Toss
[1912/3011] no-platform   -            Café de Anza
[1913/3011] no-platform   -            Dharma Bread Co
[1914/3011] needs-browser Square Online storefront Cafecito 1806
[1915/3011] no-platform   -            Mawazo Kitchen
[1916/3011] needs-browser -            Market La Jolla
[1917/3011] no-platform   -            Veronica's Goodies
[1918/3011] no-platform   -            Badas burgers
[1919/3011] no-platform   -            De Los Altos Restaurant
[1920/3011] no-platform   -            Egg Tuck
[1921/3011] no-platform   -            Sweet Munchies
[1922/3011] no-platform   -            Gaslamp Coffee Bar
[1923/3011] no-platform   -            Amalfi Cucina Italiana at Orfila Vineyards
[1924/3011] no-platform   -            All Fried Up
[1925/3011] no-platform   -            Thum SD
[1926/3011] no-platform   -            Mi Pan Bakery
[1927/3011] no-platform   -            Country Waffles
[1928/3011] no-platform   -            Ono Hawaiian BBQ
[1929/3011] no-platform   -            Rock Steady
[1930/3011] no-platform   -            Nicolosi's Pizza (Mira Lee Way)
[1931/3011] no-platform   -            Chandelier BY G
[1932/3011] no-platform   -            Mielimon Bakery
[1933/3011] no-platform   -            Yonny Mini Hotpot
[1934/3011] no-platform   -            Mama Kat's Restaurant and Pie Shop
[1935/3011] no-platform   -            The Village Mission Valley Cafe
[1936/3011] no-platform   -            Afghan Table
[1937/3011] no-platform   -            Hilltop Cafe
[1938/3011] needs-browser Square Online storefront Petite Perk Cafe
[1939/3011] no-platform   -            Rhino Cake and Coffee Company
[1940/3011] no-platform   -            Lone Pine Eatery
[1941/3011] no-platform   -            Nono José Empanadas
[1942/3011] no-platform   -            Heritage
[1943/3011] no-platform   -            Modern Times Coffee
[1944/3011] no-platform   -            Cafe 477 Encinitas
[1945/3011] no-platform   -            The Reading Club
[1946/3011] no-platform   -            Monserrate Pastries
[1947/3011] no-platform   -            Michoacana Mia - Escondido
[1948/3011] no-platform   -            Humphrey Nutrición club herbalife
[1949/3011] screened-out  shopify      OTAY CAFE
[1950/3011] no-platform   -            The Divers Cup
[1951/3011] no-platform   -            Negro Durazo
[1952/3011] no-platform   -            Pinsarella Ancient Roman Pizza
[1953/3011] no-platform   -            The Grand Tradition
[1954/3011] no-platform   -            Mexico City Cuisine LLC
[1955/3011] no-platform   -            Kabul West Mediterranean Grill
[1956/3011] no-platform   -            Coast Coffee Co
[1957/3011] needs-browser Square Online storefront Rancho Sandwich & Creamery
[1958/3011] no-platform   -            Buka - Taste of Nigeria
[1959/3011] no-platform   -            Mexico City Cuisine-CoLab
[1960/3011] no-platform   -            Oliva
[1961/3011] no-platform   -            MeloMelo Coconut Dessert
[1962/3011] no-platform   -            SALT N SAVOR DELI & CAFE
[1963/3011] no-platform   -            Health Center Deli
[1964/3011] no-platform   -            Nrgize
[1965/3011] no-platform   -            Vella Brasserie
[1966/3011] wrong-branch  toast        Sangucheria PSF Liberty Station
[1967/3011] no-platform   -            Don Ramon Méxican and sea food
[1968/3011] no-platform   -            Bean Sprouts
[1969/3011] no-platform   -            Fallbrook Kitchen Rentals
[1970/3011] no-platform   -            Tocumbo Ice Cream National City
[1971/3011] wrong-branch  slice        Famous Famiglia
[1972/3011] no-platform   -            Deli and Pizzeria
[1973/3011] no-platform   -            Lindo Valle Mexican Grill
[1974/3011] no-platform   -            HACIENDITA BAKERY
[1975/3011] no-platform   -            NM Cafe
[1976/3011] no-platform   -            Avo & Ocha
[1977/3011] no-platform   -            High Seas Bar
[1978/3011] no-platform   -            Tu Taco Taco Shop #2
[1979/3011] wrong-branch  toast        Sangucheria PSF Hillcrest
[1980/3011] no-platform   -            Rocko's Modern Taphouse
[1981/3011] no-platform   -            Griffin Grind
[1982/3011] no-platform   -            Hui Hua
[1983/3011] needs-browser Square Online (own domain) The Mighty Bean Coffee Co.
[1984/3011] no-platform   -            The Quay Cafe
[1985/3011] no-platform   -            The brew inn tavern
[1986/3011] wrong-branch  order.online The Poke Co. - Linda Vista
[1987/3011] no-platform   -            The Santaluz Club Dining Room and Events
[1988/3011] no-platform   -            Masa Madre
[1989/3011] no-platform   -            The Banshee Bar
[1990/3011] no-platform   -            Filo
[1991/3011] no-platform   -            Stony Mountain Bar & Grill
[1992/3011] needs-browser -            Verde Kitchen & Bar
[1993/3011] no-platform   -            Crave & Feast
[1994/3011] wrong-branch  toast        Blank Slate
[1995/3011] no-platform   -            The Encore Sushi
[1996/3011] no-platform   -            30Z Dive Club (Three Ounce)
[1997/3011] no-platform   -            In Between
[1998/3011] no-platform   -            By The Sea
[1999/3011] no-platform   -            Buffet House
[2000/3011] no-platform   -            El Puerto Taco Shop
[2001/3011] no-platform   -            Inland Tavern
[2002/3011] no-platform   -            La Sierra Cafe
[2003/3011] no-platform   -            Bonny's Cafe
[2004/3011] no-platform   -            Por Vida
[2005/3011] no-platform   -            Fasia Buffet
[2006/3011] no-platform   -            The Best Donuts
[2007/3011] no-platform   -            Paul's Place
[2008/3011] no-platform   -            Señor Pancho Mexican Grill
[2009/3011] no-platform   -            Jeong Won BBQ Buffet
[2010/3011] no-platform   -            VanDough French Bakery
[2011/3011] no-platform   -            Hilberto's Mexican Food
[2012/3011] no-platform   -            Saray Restaurant Charcoal Grill
[2013/3011] no-platform   -            El Ranchero Taco Shop
[2014/3011] no-platform   -            Germán Seafood Food Truck
[2015/3011] no-platform   -            Mr Pho
[2016/3011] no-platform   -            Niban Japanese Restaurant
[2017/3011] no-platform   -            Franks Mexican Grill
[2018/3011] no-platform   -            Birrieria y menuderia Guadalajara
[2019/3011] no-platform   -            Mi Rancho Market
[2020/3011] no-platform   -            Plaza Donuts
[2021/3011] no-platform   -            Triple Crown Pub
[2022/3011] no-platform   -            Kesling's Kitchen
[2023/3011] no-platform   -            La India Bonita
[2024/3011] no-platform   -            Kotija Taco Shop Mexican Food
[2025/3011] no-platform   -            Tavos Tacos n Beer
[2026/3011] no-platform   -            D-K-Che Fruteria
[2027/3011] no-platform   -            LA MALCRIADA BIRRIERIA
[2028/3011] no-platform   -            Mariscos Fili La Carreta
[2029/3011] no-platform   -            Dolche cafe/ Mexifood
[2030/3011] no-platform   -            Beijing Express
[2031/3011] no-platform   -            Pho46 & Banh Mi
[2032/3011] no-platform   -            Estrada's Taco Shop
[2033/3011] no-platform   -            O B Donuts
[2034/3011] no-platform   -            Tekila Cocina Mexicana
[2035/3011] no-platform   -            Mr Holy Gao
[2036/3011] no-platform   -            Nice Food Restaurant
[2037/3011] no-platform   -            Terzo Bakery & Cafe
[2038/3011] no-platform   -            Chitos Taco Shop
[2039/3011] no-platform   -            Veronica's Kitchen
[2040/3011] no-platform   -            Taqueria Revolución
[2041/3011] no-platform   -            Arrieros
[2042/3011] no-platform   -            Dannys Palm Bar and Grill
[2043/3011] no-platform   -            Cafecito on Palm
[2044/3011] no-platform   -            Juan Bertos Mexican Food
[2045/3011] no-platform   -            Margarita’s
[2046/3011] no-platform   -            Pho 4 Queen
[2047/3011] no-platform   -            Joes on the Nose
[2048/3011] no-platform   -            The Salty Frog Bar
[2049/3011] no-platform   -            Yogurt Barn
[2050/3011] no-platform   -            Elena's French Crepes Cafe & Peet's Coffee
[2051/3011] no-platform   -            Meshuggah Shack
[2052/3011] no-platform   -            Bravo's Taco Shop
[2053/3011] no-platform   -            LAS UVAS TEJUINO LA DONA
[2054/3011] no-platform   -            Wicked Poke
[2055/3011] no-platform   -            Cow Shed Bar and Grill
[2056/3011] no-platform   -            Pho Anh & Grill
[2057/3011] no-platform   -            Chico's Restaurant
[2058/3011] no-platform   -            Wahine Kai Shave Ice
[2059/3011] no-platform   -            Orlando's Taco Shop
[2060/3011] no-platform   -            Mikki's Cafe
[2061/3011] no-platform   -            Los Reyes Mexican Food
[2062/3011] no-platform   -            Apple Country Restaurants
[2063/3011] no-platform   -            The Break Room
[2064/3011] no-platform   -            Tacos Oasis
[2065/3011] no-platform   -            PHOnomenal
[2066/3011] no-platform   -            La Rosa Giant Pizza
[2067/3011] no-platform   -            Sunrise Deli & Grill
[2068/3011] no-platform   -            Jilberto's
[2069/3011] no-platform   -            Tacos El Gordo
[2070/3011] no-platform   -            Faridas
[2071/3011] no-platform   -            Chung Hing
[2072/3011] no-platform   -            Poncho Villa's Mexican Food
[2073/3011] no-platform   -            The Latin Chef Liberty Station
[2074/3011] no-platform   -            Don Lucio's Mexican Grill
[2075/3011] no-platform   -            Lisa's Filipino Cuisine
[2076/3011] no-platform   -            Sub-marine
[2077/3011] no-platform   -            Hilda's Mexican Bakery
[2078/3011] no-platform   -            Swan Bar
[2079/3011] no-platform   -            One More Thats It
[2080/3011] no-platform   -            664 TJ Birriería
[2081/3011] no-platform   -            Mis Cuates Taco Shop
[2082/3011] no-platform   -            San Diego Blenders
[2083/3011] no-platform   -            Panda Chef
[2084/3011] no-platform   -            Super Donuts
[2085/3011] no-platform   -            Starbread Bakery
[2086/3011] no-platform   -            Tj Tortas & Tacos
[2087/3011] no-platform   -            Original Yogurt Shack
[2088/3011] no-platform   -            R&B Filipino Cuisine
[2089/3011] no-platform   -            Rock N Roll Scoops
[2090/3011] no-platform   -            Lucky Donuts & Deli
[2091/3011] no-platform   -            Pam's Donuts and Frozen Yogurt
[2092/3011] no-platform   -            S K's Donuts
[2093/3011] no-platform   -            El Primo Birrieria Mexican cuisine
[2094/3011] no-platform   -            Birriería Y Menudería Guadalajara
[2095/3011] no-platform   -            BLUE NILE Ethiopian market and restaurant
[2096/3011] no-platform   -            Rising Dragon Chinese Restaurant
[2097/3011] no-platform   -            Rosemary & Thyme Cafe
[2098/3011] no-platform   -            The Keep Coffee
[2099/3011] no-platform   -            California Mexican Food
[2100/3011] no-platform   -            6 Grados Coffee
[2101/3011] no-platform   -            Sammy's Mexican Bakery
[2102/3011] no-platform   -            Sawaya Brothers Jr/ Pollo Mex
[2103/3011] no-platform   -            Dia Del Cafe
[2104/3011] no-platform   -            Taquería Imperial Taco Shop
[2105/3011] no-platform   -            Desi's Bar & Grill
[2106/3011] no-platform   -            Sky Hookah Lounge
[2107/3011] no-platform   -            Yogurt Express
[2108/3011] no-platform   -            Ringers Cocktails
[2109/3011] no-platform   -            Mi Reyna Tortilleria
[2110/3011] no-platform   -            Heavenly Donuts
[2111/3011] no-platform   -            Tacos El Flaco
[2112/3011] no-platform   -            George's Cafe
[2113/3011] no-platform   -            Scotland Yard Restaurant
[2114/3011] no-platform   -            Golden Donut
[2115/3011] no-platform   -            Tans Donuts
[2116/3011] no-platform   -            R&B Tea San Carlos
[2117/3011] no-platform   -            The Vybe Lounge
[2118/3011] no-platform   -            Chico Club
[2119/3011] no-platform   -            Hello Deli
[2120/3011] no-platform   -            El Tigre Churros Y Platanos
[2121/3011] no-platform   -            Don Jilberto's Mexican Food
[2122/3011] no-platform   -            La Dama y Sus Takonez
[2123/3011] no-platform   -            Wings Mix
[2124/3011] no-platform   -            Crafted Culture
[2125/3011] no-platform   -            Cesar's Taco Shop
[2126/3011] no-platform   -            Gonzales Mess Hall
[2127/3011] no-platform   -            Raymundo's Taco Shop
[2128/3011] no-platform   -            La Cresta Restaurant and Caffé
[2129/3011] no-platform   -            Sorianas Mexican Food
[2130/3011] no-platform   -            Candied Apple Cafe
[2131/3011] no-platform   -            Chamango Mango
[2132/3011] no-platform   -            The Whet Noodle
[2133/3011] no-platform   -            China Fun
[2134/3011] no-platform   -            Maxdon's
[2135/3011] no-platform   -            Marvelous Muffins
[2136/3011] no-platform   -            Manna Restaurant Pancake House And Chinese Fast Food
[2137/3011] no-platform   -            Caffe Positano, Village
[2138/3011] no-platform   -            Yogurt Lounge III
[2139/3011] no-platform   -            Panaderia La Buena
[2140/3011] no-platform   -            Mike's Cocktails
[2141/3011] no-platform   -            garage.79
[2142/3011] no-platform   -            Donut Factory
[2143/3011] no-platform   -            Savoy Donuts
[2144/3011] no-platform   -            Yogurt Palace
[2145/3011] no-platform   -            Formosa Club
[2146/3011] no-platform   -            The Watering Hole
[2147/3011] no-platform   -            Lucita Taco Shop
[2148/3011] no-platform   -            Happy Lemon Del Mar
[2149/3011] no-platform   -            Fatte's Pizza
[2150/3011] no-platform   -            Nice Food Restaurant
[2151/3011] no-platform   -            Steph's Donut Hole
[2152/3011] no-platform   -            14 Area Chow Hall
[2153/3011] no-platform   -            Plantology Cafe
[2154/3011] no-platform   -            Best Donuts
[2155/3011] no-platform   -            Sweet Shoppe
[2156/3011] no-platform   -            Manila Fastfood and Desserts
[2157/3011] no-platform   -            BALBOA PERK, Coffee & Tea
[2158/3011] no-platform   -            Banh Mi Express
[2159/3011] no-platform   -            21 Area Mess Hall
[2160/3011] no-platform   -            Ujin
[2161/3011] no-platform   -            Express Pizza 'N Wings
[2162/3011] no-platform   -            Chico's Panaderia
[2163/3011] no-platform   -            Tijuanero By Tijuanazo - Little Italy
[2164/3011] no-platform   -            Mi Taco Shop
[2165/3011] no-platform   -            Las Morelias
[2166/3011] no-platform   -            Spring Valley Inn
[2167/3011] no-platform   -            El Huarache Taco Shop
[2168/3011] no-platform   -            Gualberto's Taco Shop
[2169/3011] no-platform   -            Growing Edge Coffee & Community
[2170/3011] no-platform   -            Coal Bros Taqueria
[2171/3011] no-platform   -            Mike's Giant New York Pizza
[2172/3011] no-platform   -            33 Area Chow Hall
[2173/3011] no-platform   -            BaBa Ice Cream
[2174/3011] no-platform   -            Bonsall Donut House
[2175/3011] no-platform   -            e•'lo•te
[2176/3011] no-platform   -            Manka Peruvian Cuisine
[2177/3011] no-platform   -            The Cardiff Office
[2178/3011] no-platform   -            Circus Ma'am Ice Cream
[2179/3011] no-platform   -            Supreme Donuts
[2180/3011] no-platform   -            Tuétano Taquería
[2181/3011] no-platform   -            A1 sports Bar
[2182/3011] no-platform   -            Bakery Corner Donuts
[2183/3011] no-platform   -            On the Rocks Cocktails
[2184/3011] no-platform   -            La Pesca Cevichería Baja
[2185/3011] no-platform   -            Calico's
[2186/3011] no-platform   -            Dcs Across The Street
[2187/3011] no-platform   -            Muir Coffee House
[2188/3011] no-platform   -            Paleteria La Michoacana
[2189/3011] no-platform   -            Noemas Tex Mex cuisine
[2190/3011] no-platform   -            La Mexican Fiesta
[2191/3011] no-platform   -            Panda Restaurant
[2192/3011] no-platform   -            Martini Hall 53
[2193/3011] no-platform   -            Deli Mart
[2194/3011] no-platform   -            Immersion Coffee
[2195/3011] no-platform   -            Plume & Brew Coffee
[2196/3011] no-platform   -            Foster's Family Donouts
[2197/3011] no-platform   -            Judy's Deli
[2198/3011] no-platform   -            Sportsmans Pub
[2199/3011] no-platform   -            Morada Restaurant Rancho Santa Fe
[2200/3011] no-platform   -            Lollicup Tea Zone
[2201/3011] no-platform   -            Hilberto's Mexican Food
[2202/3011] no-platform   -            YOHED COFFEE
[2203/3011] no-platform   -            Julian Pit Stop
[2204/3011] no-platform   -            The coffee machine
[2205/3011] no-platform   -            Chico's Bakery
[2206/3011] no-platform   -            Taste of African Cuisine
[2207/3011] no-platform   -            Papayas Juice Bar
[2208/3011] no-platform   -            The Round Up Grill
[2209/3011] no-platform   -            Yogurt Barn
[2210/3011] no-platform   -            Euros Hookah Lounge
[2211/3011] no-platform   -            Oceanside Donut
[2212/3011] no-platform   -            Donut star
[2213/3011] no-platform   -            West Pac Noodle Bar
[2214/3011] no-platform   -            Super Donuts #2
[2215/3011] no-platform   -            DJ's Pizza Express
[2216/3011] no-platform   -            Fresh Donuts
[2217/3011] no-platform   -            Donut Stop
[2218/3011] no-platform   -            Jessie's Bake Shop
[2219/3011] no-platform   -            La Nueva Mexican Bakery
[2220/3011] no-platform   -            mammys coffee
[2221/3011] no-platform   -            664 TJ Birriería
[2222/3011] no-platform   -            Mi Amigo Restaurant and bakery
[2223/3011] no-platform   -            La Especial
[2224/3011] no-platform   -            Summer's Deli & Catering
[2225/3011] no-platform   -            TJ birrierria 664 #4
[2226/3011] no-platform   -            La Barca - Mexican Seafood and Craft Cocktails
[2227/3011] no-platform   -            Wild Wooly's Saloon
[2228/3011] no-platform   -            Pansang's Filipino Cuisine
[2229/3011] no-platform   -            Lycha Tea, Coffee & Desserts
[2230/3011] no-platform   -            SeaTaco
[2231/3011] no-platform   -            Bakery
[2232/3011] no-platform   -            Sunset Café
[2233/3011] no-platform   -            California Kumpir
[2234/3011] no-platform   -            Vegan Tacos SD
[2235/3011] no-platform   -            La Cochinita
[2236/3011] no-platform   -            TJ Birrieria
[2237/3011] no-platform   -            Pearson Deli
[2238/3011] no-platform   -            Hacienda Jamul
[2239/3011] no-platform   -            The Shop Cafe Barrio Logan
[2240/3011] no-platform   -            Purebowl
[2241/3011] no-platform   -            Cardiff By The Sea Buisness District
[2242/3011] no-platform   -            La Michoacana Ice Cream Shop
[2243/3011] no-platform   -            It's in the Filling!
[2244/3011] no-platform   -            Java Shack
[2245/3011] no-platform   -            Tasty Bakery
[2246/3011] no-platform   -            Feliz Coffee Club
[2247/3011] no-platform   -            TORI CAFE
[2248/3011] no-platform   -            Chief's Da Tiki Bar
[2249/3011] no-platform   -            Fresh Catch Fish Market & Grill
[2250/3011] no-platform   -            Taqueria y mariscos el kiki
[2251/3011] no-platform   -            Queenstage Coffee House
[2252/3011] no-platform   -            Donuts N Things
[2253/3011] no-platform   -            PARA
[2254/3011] no-platform   -            Danish & Donuts
[2255/3011] no-platform   -            Birrieria la Loteria
[2256/3011] no-platform   -            Yomie's Rice x Yogurt
[2257/3011] no-platform   -            Stadium Club
[2258/3011] no-platform   -            Olive Oil Cafe
[2259/3011] no-platform   -            Seaside Yogurt
[2260/3011] no-platform   -            Nahomie's Cafe & Deli
[2261/3011] no-platform   -            Asian Kitchen
[2262/3011] no-platform   -            Cafe des Artistes
[2263/3011] no-platform   -            Plaza Do[2264/3011] no[2264/3011] no-platform   -            Jitters Espresso
[2265/3011] no-platform   -            Executive Friendship Deli
[2266/3011] no-platform   -            Club 13
[2267/3011] no-platform   -            Mayra's Bakery
[2268/3011] no-platform   -            Cafecito on Seacoast
[2269/3011] no-platform   -            Cilantro's Mexican Food,
[2270/3011] no-platform   -            Donut Pantry
[2271/3011] no-platform   -            Lemon Grove Bakery
[2272/3011] no-platform   -            Dubai Cafe
[2273/3011] no-platform   -            ESSNTL Coffee
[2274/3011] no-platform   -            Chiquibaby's Bar
[2275/3011] no-platform   -            Donut World
[2276/3011] no-platform   -            Mr Donuts
[2277/3011] no-platform   -            Raspados Michoacan
[2278/3011] no-platform   -            Burritos Luna
[2279/3011] no-platform   -            Great Happiness
[2280/3011] no-platform   -            El Cevichero PB
[2281/3011] no-platform   -            Tamales Brenda's
[2282/3011] no-platform   -            Brick 95
[2283/3011] no-platform   -            Wasa Sushi Bar
[2284/3011] no-platform   -            Champs Korean Bbq
[2285/3011] no-platform   -            SweetLife on 3rd
[2286/3011] no-platform   -            Cristallo Cafe
[2287/3011] no-platform   -            The Iconic Coffee Club
[2288/3011] no-platform   -            Pacific lounge
[2289/3011] no-platform   -            Ho Won Express
[2290/3011] no-platform   -            San Diego Bakery & Café
[2291/3011] no-platform   -            Bakin' it Up Collective - An Artisan Bakery
[2292/3011] no-platform   -            Los Tapatios Mexican Food
[2293/3011] no-platform   -            Don Munchies SD
[2294/3011] no-platform   -            Tommy V's Pizzeria
[2295/3011] no-platform   -            E.S.B. Cafe
[2296/3011] no-platform   -            Mango Mania Frutas & More
[2297/3011] no-platform   -            Tram Chim - Live King Crab
[2298/3011] no-platform   -            Mariscos La Reyna del Sur
[2299/3011] no-platform   -            Dr. Juice
[2300/3011] no-platform   -            El Rinconcito Taco Shop
[2301/3011] no-platform   -            Audrey's Café
[2302/3011] no-platform   -            CORAL SPORTS BAR
[2303/3011] no-platform   -            Birria Blvd
[2304/3011] no-platform   -            Trining’s Bakery & Cafe National City
[2305/3011] no-platform   -            Tacos El Orejas
[2306/3011] no-platform   -            Yum Yum Yo Frozen Yogurt/Sandwiches/Boba
[2307/3011] no-platform   -            Tacos AlPastor Spring Valley
[2308/3011] no-platform   -            Cup 'n Go
[2309/3011] no-platform   -            Java Time
[2310/3011] no-platform   -            Camden Food Co.
[2311/3011] no-platform   -            Gold Soul Coffee
[2312/3011] no-platform   -            Barrio Street Tacos
[2313/3011] no-platform   -            El Jefes Taco Shop
[2314/3011] no-platform   -            Family Golden Palace
[2315/3011] no-platform   -            AWOL
[2316/3011] no-platform   -            The Parks Cafe
[2317/3011] no-platform   -            Cui Daore
[2318/3011] no-platform   -            Vinum Locus
[2319/3011] no-platform   -            Harbor Island Deli & Spirits
[2320/3011] no-platform   -            Bedda
[2321/3011] no-platform   -            Layali nights lounge
[2322/3011] no-platform   -            Layali nights lounge
[2323/3011] no-platform   -            Okayama Steakhouse
[2324/3011] no-platform   -            Da Nang Restaurant and Cafe
[2325/3011] no-platform   -            My Cup of Tea Unique Gifts
[2326/3011] no-platform   -            Rancho Roasters
[2327/3011] no-platform   -            Bean Me Up Coffee
[2328/3011] no-platform   -            Very Tasty Coffee
[2329/3011] no-platform   -            La Barbacoa Autentica De Borrego
[2330/3011] no-platform   -            Heavy's Smokehouse
[2331/3011] no-platform   -            La Isla Neveria
[2332/3011] no-platform   -            Carnitas La Caldera
[2333/3011] no-platform   -            Arc & Kin
[2334/3011] no-platform   -            Yakitori Tsuta
[2335/3011] no-platform   -            The Tin Scoop
[2336/3011] no-platform   -            Frutas Frescas
[2337/3011] no-platform   -            Village Tacos
[2338/3011] no-platform   -            Encinitas Donut House
[2339/3011] no-platform   -            Stage stop pizza
[2340/3011] no-platform   -            Locally Toasted Delicatessen
[2341/3011] no-platform   -            Marcella June's Coffee Lounge
[2342/3011] no-platform   -            Viche Marina Deli & Coffee
[2343/3011] no-platform   -            ESB Coffee
[2344/3011] no-platform   -            Blend & Bite Cafe
[2345/3011] no-platform   -            Saigon Corner
[2346/3011] no-platform   -            Pepita's Cafe
[2347/3011] no-platform   -            The Yogo, Handcrafted Ice Cream & Desserts
[2348/3011] no-platform   -            Sinbad Restaurant And Lounge
[2349/3011] no-platform   -            Los sushi lovers
[2350/3011] no-platform   -            Honey Banana
[2351/3011] no-platform   -            Taqueria Don Chamango
[2352/3011] no-platform   -            Cafe Dawny
[2353/3011] no-platform   -            Awesome Jamaican Jerk Wings by Laylahs
[2354/3011] no-platform   -            Tokyo Express
[2355/3011] no-platform   -            Balboa Bakery
[2356/3011] no-platform   -            Pan paulitas mexican bakery
[2357/3011] no-platform   -            Polanco Kitchen & Bar
[2358/3011] no-platform   -            Veterans of Foriegn Wars Post 9327
[2359/3011] no-platform   -            The Library Coffee Shop
[2360/3011] no-platform   -            Teo's Kitchen
[2361/3011] no-platform   -            Linda Vista Market
[2362/3011] no-platform   -            El Primo Birrieria Taco Truck
[2363/3011] no-platform   -            Sandwich Co.
[2364/3011] no-platform   -            Larisa's Mexican Bakery
[2365/3011] no-platform   -            Green Light Cafe & Deli
[2366/3011] no-platform   -            DACAFÉ
[2367/3011] no-platform   -            Rancho's Taco Shop And Seafood
[2368/3011] no-platform   -            KD's Donuts
[2369/3011] no-platform   -            Seoul Street
[2370/3011] no-platform   -            Aurora's Bakery
[2371/3011] no-platform   -            Hector's Taco Shop & Fruteria
[2372/3011] no-platform   -            Shelly's Deli
[2373/3011] no-platform   -            Jimmy's Cafe & Pub
[2374/3011] no-platform   -            Over The Border
[2375/3011] no-platform   -            Menuderia Y Taqueria El Flako
[2376/3011] no-platform   -            BARESSITO ANTRO BAR
[2377/3011] no-platform   -            Sandok Filipino Cuisine
[2378/3011] no-platform   -            Roselys Eats and Sweets
[2379/3011] no-platform   -            Made in Chinaloa
[2380/3011] no-platform   -            Akari Sushi
[2381/3011] no-platform   -            Old Town Ice Cream
[2382/3011] no-platform   -            1904 Street Dogs
[2383/3011] no-platform   -            Golden Spoon Frozen Yogurt
[2384/3011] no-platform   -            Weapon Ramen Liberty Public Market
[2385/3011] no-platform   -            Sea Ridge Coffee
[2386/3011] no-platform   -            Doh Doh Coffee
[2387/3011] no-platform   -            Tortas Tj
[2388/3011] no-platform   -            Caffe Positano, Fairbanks
[2389/3011] no-platform   -            The Cookie Opera
[2390/3011] no-platform   -            Tacos Minali
[2391/3011] no-platform   -            22 Area Galley
[2392/3011] no-platform   -            Isabela’s Mexican food
[2393/3011] no-platform   -            Mr. Manitas Taco Bar and Fruteria
[2394/3011] no-platform   -            Panadería El Trigal
[2395/3011] no-platform   -            LA MICHOACANA SON MEX OF POWAY
[2396/3011] no-platform   -            Sonora Steak Asadero El Prieto #13
[2397/3011] no-platform   -            Autentica Comida Oaxaquena
[2398/3011] no-platform   -            Water Store
[2399/3011] no-platform   -            La Cucina di Silvana
[2400/3011] no-platform   -            Notorious Barbecue
[2401/3011] no-platform   -            EL PASO TACO SHOP
[2402/3011] no-platform   -            The coffee machine
[2403/3011] no-platform   -            El Uno Bar
[2404/3011] no-platform   -            Jason's Courtyard Cafe
[2405/3011] no-platform   -            Logan Inn
[2406/3011] no-platform   -            Birrieria La Vaquita
[2407/3011] no-platform   -            Rancho Roasters
[2408/3011] no-platform   -            Smoke and Salt Restaurant
[2409/3011] no-platform   -            Casa Del Lobo
[2410/3011] no-platform   -            Pink Donuts
[2411/3011] no-platform   -            TG Cafe
[2412/3011] no-platform   -            Javier’s Mexican Food
[2413/3011] no-platform   -            Boba Life La Mesa
[2414/3011] no-platform   -            Aalami Restaurant - Somali Cuisine
[2415/3011] no-platform   -            Mood ALsham restaurant
[2416/3011] no-platform   -            Franco's Flapjack
[2417/3011] no-platform   -            Sara's Bakery
[2418/3011] no-platform   -            La Michoacana Ice Cream
[2419/3011] no-platform   -            The Pocket Pool & Bar
[2420/3011] no-platform   -            Ortiz Bakery
[2421/3011] no-platform   -            Mariscos Guille
[2422/3011] no-platform   -            De La Torre Cenaduria
[2423/3011] no-platform   -            Lizs Cocina
[2424/3011] no-platform   -            La Cocina De Chata
[2425/3011] no-platform   -            Tasty Buds LLC
[2426/3011] no-platform   -            Ramen Girl
[2427/3011] no-platform   -            Acai Roots
[2428/3011] no-platform   -            Cafecito at EPOCA
[2429/3011] no-platform   -            Cafe Del Mar
[2430/3011] no-platform   -            Ana’s Fruit & Deli
[2431/3011] no-platform   -            Las Delicias de Alicia
[2432/3011] no-platform   -            Pines
[2433/3011] no-platform   -            Las Ranas Lonchera Mariscos
[2434/3011] no-platform   -            The Galley
[2435/3011] no-platform   -            Coastal Coffee - Scripps Memorial Hospital
[2436/3011] no-platform   -            Taquería Imperial Taco Shop
[2437/3011] no-platform   -            Wow Donuts
[2438/3011] no-platform   -            Black Sea Cafe & Market
[2439/3011] no-platform   -            Taco de Ojo Sports Cantina
[2440/3011] no-platform   -            Hot Blend Café
[2441/3011] no-platform   -            La Espiga de Oro Mexican Bakery
[2442/3011] no-platform   -            El Camaron Negro
[2443/3011] no-platform   -            Tacos el uzzi
[2444/3011] no-platform   -            Dubu San Diego Tofu Company
[2445/3011] no-platform   -            Rising Sun Sushi
[2446/3011] no-platform   -            Cacio
[2447/3011] no-platform   -            Koakai Brewing Co.
[2448/3011] no-platform   -            Erlene's Family Style Cuisine
[2449/3011] no-platform   -            Tus Chefs Favoritas
[2450/3011] no-platform   -            San Diego Beer House
[2451/3011] no-platform   -            Al Chile Mexican Food
[2452/3011] no-platform   -            Family Tacos
[2453/3011] no-platform   -            Manila Bistro
[2454/3011] no-platform   -            Tlaloc Deli
[2455/3011] no-platform   -            EL SAZON DE MAMA
[2456/3011] no-platform   -            The Other Side Bar and Grill
[2457/3011] no-platform   -            FENIX LOUNGE
[2458/3011] no-platform   -            Pinoy Express Fastfood
[2459/3011] no-platform   -            Tortillas De Harina El Trigal
[2460/3011] no-platform   -            Rey Tj Burger's San Diego
[2461/3011] no-platform   -            La Chalupa Mariscos #2 Food Truck
[2462/3011] no-platform   -            Kikos Place cantina
[2463/3011] no-platform   -            Fruit
[2464/3011] no-platform   -            Lizzie's Cake Couture
[2465/3011] no-platform   -            Macy's Cafe at Fashion Valley
[2466/3011] no-platform   -            Downtown cafe pizza
[2467/3011] no-platform   -            Xicanitos
[2468/3011] no-platform   -            Perk Social
[2469/3011] no-platform   -            Chula Tacos Taquerias
[2470/3011] no-platform   -            Marina Kitchen at Mariott Marquis
[2471/3011] no-platform   -            The Café at Alma San Diego
[2472/3011] no-platform   -            Maple Tree Coffee
[2473/3011] no-platform   -            Beaudevin
[2474/3011] no-platform   -            Juicers
[2475/3011] no-platform   -            Cali Cafe
[2476/3011] no-platform   -            J-Town Grab and Go
[2477/3011] no-platform   -            Korean Bingsoo Cafe
[2478/3011] no-platform   -            Louisiana Banana Pudding
[2479/3011] no-platform   -            Rita's of Mission Hills
[2480/3011] no-platform   -            Smash’d Burgers
[2481/3011] no-platform   -            El Kafecito
[2482/3011] no-platform   -            La Flor Bakery
[2483/3011] no-platform   -            Star Gazer Club
[2484/3011] no-platform   -            Pho On The Go
[2485/3011] no-platform   -            Clayton's Galley
[2486/3011] no-platform   -            Valerio's Bakehouse
[2487/3011] no-platform   -            The Propeller Bar and Grill
[2488/3011] no-platform   -            Rapido Y Sabroso Taco Truck
[2489/3011] no-platform   -            Verde Kitchen & Bar
[2490/3011] no-platform   -            Coffee Shop
[2491/3011] no-platform   -            Noodle Bowl and dumplings
[2492/3011] no-platform   -            Uphori Cafe
[2493/3011] no-platform   -            D's Coffee
[2494/3011] no-platform   -            Smash Bacon
[2495/3011] no-platform   -            La Patrona
[2496/3011] no-platform   -            Jue Wei food
[2497/3011] no-platform   -            Goodspot
[2498/3011] no-platform   -            Candy's Boom Boom Room
[2499/3011] no-platform   -            Meal and Munch
[2500/3011] no-platform   -            Skinny Jake Smokehouse
[2501/3011] no-platform   -            Taiyo
[2502/3011] no-platform   -            Burritos Salomè
[2503/3011] no-platform   -            Bethlehem Baking Co.
[2504/3011] no-platform   -            Front Street Sweet Shack
[2505/3011] no-platform   -            SWEET & SPICY SD LLC
[2506/3011] no-platform   -            Ranas Hotdogs & Hamburgers
[2507/3011] no-platform   -            The Meantime
[2508/3011] no-platform   -            Tacos la Guera
[2509/3011] no-platform   -            Chupacabras taco shop
[2510/3011] no-platform   -            Cedar Rose
[2511/3011] no-platform   -            Daniel's West
[2512/3011] no-platform   -            Burger Kitchen
[2513/3011] no-platform   -            La Perla del Pacífico
[2514/3011] no-platform   -            Marina Market and Café
[2515/3011] no-platform   -            Guau Guau Taza de Cafe
[2516/3011] no-platform   -            Miguel’s Street Tacos
[2517/3011] no-platform   -            Freeze Gourmet
[2518/3011] no-platform   -            Rapha Tea
[2519/3011] no-platform   -            Cup of Bloom La Jolla
[2520/3011] no-platform   -            Bayside Bar
[2521/3011] no-platform   -            Bailey House
[2522/3011] no-platform   -            Alberto's
[2523/3011] no-platform   -            La Creperia Nutilda
[2524/3011] no-platform   -            Chinese Cuisine
[2525/3011] no-platform   -            Tacos El Unico
[2526/3011] no-platform   -            Barbas Mexican Food
[2527/3011] no-platform   -            MJ's Eatery Philly Cheesesteaks and more
[2528/3011] no-platform   -            El Rinconcito Sinaloense Antojitos
[2529/3011] no-platform   -            The Honey Pot
[2530/3011] no-platform   -            Yesenia’s Mexican Food
[2531/3011] no-platform   -            Thai Style Kitchen Oceanside
[2532/3011] no-platform   -            Pikolinas
[2533/3011] no-platform   -            Grill chicken Linda vista
[2534/3011] no-platform   -            Puerta Del Cielo Mexican Foods-Food Truck
[2535/3011] no-platform   -            Authentic Mexican Bakery
[2536/3011] no-platform   -            Vega’s Kitchen
[2537/3011] no-platform   -            El Chile pelais del Flaco
[2538/3011] no-platform   -            La Morena del Fuego
[2539/3011] no-platform   -            Tacos puebla
[2540/3011] no-platform   -            Taco truck
[2541/3011] no-platform   -            Island Style Sushi
[2542/3011] no-platform   -            New Name Club
[2543/3011] no-platform   -            Soulsip
[2544/3011] no-platform   -            "LAS CAZUELITAS" Home made Mexican food
[2545/3011] no-platform   -            Da Good Vibes Eats
[2546/3011] no-platform   -            Nori Japan
[2547/3011] no-platform   -            Shrimp on a Skateboard Mariscos
[2548/3011] no-platform   -            7 Marcelos Mexican Cafe
[2549/3011] no-platform   -            taco de ojo sports cantina
[2550/3011] no-platform   -            El Mejor Taco Avapor
[2551/3011] no-platform   -            Vivant Bistro & Craft Bar
[2552/3011] no-platform   -            Bello’s Tacos and Burritos
[2553/3011] no-platform   -            AY MI MAZATLÁN
[2554/3011] no-platform   -            Brunette Social Sports Bar
[2555/3011] no-platform   -            701 FOOD
[2556/3011] no-platform   -            Taco Stand
[2557/3011] no-platform   -            117° West Spirits
[2558/3011] no-platform   -            Rodeó's Cocina Mexican Restaurant
[2559/3011] no-platform   -            Filipino Lumpia
[2560/3011] no-platform   -            Food Truck
[2561/3011] no-platform   -            El Puerquito Hard Frescas
[2562/3011] no-platform   -            Mariscos y Birrieria El Compa Güero
[2563/3011] no-platform   -            El Sonorense Taco Shop
[2564/3011] no-platform   -            Mariscos la baja mar y fuego
[2565/3011] no-platform   -            Comida China
[2566/3011] no-platform   -            Quick Meal Deal Hunterz
[2567/3011] no-platform   -            It's Raw Poke Truck
[2568/3011] no-platform   -            Sushi ki To
[2569/3011] no-platform   -            HOTDOGS SINALOA 619
[2570/3011] no-platform   -            9th Hole Snack Shop
[2571/3011] no-platform   -            Balboa's Grill House
[2572/3011] no-platform   -            City Chopped Cheese
[2573/3011] no-platform   -            Pollos Asados Goyos
[2574/3011] no-platform   -            Tacos delicioso
[2575/3011] no-platform   -            FIFTEEN 360
[2576/3011] no-platform   -            Quel & Tito's Food Shack
[2577/3011] no-platform   -            El Peruano Grill
[2578/3011] no-platform   -            Gourmet @ Culinary Outlook
[2579/3011] no-platform   -            El Ostion Mariscos
[2580/3011] no-platform   -            Larry's Birria
[2581/3011] no-platform   -            Tacos Los Carnales
[2582/3011] no-platform   -            Sliderz & Mo'
[2583/3011] no-platform   -            Squishys619
[2584/3011] no-platform   -            Myung Ka Korean Food
[2585/3011] no-platform   -            Taqueria Los Panchos
[2586/3011] no-platform   -            Kevin's Convenience Stand
[2587/3011] no-platform   -            Premier Food Services
[2588/3011] no-platform   -            HomeMeals
[2589/3011] no-platform   -            Tacos "El Moy"
[2590/3011] no-platform   -            La catrachita
[2591/3011] no-platform   -            Kim's House
[2592/3011] no-platform   -            La Casa de Don Juan
[2593/3011] no-platform   -            Tamales Landa
[2594/3011] no-platform   -            Marisol's Pie Shop
[2595/3011] no-platform   -            Galley
[2596/3011] no-platform   -            Sushi Love
[2597/3011] no-platform   -            El Taco Latino
[2598/3011] no-platform   -            Tacos Loco's
[2599/3011] no-platform   -            Cassara Kitchen & Bar
[2600/3011] no-platform   -            Berta & Odina's Food Truck
[2601/3011] no-platform   -            Babylon Restaurant
[2602/3011] no-platform   -            YakiroSushi
[2603/3011] no-platform   -            Mariscos La Baja Food Truck
[2604/3011] no-platform   -            Arrieros Tacos ¡Hecho está!
[2605/3011] no-platform   -            Baba Coffee Mobile
[2606/3011] no-platform   -            Food Pavilion
[2607/3011] no-platform   -            Oishii Sushi Bar
[2608/3011] no-platform   -            Pacific Taco Shop
[2609/3011] no-platform   -            Hawaiian Shaved Ice
[2610/3011] no-platform   -            El Picnic Tabel
[2611/3011] no-platform   -            Tutu Taco
[2612/3011] no-platform   -            Nouvelle Latin Cuisine
[2613/3011] no-platform   -            Steves Cabana
[2614/3011] no-platform   -            Oasis On The Rocks
[2615/3011] no-platform   -            Birdies Bar and Grill
[2616/3011] no-platform   -            Oside Shave Ice
[2617/3011] no-platform   -            Las Palmas
[2618/3011] no-platform   -            Pikes Iron Wagon Real Pit BBQ
[2619/3011] no-platform   -            Gallopin In
[2620/3011] no-platform   -            Rise & Brew Coffee
[2621/3011] no-platform   -            Desayunos y Baguettes
[2622/3011] no-platform   -            Donburi Kitchen
[2623/3011] no-platform   -            Sunset by the Park
[2624/3011] no-platform   -            Indigo Pineapple Café
[2625/3011] no-platform   -            McCozy
[2626/3011] no-platform   -            The Patch Coffee
[2627/3011] no-platform   -            Old California Coffee House and Eatery
[2628/3011] no-platform   -            House Of Draught No 2
[2629/3011] no-platform   -            Little Owl Coffe & Tea
[2630/3011] no-platform   -            Club 42 Tequila Bar
[2631/3011] no-platform   -            Pizzaria, Etc.
[2632/3011] no-platform   -            Porciones De Dulzura Bakery
[2633/3011] no-platform   -            The Dulzura Cafe%2C
[2634/3011] no-platform   -            Pannakin Coffee & Tea
[2635/3011] no-platform   -            Desi N Friends
[2636/3011] no-platform   -            Panderia Bakery
[2637/3011] no-platform   -            Tortilleria Bakery
[2638/3011] no-platform   -            Churro Con Chocolate
[2639/3011] no-platform   -            Little Vienna
[2640/3011] no-platform   -            Tacos Las Huesas
[2641/3011] no-platform   -            Donut Star
[2642/3011] no-platform   -            Luckyz Sports Pub
[2643/3011] no-platform   -            The Dining Room
[2644/3011] no-platform   -            Embassy Room
[2645/3011] no-platform   -            The Cove
[2646/3011] no-platform   -            The Stag Lion
[2647/3011] no-platform   -            Cafe Europe
[2648/3011] no-platform   -            BNCafe
[2649/3011] no-platform   -            La Cucharita
[2650/3011] no-platform   -            Gabriel's Taco Stand
[2651/3011] no-platform   -            Lupita's Mexican Food
[2652/3011] no-platform   -            El Cuervo
[2653/3011] no-platform   -            El Paso Bar
[2654/3011] no-platform   -            Maggie’s Cake Shop
[2655/3011] no-platform   -            Molly Malones Sports Tavern
[2656/3011] no-platform   -            Elbo Rest
[2657/3011] no-platform   -            Blue Haven
[2658/3011] no-platform   -            Stone Brewing Company
[2659/3011] no-platform   -            Sprinkles Cafe
[2660/3011] no-platform   -            The Macaron Shop SD
[2661/3011] no-platform   -            Joshways Barbeque
[2662/3011] no-platform   -            Porters Grille & BBQ
[2663/3011] no-platform   -            Ghost tacos downtown
[2664/3011] no-platform   -            No excuse income
[2665/3011] no-platform   -            The Coop
[2666/3011] no-platform   -            Rusty Spur Cocktails and Dancing
[2667/3011] no-platform   -            Higher Grounds Coffee
[2668/3011] no-platform   -            Romo Baker and general store
[2669/3011] no-platform   -            California Taco Club
[2670/3011] no-platform   -            The Shine Shack
[2671/3011] no-platform   -            Pho PB
[2672/3011] no-platform   -            Oscars Cocktail Bar
[2673/3011] no-platform   -            Speak Easy
[2674/3011] no-platform   -            Lumière Café San Diego
[2675/3011] no-platform   -            Fairbanks Coffee Company
[2676/3011] no-platform   -            Heros
[2677/3011] no-platform   -            Arevalo's Raspados
[2678/3011] no-platform   -            Club Iguana
[2679/3011] no-platform   -            Recognize Cocktails
[2680/3011] no-platform   -            Valencia Mexican Food
[2681/3011] no-platform   -            Poke Point
[2682/3011] no-platform   -            Ball Three
[2683/3011] no-platform   -            Coral Market
[2684/3011] no-platform   -            Rds Log Cabin
[2685/3011] no-platform   -            Boo Boo Sweetz
[2686/3011] no-platform   -            Yute Keto Bakery
[2687/3011] no-platform   -            Sabor A Cielo Sweets
[2688/3011] no-platform   -            1935 Artisan Desserts & Kitchen
[2689/3011] no-platform   -            Mariscos El Paisa
[2690/3011] no-platform   -            The Bistro Restaurant
[2691/3011] no-platform   -            Galley
[2692/3011] no-platform   -            Ramone's
[2693/3011] no-platform   -            A Piece of Cake
[2694/3011] no-platform   -            Pretzel Market
[2695/3011] no-platform   -            Kouklas Cafe
[2696/3011] no-platform   -            Windansea Bar and Grill
[2697/3011] no-platform   -            Fairbanks Coffee Stand
[2698/3011] no-platform   -            Izakaya En
[2699/3011] no-platform   -            Eppig Brewing North Park
[2700/3011] no-platform   -            iDessert
[2701/3011] no-platform   -            Frost Me Gourmet Cupcakes
[2702/3011] no-platform   -            Dees Sports Tavern
[2703/3011] no-platform   -            49Er
[2704/3011] no-platform   -            Cocina Tonalnan
[2705/3011] no-platform   -            Tacos de corazón
[2706/3011] no-platform   -            Cafecito del Monte
[2707/3011] no-platform   -            JT Bros
[2708/3011] no-platform   -            Viva el Cafe
[2709/3011] no-platform   -            Mission Grounds Coffee
[2710/3011] no-platform   -            Mongus Grill
[2711/3011] no-platform   -            Sattellite Bites
[2712/3011] no-platform   -            Trolley
[2713/3011] no-platform   -            Ramen Goddess
[2714/3011] no-platform   -            Walking on Water Cafe
[2715/3011] no-platform   -            Bien Hecho Coffee
[2716/3011] no-platform   -            Bonitas Bar and Grill
[2717/3011] no-platform   -            Walters Cafe and Trailer Pk
[2718/3011] no-platform   -            Joe's Pizza and Bistro
[2719/3011] no-platform   -            DQ Orange Julius
[2720/3011] no-platform   -            Tides
[2721/3011] no-platform   -            Island Market
[2722/3011] no-platform   -            Macan Market
[2723/3011] no-platform   -            Leading Edge Cafe
[2724/3011] no-platform   -            Cafe Zzo Coffee Shop and Mini Mart
[2725/3011] no-platform   -            Café VERA
[2726/3011] no-platform   -            Sweet By Saray
[2727/3011] no-platform   -            La Perla del Pacífico
[2728/3011] no-platform   -            The Place
[2729/3011] no-platform   -            El Cajon Grand Cocktail Lounge
[2730/3011] no-platform   -            Canela Bake
[2731/3011] no-platform   -            Men-ya Mufu - Coming Soon
[2732/3011] no-platform   -            Kaphe Muna
[2733/3011] no-platform   -            Hajime Ramen
[2734/3011] no-platform   -            Birria a Mi Gusto
[2735/3011] no-platform   -            Robbie's Roadhouse
[2736/3011] no-platform   -            Chimbita
[2737/3011] no-platform   -            Smoked Street Tacos
[2738/3011] no-platform   -            Bloomix studio
[2739/3011] no-platform   -            CC Bakehouse
[2740/3011] no-platform   -            Palomar Ice Cream and Candy
[2741/3011] no-platform   -            jr sushi
[2742/3011] no-platform   -            Bella Bakery Boutique LLC
[2743/3011] no-platform   -            Carnitas y Chicharrones Los Marranitos SD #1
[2744/3011] no-platform   -            CC Bakehouse
[2745/3011] no-platform   -            Taste of Home Cakes and Cupcakes
[2746/3011] no-platform   -            La Sheesh Bar & Grill
[2747/3011] no-platform   -            Parkway Social 619
[2748/3011] no-platform   -            AZTECA SAN DIEGO TACO'S
[2749/3011] no-platform   -            Sourworx
[2750/3011] no-platform   -            Cafe Pronto
[2751/3011] no-platform   -            Pizza
[2752/3011] no-platform   -            Pine Valley Java
[2753/3011] no-platform   -            MC's Kitchen
[2754/3011] no-platform   -            The Pony Express Coffee Bar & Drive Thru
[2755/3011] no-platform   -            Barking Deer Pizza & Beer
[2756/3011] no-platform   -            Sweet Bean Cafe
[2757/3011] no-platform   -            Lemonlade
[2758/3011] no-platform   -            Bavarian Inn
[2759/3011] no-platform   -            Lina's Bakery
[2760/3011] no-platform   -            Miramar Fresh Kitchen
[2761/3011] no-platform   -            Incredibowl Cafe & Deli
[2762/3011] no-platform   -            Nimbus Bakery
[2763/3011] no-platform   -            Tlaxcala Hectoir's Taco Shop
[2764/3011] no-platform   -            Nik's BBQ
[2765/3011] no-platform   -            Hungarian bakery
[2766/3011] no-platform   -            Lili antojitos and Mexican food Boulevard
[2767/3011] no-platform   -            Wolftown
[2768/3011] no-platform   -            CaliTea
[2769/3011] no-platform   -            The Beekeeper's Oven - Julian
[2770/3011] no-platform   -            Fox Point Pizza
[2771/3011] no-platform   -            SHOR
[2772/3011] no-platform   -            La Vendimia de María Tavares
[2773/3011] no-platform   -            Rooster Ramen
[2774/3011] no-platform   -            La Michoacana Elite
[2775/3011] no-platform   -            Rooster Ramen
[2776/3011] no-platform   -            Nature's emporumh
[2777/3011] no-platform   -            San Diego Creamery
[2778/3011] no-platform   -            El Rancho Bar & Grill
[2779/3011] no-platform   -            Mimosa
[2780/3011] no-platform   -            Neat treats by Rachel
[2781/3011] no-platform   -            La Vuelta Club
[2782/3011] no-platform   -            Five Loaves Sourdough Co.
[2783/3011] no-platform   -            P.B. Wellness Health & Nutrition
[2784/3011] no-platform   -            Its Cafe Thai
[2785/3011] no-platform   -            College Corner Cafe
[2786/3011] no-platform   -            Powder Technology Laboratory Coffee
[2787/3011] no-platform   -            Wash mobile
[2788/3011] no-platform   -            The Cow Shed Bar and Grill
[2789/3011] no-platform   -            Shibari
[2790/3011] no-platform   -            Pop-up Tacos
[2791/3011] no-platform   -            VAQUERO TJ GRILL
[2792/3011] no-platform   -            Gilbeys Cocktail Lounge
[2793/3011] no-platform   -            Regional My Place
[2794/3011] no-platform   -            Taco Lovers
[2795/3011] no-platform   -            El Rancho Grande Bar & Grill
[2796/3011] no-platform   -            Zoe’s Place Bakery
[2797/3011] no-platform   -            Mama’s Cucina Italiana
[2798/3011] no-platform   -            CHI
[2799/3011] no-platform   -            AVO Vegan Restaurant
[2800/3011] no-platform   -            Tacos
[2801/3011] no-platform   -            Wednesday Cake
[2802/3011] no-platform   -            Ximena
[2803/3011] no-platform   -            Bin Kheer Café
[2804/3011] no-platform   -            Jupiter Leucadia
[2805/3011] no-platform   -            Ettas Place
[2806/3011] no-platform   -            Marbella Oyster Bar
[2807/3011] no-platform   -            Bee's Bread Co
[2808/3011] no-platform   -            Blooming Vegans
[2809/3011] no-platform   -            V/ Workout Bar
[2810/3011] no-platform   -            Mexican Seafood & Grill
[2811/3011] no-platform   -            Frank’s Ice Cream Wholesale
[2812/3011] no-platform   -            Americana Restaurant
[2813/3011] no-platform   -            Wellspring Tea Room
[2814/3011] no-platform   -            Southbay Cafe & Cantina
[2815/3011] no-platform   -            Birria & Mariscos el Zurdo
[2816/3011] no-platform   -            Lush Lounge
[2817/3011] no-platform   -            Mariscos Seafood
[2818/3011] no-platform   -            The Pagoda
[2819/3011] no-platform   -            Mickies Suds Room
[2820/3011] no-platform   -            Spicy Duck
[2821/3011] no-platform   -            Barra 8
[2822/3011] no-platform   -            The Bridge Snacks and Refreshments
[2823/3011] no-platform   -            College Sub Shop
[2824/3011] no-platform   -            Dieberto's
[2825/3011] no-platform   -            Techy Cafe Chula Vista
[2826/3011] no-platform   -            The Sourdough Sweetie
[2827/3011] no-platform   -            Jayda Marie's Bakery
[2828/3011] no-platform   -            Eds Cocktail Lounge
[2829/3011] no-platform   -            11th Marines Chow Hall
[2830/3011] no-platform   -            Vero's Sweet Bakeshop
[2831/3011] no-platform   -            Cozy Cat Bakehouse
[2832/3011] no-platform   -            Mission Hills Coffee Company
[2833/3011] no-platform   -            KGP Pizza & Grill
[2834/3011] no-platform   -            Carniceria Taco Shop
[2835/3011] no-platform   -            Mariscos villafaña
[2836/3011] no-platform   -            Mike’s Sourdough Bakery
[2837/3011] no-platform   -            Takos El Michi
[2838/3011] no-platform   -            Repostería Jexana
[2839/3011] no-platform   -            Six Degrees
[2840/3011] no-platform   -            Raspabros
[2841/3011] no-platform   -            Fifty 9 Fifty
[2842/3011] no-platform   -            (dba) The Wayfarer's Pantry - Cottage Kitchen
[2843/3011] no-platform   -            El Cotixan Taco Shop
[2844/3011] no-platform   -            Koffeeing UP
[2845/3011] no-platform   -            The Fusion Bistro
[2846/3011] no-platform   -            Tierra Mia Mariscos y Mas
[2847/3011] no-platform   -            Panaderia Rosarito
[2848/3011] no-platform   -            Randolfo's Tacos
[2849/3011] no-platform   -            Cocinita La Michoacana
[2850/3011] no-platform   -            Sunshine Poke & Sushi Rolls
[2851/3011] no-platform   -            Bonnie's Bread Boutique
[2852/3011] no-platform   -            Ice Cream Parlor-Lemon Grove
[2853/3011] no-platform   -            Kneading Love Micro Bakery
[2854/3011] no-platform   -            DAYGO Brunch’N
[2855/3011] no-platform   -            HomemadebyNashae
[2856/3011] no-platform   -            Coffee & Smoothies
[2857/3011] no-platform   -            Sabor Michoacán
[2858/3011] no-platform   -            Reef Lounge Poolside Bar & Grill
[2859/3011] no-platform   -            Tacos el jefe
[2860/3011] no-platform   -            On Point BBQ
[2861/3011] no-platform   -            Cafe Pho
[2862/3011] no-platform   -            Bread of Life Bakes
[2863/3011] no-platform   -            Natural Delights Juice Bar
[2864/3011] no-platform   -            Mad Maui BBQ
[2865/3011] no-platform   -            Rancho Hookah Lounge
[2866/3011] no-platform   -            Pizzeria
[2867/3011] no-platform   -            Tacos Los Carnales
[2868/3011] no-platform   -            Teris East
[2869/3011] no-platform   -            Fronted
[2870/3011] no-platform   -            Mariscos El Prieto Express
[2871/3011] no-platform   -            Sweet Robin's
[2872/3011] no-platform   -            Foundation X
[2873/3011] no-platform   -            Captain's Seafood Gallery
[2874/3011] no-platform   -            C&C Barkery
[2875/3011] no-platform   -            Bakery 7
[2876/3011] no-platform   -            Sapporo Rock & Roll Sushi
[2877/3011] no-platform   -            Sushi In the Ranch
[2878/3011] no-platform   -            An's Gelato
[2879/3011] no-platform   -            Bakery San Jorge
[2880/3011] no-platform   -            Tonkatsu Narikura - Coming Soon
[2881/3011] no-platform   -            Sports Lounge & Arcade Bar
[2882/3011] no-platform   -            Oasis Bar
[2883/3011] no-platform   -            Amanda Pandas Bakery
[2884/3011] no-platform   -            K-Bakery
[2885/3011] no-platform   -            Bakery
[2886/3011] no-platform   -            DeAnza Bar
[2887/3011] no-platform   -            Mr. Jalepeno El Burrito Mexicano & more.
[2888/3011] no-platform   -            SideYard Coffee
[2889/3011] no-platform   -            Little Frosty’s
[2890/3011] no-platform   -            OB Tamales and Taqueria
[2891/3011] no-platform   -            The Taco Stop
[2892/3011] no-platform   -            Fruity Fruits
[2893/3011] no-platform   -            Nooni’s Taco Shop
[2894/3011] no-platform   -            valarias
[2895/3011] no-platform   -            COFFEE CRATE
[2896/3011] no-platform   -            Cozy Crumble Cottage Bakery
[2897/3011] no-platform   -            Yogen FrÃ¼z
[2898/3011] no-platform   -            Mariscos La Tia
[2899/3011] no-platform   -            Out of Towners Bar Grill Lounge
[2900/3011] no-platform   -            NA
[2901/3011] no-platform   -            Ramones
[2902/3011] no-platform   -            Rainbow Cafe
[2903/3011] no-platform   -            Marla’s Coffee
[2904/3011] no-platform   -            Caveman BBQ
[2905/3011] no-platform   -            Omas Delectables
[2906/3011] no-platform   -            Sweetheart farms
[2907/3011] no-platform   -            The Beekeeper's Oven Farmstand - Santa Ysabel
[2908/3011] no-platform   -            Bincho taco
[2909/3011] no-platform   -            Roxie’s Sweet Bakes & Treats
[2910/3011] no-platform   -            Sweet Rose Cottage Bakery, LLC
[2911/3011] no-platform   -            La delicia
[2912/3011] no-platform   -            Seafood and pub
[2913/3011] no-platform   -            CottageKitchen
[2914/3011] no-platform   -            Downtown BBQ
[2915/3011] no-platform   -            Spreckels Sweets And Treats
[2916/3011] no-platform   -            Beach Cuisine Inc
[2917/3011] no-platform   -            Coca Cola Market
[2918/3011] no-platform   -            El Patrón Mar y Tierra
[2919/3011] no-platform   -            The Hearth
[2920/3011] no-platform   -            Sinaloa Fish
[2921/3011] no-platform   -            Raspados Aloha 2
[2922/3011] no-platform   -            Cultivated Greens
[2923/3011] no-platform   -            Eryan Sweets
[2924/3011] no-platform   -            Casa del Pane
[2925/3011] no-platform   -            Mesa Cafe
[2926/3011] no-platform   -            MIKAKU sushi and grill
[2927/3011] no-platform   -            Bakes By Zena
[2928/3011] no-platform   -            Ciccicotti’s
[2929/3011] no-platform   -            Cups Coffee Cart
[2930/3011] no-platform   -            Puffs SD- HomeBased
[2931/3011] no-platform   -            Smokehouse Pizza & BBQ
[2932/3011] no-platform   -            La Michoacana Ice Cream
[2933/3011] no-platform   -            Chicanos Pastries
[2934/3011] no-platform   -            Taco’s El Chaparro
[2935/3011] no-platform   -            Nespresso Pop-Up
[2936/3011] no-platform   -            Panniken
[2937/3011] no-platform   -            Seafood San Diego
[2938/3011] no-platform   -            Los hotchos del barrio
[2939/3011] no-platform   -            Blue Star Cafe
[2940/3011] no-platform   -            Santos Cafe Old Town
[2941/3011] no-platform   -            Café Bien
[2942/3011] no-platform   -            Cafe Bella Express
[2943/3011] no-platform   -            Duke's Hawaiian Coffee
[2944/3011] no-platform   -            Dollshie Coffee
[2945/3011] no-platform   -            Samba arena cafe
[2946/3011] no-platform   -            Wynola Pizza Express
[2947/3011] no-platform   -            Shack-House
[2948/3011] no-platform   -            Raymundos taco shop
[2949/3011] no-platform   -            Paula Jean's Coffee Bean
[2950/3011] no-platform   -            Café Noelle
[2951/3011] no-platform   -            Nutrition Prime Spot
[2952/3011] no-platform   -            Torpedo Grill
[2953/3011] no-platform   -            Colors cafe
[2954/3011] no-platform   -            Modern Kabob - Grill & Smoothies
[2955/3011] no-platform   -            Mariscos Del Barrio
[2956/3011] no-platform   -            Michele’s Cafe & Galleria
[2957/3011] no-platform   -            Taste of egypt cafe
[2958/3011] no-platform   -            Muscle Bar
[2959/3011] no-platform   -            Zen Coffee & Deli
[2960/3011] no-platform   -            Taqueria Mucho Toro
[2961/3011] no-platform   -            Mission Burger
[2962/3011] no-platform   -            Donas Bakery and Food to Go
[2963/3011] no-platform   -            Mila's Ice cream & snacks
[2964/3011] no-platform   -            The Grove Bar & Grill
[2965/3011] no-platform   -            Olga's Food Place
[2966/3011] no-platform   -            Chamoyess
[2967/3011] no-platform   -            Blanco Rosso
[2968/3011] no-platform   -            Dalat Cafe
[2969/3011] no-platform   -            Ben & Jerry's
[2970/3011] no-platform   -            Prinkipia Frozen Yogurt
[2971/3011] no-platform   -            Arevalo's Bakery
[2972/3011] no-platform   -            Tacos la ocho
[2973/3011] no-platform   -            Dalat Cafe
[2974/3011] no-platform   -            Eva's Bakery
[2975/3011] no-platform   -            Hafla Platter Inc
[2976/3011] no-platform   -            Yeeha Boba
[2977/3011] no-platform   -            Baked & Blended
[2978/3011] no-platform   -            La Sirena
[2979/3011] no-platform   -            Society featuring Bubbas BBQ
[2980/3011] no-platform   -            Sweet Bee Desserts
[2981/3011] no-platform   -            Super Mario's Mexican Food
[2982/3011] no-platform   -            Moreliana Ice Cream & Restaurant
[2983/3011] no-platform   -            Madina Delicious Restaurant
[2984/3011] no-platform   -            The Nutrition Checkpoint
[2985/3011] no-platform   -            Tantuni Turkish Street Food
[2986/3011] no-platform   -            Los 3 Animales Taqueria
[2987/3011] no-platform   -            Dolce Cafe
[2988/3011] no-platform   -            Chimney Nation
[2989/3011] no-platform   -            Las Muñecas tradicional desserts
[2990/3011] no-platform   -            Mar & Fuego
[2991/3011] no-platform   -            Chandelier Lounge Cuisine
[2992/3011] no-platform   -            Latte By The Sea
[2993/3011] no-platform   -            Sweet city creamery
[2994/3011] no-platform   -            Julie's Desserts & Bakery
[2995/3011] no-platform   -            Savioe
[2996/3011] no-platform   -            Tacos De Birria Mayo
[2997/3011] no-platform   -            Muneca ice cream
[2998/3011] no-platform   -            Smoothie Caffe
[2999/3011] no-platform   -            Cafecito on Park
[3000/3011] no-platform   -            DONUTOPOLIS SCRIPPS RANCH VILLAGES
[3001/3011] no-platform   -            National Burrito
[3002/3011] no-platform   -            Machela
[3003/3011] no-platform   -            BAKERY FUENTES
[3004/3011] no-platform   -            AREA DE COMIDA
[3005/3011] no-platform   -            Chimney Nation
[3006/3011] no-platform   -            Fuego Mediterranean Grill
[3007/3011] no-platform   -            Denis’s Bakery
[3008/3011] no-platform   -            Cafe East by Eurest
[3009/3011] no-platform   -            Sushi Gaga
[3010/3011] no-platform   -            Serina Pizza
[3011/3011] no-platform   -            Cafe Rico & Catering LLC

platform                       attempted         filed       too-few         gated  wrong-branch needs-browser   no-platform  fetch-failed  screened-out
none                                2423             0             0             0             0            56          2367             0             0
toast                                134             2             0             2            44            82             0             0             4
order.online                         117             1             1             1             8           100             0             0             6
Square Online storefront              80             0             0             0             0            80             0             0             0
Square Online (own domain)            46             0             0             0             0            46             0             0             0
shopify                               28             3             5             0             0             0             0             0            20
chownow                               26             0             0             4             0            22             0             0             0
olo                                   23             0             0             0             0            23             0             0             0
slice                                 19             0             0             0             1            17             0             0             1
spothopper                            17             1             1             0             0            15             0             0             0
netwaiter                             14             0            14             0             0             0             0             0             0
SpotOn                                13             0             0             0             0            13             0             0             0
MealKeyWay                            12             0             0             0             0            12             0             0             0
own-jsonld                            10             5             1             0             2             0             0             0             2
plain-html                            10             0             0             0             0            10             0             0             0
clover                                10             0             0             0             2             4             0             0             4
HungerRush                             7             0             0             0             0             7             0             0             0
wix                                    6             4             2             0             0             0             0             0             0
popmenu                                5             0             0             0             5             0             0             0             0
GloriaFood widget                      4             0             0             0             0             4             0             0             0
menufy                                 3             0             0             0             0             0             0             0             3
Paytronix                              2             0             0             0             0             2             0             0             0
MenuSifu                               1             0             0             0             0             1             0             0             0
ubereats                               1             0             0             0             0             1             0             0             0
TOTAL                               3011            16            24             7            62           495          2367             0            40

16 menus, 281 dishes
wrote menus/wip/router-20260906-060328.json
wrote menus/wip/router-20260906-060328.notes.json
