queue 2943 (1933 with a website, 1010 via serper fallback only); routing 2943 at concurrency 4

[   1/2943] no-platform   -            Westfield UTC
[   2/2943][   2/2943] no-platform   -            Crumbl Cookies
[   3/2943] no-platform   -            Sessions by the Bay Cannabis Dispensary and Lounge
[   4/2943] filed         own-jsonld   Peterson's Donut Corner
[   5/2943] no-platform   -            Ghirardelli Ice Cream & Chocolate Shop
[   6/2943] no-platform   -            Westfield UTC
[   7/2943] needs-browser toast        Liberty Public Market
[   8/2943] no-platform   -            Mitsuwa Marketplace - San Diego
[   9/2943] no-platform   -            Kaelin's Market
[  10/2943] needs-browser chownow      Burger Bench Escondido
[  11/2943] needs-browser -            Casa de Freds
[  12/2943] no-platform   -            Cardiff Seaside Market
[  13/2943] no-platform   -            Mama Kat's Restaurant
[  14/2943] no-platform   -            Draft South Mission
[  15/[  15/2943] no-platform   -            Mimi's Cafe
[  16/2943] needs-browser order.online Rodizio Grill Brazil[  17/2943] no-platform   -            Somisomi
[  18/2943] no-platform  [  18/2943] no-platform   -            Taquería Imperial
[  19/2943] no-platform   -            El Super
[  20/2943] no-platform   -            Yogurt Mill
[  21/2943] no-platform   -            Sally's Waterfront Dining
[  22/2943] needs-browser toast        Draft South Mission
[  23/2943] no-platform   -            Twin Peaks
[  24/2943] no-platform   -            Windmill Food Hall
[  25/2943] no-platform   -            Crumbl Cookies
[  26/2943] needs-browser chownow      Brigantine Seafood
[  27/2943] no-platform   -            Public Square Coffee House
[  28/2943] no-platform   -            VG Donut & Bakery
[  29/2943] no-platform   -            Acai Republic - Oceanside
[  30/2943] no-platform   -            Original Pancake House Vista
[  31/2943] no-platform   -            Portside Pier
[  32/2943] no-platform   -            Crumbl Cookies
[  33/2943] no-platform   -            Khyber Pass Zarparan Restaurant | Afghan
[  34/2943] no-platform   -            Lake Cuyamaca Restaurant & Store
[  35/2943] no-platform   -            Otay Farms Market & Mexican Food
[  36/2943] wrong-branch  toast        Lucha Libre Taco Shop
[  37/2943] no-platform   -            Menudería Don Vicente
[  38/2943] needs-browser order.online Tom's Famous Family Restaurant 24
[  39/2943] needs-browser toast        Barrio Star
[  40/2943] needs-browser olo          Dog Haus Biergarten
[  41/2943] no-platform   -            Prohibition Lounge
[  42/2943] no-platform   -            Islands Restaurant Chula Vista
[  43/2943] needs-browser toast        FIT Social
[  44/2943] no-platform   -            Saigon Restaurant
[  45/2943] no-platform   -            Con Pane Rustic Breads & Cafe
[  46/2943] needs-browser Square Online storefront Wayfarer Bread & Pastry
[  47/2943] needs-browser olo          Better Buzz Coffee San Marcos
[  48/2943] no-platform   -            Quartyard
[  49/2943] wrong-branch  toast        Good Night John Boy
[  50/2943] no-platform   -            Crumbl Cookies
[  51/2943] no-platform   -            Rubio's Coastal Grill
[  52/2943] no-platform   -            Kiko's Place-The Seafood King
[  53/2943] no-platform   -            Huckleberry's Breakfast & Lunch
[  54/2943] needs-browser toast        MooTime Creamery
[  55/2943] no-platform   -            Fridas Street Tacos
[  56/2943] needs-browser order.online Primos Mexican Food & Cantina
[  57/2943] no-platform   -            Phở Vân Restaurant
[  58/2943] no-platform   -            Crumbl Cookies
[  59/2943] needs-browser order.online TOM's Famous Family Restaurant 22
[  60/2943] no-platform   -            Sweet Spot Real Jamaican Restaurant
[  61/2943] no-platform   -            Hong Kong Restaurant
[  62/2943] no-platform   -            Crumbl Cookies
[  63/2943] needs-browser plain-html   Por Favor El Cajon
[  64/2943] no-platform   -            Crumbl Cookies
[  65/2943] needs-browser -            Noble Experiment
[  66/2943] needs-browser slice        Massachusetts Mike's Pizzeria
[  67/2943] no-platform   -            Loreto's Taco Shop
[  68/2943] needs-browser toast        Tom's Watch Bar - Petco Park
[  69/2943] too-few       netwaiter    Su Pan Bakery El Cajon
[  70/2943] no-platform   -            Taco Bar
[  71/2943] needs-browser plain-html   Papas & Tacos Mexican Food
[  72/2943] needs-browser chownow      Parakeet Cafe - Little Italy
[  73/2943] no-platform   -            Carnitas Las Michoacánas
[  7[  74/2943] no-platform   -            Plazas Mexican Food
[  75/2943] no-platform   -            Carnitas Las Michoacánas
[  76/2943] no-platform   -            The Shores Restaurant
[  77/2943] needs-browser plain-html   Nick's on State
[  78/2943] no-platform   -            Red Fox Room and St[  79/294[  79/2943] no-platform   -            Los Reyes Me[  80/2943] needs-browser GloriaFood widget That Mexican Place
[  81/2943] no-platform   -            Los Reyes Mexican Restaurant & Cantina
[  82/2943] no-platform   -            Red Fox Room and Steakhouse
[  83/2943] needs-browser order.online Jimbo's - Escondido
[  84/2943] no-platform   -            Los Garcia's[  85/2943][  85/2943] too-few       spothopper   Keba[  86/29[  86/2943] no-platform   -            Fallbrook Cafe
[  87/2943] no-platform   -            El Real Mexican Food
[  88/2943] needs-browser olo          Better Buzz Coffee Escondido
[  89/2943] no-platform   -            Stone Brewing Tap Room - Oceanside
[  90/2943] no-platform   -            Round1 Bowling & Arcade - National City
[  91/2943] needs-browser order.online Vaqueros Carne Asada
[  92/2943] screened-out  order.online Grandma Tofu & BBQ
[  93/2943] needs-browser olo          DQ GRILL & CHILL, OCEANSIDE
[  94/2943] no-platform   -            Barrio Food Hub
[  95/2943] no-platform   -            Los Junior's Mexican Food
[  96/2943] needs-browser order.online Jimbo’s - Carmel Valley
[  97/2943] needs-browser Square Online storefront Empanada Kitchen
[  98/2943] needs-browser slice        Pastalini
[  99/2943] needs-browser slice        Pastalini
[ 100/2943] no-platform   -            I Love Bagels
[ 101/2943] no-platform   -            BunZ
[ 102/2943] no-platform   -            Newtopia Cyder
[ 103/2943] needs-browser toast        The Asian Bistro
[ 104/2943] no-platform   -            Rubio's Coastal Grill
[ 105/2943] no-platform   -            Tiajuana Food Court
[ 106/2943] screened-out  shopify      4th Ave Lounge
[ 107/2943] no-platform   -            Tocumbo Ice Cream
[ 108/2943] no-platform   -            Paradise Lounge & Grill - San Diego's Best Sports Bar
[ 109/2943] no-platform   -            Tacotarian San Diego
[ 110/2943] needs-browser Square Online storefront skybound coffee + dessert lounge
[ 111/2943] needs-browser order.online Sancho's Tacos
[ 112/2943] needs-browser olo          Panini Kabob Grill - Mission Valley
[ 113/2943] no-platform   -            Antonio's Mexican F[ 11[ 114/2943] no-platform   -            It's Raw Poke Shop
[ 115/2943] needs-browser plain-html   Nick's Del Mar
[ 116/2943] needs-browser olo          Better Buzz Coffee Coronado
[ 117/2943] no-platform   -            Crumbl Cookies
[ 118/2943] no-platform   -            Iceskimo
[ 119/2943] needs-browser Square Online (own domain) Up2You Cafe
[ 120/2943] needs-browser Square Online storefront Sunny Side Kitchen
[ 121/2943] needs-browser olo          Better Buzz Coffee Pacific Beach Grand
[ 122/2943] no-platform   -            EQ San Diego
[ 123/2943] no-platform   -            El Primo Birriería
[ 124/2943] no-platform   -            Cute Cakes Bakery & Café
[ 125/2943] needs-browser plain-html   Pancho's Mexican Restaurant
[ 126/2943] no-platform   -            La Concha Bakery
[ 127/2943] needs-browser SpotOn       allmine pizza and pasta
[ 128/2943] needs-browser toast        Galpão Gaucho Brazilian Steakhouse
[ 129/2943] no-platform   -            Hanu Korean BBQ
[ 130/2943] no-platform   -            O'side Bakery
[ 131/2943] no-platform   -            Lucy's Bakery
[ 132/2943] needs-browser toast        1022 Cafe & Gelateria
[ 133/2943] needs-browser toast        1022 Cafe & Gelateria
[ 134/2943] needs-browser spothopper   Village Pizza
[ 135/2943] needs-browser -            Sammy's Woodfire Pizza and Grille
[ 136/2943] needs-browser toast        Risers Pizza
[ 137/2943] needs-browser order.online Robertito's Mexican Food
[ 138/2943] no-platform   -            Zarlitos Family Restaurant
[ 139/2943] no-platform   -            Eppig Brewing Co. Waterfront Biergarten
[ 140/2943] no-platform   -            Baci Restaurant | Italian
[ 141/2943] needs-browser toast        Shaks Mediterranean Bistro
[ 142/2943] needs-browser order.online Sukho Thai Extraordinaire
[ 143/2943] needs-browser Square Online (own domain) Camp Coffee Company
[ 144/2943] no-platform   -            Golden Mandarin
[ 145/2943] needs-browser -            Beyer Deli
[ 146/2943] needs-browser Square Online (own domain) Beach City Smoothies
[ 147/2943] needs-browser Square Online (own domain) Portal Coffee
[ 148/2943] no-platform   -            Golden Donut
[ 149/2943] needs-browser SpotOn       Souplantation
[ 150/2943] no-platform   -            Frida’s Taqueria Oceanside
[ 151/2943] needs-browser Square Online storefront Prager Brothers Artisan Breads
[ 152/2943] needs-browser spothopper   Los Panchos Mexican Grill & Seafood
[ 153/2943] no-platform   -            The Bella Lounge
[ 154/2943] no-platform   -            Rubio's Coastal Grill
[ 155/2943] no-platform   -            Mi Ranchito Taco Shop
[ 156/2943] no-platform   -            Edelweiss Bakery
[ 157/2943] no-platform   -            Market on 8th
[ 158/2943] no-platform   -            Superbloom Coffee & Juice
[ 159/2943] needs-browser -            California Pizza Kitchen at Solana Beach
[ 160/2943] needs-browser MealKeyWay   Dumplings N Mo[ 161/2943] needs-browser MealKeyWay   Dumplings N More
[ 162/2943] needs-browser spothopper   Penelopes Mexican Food
[ 163/2943] needs-browser Square Online storefront Maan's Medit[ 164/2943] nee[ 164/2943] no-platform   -            Niederfrank's Ice Cream
[ 165/2943] screened-out  shopify      Ascend Coffee Roasters
[ 166/2943] no-platform   -            GelatoLove Car[ 167/2943] screened-out  shopify      Ascend Coffee Roasters
[ 168[ 168/2943] needs-browser toast        The Remy
[ 169/2943] no-platform   -            Panda Imperial Restaurant
[ 170/2943] no-platform   -            Mariscos[ 171/2943] no[ 171/2943] no-platform   -            Quixote
[ 172/2943] too-few       order.online Ben & Jerry's
[ 173/2943] no-platform   -            The Cowshed
[ 174/2943] needs-browser order.online Rise Southern Biscuits & Righteous Chicken - San Diego
[ 175/2943] no-platform   -            Manna Heaven BBQ - National City
[ 176/2943] no-platform   -            The Cowshed
[ 177/2943] no-platform   -            Bonchon Chicken
[ 178/2943] no-platform   -            Crumbl Cookies
[ 179/2943] needs-browser toast        Sultan Baklava
[ 180/2943] no-platform   -            Red Lobster
[ 181/2943] needs-browser -            The Invigatorium
[ 182/2943] no-platform   -            Chiroys Cafe
[ 183/2943] needs-browser HungerRush   Flippin' Pizza NY Pies and Slice[ 184/2943] needs-browser HungerRush   Flippin' Pizza NY Pies and Slic[ 185/2943] no-platform   -            Yingli Restaurant | Chula Vista
[ 186/2943] needs-browser spothopper   3N1 Sports Bar & Grill
[ 187/2943] no-platform   -            Green Vine Delicatessen
[ 188/2943] no-platform   -            Jts Clubhouse Pub and Grill
[ 189/2943] no-platform   -            The Vibe
[ 190/2943] too-few       netwaiter    Aiberto's Taco Shop
[ 191/2943] no-platform   -            Marina Kitchen
[ 192/2943] no-platform   -            Manna Heaven BBQ Downtown
[ 193/2943] no-platform   -            Pacific Beach Ice Cream Co.
[ 194/2943] needs-browser spothopper   Julian Hard Cider
[ 195/2943] no-platform   -            Curbside Eatery & Drinkery
[ 196/2943] no-platform   -            Leucadia Donut Shoppe
[ 197/2943] no-platform   -            Arizona Chinese Restaurant
[ 198/2943] needs-browser -            The Rooftop by STK
[ 199/2943] needs-browser -            Canyon Grille
[ 200/2943] no-platform   -            ICHIBAN RAMEN AND SUSHI
[ 201/2943] no-platform   -            Muri Coffee & Dessert
[ 202/2943] no-platform   -            China Fun
[ 203/2943] needs-browser toast        Tabu Sushi Bar & Grill Santee
[ 204/2943] no-platform   -            Lighthouse Ice Cream
[ 205/2943] no-platform   -            SOMISOMI
[ 206/2943] no-platform   -            Savory Thai Restaurant
[ 207/2943] no-platform   -            The Buffet
[ 208/2943] no-platform   -            Ami Sushi
[ 209/2943] wrong-branch  toast        Beeside Balcony La Jolla
[ 210/2943] no-platform   -            Seafood La 57
[ 211/2943] no-platform   -            Hidden Fish
[ 212/2943] no-platform   -            Coffee by Malibu[ 213/2943] no-platform   -            Coffee by Malibu Farm
[ 214/2943] needs-browser Square Online storefront Portinos Restaurant
[ 215/2943] no-platform   -            Sandwich Emporium
[ 216/2943] too-few       shopify      Mr. Coconut CA
[ 217/2943] no-platform   -            Draft Republic San Marcos
[ 218/2943] needs-browser toast        QUICK BITES CAFE / Best Sandwiches
[ 219/2943] no-platform   -            Hurricane Grill & Wings
[ 220/2943] no-platform   -            El Charro Mexican Food
[ 221/2943] no-platform   -            Black Cat Bar
[ 222/2943] needs-browser -            Truckstop Saloon
[ 223/2943] no-platform   -            La Sabrosita
[ 224/2943] needs-browser MealKeyWay   大鼓米线Dagu Miishien
[ 225/2943] no-platform   -            Emma's Mexican Food
[ 226/2943] no-platform   -            Duck Foot Brewing
[ 227/2943] no-platform   -            La Central - Birrieria y Menuderia
[ 228/2943] no-platform   -            Helix Brewing Co.
[ 229/2943] needs-browser spothopper   il Sogno Italiano
[ 230/2943] no-platform   -            Mariscos La Perla Negr[ 231/2943] needs-browser spothopper   il Sogno Italiano
[ 232/2943] no-platform   -            Rancho Las Palmas Mexican Grill & Seafood
[ 233/2943] no-platform   -            Spitz Mediterranean Street Food
[ 234/2943] no-platform   -            Paris Baguette
[ 235/2943] needs-browser toast        Healthy Creations Cafe
[ 236/2943] no-platform   -            New York Buffalo Wings
[ 237/2943] no-platform   -            Angelito's Fruteria Y Neveria
[ 238/2943] needs-browser toast        Valentina
[ 239/2943] [ 239/2943] no-platform   -            Fortuna Ristorante Italiano
[ 240/2943] needs-browser toast        Valentina
[ 241/2943] needs-browser Square Online storefront El Cajon Elks Lodge 1812
[ 242/2943] no-platform   -            Phở Carlsbad
[ 243/2943] gated         chownow      Finney's Crafthouse
[ 244/2943] no-platform   -            Phở Carlsbad
[ 245/2943] no-platform   -            Kinaly Thai Restaurant
[ 246/2943] no-platform   -            SanSai Japanese Grill
[ 247/2943] no-platform   -            Handel's Homemade Ice Cream Vista
[ 248/2943] needs-browser toast        Novo Brazil Brewing Mission Valley
[ 249/2943] no-platform   -            Fugu
[ 250/2943] needs-browser Square Online storefront Genteel Coffee Roasters
[ 251/2943] needs-browser order.online TOUS les JOURS Bakery Café - La Jolla
[ 252/2943] needs-browser toast        NOIR Sushi and Sake Fusion Lounge
[ 253/2943] no-platform   -            Hopnonymous Brewing Company
[ 254/2943] no-platform   -            Marisco's German
[ 255/2943] no-platform   -            The Par Lounge and Deck
[ 256/2943] no-platform   -            Flora
[ 257/2943] no-platform   -            Tocumbo Ice Cream CV
[ 258/2943] needs-browser order.online Burrito Leo's Mexican Foo[ [ 259/2943] needs-browser slice        HillCrust Pizza
[ 260/2943] needs-browser toast        Angry Chickz - Oceanside
[ 261/2943] no-platform   -            Ramones Cantina
[ 262/2943] needs-browser order.online Yogurt Heaven
[ 263/2943] gated         chownow      Bob's Steak & Chop House
[ 264/2943] needs-browser Square Online (own domain) CUPPA CUPPA COFFEE COMPANY
[ 265/2943] no-platform   -            Zen 5
[ 266/2943] no-platform   -            1St Street Bar
[ 267/2943] no-platform   -            Catalina Offshore Products
[ 268/2943] needs-browser Square Online storefront New English Brewing - San Diego Brewery
[ 269/2943] needs-browser toast        Burgeon Beer Company
[ 270/2943] wrong-branch  toast        Pure Project Vista
[ 271/2943] no-platform   -            A.R. Valentien
[ 272/2943] no-platform   -            Lucy's Bakery
[ 273/2943] no-platform   -            Aztec Brewing Company
[ 274/2943] no-platform   -            Sweet Bakery Mexico Lindo
[ 275/2943] no-platform   -            Cafe Bella Drive Thru
[ 276/2943] no-platform   -            Off The 8 Café
[ 277/2943] needs-browser order.online NuYo Frozen Yogurt Telegraph Canyon
[ 278/2943] needs-browser olo          Randy's Donuts
[ 279/2943] [ 279/2943] needs-browser HungerRush   Buonasera New Yo[ 280/2943] no-platform   -            Booze Brothers Brewing Co.
[ 281/2943] needs-browser Square Online (own domain) Solana Sumptuous Cookies
[ 282/2943] needs-browser olo          Luna Grill Millenia
[ 283/2943] no-platform   -            Sushi On San Marcos - Japanese Restaurant
[ 284/2943] needs-browser MealKeyWay   Surfing Crab Escondido
[ 285/2943] no-platform   -            Royal India Express
[ 286/2943] no-platform   -            We Olive & Wine Bar
[ 287/2943] screened-out  menufy       Ginza Sushi
[ 288/2943] wrong-branch  toast        Belching Beaver Brewery Oceanside
[ 289/2943] no-platform   -            Dragon Express
[ 290/2943] no-platform   -            California Mountain Bakery
[ 291/2943] no-platform   -            The Confessional by The Lost Abbey
[ 292/2943] no-platform   -            The Craft Creamery
[ 293/2943] needs-browser toast        Tacaliente Mexican Grill
[ 294/2943] needs-browser order.online bb.q Chicken Chula Vista
[ 295/2943] wrong-branch  popmenu      Max's Restaurant Chula Vista, Cuisine of the Philippines
[ 296/2943] needs-browser HungerRush   Pop Pops Paleta
[ 297/2943] no-platform   -            Ike's Love & Sandwiches
[ 298/2943] no-platform   -            Thai Island@
[ 299/2943] needs-browser Square Online (own domain) B[ 300/2943] needs-browser [ 300/2943] needs-browser toast        Rosemonts Cafe
[ 301/2943] no-platform   -            BKK THAI KITCHEN
[ 302/2943] needs-browser spothopper   Santos Coffee
[ 303/2943] no-platform   -            Palomino's Mexican & Seafood
[ 304/2943] no-platform   -            Deft Brewing
[ 305/2943] no-platform   -            Crumbl Cookies
[ 306/2943] no-platform   -            Rolling-Out
[ 307/2943] no-platform   -            Los Armando's Mexican Food
[ 308/2943] no-platform   -            The Art of Espresso
[ 309/2943] no-platform   -            Mesa Pizza
[ 310/2943] wrong-branch  toast        Madi Pacific Beach
[ 311/2943] needs-browser order.online bb.q Chicken National City
[ 312/2943] no-platform   -            Athens Market Taverna
[ 313/2943] no-platform   -            Teriyaki Sun
[ 314/2943] needs-browser MealKeyWay   Ocean Buffet
[ 315/2943] no-platform   -            TapShack Kombucha & Coffee
[ 316/2943] no-platform   -            Avenue Subs Coronado
[ 317/2943] needs-browser order.online San Diego Sandwich Co
[ 318/2943] needs-browser Square Online (own domain) Matcha Cafe Maiko - Escondido
[ 319/2943] no-platform   -            Kaka Rawand - كباب كاكه روند (ملحمة أنوار)
[ 320/2943] wrong-branch  order.online Lourdes Mexican Food San Elijo
[ 321/2943] no-platform   -            Botani Breakfast & Pizze[ 32[ 322/2943] needs-browser HungerRush   Flippin' Pizza La Costa
[ 323/2943] needs-browser olo          Better Buzz Coffee Oceanside South
[ 324/2943] needs-browser -            Marieta's Mexican Food
[ 325/2943] needs-browser spothopper   Johnny Mañanas Ocean Beach
[ 326/2943] no-platform   -            Sky Deck at Del Mar Highlands Town Center
[ 327/2943] no-platform   -            Eugenio Italian Ristorante & More
[ 328/2943] no-platform   -            Mi Barra Bar
[ 329/2943] needs-browser order.online Poki Poki - Oceanside # 1
[ 330/2943] no-platform   -            The Library Tavern
[ 331/2943] no-platform   -            Cake de Partie
[ 332/2943] screened-out  own-jsonld   Hanna Garden
[ 333/2943] no-platform   -            Saigon Star Restaurant
[ 334/2943] needs-browser toast        Novo Brazil Brewing - Lane Ave
[ 335/2943] screened-out  own-jsonld   Hanna Garden
[ 336/2943] no-platform   -            Thai Garden
[ 337/2943] no-platform   -            Paris Baguette
[ 338/2943] no-platform   -            Mama G’s Kitchen & Sauces Peruvian Cuisine
[ 339/2943] no-platform   -            Kababayan Bakery
[ 340/2943] no-platform   -            the Koffie C[ [ 341/2943] no-platform   -            Donuts Plus
[ 342/2943] no-platform   -            Continent Delicatessen
[ 343/2943] no-platform   -            Relic Bakery & Kitchen
[ 344/2943] no-platform   -            Surf City Squeeze
[ 345/2943] no-platform   -            The Camp Store
[ 346/2943] no-platform   -            Bravo Cafe
[ 347/2943] no-platform   -            Famous Oasis Ice Cream Parlor
[ 348/2943] needs-browser SpotOn       Porky's Lechon Barbecue
[ 349/2943] no-platform   -            Galu Café and Delicatessen
[ 350/2943] no-platform   -            Pizza Mania
[ 351/2943] no-platform   -            Backdraft Bar & Grill
[ 352/2943] screened-out  shopify      Barefoot Coffee Roasters
[ 353/2943] no-platform   -            Valerio's 1979
[ 354/2943] needs-browser Square Online storefront Crossroads Deli
[ 355/2943] needs-browser plain-html   South of Nick's Del Mar | Mexican Kitchen + Bar
[ 356/2943] filed         shopify      Flor and Seed Coffee Roasters
[ 357/2943] needs-browser spothopper   Isabelle Briens French Pastry Cafe
[ 358/2943] needs-browser Square Online (own domain) Elixir Espresso & Wine Bar
[ 359/2943] no-platform   -            Wisteria Candy Cottage
[ 360/2943] needs-browser order.online Primos Mexican Food & Cantina
[ 361/2943] too-few       netwaiter    Opa Greek Restaurant & Grill
[ 362/2943] no-platform   -            KD's Donuts
[ 363/2943] no-platform   -            P.L. Bagels
[ 364/2943] needs-browser SpotOn       Lupe's Cafe Mexican Restaurant
[ 365/2943] no-platform   -            Ginza Sushi
[ 366/2943] no-platform   -            Imperial Express
[ 367/2943] needs-browser MenuSifu     Sizzling Pot King
[ 368/2943] no-platform   -            Bica Coffee Shop
[ 369/2943] no-platform   -            Taste of Denmark
[ 370/2943] gated         chownow      CinKuni (Italian & Japanese Cuisine)
[ 371/2943] needs-browser olo          Tocaya Modern Mexican
[ 372/2943] no-platform   -            Potato Corner
[ 373/2943] needs-browser SpotOn       Tasty Pho
[ 374/2943] needs-browser toast        The Outpost by Valley Farm
[ 375/2943] wrong-branch  order.online Ciné Café
[ 376/2943] needs-browser olo          Better Buzz Coffee Imperial Beach
[ 377/2943] needs-browser Square Online (own domain) Tyne Coffee Co.
[ 378/2943] no-platform   -            Cielo Rooftop
[ 379/2943] no-platform   -            Beginners Diner
[ 380/2943] no-platform   -            California Bean
[ 381/2943] needs-browser -            Swami's
[ 382/2943] no-platform   -            El Original Mariscos German
[ 383/2943] needs-browser Square Online (own domain) Chef Budda Blasian Soul Food LLC
[ 384/2943] no-platform   -            Alibi
[ 385/2943] no-platform   -            Calico Cidery
[ 386/2943] too-few       shopify      Culture Brewing
[ 387/2943] filed         order.online The Pad Thai Stand
[ 388/2943] no-platform   -            KM BBQ
[ 389/2943] no-platform   -            Glazed Coffee & Creamery
[ 390/2943] no-platform   -            Kaffee Meister
[ 391/2943] no-platform   -            Mariscos Gonzalez
[ 392/2943] needs-browser olo          Luna Grill Encinitas
[ 393/2943] no-platform   -            Live Oak Market & restaurant @ gas station
[ 394/2943] no-platform   -            Piedra Santa
[ 395/2943] no-platform   -            East Village Brewing Company
[ 396/2943] no-platform   -            The Leucadian
[ 397/2943] too-few       netwaiter    Wings mix
[ 398/2943] no-platform   -            Mariscos La Bola
[ 399/2943] no-platform   -            Hill Street Donut House
[ 400/2943] no-platform   -            Beach + Taco Shack
[ 401/2943] needs-browser toast        Na Tart
[ 402/2943] no-platform   -            Menuderia y mariscos GDL
[ 403/2943] no-platform   -            Brewjería Taproom & Kitchen
[ 404/2943] no-platform   -            Gyrogrill
[ 405/2943] needs-browser Square Online storefront Garden Coffee
[ 406/2943] needs-browser Square Online storefront Thyme for Lunch Cafe & Grill
[ 407/2943] wrong-branch  popmenu      Cocina de Barrio North Park
[ 408/2943] needs-browser slice        Giant Pizza King Linda Vista
[ 409/2943] no-platform   -            ENO Market & Pizzeria
[ 410/2943] no-platform   -            Fridas Taqueria
[ 411/2943] needs-browser toast        Okama Ramen and Grill
[ 412/2943] needs-browser -            Olala Crepes
[ 413/2943] needs-browser clover       Himalayan Bistro Oceanside
[ 414/2943] no-platform   -            Nickel Beer Company
[ 415/2943] needs-browser order.online Fatboy's D[ 416/2943] needs-browser order.online Fatboy's Deli & Spirits
[ 417/2943] no-platform   -            SoCal Sushi
[ 418/2943] screened-out  menufy       IB Thai
[ 419/2943] no-platform   -            Phở Hòa Restaurant | Vietnamese
[ 420/2943] no-platform   -            Mujeres Brew House
[ 421/2943] no-platform   -            Fusion Bar & Lounge
[ 422/2943] no-platform   -            Gooseberries kafe
[ 423/2943] needs-browser toast        Chula Vista Brewery
[ 424/2943] no-platform   -            Paris Baguette
[ 425/2943] needs-browser Square Online (own domain) Industrial Grind Coffee
[ 426/2943] needs-browser chownow      Ironsmith Coffee Roasters
[ 427/2943] no-platform   -            The Grounds Bean Bar
[ 428/2943] no-platform   -            Home Coffee
[ 429/2943] needs-browser Square Online storefront Mesa Agricola
[ 430/2943] needs-browser order.online Memo's Bagel Café
[ 431/2943] needs-browser chownow      Pho Hiep & Grill
[ 432/2943] screened-out  shopify      Seven Seas Roasting Company
[ 433/2943] no-platform   -            Gelabong
[ 434/2943] no-platform   -            Oculto 477
[ 435/2943] no-platform   -            Caffé Adesso
[ 436/2943] needs-browser Square Online storefront iWok Chinese Kitchen
[ 437/2943] needs-browser order.online L&L Hawaiian Barbecue - San Marcos (Inside Walmart)
[ 438/2943] needs-browser slice        West Coast Pizza Company
[ 439/2943] needs-browser Square Online storefront Mnemonic Coffee
[ 440/2943] no-platform   -            Donut Factory
[ 441/2943] no-platform   -            Charli's Landing
[ 442/2943] no-platform   -            Chopsticks Chinese Cuisine
[ 443/2943] needs-browser toast        Fat Joe’s O’side
[ 444/2943] gated         toast        Convoy Music [ 44[ 445/2943] no-platform   -            Tea Pavil[ 44[ 446/2943] needs-browser toast        SOBREM[ 44[ 447/2943] no-platform   -            Pick Up Stix Fresh Asian Flavors
[ 448/2943] no-platform   -            Mutual Friend Ice Cream
[ 449/2943] needs-browser -            Banh Mi Blvd
[ 450/2943] no-platform   -            Poki Poki - Escondido
[ 451/2943] no-platform   -            Katsuya Ko
[ 452/2943] needs-browser toast        Paradisaea
[ 453/2943] no-platform   -            La Moreliana
[ 454/2943] needs-browser Square Online (own domain) Dot Cafe
[ 455/2943] no-platform   -            The BLVD Bar
[ 456/2943] no-platform   -            Bistro Pazzo
[ 457/2943] no-platform   -            Bronze Bird
[ 458/2943] needs-browser order.online BB's Deli
[ 459/2943] no-platform   -            Paris Baguette
[ 460/2943] no-platform   -            Valentinas Taco Shop
[ 461/2943] no-platform   -            Memo's Golden Bagel
[ 462/2943] no-platform   -            YGF Malatang
[ 463/2943] needs-browser slice        Pop's Pizza
[ 464/2943] needs-browser order.online Le Macaron French Pastries
[ 465/2943] needs-browser -            Seaview Restaurant
[ 466/2943] needs-browser order.online bb.q Chicken Vista
[ 467/2943] no-platform   -            The Reunion
[ 468/2943] no-platform   -            The Lean Bean
[ 469/2943] no-platform   -            Premier Pub
[ 470/2943] needs-browser SpotOn       Kalei's Kitchenette
[ 471/2943] no-platform   -            Side Chick - Chicken & Fries
[ 472/2943] no-platform   -            Eat Your Heart Out II
[ 473/2943] needs-browser MealKeyWay   Iron Wok
[ 474/2943] no-platform   -            Julian Station
[ 475/2943] needs-browser order.online Häagen-Dazs
[ 476/2943] needs-browser toast        Origen
[ 477/2943] no-platform   -            San Diego Blenders
[ 478/2943] no-platform   -            EL ENCANTO SD
[ 479/2943] needs-browser toast        Tahini Authentic Middle Eastern Street Food - Mission Valley
[ 480/2943] needs-browser slice        Rock On Pizza
[ 481/2943] no-platform   -            Quality Taste Pot
[ 482/2943] no-platform   -            Masala house Indian Restaurant & Catering
[ 483/2943] no-platform   -            Pazzos Italian
[ 484/2943] no-platform   -            Nanay's Best BBQ
[ 485/2943] no-platform   -            Bar Kamon
[ 486/2943] needs-browser Square Online storefront Sue's Korean Kitchen
[ 487/2943] no-platform   -            Fruttos Yogurt
[ 488/2943] no-platform   -            Al Teatro Panini Grill
[ 489/2943] screened-out  shopify      BEAURISTA COFFEE
[ 490/2943] no-platform   -            Delah Coffee - North Park
[ 491/2943] no-platform   -            Idego Coffee Roasters
[ 492/2943] no-platform   -            Explorers Café
[ 493/2943] no-platform   -            Frutas
[ 494/2943] no-platform   -            Jalisco Cantina
[ 495/2943] needs-browser Square Online storefront Tacoman
[ 496/2943] no-platform   -            Criscito Pizza
[ 497/2943] needs-browser Square Online storefront La Ola Seafood
[ 498/2943] too-few       netwaiter    Nolberto's Taco Shop
[ 499/2943] no-platform   -            43 Area Mess Hall
[ 500/2943] no-platform   -            Nory's Donut & Bakery
[ 501/2943] needs-browser olo          Panini Kabob Grill - Westfield UTC
[ 502/2943] needs-browser spothopper   Liberty Wing Co
[ 503/2943] no-platform   -            NuYo Frozen Yogurt Eastlake
[ 504/2943] wrong-branch  toast        Lucha Libre Taco Shop
[ 505/2943] no-platform   -            Great Khan's Mongolian Grill Carlsbad
[ 506/2943] no-platform   -            Nana's and Pops Sweet Shop
[ 507/2943] no-platform   -            SHELTER Encinitas
[ 508/2943] no-platform   -            The Luau
[ 509/2943] no-platform   -            Sideways Bar
[ 510/2943] no-platform   -            Red Ribbon Bakeshop
[ 511/2943] no-platform   -            Victor's Kafe - Poway
[ 512/2943] no-platform   -            Crispy Cones - Carlsbad
[ 513/2943] no-platform   -            Coral Tree Tea House
[ 514/2943] no-platform   -            Hino
[ 515/2943] needs-browser olo          Better Buzz Coffee Del Mar
[ 516/2943] no-platform   -            Christophe Rull Patis[ 517/[ 517/2943] needs-browser spothopper   N City Sports Lounge
[ 518/2943] no-platform   -            Prince Hookah Cafe
[ 519/2943] no-platform   -            P B Pub
[ 520/2943] no-platform   -            World Famous I Bar
[ 521/2943] needs-browser Square Online storefront Prager Brothers Artisan Bread
[ 522/2943] no-platform   -            Red Ribbon Bakeshop
[ 523/2943] no-platform   -            Cafe Bella Midway
[ 524/2943] no-platform   -            Captain's Quarters
[ 525/2943] no-platform   -            JOEHNS Coffee
[ 526/2943] needs-browser toast        La Jollita
[ 527/2943] no-platform   -            Thai Style
[ 528/2943] no-platform   -            Brown Bag Deli
[ 529/2943] no-platform   -            The Halal Shack
[ 530/2943] needs-browser toast        Mr. Charlie's
[ 531/2943] needs-browser Square Online storefront Fan-Fan
[ 532/2943] no-platform   -            Aztec Food Hub
[ 533/2943] needs-browser -            Sammy's Restaurant & Bar
[ 534/2943] needs-browser MealKeyWay   One More Bite Dumpling--San Marcos
[ 535/2943] no-platform   -            Tony’s Newport Cafe
[ 536/2943] wrong-branch  toast        Chin's Szechwan - Point Loma
[ 537/2943] no-platform   -            Tacos de Birria El Chinito Jr
[ 538/2943] needs-browser plain-html   Donut Stop
[ 539/2943] no-platform   -            Penguin Yogurt Factory
[ 540/2943] no-platform   -            Gong Cha
[ 541/2943] no-platform   -            Dos Vaqueros Mexican Food
[ 542/2943] screened-out  clover       OB Quik Stop Liquor & OB Deli
[ 543/2943] no-platform   -            Taco Time Food Truck
[ 544/2943] no-platform   -            Kona Coffee
[ 545/2943] needs-browser Square Online storefront Prager Brothers Artisan Breads
[ 546/2943] no-platform   -            The Elegant Truffle
[ 547/2943] needs-browser Square Online (own domain) Beach City Smoothies - Oceanside
[ 548/2943] needs-browser SpotOn       D Wings & Ribs
[ 549/2943] needs-browser toast        Prey Brewing Company
[ 550/2943] needs-browser -            SHAKA Coffee
[ 551/2943] wrong-branch  order.online Party Burgers by Booze Brothers Brewing Co
[ 552/2943] no-platform   -            ThirsTea - Boba, Rolled Ice Cream
[ 553/2943] no-platform   -            Millport
[ 554/2943] needs-browser -            Panorama Bar & Grill
[ 555/2943] no-platform   -            Stagecoach Inn
[ 556/2943] needs-browser Square Online (own domain) Interim Coffee
[ 557/2943] no-platform   -            Dreamwave Coffee
[ 558/2943] no-platform   -            The Saloon
[ 559/2943] needs-browser slice        Lakes Market & Deli
[ 560/2943] no-platform   -            Seahorse Coffee
[ 561/2943] no-platform   -            Michi Michi Baking Collective
[ 562/2943] no-platform   -            Pier Pizza
[ 563/2943] needs-browser toast        Matoi
[ 564/29[ 564/2943] needs-browser toast        Tsunami Modern Cuisine
[ 565/2943] no-platform   -            Ichifuji Sushi
[ 566/2943] needs-browser toast        Matoi
[ 567/2943] needs-browser Square Online storefront Cargo Cafe
[ 568/2943] needs-browser order.online Poki Poki - Encinitas
[ 569/2943] needs-browser MealKeyWay   JCK Asia Kitchen & Bar
[ 570/2943] needs-browser MealKeyWay   Dumplings N More
[ 571/2943] needs-browser HungerRush   Trining's Bakery & Cafe
[ 572/2943] needs-browser MealKeyWay   Zhengxin Chicken Steak
[ 573/2943] no-platform   -            Parkys
[ 574/2943] needs-browser toast        Bonehead Burger Co.
[ 575/2943] needs-browser Square Online (own domain) Elixir Espresso Bar
[ 576/2943] no-platform   -            Shanghai Cuisine
[ 577/2943] needs-browser toast        Docent Brewing
[ 578/2943] needs-browser Square Online storefront Sul & Beans
[ 579/2943] needs-browser MealKeyWay   Ten Gu Ramen
[ 580/2943] no-platform   -            Poor House Brewing Company
[ 581/2943] no-platform   -            Little Joy Coffee[ 582[ 582/2943] screened-out  order.online La Fresita Y Mas
[ 583/2943] no-platform   -            China Express
[ 584/2943] no-platform   -            Mr. Pulpo Sea Food
[ 585/2943] needs-browser Square Online storefront ZzanG Hotdog & Chicken
[ 586/2943] no-platform   -            The Lean Machine Meal Prep
[ 587/2943] no-platform   -            Reds Whites and Brews
[ 588/2943] needs-browser MealKeyWay   Hi!Dumplings
[ 589/2943] no-platform   -            CoLab Public House
[ 590/2943] no-platform   -            Finca
[ 591/2943] too-few       shopify      Culture Brewing
[ 592/2943] needs-browser toast        Tita's Taco Shop
[ 593/2943] screened-out  clover       Hooked On Pokè
[ 594/2943] wrong-branch  order.online Saffron and Rose Persian Ice Cream Del Mar
[ 595/2943] no-platform   -            Fuzziwig's Candy Factory
[ 596/2943] needs-browser olo          Sweetfin
[ 597/2943] no-platform   -            Pick Up Stix Fresh Asian Flavors
[ 598/2943] needs-browser order.online Daniel's [ 599/2943[ 599/2943] needs-browser SpotOn       Crest Tac[ [ 600/2943] needs-browser order.online EsKiNiTa
[ 601/2943] no-platform   -            Channel 2 Sports Bar
[ 602/2943] no-platform   -            Chee-Chee Club
[ 603/2943] needs-browser Square Online (own domain) JAVA GARDEN
[ 604/2943] no-platform   -            El Culichi - Birriería y Cenaduría
[ 605/2943] needs-browser SpotOn       Hot or Not Thai
[ 606/2943] no-platform   -            Borrego Rooftop
[ 607/2943] needs-browser MealKeyWay   Szechuan Chef Chinese Cuisine
[ 608/2943] no-platform   -            858 Burger
[ 609/2943] needs-browser Paytronix    Pure Green Carlsbad - smoothies + acai + cold-pressed juice
[ 610/2943] no-platform   -            Rosa's Ice Cream and Fruit Bar
[ 611/2943] no-platform   -            Bistro Kaz
[ 612/2943] no-platform   -            The Landing Strip Restaurant and Bar
[ 613/2943] needs-browser HungerRush   Flippin Pizza Encinitas
[ 614/2943] no-platform   -            8th & B Poke
[ 615/2943] screened-out  shopify      Mcilhenney Brewing Co.
[ 616/2943] filed         own-jsonld   Donut Star
[ 617/2943] no-platform   -            La Central
[ 618/2943] needs-browser order.online DaYung's Tea
[ 619/2943] needs-browser -            Elote Restaurant
[ 620/2943] needs-browser toast        Mess Hall
[ 621/2943] no-platform   -            Danny's Deli - Jacumba
[ 622/2943] needs-browser toast        Between Us
[ 623/2943] no-platform   -            Chen Golden Palace
[ 624/2943] needs-browser plain-html   Chef’s Wok & Dumplings
[ 625/2943] no-platform   -            Mike Hess Brewing Tasting Room
[ 626/2943] needs-browser toast        Stella Jean's Ice Cream Kensington
[ 627/2943] needs-browser toast        Wine Girl San Diego
[ 628/2943] no-platform   -            Deano's Pub
[ 629/2943] no-platform   -            Yummy Spoon
[ 630/2943] no-platform   -            It's A Piece A C[ 631/2943] no-platform   -            City Dragon
[ 632/2943] no-platform   -            City Dragon
[ 633/2943] no-platform   -            Sundaes at The Del
[ 634/2943] needs-browser toast        Upper East
[ 635/2943] no-platform   -            The Island at Carlsbad
[ 636/2943] no-platform   -            Kaki Sushi
[ 637/2943] no-platform   -            Okavango Outpost
[ 638/2943] no-platform   -            Canyon Vista Restaurant
[ 639/2943] no-platform   -            Tender Hooligan
[ 640/2943] no-platform   -            Yakumi Sushi SD
[ 641/2943] wrong-branch  toast        Perfect Pizza
[ 642/2943] needs-browser toast        Big City Bagels-[ 643/2943] wrong-branch  toast        Perfect Pizza
[ 644/2943] no-platform   -            Bighorn Fudge LLC
[ 645/2943] no-platform   -            Silver Gate Yacht Club
[ 646/294[ 646/2943] no-platform   -            S[ 647/2943] needs-brow[ 647/2943] no-platform   -            San Diego Eagle
[ 648/2943] needs-browser chownow      Burger Bench Vista
[ 649/2943] no-platform   -            Mikara Cafe
[ 650/2943] no-platform   -            Intazza Coffee Mug & Grub
[ 651/2943] no-platform   -            Kinchana
[ 652/2943] no-platform   -            Somisomi
[ 653/2943] no-platform   -            Karihan Filipino Food
[ 654/2943] needs-browser order.online Taste of Thai
[ 655/2943] needs-browser order.online Elsa's Kitchen
[ 656/2943] no-platform   -            Spoon House
[ 657/2943] needs-browser clover       Ryan Bros Coffee City Heights
[ 658/2943] needs-browser Square Online storefront House of Pho
[ 659/2943] no-platform   -            The Mission Bay Beach Club
[ 660/2943] needs-browser Square Online storefront Copa Vida
[ 661/2943] no-platform   -            Gloria's Taco Shop
[ 662/2943] no-platform   -            Juice Alchemy
[ 663/2943] no-platform   -            Hoffer's Cigar Bar
[ 664/2943] needs-browser Square Online storefront Mad Munch Grilled Cheezer Co.
[ 665/2943] wrong-branch  toast        Achilles Coffee [ 666/2943] wrong-branch  toast        Achilles Coffee Roasters
[ 667/2943] screened-out  slice        Mike's Giant New York Pizza
[ 668/2943] wrong-branch  toast        Cala La Jolla Café
[ 669/2943] needs-browser MealKeyWay   Fish With You ｜Spicy & Sour Fish Soup 鱼你在一起酸菜鱼
[ 670/2943] needs-browser plain-html   JNC Pinoy Foodmart
[ 671/2943] screened-out  order.online Carbonaro's
[ 672/2943] needs-browser spothopper   Bear Roots Brewing Co.
[ 673/2943] no-platform   -            Pure Meal Prep SD
[ 674/2943] no-platform   -            Teriyaki Madness
[ 675/2943] no-platform   -            Cool Down Coffee
[ 676/2943] screened-out  order.online Frida's Taqueria
[ 677/2943] no-platform   -            The Gärten
[ 678/2943] needs-browser toast        Thai Ladle
[ 679/2943] wrong-branch  toast        Common Theory Chula Vista
[ 680/2943] needs-browser chownow      Leos Kitchen
[ 681/2943] needs-browser chownow      Juice Kaboose
[ 682/2943] no-platform   -            SD Cookie Guru
[ 683/2943] no-platform   -            Two Hands Corn Dog San Marcos
[ 684/2943] no-platform   -            Smittys Downtown
[ 685/2943] needs-browser toast        Junction Bar & Grill
[ 686/2943] filed         own-jsonld   Chiim Thai
[ 687/2943] no-platform   -            The Elwood
[ 688/2943] no-platform   -            Arcana Brewing Company
[ 689/2943] no-platform   -            Godfather's Diner
[ 690/2943] no-platform   -            Tom's Chinese BBQ
[ 691/2943] wrong-branch  toast        Taco Lounge Escaya
[ 692/2943] no-platform   -            La Nacional
[ 693/2943] needs-browser toast        Sultan Baklava Mediterranean Grill
[ 694/2943] needs-browser order.online Deli Belly
[ 695/2943] no-platform   -            Juan Jasper Kitchen & Wine
[ 696/2943] needs-browser spothopper   Bear Roots Tavern
[ 697/2943] no-platform   -            JJANG Korean bbq
[ 698/2943] no-platform   -            2N1 Korean BBQ
[ 699/2943] no-platform   -            All Stars Sports Bar & Grill
[ 700/2943] no-platform   -            Las Brazas Mexican Food
[ 701/2943] no-platform   -            Forbidden Cove
[ 702/2943] needs-browser Square Online storefront Tasty Pizza Escondido LLC
[ 703/2943] needs-browser order.online Eggies
[ 704/2943] no-platform   -            DoughBoy's Grill
[ 705/2943] needs-browser toast        Barley & Sword Brewing Company
[ 706/2943] needs-browser MealKeyWay   Ma's House
[ 707/2943] no-platform   -            Brew Wave Coffee
[ 708/2943] needs-browser Square Online storefront The Brewers Tap Room
[ 709/2943] needs-browser SpotOn       La Banana Fruits - Fruteria
[ 710/2943] no-platform   -            Kind Coffee
[ 711/2943] no-platform   -            Agave Bar and Grill
[ 712/2943] no-platform   -            Picasso's Naturals
[ 713/2943] no-platform   -            Deano's Pub East
[ 714/2943] no-platform   -            Filipino Grill
[ 715/2943] too-few       netwaiter    Star Express
[ 716/2943] needs-browser toast        Understory Bar
[ 717/2943] no-platform   -            Hill Top Winery
[ 718/2943] screened-out  shopify      Fuzz Coffee and Records
[ 719/2943] needs-browser Square Online (own domain) Slurp
[ 720/2943] needs-browser toast        Angry Petes Pizza Point Loma
[ 721/2943] no-platform   -            Taqueria Campos
[ 722/2943] needs-browser Square Online (own domain) Rad Hab[ 723/2943] needs-browser toast        Angry Petes Pizza Point Loma
[ 724/2943] no-platform   -            Raging Cider & Mead Co
[ 725/2943] no-platform   -            La Corriente Coronado
[ 726/2943] needs-browser MealKeyWay   Spicy Noodle
[[ 727/2943] needs-browser Square Online storefront M[ 728/2943] ne[ 728/2943] needs-browser -            Torreyana
[ 729/2943] no-platform   -            Quarter Deck Inn Cocktails
[ 730/2943] needs-browser MealKeyWay   Spicy Noodle
[ 731/2943] no-platform   -            Bonchon Chicken
[ 732/2943] needs-browser Square Online storefront PB Poke House Oceanside
[ 733/2943] no-platform   -            Vista Bean Coffee
[ 734/2943] no-platform   -            The Space Pad[ 735/2943] no-platform   -            The Space Pad
[ 736/2943] no-platform   -            Ellie's Wood Fired Pizza
[ 737/2943] needs-browser order.online Bowls N Brews
[ 738/2943] no-platform   -            Village Pub
[ 739/2943] no-platform   -            Linda's Donuts
[ 740/2943] no-platform   -            The Story Caffè
[ 741/2943] no-platform   -            Alpine Chill
[ 742/2943] no-platform   -            Main Street Pour House - Vista
[ 743/2943] needs-browser Square Online (own domain) Mirin Kitchen
[ 744/2943] needs-browser slice        Fiori’s Pizza
[ 745/2943] no-platform   -            Harvey's
[ 746/2943] needs-browser Square Online (own domain) Aloha Ice Co
[ 747/2943] no-platform   -            SusieCakes - Carlsbad Forum
[ 748/2943] no-platform   -            Tastea
[ 749/2943] needs-browser chownow      Juice Caboose
[ 750/2943] no-platform   -            Rush Bowls
[ 751/2943] no-platform   -            Tierra Mia Coffee Drive Thru
[ 752/2943] no-platform   -            KJ Chinese Restaurant
[ 753/2943] no-platform   -            Thovo Mariscos & Birria
[ 754/2943] no-platform   -            Immersion Coffee
[ 755/2943] needs-browser order.online Bag of Beans Cafe & Restaurant
[ 756/2943] no-platform   -            KYODAI 23 SUSHI
[ 757/2943] needs-browser chownow      Juice Caboose
[ 758/2943] needs-browser SpotOn       Mariscos y Miches El Patron
[ 759/2943] needs-browser GloriaFood widget Fuego Mediterranean Grill
[ 760/2943] no-platform   -            Tutti Frutti
[ 761/2943] wrong-branch  toast        Pizza 22
[ 762/2943] no-platform   -            Coffee Wave
[ 763/2943] no-platform   -            Hometown Taste
[ 764/2943] no-platform   -            Litas Fish Market - Oceanside
[ 765/2943] needs-browser -            Odysea Lounge
[ 766/2943] no-platform   -            Granny's Apple Fries
[ 767/2943] no-platform   -            Growlers Sports Bar & Taproom
[ 768/2943] screened-out  shopify      Seven Seas Roasting
[ 769/2943] needs-browser Square Online storefront Kilowatt Craft Beer & Cocktails Oceanside
[ 770/2943] needs-browser chownow      Parakeet Cafe - Carlsbad
[ 771/2943] needs-browser Square Online storefront Dog Leg Brewing
[ 772/2943] no-platform   -            Marathon Coffee
[ 773/2943] no-platform   -            Vica’s Cafe
[ 774/2943] no-platform   -            Bowl To Go
[ 775/2943] no-platform   -            Galata Turkish Ice Cream
[ 776/2943] no-platform   -            El Mercadito
[ 777/2943] no-platform   -            Unique Sandwiches
[ 778/2943] no-platform   -            Juice Adventure
[ 779/2943] no-platform   -            Mi Amigo Mexican Food & Sea
[ 780/2943] no-platform   -            Java Earth Coffee[ 781/2943] no-platform   -            Volcan Mountain Wi[ 782[ 782/2943] no-platform   -            Java Earth Coffee
[ 783/2943] no-platform   -            Star Dust Donut Shop
[ 784/2943] no-platform   -            Frank's Bakery - Gibaldi's Italian Bread
[ 785/2943] no-platform   -            Taqueria Daily Fresh
[ 786/2943] no-platform   -            Carruth Cellars Tasting Room
[ 787/2943] no-platform   -            Cj Lounge
[ 788/2943] no-platform   -            Las Michoacanas
[ 789/2943] needs-browser -            Tutti Frutti Frozen Yogurt
[ 790/2943] no-platform   -            Fall Brewing Company South Park Taproom
[ 791/2943] no-platform   -            Los Cucos Mexican Food
[ 792/2943] wrong-branch  order.online The Pad Thai Stand
[ 793/2943] needs-browser Square Online (own domain) The Craft Taco at The Nat
[ 794/2943] no-platform   -            Meadiocrity Mead
[ 795/2943] needs-browser MealKeyWay   Ten Seconds Yunnan Rice Noodle
[ 796/2943] no-platform   -            Ocean View Bar & Grill
[ 797/2943] no-platform   -            Bang Bang
[ 798/2943] needs-browser Square Online storefront Mein St. Asian Kitchen
[ 799/2943] no-platform   -            Jungle Tea
[ 800/2943] needs-browser -            Golden Spoon Carlsbad Plaza
[ 801/2943] no-platform   -            Social hookah lounge
[ 802/2943] needs-browser Square Online (own domain) Castelli & Pizarro Family Vineyards & Winery
[ 803/2943] no-platform   -            Cheers
[ 804/2943] needs-browser slice        Papa's Pizza
[ 805/2943] wrong-branch  clover       Burros and Fries
[ 806/2943] needs-browser Square Online (own domain) Pho Ever Carlsbad
[ 807/2943] no-platform   -            Saki Saki Sushi Bar & Grill
[ 808/2943] no-platform   -            Latchkey Brewing Company
[ 809/2943] no-platform   -            Bar Traza
[ 810/2943] no-platform   -            Ferlini Coffee
[ 811/2943] no-platform   -            Cup of Yo
[ 812/2943] no-platform   -            Belinda's Familia Mexican Food Truck
[ 813/2943] no-platform   -            Midnight Animal Coffee
[ 814/2943] no-platform   -            OB Smoothies Bar & Subs
[ 815/2943] no-platform   -            Rise + Shine Coffee Shop
[ 816/2943] no-platform   -            Badas Burgers Food Truck
[ 817/2943] no-platform   -            Nékter Juice Bar
[ 818/2943] no-platform   -            Bobalicious
[ 819/2943] no-platform   -            Café Ventanas
[ 820/2943] needs-browser Square Online storefront Empanada Kitchen
[ 821/2943] no-platform   -            Park Commons
[ 822/2943] no-platform   -            Hongyuan Kebab
[ 823/2943] no-platform   -            Crab City (La Jolla Cove)
[ 824/2943] needs-browser chownow      moonbowls (Healthy Korean Bowls- Boston Ave)
[ 825/2943] no-platform   -            China Fun
[ 826/2943] no-platform   -            Zodiak Hookah Lounge
[ 827/2943] no-platform   -            Mamma Pinsa
[ 828/2943] needs-browser slice        Little Sisters Pizza
[ 829/2943] needs-browser -            Coastal Cantina
[ 830/2943] no-platform   -            Colima's Mexican Foods
[ 831/2943] wrong-branch  order.online La michoacana Plus San Diego #2
[ 832/2943] no-platform   -            Crown Landing
[ 833/2943] no-platform   -            Señor Taquero Taco Shop
[ 834/2943] no-platform   -            Sourdough & moore
[ 835/2943] no-platform   -            Rumorosa
[ 836/2943] no-platform   -            Inzane Brewing Co.
[ 837/2943] needs-browser toast        Brites Soft Serve
[ 838/2943] no-platform   -            South O Brewing Company & Kitchen
[ 839/2943] needs-browser order.online The Coffee Cart Café & Espresso Catering
[ 840/2943] too-few       netwaiter    K & K Orient Valley Food Center
[ 841/2943] needs-browser toast        Lilo
[ 842/2943] no-platform   -            Arteazen Handcrafted Tea
[ 843/2943] too-few       netwaiter    Kim's Bar-B-Que
[ 844/2943] no-platform   -            Harissa Mediterranean Kitchen
[ 845/2943] no-platform   -            Sher the love of cooking
[ 846/2943] no-platform   -            PB Oriental
[ 847/2943] needs-browser Square Online storefront Ululani's San Diego
[ 848/2943] no-platform   -            Elite Baking
[ 849/2943] no-platform   -            Xolotacos
[ 850/2943] no-platform   -            Merenda
[ 851/2943] no-platform   -            Sunny Grove Brewing Company
[ 852/2943] needs-browser GloriaFood widget Jamul Meat Market
[ 853/2943] no-platform   -            Carne & Hueso
[ 854/2943] no-platform   -            Mantra Raja
[ 855/2943] no-platform   -            PKI Sushi
[ 856/2943] no-platform   -            Uncle Feras Middle Eastern Restaurant
[ 857/2943] no-platform   -            Landshark Bar & Grill
[ 858/2943] no-platform   -            Leucadia Pizza
[ 859/2943] no-platform   -            La Cocina De Anita
[ 860/2943] needs-browser -            Modern Times Coffee
[ 861/2943] no-platform   -            Embolden Beer Co.
[ 862/2943] no-platform   -            Sai Japanese Bistro
[ 863/2943] needs-browser Square Online storefront Pho [ 864/2943] needs-bro[ 864/2943] needs-browser slice        Del Cerro Pizza
[ 865/2943] no-platform   -            Sam's Donuts Shop
[ 866/2943] no-platform   -            Dang Brother Camp Pendleton 22 Area
[ 867/2943] needs-browser SpotOn       Mexican & Seafood Restaurant
[ 868/2943] no-platform   -            Barrio Coffee
[ 869/2943] no-platform   -            Spicy Lao Kitchen
[ 870/2943] no-platform   -            Tacos La Chorreada
[ 871/2943] no-platform   -            Tacos La Chorreada
[ 872/2943] no-platform   -            Rocko's Family Restaurant
[ 873/2943] no-platform   -            VUE
[ 874/2943] no-platform   -            Mariscos La Chalupa #1 - Seafood Truck
[ 875/2943] no-platform   -            Himalayan Chulo
[ 876/2943] needs-browser toast        Go Greek [ 877/2943] needs-bro[ 877/2943] no-platform   -            Lilian's
[ 878/2943] needs-browser order.online Tous les Jours
[ 879/2943] no-platform   -            Bayside Bar & Grill
[ 880/2943] no-platform   -            Bubbles & Brews Cafe
[ 881/2943] filed         shopify      Kyoto Coast Matcha
[ 882/2943] needs-browser chownow      JRs Grill / G Street Deli
[ 883/2943] no-platform   -            Skyline Cafe
[ 884/2943] no-platform   -            Sieu Sieu BBQ
[ 885/2943] no-platform   -            Cherry Bomb
[ 886/2943] needs-browser toast        Dark Horse Japanese Nikkei Cuisine
[ 887/2943] needs-browser order.online Häagen-Dazs
[ 888/2943] no-platform   -            24 Area Messhall
[ 889/2943] no-platform   -            RomBomb Burger
[ 890/2943] no-platform   -            AMICIBAR
[ 891/2943] no-platform   -            The Pearl Restaurant
[ 892/2943] no-platform   -            Mariscos La Morena
[ 893/2943] no-platform   -            Beach wolf
[ 894/2943] needs-browser Square Online storefront Flour Atelier
[ 895/2943] no-platform   -            Tap That
[ 896/2943] no-platform   -            Tacos El Villasana
[ 897/2943] needs-browser MealKeyWay   Pho Tan
[ 898/2943] no-platform   -            Mother Earth Brew Co.
[ 899/2943] needs-browser toast        Canton Bakery by Meta Sweets
[ 900/2943] needs-browser Square Online (own domain[ 901/2943] needs-browser[ 901/2943] no-platform   -            Pizza Kaiju
[ 902/2943] no-platform   -            ALBACA
[ 903/2943] needs-browser -            Yogurt Lounge Serra Mesa
[ 904/2943] no-platform   -            Truva
[ 905/2943] no-platform   -            Witherby Bar & Restaurant
[ 906/2943] no-platform   -            Easy Thai
[ 907/2943] no-platform   -            Theresa's Italian Steakhouse
[ 908/2943] no-platform   -            Imperial Palace
[ 909/2943] no-platform   -            Easy Thai
[ 910/2943] no-platform   -            Lapper Kitchen [ 911/2943] no-platform   -            Lapper Kitchen + Tap
[ 912/2943] needs-browser Square Online storefront Nobibi Convoy
[ 913/2943] needs-browser order.online Lady M Cake Boutique - San Diego
[ 914/2943] no-platform   -            Tina's Baking Addiction
[ 915/2943] needs-browser plain-html   Roppongi
[ 916/2943] needs-browser toast        Swagyu Burger Bar
[ 917/2943] no-platform   -            Over The Tap
[ 918/2943] no-platform   -            Kiku Room
[ 919/2943] no-platform   -            Kim's Deli
[ 920/2943] no-platform   -            TP TEA – San Diego
[ 921/2943] no-platform   -            The Cove Bar & Grill
[ 922/2943] no-platform   -            Happytime Tea
[ 923/2943] no-platform   -            Vinya Yoga and Wine Bar
[ 924/2943] needs-browser order.online Poki Poki Carlsbad - Boba & Brewski
[ 925/2943] no-platform   -            The Sushi Stand
[ 926/2943] too-few       own-jsonld   Vinh Long Food To Go
[ 927/2943] needs-browser MealKeyWay   Tengu Ramen
[ 928/2943] needs-browser toast        Taco Loco
[ 929/2943] needs-browser Square Online storefront Muse Cheesecakes & Bakery
[ 930/2943] no-platform   -            Ching's Famous Hopia
[ 931/2943] no-platform   -            Treo Kitchen + Bar
[ 932/2943] no-platform   -            Suspiros Cakes Chula Vista
[ 933/2943] no-platform   -            Tacos el Niño Santana
[ 934/2943] needs-browser -            Kaluú Upscale Mexican & Lounge
[ 935/2943] needs-browser toast        Fiesta Mexican Grille
[ 936/2943] no-platform   -            Coffee Culture
[ 937/2943] no-platform   -            Campus Cafe
[ 938/2943] needs-browser order.online Sr. Taquito
[ 939/2943] no-platform   -            Necter Juice Bar
[ 940/2943] no-platform   -            Brain Freeze Premium Frozen Yogurt & Ice Cream of Bonsall
[ 941/2943] no-platform   -            My Vegan Pie
[ 942/2943] no-platform   -            LJ Crafted Wines - Wines & Tastings
[ 943/2943] needs-browser order.online El Rinconcito Fruteria
[ 944/2943] no-platform   -            Sabroso taco savor a mi tierra
[ 945/2943] no-platform   -            Josie's Hideout Saloon
[ 946/2943] needs-browser Square Online (own domain) Teuscher Chocolates San Diego
[ 947/2943] no-platform   -            Cafe Aero
[ 948/2943] no-platform   -            Presotea
[ 949/2943] no-platform   -            The Coffee Bar at Foothills Church
[ 950/2943] wrong-branch  order.online The Pad Thai Stand
[ 951/2943] needs-browser chownow      Parakeet Cafe - Nautilus
[ 952/2943] no-platform   -            Oakberry Açaí bowls
[ 953/2943] no-platform   -            Buttery Bakes
[ 954/2943] needs-browser slice        Milo’s Pizza & Deli
[ 955/2943] no-platform   -            Mission Donut House
[ 956/2943] no-platform   -            D'liteful Chocolat
[ 957/2943] no-platform   -            Old Hickory Steakhouse
[ 958/2943] no-platform   -            Valerio's 1979
[ 959/2943] no-platform   -            J Crepe & Cafe
[ 960/2943] no-platform   -            Fat Tuesday
[[ 961/2943] needs-browser Square Online storefront Societe Brewing Company
[ 962/2943] no-platform   -            CRAVE Mediterranean Grill
[ 963/2943] no-platform   -            Fat Tuesday
[ 964/2943] no-platform   -            Tasty Donuts
[ 965/2943] no-platform   -            12 HRS MATCHA CAFE
[ 966/2943] needs-browser Square Online storefront Common Grounds Cafe - MCRD Base
[ 967/2943] needs-browser toast        Asado Gaucho - Argentinian Meat Dining Experience
[ 968/2943] no-platform   -            Fall Brewing Company
[ 969/2943] no-platform   -            Ono Hawaiian BBQ
[ 970/2943] no-platform   -            NuYo Frozen Yogurt Encinitas
[ 971/2943] no-platform   -            Trevi Hills Winery
[ 972/2943] no-platform   -            Arevalo's Bakery
[ 973/2943] needs-browser clover       Blendees
[ 974/2943] no-platform   -            Yas Lounge
[ 975/2943] needs-browser Square Online storefront Loma Salad Bar
[ 976/2943] no-platform   -            The Nutrition Place
[ 977/2943] no-platform   -            Arevalo's Bakery
[ 978/2943] no-platform   -            Jamal's Chicken
[ 979/2943] no-platform   -            Killer Whale Creamery
[ 980/2943] needs-browser order.online Poke One N Half
[ 981/2943] no-platform   -            Charade Speakeasy
[ 982/2943] needs-browser clover       Bruster's Real Ice Cream
[ 983/2943] no-platform   -            Carruth Cellars Urban Winegarden & Cheese Shop: Liberty Station
[ 984/2943] no-platform   -            S T U D I O Restaurant + Bar
[ 985/2943] no-platform   -            Sunny D[ 986/2943] no[ 986/2943] no-platform   -            Cha Cha Tea Spot
[ 987/2943] needs-browser toast        Nomada
[ 988/2943] no-platform   -            Alona’s Caketots
[ 989/2943] needs-browser Square Online (own domain) Cafe Pascale Grill & Deli
[ 990/2943] needs-browser chownow      Off the Vine Gardens Deli And Catering
[ 991/2943] no-platform   -            chance's coffee
[ 992/2943] no-platform   -            SINTA
[ 993/2943] no-platform   -            Shake Smart[[ 994/2943] no-platform   -            GOLDEN DRAGON ASIAN CUISINE
[ 995/2943] wrong-branch  toast        Bros Kabob
[ 996/2943] needs-browser Square Online storefront Golden Dragon
[ 997/2943] needs-browser order.online TOUS les JOURS Bakery Café - National City
[ 998/2943] needs-browser Square Online storefront Bean Box
[ 999/2943] no-platform   -            Cleopatra's Lounge
[1000/2943] no-platform   -            Burtech Family Vineyard Tasting Room
[1001/2943] needs-browser -            Cluck N Sip
[1002/2943] no-platform   -            Hannegan’s House Beer Co & Creamery
[1003/2943] needs-browser -            Divina Matcha
[1004/2943] needs-browser order.online Torta Time
[1005/294[1005/2943] no-platform   -            La C[1006/294[1006/2943] needs-browser -            Pure[1007/294[1007/2943] no-platform   -            Izakaya [1008/2943] no-platform   -            Izakaya Maíze
[1009/2943] needs-browser Square Online storefront Manor Coffee Bar
[1010/294[1010/2943] no-platform   -            Brewery X
[1011/2943] no-platform   -            Golden Donut
[1012/2943] no-platform   -            Momo Sando&Omakase
[1013/2943] needs-browser olo          McConnell's Fine Ice Creams - [1014/2943] needs-browser Square Online (own domain) Chefs Cafe
[1015/294[1015/2943] no-platform   -            SciEats (Nonprofit[1016/2943] too-few       netwaiter    Playa Azul Mariscos Restaurant
[1017/2943] no-platform   -            Mama’s Boy Cookies
[1018/2943] no-platform   -            Tower39 Rooftop Lounge
[1019/2943] no-platform   -            Amuse Lounge and Patio
[1020/2943] no-platform   -            Smoking Cannon Brewery
[1021/2943] no-platform   -            102 Scone Co.
[1022/2943] no-platform   -            Cocina De Ledezma LLC
[1023/2943] no-platform   -            Pasta Design
[1024/2943] no-platform   -            Honey Cafe & Store
[1025/2943] no-platform   -            Qualcomm Cafe Q
[1026/2943] no-platform   -            Jaguar Paw
[1027/2943] no-platform   -            Ohana Nutrition
[1028/2943] no-platform   -            TJ BURRITO Co.
[1029/2943] no-platform   -            The Sanctuary by The Lost Abbey
[1030/2943] no-platform   -            Linda's Yogurt & Deli
[1031/2943] needs-browser Square Online (own domain) Inka'fe SD Coffee Shop
[1032/2943] needs-browser toast        Market St Pizzeria
[1033/2943] no-platform   -            Bivouac Adventure Lodge Coffee Shop
[1034/2943] no-platform   -            Delicia's Taco Shop
[1035/2943] no-platform   -            Backstreet Brewery
[1036/2943] no-platform   -            Cake
[1037/2943] no-platform   -            Papa Bambino's
[1038/2943] no-platform   -            Warner Springs Golf Shop & Grill
[1039/2943] wrong-branch  toast        Cosmos Burger Carlsbad
[1040/2943] no-platform   -            Michael's in Borrego
[1041/2943] no-platform   -            Weir Beer
[1042/2943] needs-browser order.online Fatboy's Deli & Spirits
[1043/2943] no-platform   -            Veranda
[1044/2943] no-platform   -            Una Mas on Adams
[1045/2943] no-platform   -            Lemon City Taphouse
[1046/2943] no-platform   -            The Bar at Moniker General
[1047/2943] no-platform   -            Backyard Brewery
[1048/2943] no-platform   -            Noodles - Authentic Asian Cuisine
[1049/2943] no-platform   -            Honney Doffee Coffee
[1050/2943] no-platform   -            Iceskimo
[1051/2943] needs-browser Square Online storefront Cargo Cafe - Sorrento Valley
[1052/2943] no-platform   -            Red Ribbon Bakeshop
[1053/2943] needs-browser Square Online storefront Moniker Coffee Co. at The Craft Creamery
[1054/2943] no-platform   -            Michi Brew Co.
[1055/2943] no-platform   -            Panaderia Fuentes
[1056/2943] needs-browser toast        One of Us
[1057/2943] no-platform   -            LUCIEN
[1058/2943] wrong-branch  toast        Boba Tea Spot
[1059/2943] filed         toast        Napatini Bistro and Wine Bar
[1060/2943] no-platform   -            The Coffee House at North Coast Church
[1061/2943] no-platform   -            Lambers Chinese Bakery
[1062/2943] needs-browser Square Online storefront Montebello
[1063/2943] no-platform   -            Cali Banh Mi
[1064/2943] no-platform   -            Nova Boba and Coffee shop
[1065/2943] no-platform   -            Culture Craft Coffee & Espresso
[1066/2943] needs-browser Square Online storefront Purl Tea San Marcos
[1067/2943] no-platform   -            The Golf Bar
[1068/2943] needs-browser chownow      Parakeet Juicery - La Jolla
[1069/2943] filed         own-jsonld   The San Diego Taco Truck
[1070/2943] no-platform   -            Milonga Empanadas
[1071/2943] no-platform   -            Little Fawn
[1072/2943] no-platform   -            CHERRYBOMB EC
[1073/2943] too-few       netwaiter    Ba Le French Sandwich Shop
[1074/2943] wrong-branch  toast        Gold Coffee Shop
[1075/2943] no-platform   -            Tazza D'Oro
[1076/2943] screened-out  shopify      Ascend Coffee Roasters
[1077/2943] no-platform   -            Cakey Bakey
[1078/2943] needs-browser Square Online storefront Cargo Cafe - Paseo Del Mar
[1079/2943] no-platform   -            All Things Ube Desserts
[1080/2943] needs-browser Square Online (own domain) Balboa Candy
[1081/2943] no-platform   -            Las Ricas Tortas
[1082/2943] no-platform   -            Pub 1795
[1083/2943] no-platform   -            Dream Fountain Catering
[1084/2943] no-platform   -            Milonga Empanadas Fashion Valley
[1085/2943] needs-browser toast        Pita Pit
[1086/2943] no-platform   -            OMG Crêpes
[1087/2943] no-platform   -            Elegance On Display
[1088/2943] no-platform   -            Hopnonymous Brewing - Normal Heights
[1089/2943] no-platform   -            Drinky Promise
[1090/2943] no-platform   -            Los Primos Panaderia
[1091/2943] wrong-branch  toast        Pompei Pizza
[1092/2943] needs-browser order.online Bird-N-Bun
[1093/2943] no-platform   -            Plant Power Fast Food Digital Kitchen
[1094/2943] no-platform   -            Poki Poki & Dragonitea - Fallbrook
[1095/2943] needs-browser olo          Better Buzz Coffee Santee
[1096/2943] needs-browser Square Online storefront Copa Vida Torrey Ridge
[1097/2943] needs-browser order.online Beard Papa’s San Diego
[1098/2943] no-platform   -            5 O'Clock Somewhere Rooftop Bar
[1099/2943] no-platform   -            Route 6 Coffee & Smoothies
[1100/2943] needs-browser spothopper   Tipping Pint Brewing Co.
[1101/2943] no-platform   -            Scena Fusion Kitchen & Bar
[1102/2943] no-platform   -            Pink Buddha
[1103/2943] no-platform   -            Elote
[1104/2943] no-platform   -            Krak Boba
[1105/2943] no-platform   -            FLAVORFUL Dessert Atelier
[1106/2943] needs-browser Paytronix    Ziggi's Coffee
[1107/2943] no-platform   -            El Flako's Wrangler Barbecue
[1108/2943] no-platform   -            El Flako's Wrangler Barbecue
[1109/2943] no-platform   -            Mike Hess Brewing - Seaport Village Taphouse
[1110/2943] no-platform   -            Red Eye Saloon
[1111/2943] no-platform   -            Guadalupe Brewery Tap House
[1112/2943] no-platform   -            Ramones Mexican BBQ
[1113/2943] wrong-branch  toast        Johnny Radz Pizza
[1114/2943] needs-browser olo          Panini Kabob Grill - Park 12
[1115/2943] no-platform   -            Pala Cafe
[1116/2943] needs-browser Square Online storefront Copa Vida
[1117/2943] needs-browser toast        Clara's Kitchen ( Soul Food) Micro-enterprise Home Kitchen
[1118/2943] needs-browser toast        Duck Foot Brewing
[1119/2943] needs-browser toast        Grab & Go
[1120/2943] no-platform   -            Carnitas la Bendición
[1121/2943] no-platform   -            Birria el Chavita
[1122/2943] no-platform   -            Dole Whip
[1123/2943] no-platform   -            French Secret Pastry (Pre-Order Only)
[1124/2943] needs-browser Square Online (own domain) The Cakery Cafe
[1125/2943] no-platform   -            Blue Bowl Superfoods - Oceanside
[1126/2943] needs-browser Square Online (own domain) The Cakery
[1127/2943] no-platform   -            Plant Power Fast Food
[1128/2943] no-platform   -            Dulzura Vineyard and Winery
[1129/2943] no-platform   -            Citizen Brewers
[1130/2943] no-platform   -            Salt & Fin
[1131/2943] no-platform   -            Rank & File
[1132/2943] no-platform   -            La Michoacana Elite
[1133/2943] no-platform   -            Silver Hoof Creamery
[1134/2943] needs-browser Square Online (own domain) Le Charcuterie Bar
[1135/2943] needs-browser -            Pelican's on the Bay
[1136/2943] no-platform   -            Lonchera Mariscos El Gordo
[1137/2943] no-platform   -            The Trap Shack
[1138/2943] no-platform   -            KD`S Donuts
[1139/2943] no-platform   -            Shabu Spot
[1140/2943] no-platform   -            Teaspoon Escondido
[1141/2943] screened-out  shopify      Seven Seas Roasting Co.
[1142/2943] no-platform   -            Sunright Tea Studio
[1143/2943] no-platform   -            La Mesa Wine Works
[1144/2943] screened-out  shopify      Come Back[1145/2943] [1145/2943] no-platform   -            Jaybird Superette
[1146/2943] no-platform   -            We Cookn
[1147/2943] no-platform   -            Tamales Oaxaquenos
[1148/2943] no-platform   -            El Cajon taco shop
[1149/2943] no-platform   -            Emerald Chinese Cuisine
[1150/2943] no-platform   -            Side Chick - Chicken & Fries
[1151/2943] no-platform   -            La Rikura Mexican Food
[1152/2943] no-platform   -            Starbread Bakery
[1153/2943] no-platform   -            Zodiac Boba
[1154/2943] no-platform   -            Dr Boochart
[1155/2943] too-few       netwaiter    J & J's Mexican Food
[1156/2943] no-platform   -            Super Smoothies
[1157/2943] wrong-branch  own-jsonld   Tako
[1158/2943] no-platform   -            The Cafe
[1159/2943] no-platform   -            The Funky Frenchie (Lemon Grove)
[1160/2943] no-platform   -            California Bean
[1161/2943] no-platform   -            Candy Land
[1162/2943] no-platform   -            Fres.Co
[1163/2943] no-platform   -            Tamales Escondido
[1164/2943] no-platform   -            NuYo Frozen Yogurt Solana Beach
[1165/2943] no-platform   -            Huy Ky Bakery
[1166/2943] no-platform   -            Beach Sweets
[1167/2943] needs-browser -            85°C Bakery Cafe-Santee
[1168/2943] no-platform   -            Bistro at the Pier
[1169/2943] no-platform   -            Claudia’s Tea House
[1170/2943] no-platform   -            Subterranean Coffee Drive thru
[1171/2943] no-platform   -            Shake Bar & Lounge
[1172/2943] no-platform   -            The Honor Bar
[1173/2943] filed         own-jsonld   Hong Kong Kitchen & Dimsum
[1174/2943] no-platform   -            Devil and Angel
[1175/2943] no-platform   -            Savvy Macs, Inc.
[1176/2943] no-platform   -            Olive Branch Eatery
[1177/2943] no-platform   -            Viewpoint Kitchen + Bar
[1178/2943] needs-browser toast        ALOHA GRILL
[1179/2943] needs-browser Square Online storefront Its Cafe Thai
[1180/2943] needs-browser -            Knead Artisan Bak[118[1181/2943] no-platform   -            Bücha Hard Kombu[1182/2943] no-platform   -            F Street Cafe
[1183/2943] no-platform   -            Zoo Brew
[1184/2943] no-platform   -            Corner Office Pizza and Craft Bar
[1185/2943] no-platform   -            Dockside Casual Seafood Counter
[1186/2943] no-platform   -            Jery's Pizza
[1187/2943] no-platform   -            Cafe Nordstrom
[1188/2943] too-few       netwaiter    Pizza Grande
[1189/2943] wrong-branch  toast        Knead Artisan Bakery
[1190/2943] no-platform   -            The Red Barn
[1191/2943] no-platform   -            The MRKT
[1192/2943] no-platform   -            Golden Grill
[1193/2943] no-platform   -            Little Victory Wine Bar
[1194/2943] no-platform   -            Phology Noodle House - Pho Vietnamese Chula Vista CA
[1195/2943] no-platform   -            Bianchi Pizza & Pasta
[1196/2943] needs-browser toast        Zest Wine Bistro
[1197/2943] no-platform   -            Stratus Restaurant & Bar
[1198/2943] no-platform   -            The Morning Grove
[1199/2943] no-platform   -            Diego's Taco Shop
[1200/2943] no-platform   -            Craft Pizza
[1201/2943] no-platform   -            Shake Smart
[1202/2943] no-platform   -            SAKE BAR GAGA
[1203/2943] needs-browser MealKeyWay   Yuki Yuki
[1204/2943] no-platform   -            Oscar's Meat pies
[1205/2943] too-few       netwaiter    Sandwich Place
[1206/2943] no-platform   -            Surf City Squeeze
[1207/2943] no-platform   -            Forum Deli
[1208/2943] no-platform   -            Three Boys Coffee
[1209/2943] needs-browser chownow      Sunset Thai Ocean Beach
[1210/2943] no-platform   -            Dirty Dough - Oceanside
[1211/2943] needs-browser -            Sammy's Restaurant & Bar
[1212/2943] no-platform   -            Thai Thai Melrose Restaurant
[1213/2943] no-platform   -            Board & Brew - Downtown San Diego
[1214/2943] no-platform   -            Royal Pearl Tea
[1215/2943] no-platform   -            PAPA GUAPO CANTINA
[1216/2943] no-platform   -            The Guild Bar
[1217/2943] no-platform   -            Healthy Grill Mediterranean
[1218/2943] needs-browser GloriaFood widget Maria's Coffee Shop
[1219/2943] no-platform   -            Ground Up Cafe
[1220/2943] no-platform   -            Cherrie Blossom Tea & Boba
[1221/2943] wrong-branch  toast        Tapas Bar
[1222/2943] no-platform   -            Mission Brewing - Kensington
[1223/2943] needs-browser Square Online storefront Whatever Forever Coffee
[1224/2943] needs-browser toast        Bao Bar
[1225/2943] no-platform   -            Panadería González
[1226/2943] no-platform   -            664
[1227/2943] no-platform   -            Koobrew
[1228/2943] no-platform   -            Mantra Sukha Tea Lounge
[1229/2943] no-platform   -            Last Spot Bar
[1230/2943] no-platform   -            El Santo Remedio Cantin[1231/2943] no-platform   -            El Santo Remedio Cantina
[1232/2943] no-platform   -            The Mudbar
[1233/2943] no-platform   -            Barbeer
[1234/[1234/2943] no-platform   -            Barbeer
[1235/2943] no-platform   -            Carnitas Paracho Garibay
[1236/2943] needs-browser Square Online storefront Petite Paleo Bakery
[1237/2943] no-platform   -            Crafted Coastal Bakery
[1238/2943] wrong-branch  popmenu      Alohana Acai Bowls and Smoothies - North Park
[1239/2943] no-platform   -            Test Kitchen
[1240/2943] no-platform   -            Drunk Confections
[1241/2943] no-platform   -            The Boarding Home
[1242/2943] no-platform   -            Super Express Chinese Food
[1243/2943] no-platform   -            Hillside Ranch Vineyard
[1244/2943] no-platform   -            Candy Land Café San Diego
[1245/2943] needs-browser order.online Solana Frosty
[1246/2943] no-platform   -            117⁰ West Spirits Speakeasy
[1247/2943] no-platform   -            ABC Market & Deli
[1248/2943] needs-browser HungerRush   Pop Pops Paleta
[1249/2943] no-platform   -            Casa Del Marisco Rafaelas
[1250/2943] needs-browser Square Online (own domain) Sea Ridge Cafe
[1251/2943] no-platform   -            Plaza Deli
[1252/2943] needs-browser MenuSifu     Joyee Noodle House(UTC)
[1253/2943] no-platform   -            Tommy's Pizza & Subs
[1254/2943] no-platform   -            Get Baked Cookie Co.
[1255/2943] no-platform   -            Manta Pizza
[1256/2943] no-platform   -            MCX Food & Service Plaza, Camp Pendleton, CA
[1257/2943] no-platform   -            CHINA CHEF 1
[1258/2943] screened-out  toast        Agave Birrieria
[1259/2943] no-platform   -            Taqueria Los Famosos
[1260/2943] no-platform   -            Oasis Breads
[1261/2943] wrong-branch  toast        Amalfi Enoteca Italiana
[1262/2943] wrong-branch  toast        Zonkey
[1263/2943] no-platform   -            Street Corner
[1264/2943] needs-browser Square Online (own domain) KAFE'SITO
[1265/2943] no-platform   -            New Motion Beverages
[1266/2943] needs-browser Square Online storefront 86d (inside Coin-Op)
[1267/2943] needs-browser -            Market One
[1268/2943] needs-browser Square Online (own domain) The Salty Cookie
[1269/2943] no-platform   -            Tacos Locos Tasty Mexican Food
[1270/2943] no-platform   -            Sip Fresh
[1271/2943] no-platform   -            Surf City Squeeze
[1272/2943] no-platform   -            Blue Bowl Superfoods
[1273/2943] no-platform   -            Shaka Java
[1274/2943] no-platform   -            Tortas Ahogadas El Gallito
[1275/2943] no-platform   -            longball cocktail
[1276/2943] no-platform   -            Boo Boo's sweet Potato Pies
[1277/2943] wrong-branch  toast        Katy’s Diner
[1278/2943] no-platform   -            Cork N Brew
[1279/2943] no-platform   -            Sweet Story Company LLC
[1280/2943] no-platform   -            La Paloma
[1281/2943] no-platform   -            Tacos El Jalón
[1282/2943] no-platform   -            The Poke Tea House[[1283/2943] needs-browser Square Online storefront Secret Sauce Wok & Grill[[1284/2943] no-platform   -            Middy's Pizza
[1285/2943] needs-browser Square Online storefront Cargo Cafe - Torrey Pines
[1286/2943] no-platform   -            Sweet Factory
[1287/2943] no-platform   -            Tejedas' Peruvian Kitchen
[1288/2943] wrong-branch  toast        Katy’s Diner
[1289/2943] no-platform   -            Heftyboy BBQ dba 716 BBQ & more....
[1290/2943] needs-browser -            Fresca Deli .
[1291/2943] no-platform   -            Ambiance K[1292/2943] no-p[1292/2943] no-platform   -            La Cucina
[1293/2943] no-platform   -            Great American Cookies - Otay Ranch Town Center
[1294/2943] needs-browser Square Online (own domain) Cafe Pascale
[1295/2943] no-platform   -            The Lookout at Lake Poway
[1296/2943] no-platform   -            Tortillas de Harina Elice, Flour Tortillas
[1297/2943] no-platform   -            Cocina de Tamales
[1298/2943] no-platform   -            Chester's
[1299/2943] no-platform   -            Surf City Squeeze
[1300/2943] no-platform   -            Mister G Salsa
[1301/2943] no-platform   -            Barona Coffee Company
[1302/2943] needs-browser order.online WUHU TEA & [1303[1303/2943] needs-browser order.online Poki One N [1304/2943] needs-browser order.online Poki One N Half San Marcos
[1305/2943] needs-browser order.online Poki One N Half San Marcos
[1306/2943] no-platform   -            Rumi
[1307/2943] no-platform   -            Mombasa Cooker
[1308/2943] no-platform   -            Sweets by Victoria
[1309/2943] no-platform   -            Sugared Cookie Company
[1310/2943] no-platform   -            FiveO3 Pupusas
[1311/2943] no-platform   -            Immersion Ex[1312/2943] no-platform   [1312/2943] no-platform   -            Seaside BBQ
[1313/2943] no-platform   -            KayeSimplyBakes
[1314/2943] needs-browser Square Online (own domain) Juliantla Chocolate Boutique
[1315/2943] wrong-branch  popmenu      Max's Restaurant National City
[1316/2943] no-platform   -            Thérapie Bistro
[1317/2943] no-platform   -            Carlo
[1318/2943] no-platform   -            DEN
[1319/2943] no-platform   -            Mariposa Ice Cream Oceanside
[1320/2943] no-platform   -            Soleil @k
[1321/2943] no-platform   -            Wild Child Ice Cream
[1322/2943] no-platform   -            Mason Ale Works Tasting Room
[1323/2943] no-platform   -            My O My Coffee and More
[1324/2943] no-platform   -            Unico Juice Shop
[1325/2943] no-platform   -            So Cal Famous Beach Ice
[1326/2943] needs-browser Square Online (own domain) Slurp
[1327/2943] no-platform   -            The Boss Crepas
[1328/2943] needs-browser Square Online storefront The Bean Box 701
[1329/2943] wrong-branch  toast        Saigon Alley Kitchen & Bar
[1330/2943] no-platform   -            Burgers & Shakes
[1331/2943] no-platform   -            FLAVORS EXPRESS SDSU
[1332/2943] needs-browser ubereats     FallbrkEats
[1333/2943] no-platform   -            Beach Street Tacos
[1334/2943] no-platform   -            Ocean Rainbow
[1335/2943] needs-browser SpotOn       Oriste Fairway Cafe
[1336/294[1336/2943] needs-browser SpotOn       Oriste Fairway Cafe
[1337/2943] no-platform   -            Chagee
[1338/2943] no-platform   -            Frutti Mas
[1339/2943] no-platform   -            Netta's Bakery
[1340/2943] no-platform   -            Michoacana Mia - Vista
[1341/2943] no-platform   -            Numbskulls Shave Ice
[1342/2943] no-platform   -            Boardwalk Pizza
[1343/2943] no-platform   -            Juice Holl[13[1344/2943] no-platform   -            Fatburger
[1345/2943] needs-browser toast        La Vida
[1346/2943] no-platform   -            Board & Brew - Mission Valley
[1347/2943] needs-browser toast        The Tavern at Barley & Sword Brewing Company
[1348/2943] no-platform   -            Deleitte
[1349/2943] no-platform   -            Pacific Point
[1350/2943] no-platform   -            Lò Bánh Cuốn Tân Định
[1351/2943] no-platform   -            Delicious Treats
[1352/2943] no-platform   -            Lori's Custom Cakes
[1353/2943] needs-browser toast        The Deck at 264
[135[1354/2943] no-platform   -            IB Espresso
[1355/2943] no-platform   -            Cold Smoke BBQ
[1356/2943] no-platform   -            Ramen Inn - San Diego
[1357/2943] needs-browser toast        The Deck at 264
[1358/2943] no-platform   -            EL CAMARON FELIZ TACOS Y BIRRIA
[1359/2943] no-platform   -            Street Tacos El Camino Food Truck
[1360/2943] no-platform   -            Colibri Cafe
[1361/2943] no-platform   -            Bueno Wine & Goods
[1362/2943] no-platform   -            MyPozole
[1363/2943] needs-browser Square Online storefront Ramen Station
[1364/2943] no-platform   -            Dolce Italia Desserts, Inc.
[1365/2943] no-platform   -            Sip Fresh
[1366/2943] filed         shopify      LA PETITE BAKERY
[1367/2943] needs-browser -            Mosaic Restaurant & Bar
[1368/2943] no-platform   -            Cutwater
[1369/2943] no-platform   -            Vanilla Oasis
[1370/2943] needs-browser MealKeyWay   Suki Hana Japan
[1371/2943] no-platform   -            Kazukii Sushi & Japanese Cuisine
[1372/2943] needs-browser slice        Pizza On Pearl North Park
[1373/2943] no-platform   -            Dalu Hawaiian BBQ Oceanside
[1374/2943] no-platform   -            Queenstown Del Mar
[1375/2943] no-platform   -            Blade Shanghai
[1376/2943] no-platform   -            Fiesta Pinoy
[1377/2943] needs-browser -            seaglass restaurant
[1378/2943] needs-browser order.online Le Macaron French Pastries Westfield UTC
[1379/2943] no-platform   -            Harborside Cuisine
[1380/2943] needs-browser olo          Dimassi's Mediterranean Buffet
[1381/2943] no-platform   -            BREANS
[1382/2943] no-platform   -            The Bistro - Eat. Drink. Connect.®
[1383/2943] needs-browser toast        Hydout Cafe Hillcrest
[1384/2943] no-platform   -            The Grub Station (South African )
[1385/2943] no-platform   -            Julian Food Truck
[1386/2943] no-platform   -            Punkers Cafe
[1387/2943] no-platform   -            Finca Casa Blanca
[1388/2943] no-platform   -            Side Piece
[1389/2943] needs-browser Square Online storefront Dulce Tentación
[1390/2943] needs-browser -            Windows Cafe
[1391/2943] no-platform   -            Ono Hawaiian BBQ
[1392/2943] no-platform   -            Cali BBQ- NEX (base access required)
[1393/2943] no-platform   -            Golf Grill
[1394/2943] no-platform   -            Boba n More
[1395/2943] no-platform   -            Crispy Fish Tacos
[1396/2943] wrong-branch  toast        Grand Ole BBQ PETCO PARK
[1397/2943] no-platform   -            El huevo estrellado # 2
[1398/2943] needs-browser Square Online storefront Copa Vida
[1399/2943] needs-browser Square Online storefront Cargo Cafe - Wateridge
[1400/2943] no-platform   -            Side Street Bowls & Smoothies
[1401/2943] no-platform   -            Tu Madres Bakery
[1402/2943] no-platform   -            Aryana Restaurant & Bar
[1403/2943] screened-out  shopify      Steady State Roasting
[1404/2943] no-platform   -            La Michoacana San Diego
[1405/2943] no-platform   -            California Ice Cream
[1406/2943] no-platform   -            The Victorian at Hill Street
[1407/2943] no-platform   -            Trifecta Tavern
[1408/2943] needs-browser order.online The Meltdown
[1409/2943] no-platform   -            Common Good Coffee
[1410/2943] no-platform   -            Living Room Bar
[1411/2943] no-platform   -            ICE POPS
[1412/2943] needs-browser Square Online storefront Cargo Cafe - Gateway
[1413/2943] no-platform   -            Lulu’s Buns Wholesale Bakery
[1414/2943] no-platform   -            The Darling Dough Co.
[1415/2943] no-platform   -            Noel's Cookies
[1416/2943] needs-browser order.online XENiA Mediterranean Kitchen - San Diego
[1417/2943] no-platform   -            ZENTRL Kitchen + Bar - Liberty Station
[1418/2943] wrong-branch  toast        Super Creamery
[1419/2943] no-platform   -            Kona Craft Cafe
[1420/2943] no-platform   -            Windmill Canyon Restaurant
[1421/2943] no-platform   -            Cocinita Express
[1422/2943] no-platform   -            Bambucha Kombucha
[1423/2943] screened-out  shopify      Surje Coffee at The Gallery
[1424/2943] no-platform   -            La Central
[1425/2943] no-platform   -            La Botana Loca
[1426/2943] no-platform   -            ZENTRL Kitchen + Bar
[1427/2943] no-platform   -            Seven Seas Cafe
[1428/2943] needs-browser Square Online storefront Copa Vida - Del Mar
[1429/2943] no-platform   -            Cafe 477 La Jolla
[1430/2943] wrong-branch  toast        Pizza Port Tasting Room
[1431/2943] needs-browser order.online Häagen-Dazs
[1432/2943] no-platform   -            Corner Deli & Pizza
[1433/2943] no-platform   -            La Tienda Lounge
[1434/2943] needs-browser olo          MOTO Pizza San Diego
[1435/2943] needs-browser -            Indulge Restaurant and Bar
[1436/2943] no-platform   -            Sun Coast Pizza
[1437/2943] no-platform   -            The Hidden Gazebo Eatery
[1438/2943] no-platform   -            Pizza Trolley
[1439/2943] no-platform   -            Mission Brewing - Sky Deck
[1440/2943] no-platform   -            Dyno Bar
[1441/2943] no-platform   -            BLAH Brewing
[1442/2943] screened-out  shopify      THRONE ROOM
[1443/2943] no-platform   -            ETNA DULCIS
[1444/2943] no-platform   -            Mission Brewing - Miramar
[1445/2943] no-platform   -            Matcha On Ice Cafe
[1446/2943] no-platform   -            Ocean Journey Cafe
[1447/2943] no-platform   -            Alebrije Food Truck Twin Oaks
[1448/2943] no-platform   -            Tres Fuegos Cocina
[1449/2943] no-platform   -            Zephyr Café
[1450/2943] no-platform   -            Three Amigos World Famous Street Tacos
[1451/2943] no-platform   -            Don Maguro
[1452/2943] no-platform   -            NandosHotBox
[1453/2943] no-platform   -            Vie Café
[1454/2943] needs-browser order.online The Meltdown
[1455/2943] needs-browser order.online The Meltdown
[1456/2943] no-platform   -            Lobby Lounge - Park Hyatt Aviara
[1457/2943] no-platform   -            Carnitas La Bendicion Market St
[1458/2943] no-platform   -            The Bean
[1459/2943] filed         wix          Scorched Earth- Fire Sandwiches
[1460/2943] too-few       shopify      Five Pillars Coffee
[1461/2943] needs-browser order.online The Burger De[1[1462/2943] no-platform   -            Bulldog Taver[1463/2943] no-platform   -            Bulldog Tavern
[1464/2943] needs-browser -            Lounge 72
[1465/2943] no-platform   -            Mama’s Bowl
[1466/2943] no-platform   -            Julian Wine & Chocolate
[1467/2943] no-platform   -            On the Rocks
[1468/2943] no-platform   -            The Monastery by The Lost Abbey (Miramar Area)
[1469/2943] no-platform   -            Double Down Grill
[1470/2943] no-platform   -            Tacos El Chris
[1471/2943] no-platform   -            TOCHO MOROCHO
[1472/2943] no-platform   -            Limon Mexican food
[1473/2943] no-platform   -            Anigma
[1474[1474/2943] no-platform   -            Anigma
[1475/2943] no-platform   -            Coatl Coffee
[1476/2943] no-platform   -            El Ranchero Food Truck
[1477/2943] needs-browser chownow      GgoolBap, Korean BBQ Bowls
[1478/2943] no-platform   -            Cafe Carlsbad
[1479/2943] no-platform   -            The Café at Rady Children’s Hospital
[1480/2943] no-platform   -            El Clamatazo
[1481/2943] needs-browser -            Temporarily Closed - Garlic and Tahini Egyptian Kitchen - Delivery & Carry Out Only
[1482/2943] no-platform   -            J. Brix Wines Tasting Room
[1483/2943] needs-browser order.online The Meltdown
[1484/2943] no-platform   -            Little Thai Cottage (Mobile Vendor)
[1485/2943] no-platform   -            El Rincon del sabor
[1486/2943] no-platform   -            The Westgate Room's Plaza Bar
[1487/2943] wrong-branch  toast        Rock N’ Roost Rotisserie
[1488/2943] no-platform   -            Xtravaganza and Sinbad Restaurant
[1489/2943] no-platform   -            Blu Temple | Blu Cabana
[1490/2943] no-platform   -            Hidden City Nutrition
[1491[1491/2943] no-platform   -            Hidden City Nutrition
[1492/2943] no-platform   -            Bholat's
[1493/2943] no-platform   -            Freshly Prepped
[1494/2943] no-platform   -            Colors Gourmet Pizza
[1495/2943] no-platform   -            Kona Kai Club
[1496/2943] needs-browser Square Online (own domain) Slurp
[1497/2943] needs-browser -            Sammy's Woodfired Pizza and Grill
[1498/2943] no-platform   -            Emilio's Food Truck
[1499/2943] needs-browser order.online The Meltdown
[1500/2943] no-platform   -            Victorious Pizza
[1501/2943] needs-browser order.online The Meltdown
[1502/2943] needs-browser order.online The Meltdown
[1503/2943] no-platform   -            ‘ritas Taco Truck
[1504/2943] screened-out  shopify      Inflection Point Coffee
[1505/2943] no-platform   -            Naija Fusion Cuisine
[1506/2943] no-platform   -            Huerta Taco [1507/[1507/2943] no-platform   -            North County Food Hub
[1508/2943] no-platform   -            JIVe Lounge
[1509/2943] needs-browser order.online lulubowls (Hawaiian-Inspired Bowls- Boston Ave.)
[1510/2943] needs-browser order.online The Burger De[1[1511/2943] no-platform   -            Namino (Tahchin)
[1512/2943] no-platform   -            Manny's Bar & Gril[1[1513/2943] needs-browser order.online The Meltdown[1514/2943] needs-browser order.online Mar & Ember
[1515/2943] no-platform   -            Breakwater Brewing Co.
[1516/2943] needs-browser order.online The Meltdown
[1517/2943] needs-browser toast        Georgette's
[1518/2943] no-platform   -            The Bistro - Eat. Drink. Connect.®
[1519/2943] no-platform   -            SDSU Faculty Staff Club
[1520/2943] no-platform   -            GRAB & GO Vieja[1[1521/2943] needs-browser order.online The Burger Den
[1522/2943] no-platform   -            El Patron Mexican Food
[1523/2943] needs-browser order.online The Burger Den
[1524/2943] no-platform   -            The Fountains Restaurant
[1525/2943] no-platform   -            MexiBowls By Cali Craft Tacos- 2707 Boston Avenue Sa Diego CA 92113
[1526/2943] no-platform   -            Staxx Burger House
[1527/2943] needs-browser order.online The Burger Den
[1528/2943] needs-browser Square Online storefront Hommunlii & Co
[1529/2943] no-platform   -            Ta’ Corn Madre
[1530/2943] no-platform   -            Casa Campus Point
[1531/2943] needs-browser -            Wing SZN - El Cajon
[1532/2943] no-platform   -            Mkutano House
[1533/2943] no-platform   -            Perky’s
[1534/2943] no-platform   -            Tacos Berlin
[1535/2943] no-platform   -            El Más Chingón SD
[1536/2943] no-platform   -            The SoCal Vegan
[1537/2943] no-platform   -            SHIO Japanese Dining
[1538/2943] no-platform   -            El Camino
[1539/2943] no-platform   -            Jamul Indian Village
[1540/2943] needs-browser order.online The Meltdown
[1541/2943] no-platform   -            Daymar Select Fine Coffees
[1542/2943] no-platform   -            Sushi @ Commissary
[1543/2943] no-platform   -            Cataleya’s Cafe & Sweets
[1544/2943] needs-browser order.online The Meltdown
[1545/2943] no-platform   -            Angie's Place
[1546/2943] no-platform   -            Santaluz Bistro
[1547/2943] needs-browser -            Fireside Bar & Gr[1548/2943] needs-browser -            Fireside Bar & Grill
[1549/2943] needs-browser slice        Hollywood Market and Giant Pizza
[1550/2943] needs-browser order.online The Meltdown
[1551/2943] no-platform   -            Sang Dao Kitchen
[1552/2943] no-platform   -            Element [1553/2[1553/2943] no-platform   -            Solrisa
[1554/2943] no-platform   -            Med Cafe
[1555/2943] no-platform   -            Bosley Cafe
[1556/2943] no-platform   -            The Waterfront
[1557/2943] needs-browser order.online The Meltdown
[1558/2943] needs-browser -            Market La Jolla
[1559/2943] no-platform   -            Gomeznutricion
[1560/2943] no-platform   -            Mawazo Kitchen
[1561/2943] needs-browser Square Online storefront Cafecito 1806
[1562/2943] no-platform   -            Dharma Bread Co
[1563/2943] no-platform   -            Café de Anza
[1564/2943] no-platform   -            Coin Toss
[1565/2943] no-platform   -            Trade Restaurant & Lounge
[1566/2943] needs-browser MealKeyWay   Yonny Mini Hotpot
[1567/2943] no-platform   -            Calypso Cocktails
[1568/2943] no-platform   -            The Caddyshack
[1569/2943] needs-browser order.online Poki Poki
[1570/2943] no-platform   -            Sweet Labors
[1571/2943] no-platform   -            Airport Lounge
[1572/2943] no-platform   -            TEC Cafe
[1573/2943] no-platform   -            Fairbanks
[1574/2943] no-platform   -            Bovino
[1575/2943] no-platform   -            University Towers Kitchen
[1576/2943] no-platform   -            Hacienda De Vega
[1577/2943] no-platform   -            Skewers Grill
[1578/2943] no-platform   -            CARAVAN
[1579/2943] no-platform   -            Fruteria el Manguito
[1580/2943] needs-browser order.online Sabor a Vida Cafe & Deli[[1581/2943] needs-browser Square Online storefront Sushi Freak
[1582/2943] no-platform   -            Veronica's Goodies
[1583/2943] no-platform   -            Thai Basil
[1584/2943] no-platform   -            Old World Meat Company
[1585/2943] needs-browser Square Online (own domain) Crepes
[1586/2943] needs-browser order.online Hummus Mediterranean Kitchen
[1587/2943] needs-browser order.online El Ranchero
[1588/2943] too-few       netwaiter    Thai Pasta
[1589/2943] no-platform   -            Carbon Angela’s Kitchen
[1590/2943] no-platform   -            Baja Fresh
[1591/2943] no-platform   -            Chicken & Crown
[1592/2943] no-platform   -            I Love Pho
[1593/2943] no-platform   -            Beer Company
[1594/2943] no-platform   -            Valerio's Finest Bake Shop
[1595/2943] no-platform   -            Terrace Lounge
[1596/2943] no-platform   -            Stone Oven
[1597/2943] no-platform   -            Mission Brewing (fka Roug[1598/294[1598/2943] wrong-branch  toast        Bubba’s Smokehouse BBQ
[1599/2943] needs-browser olo          Coffee Bean
[1600/2943] no-platform   -            HOB on Park
[1601/2943] no-platform   -            Herb & Eatery
[1602/2943] no-platform   -            Crave
[1603/2943] no-platform   -            Deli & Go
[1604/2943] needs-browser Square Online (own domain) Veggyjess
[1605/2943] no-platform   -            Fairbanks
[1606/2943] no-platform   -            Pei Wei
[1607/2943] no-platform   -            Taco Villa
[1608/2943] no-platform   -            Boston Market
[1609/2943] no-platform   -            Breakwater Brewing Co.
[1610/2943] no-platform   -            Noodles
[1611/2943] needs-browser toast        bcb Cafe
[1612/2943] no-platform   -            Border X Brewing
[1613/2943] no-platform   -            Truluck's
[1614/2943] no-platform   -            House of Black
[1615/2943] no-platform   -            Grover's Grill
[1616/2943] wrong-branch  toast        Cozy Corner
[1617/2943] no-platform   -            All Fried Up
[1618/2943] no-platform   -            Pei Wei
[1619/2943] no-platform   -            The Shop _ Coffee + Thrift
[1620/2943] no-platform   -            tiger!tiger!
[1621/2943] no-platform   -            Antique Thai
[1622/2943] no-platform   -            Diego's Taco Shop
[1623/2943] no-platform   -            Native Foods
[1624/2943] no-platform   -            Dryer's Ice Cream Parlor
[1625/2943] no-platform   -            OB Kebab
[1626/2943] no-platform   -            Bacio di Latte | Flower Hill, SD
[1627/2943] no-platform   -            Alborz Restaurant
[1628/2943] needs-browser toast        BCB Coffee Company
[1629/2943] needs-browser Square Online (own domain) Sweet Escape Homemade Treats
[1630/2943] needs-browser order.online La Pizza del Barrio
[1631/2943] no-platform   -            Sweets
[1632/2943] no-platform   -            The TriTiperia
[1633/2943] needs-browser order.online Mexicana Lab 2707 Boston Avenue
[1634/2943] no-platform   -            K1 Paddock Lounge - Sports Bar & Restaurant - San Diego, CA
[1635/2943] needs-browser Square Online storefront Copa Vida
[1636/2943] no-platform   -            Bake and beach
[1637/2943] no-platform   -            Blessed by Cake
[1638/2943] no-platform   -            Kasi
[1639/2943] needs-browser order.online Big Daddy's Hawaiian BBQ (San Diego)
[1640/2943] no-platform   -            Stacy's SUGAR Shop
[1641/2943] no-platform   -            The Market
[1642/2943] no-platform   -            El Dorado
[1643/2943] no-platform   -            LUNAS
[1644/2943] no-platform   -            Cork Oak Cafe
[1645/2943] filed         spothopper   Cabo Cantina
[1646/2943] no-platform   -            Blue Wave Bistro
[1647/2943] no-platform   -            Badas burgers
[1648/2943] needs-browser Square Online (own domain) Annabel Cohen Gourmet
[1649/2943] no-platform   -            Pavilions Bakery
[1650/2943] no-platform   -            Canyon Inn
[1651/2943] no-platform   -            Big Oven Tacos
[1652/2943] needs-browser Square Online storefront Emjaye's Coffee
[1653/2943] no-platform   -            Safari Coffee Outpost
[1654/2943] no-platform   -            The Gold Reserve Kitchen & Bar
[1655/2943] no-platform   -            Baba's Pizza
[1656/2943] wrong-branch  toast        Blue Water Grill
[1657/2943] no-platform   -            Soda & Swine
[1658/2943] no-platform   -            Cafe Fresh
[1659/2943] needs-browser order.online Deli Belly
[1660/2943] no-platform   -            Lang's Bakery
[1661/2943] no-platform   -            Original Mariscos German
[1662/2943] no-platform   -            Rancho Cafe
[1663/2943] no-platform   -            Cali Cream Bakery
[1664/2943] no-platform   -            Cays Lounge
[1665/2943] no-platform   -            Gelato 101 Temporary store
[1666/2943] no-platform   -            Scoopy Scoopy Ice Cream
[1667/2943] screened-out  shopify      Lofty Coffee
[1668/2943] needs-browser Square Online (own domain) Mayari Coffee
[1669/2943] needs-browser -            Makai
[1670/2943] no-platform   -            The Heritage Steakhouse
[1671/2943] no-platform   -            Chuck's Wagon Deli
[1672/2943] no-platform   -            Island Market
[1673/2943] no-platform   -            Time Out Café
[1674/2943] no-platform   -            Time Out Café
[1675/2943] needs-browser toast        Carls Tavern
[1676/2943] filed         wix          The Malt House
[1677/2943] no-platform   -            Shake Smart
[1678/2943] no-platform   -            The Neighborhood Cafe
[1679/2943] no-platform   -            Topwater Grill
[1680/2943] no-platform   -            Dana Andrew Celebrations
[1681/2943] needs-browser Square Online storefront Stuffed Ice Cream
[1682/2943] no-platform   -            Jammy Toast Bakery
[1683/2943] no-platform   -            Vintage Rose Sourdough
[1684/2943] no-platform   -            Roadtrip Bowls Made by Lazy Dog
[1685/2943] no-platform   -            La Salsa
[1686/2943] no-platform   -            TOAST & TALES
[1687/2943] no-platform   -            Taqueria
[1688/2943] needs-browser toast        Klatch Coffee - Santee
[1689/2943] no-platform   -            Elena’s Pastry
[1690/2943] no-platform   -            Bing's Bar
[1691/2943] no-platform   -            SD Custom Cakes
[1692/2943] no-platform   -            Calzone Life Escondido
[1693/2943] no-platform   -            Fouet & Co.
[1694/2943] no-platform   -            Lefty's Cheesesteaks
[1695/2943] no-platform   -            Copper Kings Oceanside
[1696/2943] needs-browser chownow      Wanderlust Creamery
[1697/2943] no-platform   -            Sabor Al Gusto
[1698/2943] no-platform   -            Jungle Cart
[1699/2943] no-platform   -            Más Veggies Vegan Taqueria
[1700/2943] no-platform   -            Twist New Zealand Style Real Fruit Ice Cream
[1701/2943] screened-out  shopify      Bird Rock Coffee Roasters - Park & Market
[1702/2943] needs-browser Square Online storefront Muse[1703/2943] [1703/2943] screened-out  order.online Fish Restaurant
[1704/2943] no-platform   -            Tortuga Bar and Grill
[1705/2943] no-platform   -            The Warehouse
[1706/2943] wrong-branch  toast        Sextons Pizz[1707/2943] no-platform   -            Lobster Lab - Sky Deck at Del Mar Highlands Town Center
[1708/2943] wrong-branch  toast        Sextons Pizza
[1709/2943] no-platform   -            Café Rhône
[1710/2943] no-platform   -            Sushi Cafe + Deli
[1711/2943] no-platform   -            Mis Dos Gallos Taqueria, Fruit & Deli
[1712/2943] needs-browser order.online Pavilions Bakery
[1713/2943] no-platform   -            Fiesta Mexicana Bakery
[1714/2943] no-platform   -            La Cantina
[1715/2943] no-platform   -            Snout & Scone
[1716/2943] no-platform   -            Dainty Dessert
[1717/2943] no-platform   -            Old Fashioned Creamery at Barona
[1718/2943] no-platform   -            SAN DIEGO FRIES
[1719/2943] no-platform   -            Tide and Treats
[1720/2943] no-platform   -            Fairbanks
[1721/2943] no-platform   -            Brick & Bell Plus
[1722/2943] no-platform   -            Rush Bowls
[1723/2943] no-platform   -            Lovely Creations Co
[1724/2943] no-platform   -            Baked Babe Cakes & Bakes
[1725/2943] no-platform   -            Trinacria Pizza Co.
[1726/2943] no-platform   -            Daisy’s Amazing Cakes
[1727/2943] no-platform   -            Corner Counter
[1728/2943] no-platform   -            Goats Rose Sourdough
[1729/2943] no-platform   -            Freedom Carts
[1730/2943] no-platform   -            Bobby B's
[1731/2943] no-platform   -            Weapon Ramen
[1732/2943] no-platform   -            The Palma Bar & Grill
[1733/2943] no-platform   -            Jordan
[1734/2943] no-platform   -            La Gordita
[1735/2943] needs-browser -            Sweet Treats by Thick
[1736/2943] no-platform   -            Olly's Baked Assortments
[1737/2943] no-platform   -            Villa Fresh Italian Kitchen
[1738/2943] no-platform   -            Blue Bayou
[1739/2943] no-platform   -            Daily Roast
[1740/2943] needs-browser chownow      Mr Gs Tavern
[1741/2943] no-platform   -            Veladora
[1742/2943] no-platform   -            Coco's Bakery
[1743/2943] no-platform   -            Sprinkles Ice Cream Shop And Bakery
[1744/2943] no-platform   -            DELISTRABERRY
[1745/2943] needs-browser order.online Taquizas Maria
[1746/2943] no-platform   -            Dumonts
[1747/2943] no-platform   -            Fundant Cookies
[1748/2943] too-few       wix          Bocas Del Sol. ([1749/2943] too-few  [1749/2943] no-platform   -            Pizza Place
[1750/2943] wrong-branch  toast        The Coffee Spot
[1751/2943] no-platform   -            Terra Cafe
[1752/2943] no-platform   -            Diamond Jims[1753/2943] no-platform   -            King Kream Ice Cream
[1754/2943] no-platform   -            little Estrella bakes
[[1755/2943] no-platform   -            Farmer's Fridge
[1756/2943] no-platform   -            Kava Lounge
[1757/2943] no-platform   -            Casa Ocho
[1758/2943] needs-browser order.online The Meltdown
[1759/2943] no-platform   -            Marisco's Sabor A Mexico
[1760/2943] no-platform   -            Village Inn
[1761/2943] no-platform   -            The Hamlett
[1762/2943] no-platform   -            Deja Vu
[1763/2943] no-platform   -            Farmer's Fridge
[1764/2943] no-platform   -            Gourmet Tamales
[1765/2943] no-platform   -            Mama Dukes Roadside
[1766/2943] no-platform   -            Kae’s Kreations
[1767/2943] no-platform   -            Promised Goods
[1768/2943] no-platform   -            Kellys Pub
[1769/2943] needs-browser order.online The Meltdown
[1770/2943] no-platform   -            Ruthii's Coffee
[1771/29[1771/2943] no-platform   -            Shallow End[1772/2943] no-platform   -            UrbanLife Cafe
[1773/2943] no-platform   -            Shallow End Grill
[1774/2943] no-platform   -            Mariscos la Baja mar y fuego
[1775/2943] no-platform   -            Bridget Bakery
[1776/2943] no-platform   -            Seaside Cowboy Coffee
[1777/2943] no-platform   -            Cent'Anni Café
[1778/2943] needs-browser -            Barcino Grill
[1779/2943] no-platform   -            Sweet Cheeks Homestead
[1780/2943] no-platform   -            India Princess
[1781/2943] no-platform   -            Krispy Krunchy Chicken
[1782/2943] no-platform   -            E. Lee's Sweets
[1783/2943] no-platform   -            Anila's Cucina Rustica
[1784/2943] needs-browser Square Online storefront M[1785/2943] need[1785/2943] no-platform   -            Coffee Amore
[1786/2943] no-platform   -            Grand Social
[1787/2943] no-platform   -            1022 Cafe & Gelateria
[1788/2943] no-platform   -            Sunny Bunny Bakes
[1789/2943] no-platform   -            Sierra's Baking Corner
[1790/2943] no-platform   -            Pastry Pedaler - Bakery Delivery in Pacific Beach, San Diego
[1791/2943] needs-browser order.online The Meltdown
[1792/2943] no-platform   -            Simply Baked Box
[1793/2943] no-platform   -            Calvins' Sportsbar
[1794/2943] no-platform   -            Soy Leaf Jui[1795/2943] no-platform[1795/2943] no-platform   -            Marketplace
[1796/2943] no-platform   -            CaMau Bakery & Deli
[1797/2943] no-platform   -            Spinnaker Coffee
[1798/2943] no-platform   -            Sabor a Mi Kitchen (Birrieria)
[1799/2943] no-platform   -            Chow Hall
[1800/2943] no-platform   -            Papi Tacos
[1801/2943] no-platform   -            That Girl Can Bake
[1802/2943] wrong-branch  clover       Manzanita Roasting Company and Coffee Hous[1803/2943] no-platform   -            That Girl Can Bake
[1804/2943] no-platform   -            Coffee Shop at the Lullabar
[1805/2943] no-platform   -            M & M Patisserie
[1806/2943] no-platform   -            Thyme Of Essence
[1807/2943] needs-browser order.online The Meltdown
[1808/2943] no-platform   -            Café Sand Castle
[1809/2943] no-platform   -            Rancho Bakers
[1810/2943] too-few       shopify      Taste & Sea Cakery
[1811/2943] needs-browser -            Carlsbad Cookie Company
[1812/2943] no-platform   -            Island Girl Bakes
[1813/2943] no-platform   -            Give Us This Day LLC Micro-Bakery
[1814/2943] no-platform   -            Rancho Bakers
[1815/2943] wrong-branch  own-jsonld   Shibuya Nights
[1816/2943] no-platform   -            IMPE Bar
[1817/2943] no-platform   -            Linden Crust Bakehouse
[1818/2943] needs-browser Square Online storefront Sushi Heights
[1819/2943] needs-browser order.online Puesto Taco Bar
[1820/2943] no-platform   -            Sugar Treats n Cakes
[1821/2943] no-platform   -            Javelina Craft Barbecue
[1822/2943] no-platform   -            Lilac Heights Bakery
[1823/2943] no-platform   -            Sifted and S[1824/2[1824/2943] no-platform   -            RASPARSWEET
[1825/2943] no-platform   -            Cali Craft Tacos
[1826/2943] needs-browser -            The Landing
[1827/2943] no-platform   -            Hectors pizza
[1828/2943] no-platform   -            SugarWater BakeHouse
[1829/2943] no-platform   -            Center Bar
[1830/2943] no-platform   -            elementa
[1831/2943] no-platform   -            Sweet land ice cream truck
[1832/2943] no-platform   -            Iron Brew Coffee
[1833/2943] no-platform   -            The D[1834/29[1834/2943] no-platform   -            Stix
[1835/2943] no-platform   -            Sweet Maison Bakery
[1836/2943] no-platform   -            Corner Market
[1837/2943] no-platform   -            My O My Coffee and Deli
[1838/2943] no-platform   -            Nat Sweet Treats
[1839/2943] no-platform   -            Snax
[1840/2943] no-platform   -            Fox Den Bar
[1841/2943] no-platform   -            The Coyote Den
[1842/2943] no-platform   -            Uumbal
[1843/2943] no-platform   -            Casa Café & Market
[1844/2943] no-platform   -            Marquesitas Liah
[1845/2943] no-platform   -            Buttery Bakes
[1846/2943] needs-browser order.online HapiVegan
[1847/2943] no-platform   -            Five Corners Coffee & Bakery Co.
[1848/2943] no-platform   -            Haven Cafe
[1849/2943] no-platform   -            Pacific Seafood
[1[1850/2943] no-platform   -            Pacific Seafood
[1851/2943] no-platform   -            Nicolosi's Pizza (Mira Lee Way)
[1852/2943] no-platform   -            Chandelier BY G
[1853/2943] no-platform   -            Avo & Ocha
[1854/2943] no-platform   -            De Los Altos Restaurant
[1855/2943] wrong-branch  toast        Brigitte's Bakery
[1856/2943] no-platform   -            Tocumbo Ice Cream National City
[1857/2943] wrong-branch  slice        Famous Famiglia
[1858/2943] no-platform   -            Bean Sprouts
[1859/2943] no-platform   -            Don Ramon Méxican and sea food
[1860/2943] no-platform   -            High Seas Bar
[1861/2943] wrong-branch  toast        Sangucheria PSF Liberty Station
[1862/2943] no-platform   -            Vella Brasserie
[1863/2943] no-platform   -            Health Center Deli
[1864/2943] no-platform   -            Lone Pine Eatery
[1865/2943] needs-browser Square Online storefront Petite Perk Cafe
[1866/2943] no-platform   -            Nrgize
[1867/2943] no-platform   -            Coast Coffee Co
[1868/2943] no-platform   -            The Quay Cafe
[1869/2943] no-platform   -            Negro Durazo
[1870/2943] no-platform   -            The Grand Tradition
[1871/2943] no-platform   -            The Banshee Bar
[1872/2943] no-platform   -            Buka - Taste of Nigeria
[1873/2943] no-platform   -            Cafe 477 Encinitas
[1874/2943] no-platform   -            Hui Hua
[1875/2943] no-platform   -            Humphrey Nutrición club herbalife
[1876/2943] no-platform   -            Nono José Empanadas
[1877/2943] no-platform   -            Rhino Cake and Coffee Company
[1878/2943] no-platform   -            Griffin Grind
[1879/2943] no-platform   -            BBQUSION
[1880/2943] no-platform   -            Mama Kat's Restaurant and Pie Shop
[1881/2943] no-platform   -            Mielimon Bakery
[1882/2943] no-platform   -            Ono Hawaiian BBQ
[1883/2943] no-platform   -            The Village Mission Valley Cafe
[1884/2943] no-platform   -            Afghan Table
[1885/2943] no-platform   -   [1885/2943] no-platform   -            Afghan Table
[1886/2943] no-platform   -            Gaslamp Coffee Bar
[1887/2943] needs-browser order.online Sangucheria PSF Hillcrest
[1888/2943] no-platform   -            Modern Times Coffee
[1889/2943] no-platform   -            The Divers Cup
[1890/2943] no-platform   -            The Encore Sushi
[1891/2943] no-platform   -            Egg Tuck
[1892/2943] no-platform   -            Crave & Feast
[1893/2943] wrong-branch  toast        Blank Slate
[1894/2943] no-platform   -            Masa Madre
[1895/2943] no-platform   -            Rocko's Modern Taphouse
[1896/2943] no-platform   -            By The Sea
[1897/2943] no-platform   -            The brew inn tavern
[1898/2943] no-platform   -            Joes on the Nose
[1899/2943] no-platform   -            Sweet Munchies
[1900/2943] no-platform   -            Mi Pan Bakery
[1901/2943] no-platform   -            Deli and Pizzeria
[1902/2943] no-platform   -            Mexico City Cuisine-CoLab
[1903/2943] no-platform   -            Mexico City Cuisine LLC
[1904/2943] no-platform   -            Lindo Valle Mexican Grill
[1905/2943] no-platform   -            30Z Dive Club (Three Ounce)
[1906/2943] no-platform   -            The Macaron Shop S[1[1907/2943] no-platform   -            HACIENDITA BAKERY
[1908/2943] no-platform   -            Thum SD
[1909/2943] no-platform   -            Rock Steady
[1910/2943] no-platform   -            Country Waffles
[1911/2943] no-platform   -            The Reading Club
[1912/2943] no-platform   -            Inland Tavern
[1913/2943] no-platform   -            In Between
[1914/2943] no-platform   -            NM Cafe
[1915/2943] no-platform   -            Tu Taco Taco Shop #2
[1916/2943] needs-browser Square Online (own domain) The Mighty Bean Coffee Co.
[1917/2943] no-platform   -            Kabul West Mediterranean Grill
[1918/2943] no-platform   -            Pinsarella Ancient Roman Pizza
[1919/2943] no-platform   -            Stony Mountain Bar & Grill
[1920/2943] needs-browser -            Verde Kitchen & Bar
[1921/2943] needs-browser Square Online storefront Rancho Sandwich & Creamery
[1922/2943] no-platform   -            The Santaluz Club Dining Room and Events
[1923/2943] no-platform   -            MeloMelo Coconut Dessert
[1924/2943] wrong-branch  order.online The Poke Co. - Linda Vista
[1925/2943] no-platform   -            Monserrate Pastries
[1926/2943] no-platform   -            Hilltop Cafe
[1927/2943] no-platform   -            Oliva
[1928/2943] no-platform   -            Fallbrook Kitchen Rentals
[1929/2943] no-platform   -            SALT N SAVOR DELI & CAFE
[1930/2943] no-platform   -            Michoacana Mia - Escondido
[1931/2943] no-platform   -            Buffet House
[1932/2943] no-platform   -            El Puerto Taco Shop
[1933/2943] no-platform   -            La Sierra Cafe
[1934/2943] screened-out  shopify      OTA[1935/2[1935/2943] no-platform   -            Bonny's Cafe
[1936/2943] no-platform   -            Fasia Buffet
[1937/2943] no-platform   -            Por Vida
[1938/2943] no-platform   -            The Best Donuts
[1939/2943] no-platform   -            Paul's Place
[1940/2943] no-platform   -            Señor Pancho Mexican Grill
[1941/2943] no-platform   -            Jeong Won BBQ Buffet
[1942/2943] no-platform   -            VanDough French Bakery
[1943/2943] no-platform   -            Hilberto's Mexican Food
[1944/2943] no-platform   -            Saray Restaurant Charcoal Grill
[1945/2943] no-platform   -            El Ranchero Taco Shop
[1946/2943] no-platform   -            Germán Seafood Food Truck
[1947/2943] no-platform   -            Mr Pho
[1948/2943] no-platform   -            Niban Japanese Restaurant
[1949/2943] no-platform   -            Franks Mexican Grill
[1950/2943] no-platform   -            Birrieria y menuderia Guadalajara
[1951/2943] no-platform   -            Mi Rancho Market
[1952/2943] no-platform   -            Plaza Donuts
[1953/2943] no-platform   -            Triple Crown Pub
[1954/2943] no-platform   -            Kesling's Kitchen
[1955/2943] no-platform   -            La India Bonita
[1956/2943] no-platform   -            Kotija Taco Shop Mexican Food
[1957/2943] no-platform   -            Tavos Tacos n Beer
[1958/2943] no-platform   -            D-K-Che Fruteria
[1959/2943] no-platform   -            LA MALCRIADA BIRRIERIA
[1960/2943] no-platform   -            Mariscos Fili La Carreta
[1961/2943] no-platform   -            Dolche cafe/ Mexifood
[1962/2943] no-platform   -            Beijing Express
[1963/2943] no-platform   -            Pho46 & Banh Mi
[1964/2943] no-platform   -            Estrada's Taco Shop
[1965/2943] no-platform   -            O B Donuts
[1966/2943] no-platform   -            Tekila Cocina Mexicana
[1967/2943] no-platform   -            Mr Holy Gao
[1968/2943] no-platform   -            Nice Food Restaurant
[1969/2943] no-platform   -            Terzo Bakery & Cafe
[1970/2943] no-platform   -            Chitos Taco Shop
[1971/2943] no-platform   -            Veronica's Kitchen
[1972/2943] no-platform   -            Taqueria Revolución
[1973/2943] no-platform   -            Arrieros
[1974/2943] no-platform   -            Dannys Palm Bar and Grill
[1975/2943] no-platform   -            Cafecito on Palm
[1976/2943] no-platform   -            Juan Bertos Mexican Food
[1977/2943] no-platform   -            Margarita’s
[1978/2943] no-platform   -            Pho 4 Queen
[1979/2943] no-platform   -            The Salty Frog Bar
[1980/2943] no-platform   -            Yogurt Barn
[1981/2943] no-platform   -            Meshuggah Shack
[1982/2943] no-platform   -            Elena's French Crepes Cafe & Peet's Coffee
[1983/2943] no-platform   -            LAS UVAS TEJUINO LA DONA
[1984/2943] no-platform   -            Bravo's Taco Shop
[1985/2943] no-platform   -            Wicked Poke
[1986/2943] no-platform   -            Cow Shed Bar and Grill
[1987/2943] no-platform   -            Pho Anh & Grill
[1988/2943] no-platform   -            Chico's Restaurant
[1989/2943] no-platform   -            Wahine Kai Shave Ice
[1990/2943] no-platform   -            Orlando's Taco Shop
[1991/2943] no-platform   -            Mikki's Cafe
[1992/2943] no-platform   -            Los Reyes Mexican Food
[1993/2943] no-platform   -            Apple Country Restaurants
[1994/2943] no-platform   -            The Break Room
[1995/2943] no-platform   -            Tacos Oasis
[1996/2943] no-platform   -            PHOnomenal
[1997/2943] no-platform   -            Sunrise Deli & Grill
[1998/2943] no-platform   -            La Rosa Giant Pizza
[1999/2943] no-platform   -            Jilberto's
[2000/2943] no-platform   -            Tacos El Gordo
[2001/2943] no-platform   -            Faridas
[2002/2943] no-platform   -            Chung Hing
[2003/2943] no-platform   -            Poncho Villa's Mexican Food
[2004/2943] no-platform   -            Sub-marine
[2005/2943] no-platform   -            Don Lucio's Mexican Grill
[2006/2943] no-platform   -            Lisa's Filipino Cuisine
[2007/2943] no-platform   -            The Latin Chef Liberty Station
[2008/2943] no-platform   -            Hilda's Mexican Bakery
[2009/2943] no-platform   -            Swan Bar
[2010/2943] no-platform   -            One More Thats It
[2011/2943] no-platform   -            Mis Cuates Taco Shop
[2012/2943] no-platform   -            664 TJ Birriería
[2013/2943] no-platform   -            Panda Chef
[2014/2943] no-platform   -            San Diego Blenders
[2015/2943] no-platform   -            Super Donuts
[2016/2943] no-platform   -            Starbread Bakery
[2017/2943] no-platform   -            Tj Tortas & Tacos
[2018/2943] no-platform   -            Original Yogurt Shack
[2019/2943] no-platform   -            R&B Filipino Cuisine
[2020/2943] no-platform   -            Lucky Donuts & Deli
[2021/2943] no-platform   -            Pam's Donuts and Frozen Yogurt
[2022/2943] no-platform   -            Rock N Roll Scoops
[2023/2943] no-platform   -            S K's Donuts
[2024/2943] no-platform   -            El Primo Birrieria Mexican cuisine
[2025/2943] no-platform   -            Birriería Y Menudería Guadalajara
[2026/2943] no-platform   -            Rising Dragon Chinese Restaurant
[2027/2943] no-platform   -            BLUE NILE Ethiopian market and restaurant
[2028/2943] no-platform   -            Rosemary & Thyme Cafe
[2029/2943] no-platform   -            The Keep Coffee
[2030/2943] no-platform   -            California Mexican Food
[2031/2943] no-platform   -            6 Grados Coffee
[2032/2943] no-platform   -            Sammy's Mexican Bakery
[2033/2943] no-platform   -            Sawaya Brothers Jr/ Pollo Mex
[2034/2943] no-platform   -            Dia Del Cafe
[2035/2943] no-platform   -            Taquería Imperial Taco Shop
[2036/2943] no-platform   -            Desi's Bar & Grill
[2037/2943] no-platform   -            Sky Hookah Lounge
[2038/2943] no-platform   -            Yogurt Express
[2039/2943] no-platform   -            Ringers Cocktails
[2040/2943] no-platform   -            Mi Reyna Tortilleria
[2041/2943] no-platform   -            Heavenly Donuts
[2042/2943] no-platform   -            George's Cafe
[2043/2943] no-platform   -            Tacos El Flaco
[2044/2943] no-platform   -            Scotland Yard Restaurant
[2045/2943] no-platform   -            Golden Donut
[2046/2943] no-platform   -            Tans Donuts
[2047/2943] no-platform   -            R&B Tea San Carlos
[2048/2943] no-platform   -            The Vybe Lounge
[2049/2943] no-platform   -            Chico Club
[2050/2943] no-platform   -            Hello Deli
[2051/2943] no-platform   -            El Tigre Churros Y Platanos
[2052/2943] no-platform   -            Don Jilberto's Mexican Food
[2053/2943] no-platform   -            La Dama y Sus Takonez
[2054/2943] no-platform   -            Wings Mix
[2055/2943] no-platform   -            Crafted Culture
[2056/2943] no-platform   -            Cesar's Taco Shop
[2057/2943] no-platform   -            Raymundo's Taco Shop
[2058/2943] no-platform   -            Gonzales Mess Hall
[2059/2943] no-platform   -            La Cresta Restaurant and Caffé
[2060/2943] no-platform   -            Sorianas Mexican Food
[2061/2943] no-platform   -            Candied Apple Cafe
[2062/2943] no-platform   -            Chamango Mango
[2063/2943] no-platform   -            China Fun
[2064/2943] no-platform   -            The Whet Noodle
[2065/2943] no-platform   -            Manna Restaurant Pancake House And Chinese Fast Food
[2066/2943] no-platform   -            Marvelous Muffins
[2067/2943] no-platform   -            Maxdon's
[2068/2943] no-platform   -            Yogurt Lounge III
[2069/2943] no-platform   -            Panaderia La Buena
[2070/2943] no-platform   -            Caffe Positano, Village
[2071/2943] no-platform   -            Mike's Cocktails
[2072/2943] no-platform   -            Donut Factory
[2073/2943] no-platform   -            garage.79
[2074/2943] no-platform   -            Savoy Donuts
[2075/2943] no-platform   -            Yogurt Palace
[2076/2943] no-platform   -            Formosa Club
[2077/2943] no-platform   -            The Watering Hole
[2078/2943] no-platform   -            Lucita Taco Shop
[2079/2943] no-platform   -            Happy Lemon Del Mar
[2080/2943] no-platform   -            Fatte's Pizza
[2081/2943] no-platform   -            Steph's Donut Hole
[2082/2943] no-platform   -            14 Area Chow Hall
[2083/2943] no-platform   -            Nice Food Restaurant
[2084/2943] no-platform   -            Plantology Cafe
[2085/2943] no-platform   -            Best Donuts
[2086/2943] no-platform   -            Sweet Shoppe
[2087/2943] no-platform   -            Manila Fastfood and Desserts
[2088/2943] no-platform   -            BALBOA PERK, Coffee & Tea
[2089/2943] no-platform   -            21 Area Mess Hall
[2090/2943] no-platform   -            Banh Mi Express
[2091/2943] no-platform   -            Ujin
[2092/2943] no-platform   -            Express Pizza 'N Wings
[2093/2943] no-platform   -            Chico's Panaderia
[2094/2943] no-platform   -            Tijuanero By Tijuanazo - Little Italy
[2095/2943] no-platform   -            Mi Taco Shop
[2096/2943] no-platform   -            Las Morelias
[2097/2943] no-platform   -            Spring Valley Inn
[2098/2943] no-platform   -            Gualberto's Taco Shop
[2099/2943] no-platform   -            El Huarache Taco Shop
[2100/2943] no-platform   -            Coal Bros Taqueria
[2101/2943] no-platform   -            Growing Edge Coffee & Community
[2102/2943] no-platform   -            Mike's Giant New York Pizza
[2103/2943] no-platform   -            33 Area Chow Hall
[2104/2943] no-platform   -            BaBa Ice Cream
[2105/2943] no-platform   -            Heritage
[2106/2943] no-platform   -            e•'lo•te
[2107/2943] no-platform   -            Bonsall Donut House
[2108/2943] no-platform   -            Manka Peruvian Cuisine
[2109/2943] no-platform   -            The Cardiff Office
[2110/2943] no-platform   -            Circus Ma'am Ice Cream
[2111/2943] no-platform   -            Tuétano Taquería
[2112/2943] no-platform   -            Supreme Donuts
[2113/2943] no-platform   -            A1 sports Bar
[2114/2943] no-platform   -            Bakery Corner Donuts
[2115/2943] no-platform   -            On the Rocks Cocktails
[2116/2943] no-platform   -            Calico's
[2117/2943] no-platform   -            La Pesca Cevichería Baja
[2118/2943] no-platform   -            Muir Coffee House
[2119/2943] no-platform   -            Paleteria La Michoacana
[2120/2943] no-platform   -            Dcs Across The Street
[2121/2943] no-platform   -            Noemas Tex Mex cuisine
[2122/2943] no-platform   -            La Mexican Fiesta
[2123/2943] no-platform   -            Panda Restaurant
[2124/2943] no-platform   -            Martini Hall 53
[2125/2943] no-platform   -            Deli Mart
[2126/2943] no-platform   -            Immersion Coffee
[2127/2943] no-platform   -            Plume & Brew Coffee
[2128/2943] no-platform   -            Foster's Family Donouts
[2129/2943] no-platform   -            Judy's Deli
[2130/2943] no-platform   -            Sportsmans Pub
[2131/2943] no-platform   -            Morada Restaurant Rancho Santa Fe
[2132/2943] no-platform   -            Lollicup Tea Zone
[2133/2943] no-platform   -            Hilberto's Mexican Food
[2134/2943] no-platform   -            YOHED COFFEE
[2135/2943] no-platform   -            Julian Pit Stop
[2136/2943] no-platform   -            The coffee machine
[2137/2943] no-platform   -            Chico's Bakery
[2138/2943] no-platform   -            Taste of African Cuisine
[2139/2943] no-platform   -            The Round Up Grill
[2140/2943] no-platform   -            Papayas Juice Bar
[2141/2943] no-platform   -            Yogurt Barn
[2142/2943] no-platform   -            Euros Hookah Lounge
[2143/2943] no-platform   -            West Pac Noodle Bar
[2144/2943] no-platform   -            Super Donuts #2
[2145/2943] no-platform   -            Donut star
[2146/2943] no-platform   -            Oceanside Donut
[2147/2943] no-platform   -            DJ's Pizza Express
[2148/2943] no-platform   -            Fresh Donuts
[2149/2943] no-platform   -            Donut Stop
[2150/2943] no-platform   -            Jessie's Bake Shop
[2151/2943] no-platform   -            La Nueva Mexican Bakery
[2152/2943] no-platform   -            664 TJ Birriería
[2153/2943] no-platform   -            mammys coffee
[2154/2943] no-platform   -            Summer's Deli & Catering
[2155/2943] no-platform   -            La Especial
[2156/2943] no-platform   -            Mi Amigo Restaurant and bakery
[2157/2943] no-platform   -            TJ birrierria 664 #4
[2158/2943] no-platform   -            La Barca - Mexican Seafood and Craft Cocktails
[2159/2943] no-platform   -            Wild Wooly's Saloon
[2160/2943] no-platform   -            Pansang's Filipino Cuisine
[2161/2943] no-platform   -            SeaTaco
[2162/2943] no-platform   -            Lycha Tea, Coffee & Desserts
[2163/2943] no-platform   -            Sunset Café
[2164/2943] no-platform   -            Bakery
[2165/2943] no-platform   -            Vegan Tacos SD
[2166/2943] no-platform   -            California Kumpir
[2167/2943] no-platform   -            TJ Birrieria
[2168/2943] no-platform   -            La Cochinita
[2169/2943] no-platform   -            Pearson Deli
[2170/2943] no-platform   -            The Shop Cafe Barrio Logan
[2171/2943] no-platform   -            Hacienda Jamul
[2172/2943] no-platform   -            Cardiff By The Sea Buisness District
[2173/2943] no-platform   -            Purebowl
[2174/2943] no-platform   -            La Michoacana Ice Cream Shop
[2175/2943] no-platform   -            Java Shack
[2176/2943] no-platform   -            It's in the Filling!
[2177/2943] no-platform   -            Tasty Bakery
[2178/2943] no-platform   -            TORI CAFE
[2179/2943] no-platform   -            Feliz Coffee Club
[2180/2943] no-platform   -            Fresh Catch Fish Market & Grill
[2181/2943] no-platform   -            Taqueria y mariscos el kiki
[2182/2943] no-platform   -            Queenstage Coffee House
[2183/2943] no-platform   -            Chief's Da Tiki Bar
[2184/2943] no-platform   -            Nahomie's Cafe & Deli
[2185/2943] no-platform   -            Stadium Club
[2186/2943] no-platform   -            Olive Oil Cafe
[2187/2943] no-platform   -            Seaside Yogurt
[2188/2943] no-platform   -            Danish & Donuts
[2189/2943] no-platform   -            PARA
[2190/2943] no-platform   -            Birrieria la Loteria
[2191/2943] no-platform   -            Yomie's Rice x Yogurt
[2192/2943] no-platform   -            Donuts N Things
[2193/2943] no-platform   -            Asian Kitchen
[2194/2943] no-platform   -            Club 13
[2195/2943] no-platform   -            Jitters Espresso
[2196/2943] no-platform   -            Cafe des Artistes
[2197/2943] no-platform   -            Mayra's Bakery
[2198/2943] no-platform   -            Executive Friendship Deli
[2199/2943] no-platform   -            Plaza Donuts & Yogurt
[2200/2943] no-platform   -            Cafecito on Seacoast
[2201/2943] no-platform   -            Lemon Grove Bakery
[2202/2943] no-platform   -            Donut Pantry
[2203/2943] no-platform   -            Cilantro's Mexican Food,
[2204/2943] no-platform   -            Chiquibaby's Bar
[2205/2943] no-platform   -            Donut World
[2206/2943] no-platform   -            Dubai Cafe
[2207/2943] no-platform   -            ESSNTL Coffee
[2208/2943] no-platform   -            Mr Donuts
[2209/2943] no-platform   -            Burritos Luna
[2210/2943] no-platform   -            Raspados Michoacan
[2211/2943] no-platform   -            El Cevichero PB
[2212/2943] no-platform   -            Brick 95
[2213/2943] no-platform   -            Tamales Brenda's
[2214/2943] no-platform   -            Great Happiness
[2215/2943] no-platform   -            Wasa Sushi Bar
[2216/2943] no-platform   -            Champs Korean Bbq
[2217/2943] no-platform   -            SweetLife on 3rd
[2218/2943] no-platform   -            The Iconic Coffee Club
[2219/2943] no-platform   -            Pacific lounge
[2220/2943] no-platform   -            Cristallo Cafe
[2221/2943] no-platform   -            Ho Won Express
[2222/2943] no-platform   -            San Diego Bakery & Café
[2223/2943] no-platform   -            Bakin' it Up Collective - An Artisan Bakery
[2224/2943] no-platform   -            Los Tapatios Mexican Food
[2225/2943] no-platform   -            Don Munchies SD
[2226/2943] no-platform   -            Tommy V's Pizzeria
[2227/2943] no-platform   -            E.S.B. Cafe
[2228/2943] no-platform   -            Mango Mania Frutas & More
[2229/2943] no-platform   -            Tram Chim - Live King Crab
[2230/2943] no-platform   -            El Rinconcito Taco Shop
[2231/2943] no-platform   -            Dr. Juice
[2232/2943] no-platform   -            CORAL SPORTS BAR
[2233/2943] no-platform   -            Audrey's Café
[2234/2943] no-platform   -            Mariscos La Reyna del Sur
[2235/2943] no-platform   -            Trining’s Bakery & Cafe National City
[2236/2943] no-platform   -            Cup 'n Go
[2237/2943] no-platform   -            Yum Yum Yo Frozen Yogurt/Sandwiches/Boba
[2238/2943] no-platform   -            Tacos AlPastor Spring Valley
[2239/2943] no-platform   -            Birria Blvd
[2240/2943] no-platform   -            Tacos El Orejas
[2241/2943] no-platform   -            Java Time
[2242/2943] no-platform   -            Barrio Street Tacos
[2243/2943] no-platform   -            Gold Soul Coffee
[2244/2943] no-platform   -            Camden Food Co.
[2245/2943] no-platform   -            El Jefes Taco Shop
[2246/2943] no-platform   -            Family Golden Palace
[2247/2943] no-platform   -            AWOL
[2248/2943] no-platform   -            Vinum Locus
[2249/2943] no-platform   -            The Parks Cafe
[2250/2943] no-platform   -            Harbor Island Deli & Spirits
[2251/2943] no-platform   -            Cui Daore
[2252/2943] no-platform   -            Bedda
[2253/2943] no-platform   -            Okayama Steakhouse
[2254/2943] no-platform   -            Layali nights lounge
[2255/2943] no-platform   -            Layali nights lounge
[2256/2943] no-platform   -            Rancho Roasters
[2257/2943] no-platform   -            Da Nang Restaurant and Cafe
[2258/2943] no-platform   -            My Cup of Tea Unique Gifts
[2259/2943] no-platform   -            La Isla Neveria
[2260/2943] no-platform   -            La Barbacoa Autentica De Borrego
[2261/2943] no-platform   -            Heavy's Smokehouse
[2262/2943] no-platform   -            Bean Me Up Coffee
[2263/2943] no-platform   -            Very Tasty Coffee
[2264/2943] no-platform   -            Arc & Kin
[2265/2943] no-platform   -            Carnitas La Caldera
[2266/2943] no-platform   -            Frutas Frescas
[2267/2943] no-platform   -            Village Tacos
[2268/2943] no-platform   -            The Tin Scoop
[2269/2943] no-platform   -            Encinitas Donut House
[2270/2943] no-platform   -            Yakitori Tsuta
[2271/2943] no-platform   -            Locally Toasted Delicatessen
[2272/2943] no-platform   -            Saigon Corner
[2273/2943] no-platform   -            Viche Marina Deli & Coffee
[2274/2943] no-platform   -            ESB Coffee
[2275/2943] no-platform   -            Marcella June's Coffee Lounge
[2276/2943] no-platform   -            Stage stop pizza
[2277/2943] no-platform   -            Blend & Bite Cafe
[2278/2943] no-platform   -            The Yogo, Handcrafted Ice Cream & Desserts
[2279/2943] no-platform   -            Sinbad Restaurant And Lounge
[2280/2943] no-platform   -            Pepita's Cafe
[2281/2943] no-platform   -            Los sushi lovers
[2282/2943] no-platform   -            Honey Banana
[2283/2943] no-platform   -            Taqueria Don Chamango
[2284/2943] no-platform   -            Awesome Jamaican Jerk Wings by Laylahs
[2285/2943] no-platform   -            Tokyo Express
[2286/2943] no-platform   -            Cafe Dawny
[2287/2943] no-platform   -            Polanco Kitchen & Bar
[2288/2943] no-platform   -            Pan paulitas mexican bakery
[2289/2943] no-platform   -            Balboa Bakery
[2290/2943] no-platform   -            Veterans of Foriegn Wars Post 9327
[2291/2943] no-platform   -            The Library Coffee Shop
[2292/2943] no-platform   -            Teo's Kitchen
[2293/2943] no-platform   -            Linda Vista Market
[2294/2943] no-platform   -            Green Light Cafe & Deli
[2295/2943] no-platform   -            Sandwich Co.
[2296/2943] no-platform   -            Larisa's Mexican Bakery
[2297/2943] no-platform   -            Rancho's Taco Shop And Seafood
[2298/2943] no-platform   -            KD's Donuts
[2299/2943] no-platform   -            DACAFÉ
[2300/2943] no-platform   -            El Primo Birrieria Taco Truck
[2301/2943] no-platform   -            Seoul Street
[2302/2943] no-platform   -            Jimmy's Cafe & Pub
[2303/2943] no-platform   -            Aurora's Bakery
[2304/2943] no-platform   -            Shelly's Deli
[2305/2943] no-platform   -            Hector's Taco Shop & Fruteria
[2306/2943] no-platform   -            Roselys Eats and Sweets
[2307/2943] no-platform   -            Made in Chinaloa
[2308/2943] no-platform   -            BARESSITO ANTRO BAR
[2309/2943] no-platform   -            Sandok Filipino Cuisine
[2310/2943] no-platform   -            Menuderia Y Taqueria El Flako
[2311/2943] no-platform   -            Over The Border
[2312/2943] no-platform   -            Akari Sushi
[2313/2943] no-platform   -            1904 Street Dogs
[2314/2943] no-platform   -            Old Town Ice Cream
[2315/2943] no-platform   -            Doh Doh Coffee
[2316/2943] no-platform   -            Tortas Tj
[2317/2943] no-platform   -            Caffe Positano, Fairbanks
[2318/2943] no-platform   -            Weapon Ramen Liberty Public Market
[2319/2943] no-platform   -            Golden Spoon Frozen Yogurt
[2320/2943] no-platform   -            Sea Ridge Coffee
[2321/2943] no-platform   -            Tacos Minali
[2322/2943] no-platform   -            The Cookie Opera
[2323/2943] no-platform   -            Isabela’s Mexican food
[2324/2943] no-platform   -            22 Area Galley
[2325/2943] no-platform   -            Sonora Steak Asadero El Prieto #13
[2326/2943] no-platform   -            Panadería El Trigal
[2327/2943] no-platform   -            Water Store
[2328/2943] no-platform   -            Autentica Comida Oaxaquena
[2329/2943] no-platform   -            LA MICHOACANA SON MEX OF POWAY
[2330/2943] no-platform   -            Mr. Manitas Taco Bar and Fruteria
[2331/2943] no-platform   -            La Cucina di Silvana
[2332/2943] no-platform   -            Notorious Barbecue
[2333/2943] no-platform   -            The coffee machine
[2334/2943] no-platform   -            EL PASO TACO SHOP
[2335/2943] no-platform   -            Logan Inn
[2336/2943] no-platform   -            Jason's Courtyard Cafe
[2337/2943] no-platform   -            El Uno Bar
[2338/2943] no-platform   -            Rancho Roasters
[2339/2943] no-platform   -            Boba Life La Mesa
[2340/2943] no-platform   -            Casa Del Lobo
[2341/2943] no-platform   -            Smoke and Salt Restaurant
[2342/2943] no-platform   -            Pink Donuts
[2343/2943] no-platform   -            Birrieria La Vaquita
[2344/2943] no-platform   -            Javier’s Mexican Food
[2345/2943] no-platform   -            TG Cafe
[2346/2943] no-platform   -            Aalami Restaurant - Somali Cuisine
[2347/2943] no-platform   -            Franco's Flapjack
[2348/2943] no-platform   -            La Michoacana Ice Cream
[2349/2943] no-platform   -            Mood ALsham restaurant
[2350/2943] no-platform   -            Sara's Bakery
[2351/2943] no-platform   -            The Pocket Pool & Bar
[2352/2943] no-platform   -            Lizs Cocina
[2353/2943] no-platform   -            Ramen Girl
[2354/2943] no-platform   -            Ortiz Bakery
[2355/2943] no-platform   -            Tasty Buds LLC
[2356/2943] no-platform   -            Acai Roots
[2357/2943] no-platform   -            La Cocina De Chata
[2358/2943] no-platform   -            De La Torre Cenaduria
[2359/2943] no-platform   -            Mariscos Guille
[2360/2943] no-platform   -            Cafecito at EPOCA
[2361/2943] no-platform   -            Ana’s Fruit & Deli
[2362/2943] no-platform   -            Cafe Del Mar
[2363/2943] no-platform   -            Las Delicias de Alicia
[2364/2943] no-platform   -            Taquería Imperial Taco Shop
[2365/2943] no-platform   -            Coastal Coffee - Scripps Memorial Hospital
[2366/2943] no-platform   -            Pines
[2367/2943] no-platform   -            Las Ranas Lonchera Mariscos
[2368/2943] no-platform   -            The Galley
[2369/2943] no-platform   -            El Camaron Negro
[2370/2943] no-platform   -            Wow Donuts
[2371/2943] no-platform   -            Black Sea Cafe & Market
[2372/2943] no-platform   -            Taco de Ojo Sports Cantina
[2373/2943] no-platform   -            La Espiga de Oro Mexican Bakery
[2374/2943] no-platform   -            Hot Blend Café
[2375/2943] no-platform   -            Dubu San Diego Tofu Company
[2376/2943] no-platform   -            Tacos el uzzi
[2377/2943] no-platform   -            Rising Sun Sushi
[2378/2943] no-platform   -            Cacio
[2379/2943] no-platform   -            Koakai Brewing Co.
[2380/2943] no-platform   -            Erlene's Family Style Cuisine
[2381/2943] no-platform   -            San Diego Beer House
[2382/2943] no-platform   -            Tus Chefs Favoritas
[2383/2943] no-platform   -            Family Tacos
[2384/2943] no-platform   -            Al Chile Mexican Food
[2385/2943] no-platform   -            Manila Bistro
[2386/2943] no-platform   -            Tlaloc Deli
[2387/2943] no-platform   -            EL SAZON DE MAMA
[2388/2943] no-platform   -            Pinoy Express Fastfood
[2389/2943] no-platform   -            FENIX LOUNGE
[2390/2943] no-platform   -            Tortillas De Harina El Trigal
[2391/2943] no-platform   -            Filo
[2392/2943] no-platform   -            Rey Tj Burger's San Diego
[2393/2943] no-platform   -            The Other Side Bar and Grill
[2394/2943] no-platform   -            La Chalupa Mariscos #2 Food Truck
[2395/2943] no-platform   -            Fruit
[2396/2943] no-platform   -            Kikos Place cantina
[2397/2943] no-platform   -            Xicanitos
[2398/2943] no-platform   -            Downtown cafe pizza
[2399/2943] no-platform   -            Lizzie's Cake Couture
[2400/2943] no-platform   -            Macy's Cafe at Fashion Valley
[2401/2943] no-platform   -            Marina Kitchen at Mariott Marquis
[2402/2943] no-platform   -            Chula Tacos Taquerias
[2403/2943] no-platform   -            Maple Tree Coffee
[2404/2943] no-platform   -            The Café at Alma San Diego
[2405/2943] no-platform   -            Perk Social
[2406/2943] no-platform   -            Beaudevin
[2407/2943] no-platform   -            Korean Bingsoo Cafe
[2408/2943] no-platform   -            El Kafecito
[2409/2943] no-platform   -            Smash’d Burgers
[2410/2943] no-platform   -            Cali Cafe
[2411/2943] no-platform   -            Louisiana Banana Pudding
[2412/2943] no-platform   -            Rita's of Mission Hills
[2413/2943] no-platform   -            Juicers
[2414/2943] no-platform   -            La Flor Bakery
[2415/2943] no-platform   -            J-Town Grab and Go
[2416/2943] no-platform   -            Coffee Shop
[2417/2943] no-platform   -            The Propeller Bar and Grill
[2418/2943] no-platform   -            Valerio's Bakehouse
[2419/2943] no-platform   -            Rapido Y Sabroso Taco Truck
[2420/2943] no-platform   -            D's Coffee
[2421/2943] no-platform   -            Uphori Cafe
[2422/2943] no-platform   -            Pho On The Go
[2423/2943] no-platform   -            Noodle Bowl and dumplings
[2424/2943] no-platform   -            Star Gazer Club
[2425/2943] no-platform   -            Clayton's Galley
[2426/2943] no-platform   -            Verde Kitchen & Bar
[2427/2943] no-platform   -            Goodspot
[2428/2943] no-platform   -            Jue Wei food
[2429/2943] no-platform   -            Smash Bacon
[2430/2943] no-platform   -            La Patrona
[2431/2943] no-platform   -            Bethlehem Baking Co.
[2432/2943] no-platform   -            Burritos Salomè
[2433/2943] no-platform   -            Taiyo
[2434/2943] no-platform   -            Meal and Munch
[2435/2943] no-platform   -            Skinny Jake Smokehouse
[2436/2943] no-platform   -            Candy's Boom Boom Room
[2437/2943] no-platform   -            The Meantime
[2438/2943] no-platform   -            Tacos la Guera
[2439/2943] no-platform   -            Daniel's West
[2440/2943] no-platform   -            Chupacabras taco shop
[2441/2943] no-platform   -            Ranas Hotdogs & Hamburgers
[2442/2943] no-platform   -            La Perla del Pacífico
[2443/2943] no-platform   -            Burger Kitchen
[2444/2943] no-platform   -            Front Street Sweet Shack
[2445/2943] no-platform   -            Cedar Rose
[2446/2943] no-platform   -            SWEET & SPICY SD LLC
[2447/2943] no-platform   -            Rapha Tea
[2448/2943] no-platform   -            Bailey House
[2449/2943] no-platform   -            Bayside Bar
[2450/2943] no-platform   -            Miguel’s Street Tacos
[2451/2943] no-platform   -            Freeze Gourmet
[2452/2943] no-platform   -            Guau Guau Taza de Cafe
[2453/2943] no-platform   -            Marina Market and Café
[2454/2943] no-platform   -            Cup of Bloom La Jolla
[2455/2943] no-platform   -            Alberto's
[2456/2943] no-platform   -            Barbas Mexican Food
[2457/2943] no-platform   -            Chinese Cuisine
[2458/2943] no-platform   -            Tacos El Unico
[2459/2943] no-platform   -            La Creperia Nutilda
[2460/2943] no-platform   -            The Honey Pot
[2461/2943] no-platform   -            El Rinconcito Sinaloense Antojitos
[2462/2943] no-platform   -            MJ's Eatery Philly Cheesesteaks and more
[2463/2943] no-platform   -            Yesenia’s Mexican Food
[2464/2943] no-platform   -            Thai Style Kitchen Oceanside
[2465/2943] no-platform   -            Authentic Mexican Bakery
[2466/2943] no-platform   -            Grill chicken Linda vista
[2467/2943] no-platform   -            Puerta Del Cielo Mexican Foods-Food Truck
[2468/2943] no-platform   -            Pikolinas
[2469/2943] no-platform   -            Tacos puebla
[2470/2943] no-platform   -            El Chile pelais del Flaco
[2471/2943] no-platform   -            Island Style Sushi
[2472/2943] no-platform   -            Vega’s Kitchen
[2473/2943] no-platform   -            Taco truck
[2474/2943] no-platform   -            La Morena del Fuego
[2475/2943] no-platform   -            New Name Club
[2476/2943] no-platform   -            Soulsip
[2477/2943] no-platform   -            Nori Japan
[2478/2943] no-platform   -            7 Marcelos Mexican Cafe
[2479/2943] no-platform   -            taco de ojo sports cantina
[2480/2943] no-platform   -            "LAS CAZUELITAS" Home made Mexican food
[2481/2943] no-platform   -            Da Good Vibes Eats
[2482/2943] no-platform   -            El Mejor Taco Avapor
[2483/2943] no-platform   -            Shrimp on a Skateboard Mariscos
[2484/2943] no-platform   -            Vivant Bistro & Craft Bar
[2485/2943] no-platform   -            Bello’s Tacos and Burritos
[2486/2943] no-platform   -            Brunette Social Sports Bar
[2487/2943] no-platform   -            AY MI MAZATLÁN
[2488/2943] no-platform   -            701 FOOD
[2489/2943] no-platform   -            Filipino Lumpia
[2490/2943] no-platform   -            117° West Spirits
[2491/2943] no-platform   -            Rodeó's Cocina Mexican Restaurant
[2492/2943] no-platform   -            Taco Stand
[2493/2943] no-platform   -            Comida China
[2494/2943] no-platform   -            Mariscos la baja mar y fuego
[2495/2943] no-platform   -            El Sonorense Taco Shop
[2496/2943] no-platform   -            Food Truck
[2497/2943] no-platform   -            El Puerquito Hard Frescas
[2498/2943] no-platform   -            Mariscos y Birrieria El Compa Güero
[2499/2943] no-platform   -            Sushi ki To
[2500/2943] no-platform   -            HOTDOGS SINALOA 619
[2501/2943] no-platform   -            Balboa's Grill House
[2502/2943] no-platform   -            9th Hole Snack Shop
[2503/2943] no-platform   -            Quick Meal Deal Hunterz
[2504/2943] no-platform   -            It's Raw Poke Truck
[2505/2943] no-platform   -            City Chopped Cheese
[2506/2943] no-platform   -            FIFTEEN 360
[2507/2943] no-platform   -            Tacos delicioso
[2508/2943] no-platform   -            Gourmet @ Culinary Outlook
[2509/2943] no-platform   -            Larry's Birria
[2510/2943] no-platform   -            El Peruano Grill
[2511/2943] no-platform   -            Quel & Tito's Food Shack
[2512/2943] no-platform   -            Tacos "El Moy"
[2513/2943] no-platform   -            Sliderz & Mo'
[2514/2943] no-platform   -            Taqueria Los Panchos
[2515/2943] no-platform   -            Pollos Asados Goyos
[2516/2943] no-platform   -            El Ostion Mariscos
[2517/2943] no-platform   -            La catrachita
[2518/2943] no-platform   -            Premier Food Services
[2519/2943] no-platform   -            Kevin's Convenience Stand
[2520/2943] no-platform   -            Myung Ka Korean Food
[2521/2943] no-platform   -            Tacos Los Carnales
[2522/2943] no-platform   -            Squishys619
[2523/2943] no-platform   -            HomeMeals
[2524/2943] no-platform   -            Galley
[2525/2943] no-platform   -            Cassara Kitchen & Bar
[2526/2943] no-platform   -            Tacos Loco's
[2527/2943] no-platform   -            Marisol's Pie Shop
[2528/2943] no-platform   -            Tamales Landa
[2529/2943] no-platform   -            El Taco Latino
[2530/2943] no-platform   -            Sushi Love
[2531/2943] no-platform   -            La Casa de Don Juan
[2532/2943] no-platform   -            Kim's House
[2533/2943] no-platform   -            Baba Coffee Mobile
[2534/2943] no-platform   -            Arrieros Tacos ¡Hecho está!
[2535/2943] no-platform   -            Berta & Odina's Food Truck
[2536/2943] no-platform   -            Oishii Sushi Bar
[2537/2943] no-platform   -            Mariscos La Baja Food Truck
[2538/2943] no-platform   -            YakiroSushi
[2539/2943] no-platform   -            Babylon Restaurant
[2540/2943] no-platform   -            Food Pavilion
[2541/2943] no-platform   -            CC Bakehouse
[2542/2943] no-platform   -            Nespresso Pop-Up
[2543/2943] no-platform   -            Birria a Mi Gusto
[2544/2943] no-platform   -            Chimbita
[2545/2943] no-platform   -            Mesa Cafe
[2546/2943] no-platform   -            Smoked Street Tacos
[2547/2943] no-platform   -            Palomar Ice Cream and Candy
[2548/2943] no-platform   -            jr sushi
[2549/2943] no-platform   -            Bella Bakery Boutique LLC
[2550/2943] no-platform   -            Cultivated Greens
[2551/2943] no-platform   -            Carnitas y Chicharrones Los Marranitos SD #1
[2552/2943] no-platform   -            Pine Valley Java
[2553/2943] no-platform   -            The Pony Express Coffee Bar & Drive Thru
[2554/2943] no-platform   -            Barking Deer Pizza & Beer
[2555/2943] no-platform   -            Nimbus Bakery
[2556/2943] no-platform   -            La Vendimia de María Tavares
[2557/2943] no-platform   -            Nature's emporumh
[2558/2943] no-platform   -            Five Loaves Sourdough Co.
[2559/2943] no-platform   -            Wash mobile
[2560/2943] no-platform   -            Pop-up Tacos
[2561/2943] no-platform   -            Seafood and pub
[2562/2943] no-platform   -            La delicia
[2563/2943] no-platform   -            Gilbeys Cocktail Lounge
[2564/2943] no-platform   -            Zoe’s Place Bakery
[2565/2943] no-platform   -            Roxie’s Sweet Bakes & Treats
[2566/2943] no-platform   -            Bincho taco
[2567/2943] no-platform   -            Mama’s Cucina Italiana
[2568/2943] no-platform   -            CHI
[2569/2943] no-platform   -            Wednesday Cake
[2570/2943] no-platform   -            Ximena
[2571/2943] no-platform   -            Coffee & Smoothies
[2572/2943] no-platform   -            Shibari
[2573/2943] no-platform   -            Marla’s Coffee
[2574/2943] no-platform   -            Rooster Ramen
[2575/2943] no-platform   -            Rainbow Cafe
[2576/2943] no-platform   -            Ramones
[2577/2943] no-platform   -            Rooster Ramen
[2578/2943] no-platform   -            Out of Towners Bar Grill Lounge
[2579/2943] no-platform   -            SHOR
[2580/2943] no-platform   -            Mariscos La Tia
[2581/2943] no-platform   -            Eryan Sweets
[2582/2943] no-platform   -            Beach Cuisine Inc
[2583/2943] no-platform   -            Yogen FrÃ¼z
[2584/2943] no-platform   -            COFFEE CRATE
[2585/2943] no-platform   -            OB Tamales and Taqueria
[2586/2943] no-platform   -            CottageKitchen
[2587/2943] no-platform   -            Mr. Jalepeno El Burrito Mexicano & more.
[2588/2943] no-platform   -            DeAnza Bar
[2589/2943] no-platform   -            Sweet Rose Cottage Bakery, LLC
[2590/2943] no-platform   -            The Beekeeper's Oven Farmstand - Santa Ysabel
[2591/2943] no-platform   -            Oasis Bar
[2592/2943] no-platform   -            Sports Lounge & Arcade Bar
[2593/2943] no-platform   -            Sweetheart farms
[2594/2943] no-platform   -            Omas Delectables
[2595/2943] no-platform   -            Cozy Crumble Cottage Bakery
[2596/2943] no-platform   -            Bakery San Jorge
[2597/2943] no-platform   -            Bread of Life Bakes
[2598/2943] no-platform   -            Cafe Pho
[2599/2943] no-platform   -            Bakery 7
[2600/2943] no-platform   -            C&C Barkery
[2601/2943] no-platform   -            Tacos el jefe
[2602/2943] no-platform   -            Sabor Michoacán
[2603/2943] no-platform   -            HomemadebyNashae
[2604/2943] no-platform   -            Kneading Love Micro Bakery
[2605/2943] no-platform   -            Raspabros
[2606/2943] no-platform   -            Fronted
[2607/2943] no-platform   -            Cozy Cat Bakehouse
[2608/2943] no-platform   -            Mad Maui BBQ
[2609/2943] no-platform   -            Vero's Sweet Bakeshop
[2610/2943] no-platform   -            Techy Cafe Chula Vista
[2611/2943] no-platform   -            Yute Keto Bakery
[2612/2943] no-platform   -            Lumière Café San Diego
[2613/2943] no-platform   -            Romo Baker and general store
[2614/2943] no-platform   -            Higher Grounds Coffee
[2615/2943] no-platform   -            No excuse income
[2616/2943] no-platform   -            Ice Cream Parlor-Lemon Grove
[2617/2943] no-platform   -            Panderia Bakery
[2618/2943] no-platform   -            Sweet By Saray
[2619/2943] no-platform   -            Joe's Pizza and Bistro
[2620/2943] no-platform   -            Ramone's
[2621/2943] no-platform   -            Bin Kheer Café
[2622/2943] no-platform   -            Raspados Aloha 2
[2623/2943] no-platform   -            Six Degrees
[2624/2943] no-platform   -            Repostería Jexana
[2625/2943] no-platform   -            A Piece of Cake
[2626/2943] no-platform   -            Mission Hills Coffee Company
[2627/2943] no-platform   -            Windansea Bar and Grill
[2628/2943] no-platform   -            Viva el Cafe
[2629/2943] no-platform   -            Trolley
[2630/2943] no-platform   -            La Perla del Pacífico
[2631/2943] no-platform   -            Cafecito del Monte
[2632/2943] no-platform   -            Canela Bake
[2633/2943] no-platform   -            Steves Cabana
[2634/2943] no-platform   -            Pikes Iron Wagon Real Pit BBQ
[2635/2943] no-platform   -            Indigo Pineapple Café
[2636/2943] no-platform   -            The Patch Coffee
[2637/2943] no-platform   -            Porciones De Dulzura Bakery
[2638/2943] no-platform   -            Frank’s Ice Cream Wholesale
[2639/2943] no-platform   -            The Dulzura Cafe%2C
[2640/2943] no-platform   -            Pannakin Coffee & Tea
[2641/2943] no-platform   -            Tortilleria Bakery
[2642/2943] no-platform   -            Marbella Oyster Bar
[2643/2943] no-platform   -            Jupiter Leucadia
[2644/2943] no-platform   -            Rds Log Cabin
[2645/2943] no-platform   -            Coral Market
[2646/2943] no-platform   -            Tacos Las Huesas
[2647/2943] no-platform   -            Ball Three
[2648/2943] no-platform   -            La Cucharita
[2649/2943] no-platform   -            Recognize Cocktails
[2650/2943] no-platform   -            Club Iguana
[2651/2943] no-platform   -            Heros
[2652/2943] no-platform   -            Maggie’s Cake Shop
[2653/2943] no-platform   -            Ghost tacos downtown
[2654/2943] no-platform   -            Rusty Spur Cocktails and Dancing
[2655/2943] no-platform   -            Oscars Cocktail Bar
[2656/2943] no-platform   -            Arevalo's Raspados
[2657/2943] no-platform   -            1935 Artisan Desserts & Kitchen
[2658/2943] no-platform   -            Blooming Vegans
[2659/2943] no-platform   -            Southbay Cafe & Cantina
[2660/2943] no-platform   -            The Coop
[2661/2943] no-platform   -            Mariscos Seafood
[2662/2943] no-platform   -            Porters Grille & BBQ
[2663/2943] no-platform   -            KGP Pizza & Grill
[2664/2943] no-platform   -            Elbo Rest
[2665/2943] no-platform   -            Molly Malones Sports Tavern
[2666/2943] no-platform   -            Mike’s Sourdough Bakery
[2667/2943] no-platform   -            Takos El Michi
[2668/2943] no-platform   -            Cocinita La Michoacana
[2669/2943] no-platform   -            On Point BBQ
[2670/2943] no-platform   -            Sweet Robin's
[2671/2943] no-platform   -            The Cove
[2672/2943] no-platform   -            Foundation X
[2673/2943] no-platform   -            Embassy Room
[2674/2943] no-platform   -            Luckyz Sports Pub
[2675/2943] no-platform   -            Sapporo Rock & Roll Sushi
[2676/2943] no-platform   -            Bakery
[2677/2943] no-platform   -            Desi N Friends
[2678/2943] no-platform   -            SideYard Coffee
[2679/2943] no-platform   -            MIKAKU sushi and grill
[2680/2943] no-platform   -            Chicanos Pastries
[2681/2943] no-platform   -            Kaphe Muna
[2682/2943] no-platform   -            Sweet Bean Cafe
[2683/2943] no-platform   -            Lili antojitos and Mexican food Boulevard
[2684/2943] no-platform   -            El Rancho Bar & Grill
[2685/2943] no-platform   -            Neat treats by Rachel
[2686/2943] no-platform   -            El Rancho Grande Bar & Grill
[2687/2943] no-platform   -            Oside Shave Ice
[2688/2943] no-platform   -            Birdies Bar and Grill
[2689/2943] no-platform   -            Tacos
[2690/2943] no-platform   -            Taco Lovers
[2691/2943] no-platform   -            VAQUERO TJ GRILL
[2692/2943] no-platform   -            Powder Technology Laboratory Coffee
[2693/2943] no-platform   -            College Corner Cafe
[2694/2943] no-platform   -            Its Cafe Thai
[2695/2943] no-platform   -            Mimosa
[2696/2943] no-platform   -            Fox Point Pizza
[2697/2943] no-platform   -            Nik's BBQ
[2698/2943] no-platform   -            Lina's Bakery
[2699/2943] no-platform   -            Lemonlade
[2700/2943] no-platform   -            Pizza
[2701/2943] no-platform   -            Cafe Pronto
[2702/2943] no-platform   -            MC's Kitchen
[2703/2943] no-platform   -            Parkway Social 619
[2704/2943] no-platform   -            La Sheesh Bar & Grill
[2705/2943] no-platform   -            Taste of Home Cakes and Cupcakes
[2706/2943] no-platform   -            Island Market
[2707/2943] no-platform   -            Tides
[2708/2943] no-platform   -            CC Bakehouse
[2709/2943] no-platform   -            Hajime Ramen
[2710/2943] no-platform   -            Bloomix studio
[2711/2943] no-platform   -            Men-ya Mufu - Coming Soon
[2712/2943] no-platform   -            Los hotchos del barrio
[2713/2943] no-platform   -            Seafood San Diego
[2714/2943] no-platform   -            Puffs SD- HomeBased
[2715/2943] no-platform   -            Mariscos El Paisa
[2716/2943] no-platform   -            El Patrón Mar y Tierra
[2717/2943] no-platform   -            Sinaloa Fish
[2718/2943] no-platform   -            Mongus Grill
[2719/2943] no-platform   -            valarias
[2720/2943] no-platform   -            Nooni’s Taco Shop
[2721/2943] no-platform   -            The Taco Stop
[2722/2943] no-platform   -            K-Bakery
[2723/2943] no-platform   -            Tacos Los Carnales
[2724/2943] no-platform   -            Amanda Pandas Bakery
[2725/2943] no-platform   -            Tonkatsu Narikura - Coming Soon
[2726/2943] no-platform   -            Sushi In the Ranch
[2727/2943] no-platform   -            Mariscos El Prieto Express
[2728/2943] no-platform   -            Pizzeria
[2729/2943] no-platform   -            Rancho Hookah Lounge
[2730/2943] no-platform   -            Reef Lounge Poolside Bar & Grill
[2731/2943] no-platform   -            Bonnie's Bread Boutique
[2732/2943] no-platform   -            Panaderia Rosarito
[2733/2943] no-platform   -            Tierra Mia Mariscos y Mas
[2734/2943] no-platform   -            The Fusion Bistro
[2735/2943] no-platform   -            (dba) The Wayfarer's Pantry - Cottage Kitchen
[2736/2943] no-platform   -            The Bistro Restaurant
[2737/2943] no-platform   -            Galley
[2738/2943] no-platform   -            Carniceria Taco Shop
[2739/2943] no-platform   -            Jayda Marie's Bakery
[2740/2943] no-platform   -            The Sourdough Sweetie
[2741/2943] no-platform   -            Fairbanks Coffee Stand
[2742/2943] no-platform   -            Izakaya En
[2743/2943] no-platform   -            Dees Sports Tavern
[2744/2943] no-platform   -            49Er
[2745/2943] no-platform   -            Mission Grounds Coffee
[2746/2943] no-platform   -            Incredibowl Cafe & Deli
[2747/2943] no-platform   -            Rise & Brew Coffee
[2748/2943] no-platform   -            Donut Star
[2749/2943] no-platform   -            Bien Hecho Coffee
[2750/2943] no-platform   -            Café VERA
[2751/2943] no-platform   -            Pho PB
[2752/2943] no-platform   -            Smokehouse Pizza & BBQ
[2753/2943] no-platform   -            The Beekeeper's Oven - Julian
[2754/2943] no-platform   -            Sourworx
[2755/2943] no-platform   -            Koffeeing UP
[2756/2943] no-platform   -            CaliTea
[2757/2943] no-platform   -            Hungarian bakery
[2758/2943] no-platform   -            Spreckels Sweets And Treats
[2759/2943] no-platform   -            NA
[2760/2943] no-platform   -            Captain's Seafood Gallery
[2761/2943] no-platform   -            Natural Delights Juice Bar
[2762/2943] no-platform   -            Poke Point
[2763/2943] no-platform   -            BNCafe
[2764/2943] no-platform   -            House Of Draught No 2
[2765/2943] no-platform   -            Oasis On The Rocks
[2766/2943] no-platform   -            El Picnic Tabel
[2767/2943] no-platform   -            The Place
[2768/2943] no-platform   -            Macan Market
[2769/2943] no-platform   -            Stone Brewing Company
[2770/2943] no-platform   -            Lupita's Mexican Food
[2771/2943] no-platform   -            Cafe Europe
[2772/2943] no-platform   -            Kouklas Cafe
[2773/2943] no-platform   -            San Diego Creamery
[2774/2943] no-platform   -            Leading Edge Cafe
[2775/2943] no-platform   -            The Shine Shack
[2776/2943] no-platform   -            V/ Workout Bar
[2777/2943] no-platform   -            AZTECA SAN DIEGO TACO'S
[2778/2943] no-platform   -            Boo Boo Sweetz
[2779/2943] no-platform   -            Speak Easy
[2780/2943] no-platform   -            Mariscos villafaña
[2781/2943] no-platform   -            An's Gelato
[2782/2943] no-platform   -            Caveman BBQ
[2783/2943] no-platform   -            Downtown BBQ
[2784/2943] no-platform   -            DAYGO Brunch’N
[2785/2943] no-platform   -            Ramen Goddess
[2786/2943] no-platform   -            Sattellite Bites
[2787/2943] no-platform   -            Tacos de corazón
[2788/2943] no-platform   -            Americana Restaurant
[2789/2943] no-platform   -            Little Frosty’s
[2790/2943] no-platform   -            The Cow Shed Bar and Grill
[2791/2943] no-platform   -            Pretzel Market
[2792/2943] no-platform   -            Randolfo's Tacos
[2793/2943] no-platform   -            P.B. Wellness Health & Nutrition
[2794/2943] no-platform   -            AVO Vegan Restaurant
[2795/2943] no-platform   -            Sprinkles Cafe
[2796/2943] no-platform   -            Gabriel's Taco Stand
[2797/2943] no-platform   -            The Stag Lion
[2798/2943] no-platform   -            Little Owl Coffe & Tea
[2799/2943] no-platform   -            Little Vienna
[2800/2943] no-platform   -            Gallopin In
[2801/2943] no-platform   -            Desayunos y Baguettes
[2802/2943] no-platform   -            Panniken
[2803/2943] no-platform   -            Robbie's Roadhouse
[2804/2943] no-platform   -            Taco’s El Chaparro
[2805/2943] no-platform   -            Regional My Place
[2806/2943] no-platform   -            The Pagoda
[2807/2943] no-platform   -            La Michoacana Ice Cream
[2808/2943] no-platform   -            Fifty 9 Fifty
[2809/2943] no-platform   -            Sunshine Poke & Sushi Rolls
[2810/2943] no-platform   -            Ciccicotti’s
[2811/2943] no-platform   -            Casa del Pane
[2812/2943] no-platform   -            The Hearth
[2813/2943] no-platform   -            Mexican Seafood & Grill
[2814/2943] no-platform   -            Sabor A Cielo Sweets
[2815/2943] no-platform   -            Old California Coffee House and Eatery
[2816/2943] no-platform   -            Las Palmas
[2817/2943] no-platform   -            Tlaxcala Hectoir's Taco Shop
[2818/2943] no-platform   -            Birria & Mariscos el Zurdo
[2819/2943] no-platform   -            Wolftown
[2820/2943] no-platform   -            Hawaiian Shaved Ice
[2821/2943] no-platform   -            Cafe Zzo Coffee Shop and Mini Mart
[2822/2943] no-platform   -            DQ Orange Julius
[2823/2943] no-platform   -            Cups Coffee Cart
[2824/2943] no-platform   -            Eppig Brewing North Park
[2825/2943] no-platform   -            Coca Cola Market
[2826/2943] no-platform   -            iDessert
[2827/2943] no-platform   -            Frost Me Gourmet Cupcakes
[2828/2943] no-platform   -            Cocina Tonalnan
[2829/2943] no-platform   -            Walking on Water Cafe
[2830/2943] no-platform   -            Pacific Taco Shop
[2831/2943] no-platform   -            Sunset by the Park
[2832/2943] no-platform   -            McCozy
[2833/2943] no-platform   -            Pizzaria, Etc.
[2834/2943] no-platform   -            The Dining Room
[2835/2943] no-platform   -            El Paso Bar
[2836/2943] no-platform   -            El Cuervo
[2837/2943] no-platform   -            Churro Con Chocolate
[2838/2943] no-platform   -            Club 42 Tequila Bar
[2839/2943] no-platform   -            Fairbanks Coffee Company
[2840/2943] no-platform   -            Valencia Mexican Food
[2841/2943] no-platform   -            Bee's Bread Co
[2842/2943] no-platform   -            Wellspring Tea Room
[2843/2943] no-platform   -            Lush Lounge
[2844/2943] no-platform   -            Mickies Suds Room
[2845/2943] no-platform   -            Barra 8
[2846/2943] no-platform   -            College Sub Shop
[2847/2943] no-platform   -            Dieberto's
[2848/2943] no-platform   -            11th Marines Chow Hall
[2849/2943] no-platform   -            El Cotixan Taco Shop
[2850/2943] no-platform   -            Fruity Fruits
[2851/2943] no-platform   -            La Vuelta Club
[2852/2943] no-platform   -            La Michoacana Elite
[2853/2943] no-platform   -            Blue Haven
[2854/2943] no-platform   -            El Cajon Grand Cocktail Lounge
[2855/2943] no-platform   -            Bonitas Bar and Grill
[2856/2943] no-platform   -            Tutu Taco
[2857/2943] no-platform   -            The Bridge Snacks and Refreshments
[2858/2943] no-platform   -            Bavarian Inn
[2859/2943] no-platform   -            Spicy Duck
[2860/2943] no-platform   -            Walters Cafe and Trailer Pk
[2861/2943] no-platform   -            Joshways Barbeque
[2862/2943] no-platform   -            JT Bros
[2863/2943] no-platform   -            Ettas Place
[2864/2943] no-platform   -            Eds Cocktail Lounge
[2865/2943] no-platform   -            Teris East
[2866/2943] no-platform   -            Nouvelle Latin Cuisine
[2867/2943] no-platform   -            Donburi Kitchen
[2868/2943] no-platform   -            California Taco Club
[2869/2943] no-platform   -            Miramar Fresh Kitchen
[2870/2943] no-platform   -            Bakes By Zena
[2871/2943] no-platform   -            Donas Bakery and Food to Go
[2872/2943] no-platform   -            Café Bien
[2873/2943] no-platform   -            Cafe Bella Express
[2874/2943] no-platform   -            Cafe Rico & Catering LLC
[2875/2943] no-platform   -            Blue Star Cafe
[2876/2943] no-platform   -            Cafe East by Eurest
[2877/2943] no-platform   -            Mila's Ice cream & snacks
[2878/2943] no-platform   -            Torpedo Grill
[2879/2943] no-platform   -            Michele’s Cafe & Galleria
[2880/2943] no-platform   -            Taste of egypt cafe
[2881/2943] no-platform   -            Mar & Fuego
[2882/2943] no-platform   -            Taqueria Mucho Toro
[2883/2943] no-platform   -            Cafecito on Park
[2884/2943] no-platform   -            Café Noelle
[2885/2943] no-platform   -            Tacos la ocho
[2886/2943] no-platform   -            Mariscos Del Barrio
[2887/2943] no-platform   -            Muneca ice cream
[2888/2943] no-platform   -            Dollshie Coffee
[2889/2943] no-platform   -            Dalat Cafe
[2890/2943] no-platform   -            Serina Pizza
[2891/2943] no-platform   -            Savioe
[2892/2943] no-platform   -            Paula Jean's Coffee Bean
[2893/2943] no-platform   -            Prinkipia Frozen Yogurt
[2894/2943] no-platform   -            La Sirena
[2895/2943] no-platform   -            Wynola Pizza Express
[2896/2943] no-platform   -            Chimney Nation
[2897/2943] no-platform   -            Chimney Nation
[2898/2943] no-platform   -            Mission Burger
[2899/2943] no-platform   -            Sushi Gaga
[2900/2943] no-platform   -            Olga's Food Place
[2901/2943] no-platform   -            Duke's Hawaiian Coffee
[2902/2943] no-platform   -            Zen Coffee & Deli
[2903/2943] no-platform   -            Machela
[2904/2943] no-platform   -            Samba arena cafe
[2905/2943] no-platform   -            Los 3 Animales Taqueria
[2906/2943] no-platform   -            Chandelier Lounge Cuisine
[2907/2943] no-platform   -            Muscle Bar
[2908/2943] no-platform   -            The Nutrition Checkpoint
[2909/2943] no-platform   -            Santos Cafe Old Town
[2910/2943] no-platform   -            National Burrito
[2911/2943] no-platform   -            Moreliana Ice Cream & Restaurant
[2912/2943] no-platform   -            DONUTOPOLIS SCRIPPS RANCH VILLAGES
[2913/2943] no-platform   -            Madina Delicious Restaurant
[2914/2943] no-platform   -            Smoothie Caffe
[2915/2943] no-platform   -            Sweet Bee Desserts
[2916/2943] no-platform   -            Latte By The Sea
[2917/2943] no-platform   -            Tacos De Birria Mayo
[2918/2943] no-platform   -            AREA DE COMIDA
[2919/2943] no-platform   -            BAKERY FUENTES
[2920/2943] no-platform   -            Baked & Blended
[2921/2943] no-platform   -            Dolce Cafe
[2922/2943] no-platform   -            Yeeha Boba
[2923/2943] no-platform   -            Julie's Desserts & Bakery
[2924/2943] no-platform   -            Tantuni Turkish Street Food
[2925/2943] no-platform   -            Super Mario's Mexican Food
[2926/2943] no-platform   -            Las Muñecas tradicional desserts
[2927/2943] no-platform   -            Eva's Bakery
[2928/2943] no-platform   -            Arevalo's Bakery
[2929/2943] no-platform   -            Fuego Mediterranean Grill
[2930/2943] no-platform   -            Ben & Jerry's
[2931/2943] no-platform   -            Blanco Rosso
[2932/2943] no-platform   -            Society featuring Bubbas BBQ
[2933/2943] no-platform   -            Chamoyess
[2934/2943] no-platform   -            Hafla Platter Inc
[2935/2943] no-platform   -            Modern Kabob - Grill & Smoothies
[2936/2943] no-platform   -            Raymundos taco shop
[2937/2943] no-platform   -            Dalat Cafe
[2938/2943] no-platform   -            Nutrition Prime Spot
[2939/2943] no-platform   -            The Grove Bar & Grill
[2940/2943] no-platform   -            Colors cafe
[2941/2943] no-platform   -            Denis’s Bakery
[2942/2943] no-platform   -            Sweet city creamery
[2943/2943] no-platform   -            Shack-House

platform                       attempted         filed       too-few         gated  wrong-branch needs-browser   no-platform  fetch-failed  screened-out
none                                2369             0             0             0             0            54          2315             0             0
toast                                125             1             0             1            40            80             0             0             3
order.online                         111             1             1             0             8            95             0             0             6
Square Online storefront              79             0             0             0             0            79             0             0             0
Square Online (own domain)            46             0             0             0             0            46             0             0             0
shopify                               26             3             5             0             0             0             0             0            18
chownow                               24             0             0             3             0            21             0             0             0
olo                                   23             0             0             0             0            23             0             0             0
MealKeyWay                            23             0             0             0             0            23             0             0             0
slice                                 18             0             0             0             1            16             0             0             1
spothopper                            17             1             1             0             0            15             0             0             0
netwaiter                             14             0            14             0             0             0             0             0             0
SpotOn                                13             0             0             0             0            13             0             0             0
own-jsonld                            11             5             1             0             3             0             0             0             2
plain-html                            10             0             0             0             0            10             0             0             0
clover                                 8             0             0             0             2             4             0             0             2
HungerRush                             7             0             0             0             0             7             0             0             0
GloriaFood widget                      4             0             0             0             0             4             0             0             0
popmenu                                4             0             0             0             4             0             0             0             0
menufy                                 3             0             0             0             0             0             0             0             3
wix                                    3             2             1             0             0             0             0             0             0
MenuSifu                               2             0             0             0             0             2             0             0             0
Paytronix                              2             0             0             0             0             2             0             0             0
ubereats                               1             0             0             0             0             1             0             0             0
TOTAL                               2943            13            23             4            58           495          2315             0            35

13 menus, 264 dishes
wrote menus/wip/router-20260906-154653.json
wrote menus/wip/router-20260906-154653.notes.json
