queue 2866 (1856 with a website, 1010 via serper fallback only); routing 2866 at concurrency 4

[   1/2866] no-platform   -            Crumbl Cookies
[   2/2866] no-platform   -            Oceanside Harbor Village
[   3/2866] no-platform   -            Westfield UTC
[   4/2866] no-platform   -            Sessions by the Bay Cannabis Dispensary and Lounge
[   5/2866] filed         own-jsonld   Peterson's Donut Corner
[   6/2866] needs-browser toast        Liberty Public Market
[   7/2866] no-platform   -            Cardiff Seaside Market
[   8/2866] no-platform   -            Mitsuwa Marketplace - San Diego
[   9/2866] screened-out  order.online Wood Ranch Mission Valley
[  10/2866] needs-browser chownow      Burger Bench Escondido
[  11/2866] needs-browser -            Casa de Freds
[  12/2866] no-platform   -            Kaelin's Market
[  13/2866] no-platform   -            Mama Kat's Restaurant
[  14/2866] no-platform   -            Mimi's Cafe
[  15/2866] no-platform   -            Somisomi
[  16/2866] needs-browser order.online Rodizio Grill Brazilian Steakhouse San Diego
[  17/2866] needs-browser toast        Draft South Mission
[  18/2866] no-platform   -            Yogurt Mill
[  19/2866] no-platform   -            El Super
[  20/2866] no-platform   -            Taquería Imperial
[  21/2866] no-platform   -            Sally's Waterfront Dining
[  22/2866] no-platform   -            Windmill Food Hall
[  23/2866] no-platform   -            Twin Peaks
[  24/2866] no-platform   -            Crumbl Cookies
[  25/2866] needs-browser chownow      Brigantine Seafood
[  26/2866] no-platform   -            Acai Republic - Oceanside
[  27/2866] no-platform   -            Public Square Coffee House
[  28/2866] no-platform   -            VG Donut & Bakery
[  29/2866] no-platform   -            Original Pancake House Vista
[  30/2866] no-platform   -            Portside Pier
[  31/2866] no-platform   -            Crumbl Cookies
[  32/2866] no-platform   -            Khyber Pass Zarparan Restaurant | Afghan
[  33/2866] no-platform   -            Lake Cuyamaca Restaurant & Store
[  34/2866] no-platform   -            Otay Farms Market & Mexican Food
[  35/2866] wrong-branch  toast        Lucha Libre Taco Shop
[  36/2866] needs-browser toast        Barrio Star
[  37/2866] no-platform   -            Con Pane Rustic Breads & Cafe
[  38/2866] no-platform   -            Menudería Don Vicente
[  39/2866] needs-browser order.online Tom's Famous Family Restaurant 24
[  40/2866] needs-browser olo          Dog Haus Biergarten
[  41/2866] no-platform   -            Prohibition Lounge
[  42/2866] no-platform   -            Islands Restaurant Chula Vista
[  43/2866] needs-browser toast        FIT Social
[  44/2866] needs-browser Square Online storefront Wayfarer Bread & Pastry
[  45/2866] no-platform   -            Saigon Restaurant
[  46/2866] no-platform   -            Quartyard
[  47/2866] needs-browser olo          Better Buzz Coffee San Marcos
[  48/2866] no-platform   -            Crumbl Cookies
[  49/2866] wrong-branch  toast        Good Night John Boy
[  50/2866] no-platform   -            Fridas Street Tacos
[  51/2866] no-platform   -            Rubio's Coastal Grill
[  52/2866] no-platform   -            Kiko's Place-The Seafood King
[  53/2866] no-platform   -            Huckleberry's Breakfast & Lunch
[  54/2866] no-platform   -            MooTime Creamery
[  55/2866] needs-browser order.online Primos Mexican Food & Cantina
[  56/2866] no-platform   -            Phở Vân Restaurant
[  57/2866] no-platform   -            Crumbl Cookies
[  58/2866] no-platform   -            Hong Kong Restaurant
[  59/2866] needs-browser order.online TOM's Famous Family Restaurant 22
[  60/2866] no-platform   -            Sweet Spot Real Jamaican Restaurant
[  61/2866] no-platform   -            Crumbl Cookies
[  62/2866] no-platform   -            Crumbl Cookies
[  63/2866] needs-browser -            Noble Experiment
[  64/2866] needs-browser plain-html   Por Favor El Cajon
[  65/2866] needs-browser slice        Massachusetts Mike's Pizzeria
[  66/2866] no-platform   -            Loreto's Taco Shop
[  67/2866] too-few       netwaiter    Su Pan Bakery El Cajon
[  68/2866] needs-browser toast        Tom's Watch Bar - Petco Park
[  69/2866] no-platform   -            Taco Bar
[  70/2866] needs-browser plain-html   Papas & Tacos Mexican Food
[  71/2866] needs-browser chownow      Parakeet Cafe - Little Italy
[  72/2866] no-platform   -            Deiberto's Mexican Restaurant
[  73/2866] no-platform   -            Carnitas Las Michoacánas
[  74/2866] no-platform   -            Plazas Mexican Food
[  75/2866] no-platform   -            The Shores Restaurant
[  76/2866] needs-browser plain-html   Nick's on State
[  77/2866] no-platform   -            Los Reyes Mexican Restaurant & Cantina
[  78/2866] needs-browser order.online Jimbo's - Escondido
[  79/2866] needs-browser GloriaFood widget That Mexican Place
[  80/2866] needs-browser toast        Lanna Thai Cuisine
[  81/2866] no-platform   -            Red Fox Room and Steakhouse
[  82/2866] too-few       spothopper   Kebab Craft
[  83/2866] needs-browser toast        Coya Peruvian Secret
[  84/2866] no-platform   -            Los Garcia's Taco Shop
[  85/2866] no-platform   -            Fallbrook Cafe
[  86/2866] no-platform   -            El Real Mexican Food
[  87/2866] no-platform   -            Stone Brewing Tap Room - Oceanside
[  88/2866] needs-browser olo          Better Buzz Coffee Escondido
[  89/2866] no-platform   -            Round1 Bowling & Arcade - National City
[  90/2866] screened-out  order.online Grandma Tofu & BBQ
[  91/2866] needs-browser olo          DQ GRILL & CHILL, OCEANSIDE
[  92/2866] needs-browser order.online Vaqueros Carne Asada
[  93/2866] no-platform   -            Barrio Food Hub
[  94/2866] needs-browser order.online Jimbo’s - Carmel Valley
[  95/2866] no-platform   -            Los Junior's Mexican Food
[  96/2866] needs-browser Square Online storefront Empanada Kitchen
[  97/2866] needs-browser slice        Pastalini
[  98/2866] needs-browser slice        Pastalini
[  99/2866] no-platform   -            Hanu Korean BBQ
[ 100/2866] no-platform   -            I Love Bagels
[ 101/2866] no-platform   -            BunZ
[ 102/2866] no-platform   -            Rubio's Coastal Grill
[ 103/2866] no-platform   -            Newtopia Cyder
[ 104/2866] no-platform   -            Tiajuana Food Court
[ 105/2866] needs-browser toast        The Asian Bistro
[ 106/2866] screened-out  shopify      4th Ave Lounge
[ 107/2866] no-platform   -            Tocumbo Ice Cream
[ 108/2866] needs-browser order.online Sancho's Tacos
[ 109/2866] no-platform   -            Paradise Lounge & Grill - San Diego's Best Sports Bar
[ 110/2866] needs-browser Square Online storefront skybound coffee + dessert lounge
[ 111/2866] no-platform   -            Tacotarian San Diego
[ 112/2866] needs-browser olo          Panini Kabob Grill - Mission Valley
[ 113/2866] needs-browser Square Online (own domain) Up2You Cafe
[ 114/2866] no-platform   -            It's Raw Poke Shop
[ 115/2866] needs-browser plain-html   Nick's Del Mar
[ 116/2866] no-platform   -            Iceskimo
[ 117/2866] no-platform   -            Antonio's Mexican Food
[ 118/2866] no-platform   -            Crumbl Cookies
[ 119/2866] needs-browser olo          Better Buzz Coffee Coronado
[ 120/2866] needs-browser Square Online storefront Sunny Side Kitchen
[ 121/2866] needs-browser olo          Better Buzz Coffee Pacific Beach Grand
[ 122/2866] no-platform   -            El Primo Birriería
[ 123/2866] no-platform   -            Cute Cakes Bakery & Café
[ 124/2866] no-platform   -            EQ San Diego
[ 125/2866] no-platform   -            La Concha Bakery
[ 126/2866] needs-browser plain-html   Pancho's Mexican Restaurant
[ 127/2866] needs-browser toast        Galpão Gaucho Brazilian Steakhouse
[ 128/2866] needs-browser SpotOn       allmine pizza and pasta
[ 129/2866] no-platform   -            O'side Bakery
[ 130/2866] no-platform   -            Lucy's Bakery
[ 131/2866] needs-browser toast        1022 Cafe & Gelateria
[ 132/2866] no-platform   -            VAGA Restaurant & Bar
[ 133/2866] needs-browser toast        Risers Pizza
[ 134/2866] needs-browser -            Sammy's Woodfire Pizza and Grille
[ 135/2866] needs-browser spothopper   Village Pizza
[ 136/2866] no-platform   -            Eppig Brewing Co. Waterfront Biergarten
[ 137/2866] no-platform   -            Zarlitos Family Restaurant
[ 138/2866] needs-browser order.online Robertito's Mexican Food
[ 139/2866] no-platform   -            Baci Restaurant | Italian
[ 140/2866] needs-browser -            Sukho Thai Extraordinaire
[ 141/2866] no-platform   -            Golden Mandarin
[ 142/2866] needs-browser Square Online (own domain) Camp Coffee Company
[ 143/2866] needs-browser -            Beyer Deli
[ 144/2866] needs-browser toast        Shaks Mediterranean Bistro
[ 145/2866] needs-browser Square Online (own domain) Beach City Smoothies
[ 146/2866] needs-browser Square Online (own domain) Portal Coffee
[ 147/2866] no-platform   -            Golden Donut
[ 148/2866] needs-browser SpotOn       Souplantation
[ 149/2866] no-platform   -            Frida’s Taqueria Oceanside
[ 150/2866] needs-browser spothopper   Los Panchos Mexican Grill & Seafood
[ 151/2866] needs-browser Square Online storefront Prager Brothers Artisan Breads
[ 152/2866] no-platform   -            The Bella Lounge
[ 153/2866] no-platform   -            Mi Ranchito Taco Shop
[ 154/2866] no-platform   -            Rubio's Coastal Grill
[ 155/2866] no-platform   -            Superbloom Coffee & Juice
[ 156/2866] no-platform   -            Edelweiss Bakery
[ 157/2866] no-platform   -            Market on 8th
[ 158/2866] no-platform   -            Birria El Rey
[ 159/2866] needs-browser MealKeyWay   Dumplings N More
[ 160/2866] needs-browser spothopper   Penelopes Mexican Food
[ 161/2866] needs-browser -            California Pizza Kitchen at Solana Beach
[ 162/2866] needs-browser Square Online storefront Maan's Mediterranean Grill
[ 163/2866] no-platform   -            Niederfrank's Ice Cream
[ 164/2866] no-platform   -            GelatoLove Carlsbad Village
[ 165/2866] screened-out  shopify      Ascend Coffee Roasters
[ 166/2866] needs-browser toast        The Remy
[ 167/2866] no-platform   -            Konito's Cafe
[ 168/2866] no-platform   -            Quixote
[ 169/2866] no-platform   -            Panda Imperial Restaurant
[ 170/2866] too-few       order.online Ben & Jerry's
[ 171/2866] no-platform   -            Mariscos Mar Y Tierra
[ 172/2866] no-platform   -            Manna Heaven BBQ - National City
[ 173/2866] no-platform   -            The Cowshed
[ 174/2866] needs-browser order.online Rise Southern Biscuits & Righteous Chicken - San Diego
[ 175/2866] no-platform   -            The Cowshed
[ 176/2866] no-platform   -            Bonchon Chicken
[ 177/2866] no-platform   -            Crumbl Cookies
[ 178/2866] needs-browser toast        Sultan Baklava
[ 179/2866] no-platform   -            Yingli Restaurant | Chula Vista
[ 180/2866] no-platform   -            Chiroys Cafe
[ 181/2866] needs-browser -            The Invigatorium
[ 182/2866] no-platform   -            Red Lobster
[ 183/2866] needs-browser spothopper   Curry & More - Indian Bistro
[ 184/2866] needs-browser HungerRush   Flippin' Pizza NY Pies and Slices
[ 185/2866] needs-browser spothopper   3N1 Sports Bar & Grill
[ 186/2866] no-platform   -            Green Vine Delicatessen
[ 187/2866] no-platform   -            Jts Clubhouse Pub and Grill
[ 188/2866] no-platform   -            The Vibe
[ 189/2866] too-few       netwaiter    Aiberto's Taco Shop
[ 190/2866] no-platform   -            Marina Kitchen
[ 191/2866] no-platform   -            Manna Heaven BBQ Downtown
[ 192/2866] no-platform   -            Pacific Beach Ice Cream Co.
[ 193/2866] needs-browser spothopper   Julian Hard Cider
[ 194/2866] no-platform   -            Curbside Eatery & Drinkery
[ 195/2866] no-platform   -            Leucadia Donut Shoppe
[ 196/2866] needs-browser -            The Rooftop by STK
[ 197/2866] no-platform   -            Arizona Chinese Restaurant
[ 198/2866] needs-browser -            Canyon Grille
[ 199/2866] needs-browser -            Tabu Sushi Bar & Grill Santee
[ 200/2866] no-platform   -            ICHIBAN RAMEN AND SUSHI
[ 201/2866] no-platform   -            China Fun
[ 202/2866] no-platform   -            Muri Coffee & Dessert
[ 203/2866] no-platform   -            Lighthouse Ice Cream
[ 204/2866] no-platform   -            SOMISOMI
[ 205/2866] no-platform   -            Savory Thai Restaurant
[ 206/2866] no-platform   -            Ami Sushi
[ 207/2866] no-platform   -            The Buffet
[ 208/2866] no-platform   -            Seafood La 57
[ 209/2866] no-platform   -            Hidden Fish
[ 210/2866] no-platform   -            Coffee by Malibu Farm
[ 211/2866] no-platform   -            Draft Republic San Marcos
[ 212/2866] needs-browser Square Online storefront Portinos Restaurant
[ 213/2866] no-platform   -            Sandwich Emporium
[ 214/2866] too-few       shopify      Mr. Coconut CA
[ 215/2866] no-platform   -            El Charro Mexican Food
[ 216/2866] no-platform   -            Bay Park Coffee
[ 217/2866] no-platform   -            Hurricane Grill & Wings
[ 218/2866] no-platform   -            Black Cat Bar
[ 219/2866] needs-browser toast        QUICK BITES CAFE / Best Sandwiches
[ 220/2866] needs-browser -            Truckstop Saloon
[ 221/2866] no-platform   -            Emma's Mexican Food
[ 222/2866] no-platform   -            La Sabrosita
[ 223/2866] no-platform   -            La Central - Birrieria y Menuderia
[ 224/2866] needs-browser MealKeyWay   大鼓米线Dagu Miishien
[ 225/2866] screened-out  toast        Agave Birrieria
[ 226/2866] no-platform   -            Duck Foot Brewing
[ 227/2866] no-platform   -            Mariscos La Perla Negra
[ 228/2866] needs-browser spothopper   il Sogno Italiano
[ 229/2866] no-platform   -            Rancho Las Palmas Mexican Grill & Seafood
[ 230/2866] no-platform   -            Helix Brewing Co.
[ 231/2866] no-platform   -            Spitz Mediterranean Street Food
[ 232/2866] no-platform   -            Paris Baguette
[ 233/2866] needs-browser toast        Healthy Creations Cafe
[ 234/2866] no-platform   -            New York Buffalo Wings
[ 235/2866] no-platform   -            Angelito's Fruteria Y Neveria
[ 236/2866] no-platform   -            Fortuna Ristorante Italiano
[ 237/2866] needs-browser Square Online storefront El Cajon Elks Lodge 1812
[ 238/2866] needs-browser toast        Valentina
[ 239/2866] no-platform   -            Phở Carlsbad
[ 240/2866] no-platform   -            Phở Carlsbad
[ 241/2866] no-platform   -            Camel's Bar and Grill
[ 242/2866] no-platform   -            SanSai Japanese Grill
[ 243/2866] no-platform   -            Kinaly Thai Restaurant
[ 244/2866] no-platform   -            Handel's Homemade Ice Cream Vista
[ 245/2866] no-platform   -            Fugu
[ 246/2866] needs-browser toast        Novo Brazil Brewing Mission Valley
[ 247/2866] needs-browser Square Online storefront Genteel Coffee Roasters
[ 248/2866] needs-browser order.online TOUS les JOURS Bakery Café - La Jolla
[ 249/2866] needs-browser toast        NOIR Sushi and Sake Fusion Lounge
[ 250/2866] no-platform   -            The Par Lounge and Deck
[ 251/2866] no-platform   -            Flora
[ 252/2866] no-platform   -            Marisco's German
[ 253/2866] no-platform   -            Hopnonymous Brewing Company
[ 254/2866] no-platform   -            Tocumbo Ice Cream CV
[ 255/2866] needs-browser order.online Burrito Leo's Mexican Food
[ 256/2866] needs-browser slice        HillCrust Pizza
[ 257/2866] no-platform   -            Ramones Cantina
[ 258/2866] gated         chownow      Bob's Steak & Chop House
[ 259/2866] needs-browser order.online Yogurt Heaven
[ 260/2866] needs-browser Square Online (own domain) CUPPA CUPPA COFFEE COMPANY
[ 261/2866] no-platform   -            Zen 5
[ 262/2866] needs-browser toast        Angry Chickz - Oceanside
[ 263/2866] no-platform   -            1St Street Bar
[ 264/2866] needs-browser Square Online storefront New English Brewing - San Diego Brewery
[ 265/2866] needs-browser toast        Burgeon Beer Company
[ 266/2866] no-platform   -            Catalina Offshore Products
[ 267/2866] no-platform   -            A.R. Valentien
[ 268/2866] no-platform   -            Lucy's Bakery
[ 269/2866] no-platform   -            Aztec Brewing Company
[ 270/2866] no-platform   -            Sweet Bakery Mexico Lindo
[ 271/2866] gated         order.online NuYo Frozen Yogurt Telegraph Canyon
[ 272/2866] no-platform   -            Off The 8 Café
[ 273/2866] no-platform   -            Booze Brothers Brewing Co.
[ 274/2866] no-platform   -            Cafe Bella Drive Thru
[ 275/2866] needs-browser olo          Randy's Donuts
[ 276/2866] needs-browser HungerRush   Buonasera New York Pizzeria
[ 277/2866] needs-browser olo          Luna Grill Millenia
[ 278/2866] no-platform   -            Sushi On San Marcos - Japanese Restaurant
[ 279/2866] needs-browser Square Online (own domain) Solana Sumptuous Cookies
[ 280/2866] no-platform   -            Royal India Express
[ 281/2866] screened-out  menufy       Ginza Sushi
[ 282/2866] needs-browser MealKeyWay   Surfing Crab Escondido
[ 283/2866] wrong-branch  toast        Belching Beaver Brewery Oceanside
[ 284/2866] no-platform   -            Dragon Express
[ 285/2866] no-platform   -            We Olive & Wine Bar
[ 286/2866] no-platform   -            California Mountain Bakery
[ 287/2866] no-platform   -            The Craft Creamery
[ 288/2866] no-platform   -            The Confessional by The Lost Abbey
[ 289/2866] needs-browser toast        Tacaliente Mexican Grill
[ 290/2866] needs-browser order.online bb.q Chicken Chula Vista
[ 291/2866] needs-browser Square Online (own domain) BattleMage Brewing Company
[ 292/2866] wrong-branch  popmenu      Max's Restaurant Chula Vista, Cuisine of the Philippines
[ 293/2866] no-platform   -            Ike's Love & Sandwiches
[ 294/2866] needs-browser toast        Rosemonts Cafe
[ 295/2866] needs-browser HungerRush   Pop Pops Paleta
[ 296/2866] no-platform   -            Thai Island@
[ 297/2866] needs-browser spothopper   Santos Coffee
[ 298/2866] no-platform   -            BKK THAI KITCHEN
[ 299/2866] no-platform   -            Palomino's Mexican & Seafood
[ 300/2866] no-platform   -            The Art of Espresso
[ 301/2866] no-platform   -            Crumbl Cookies
[ 302/2866] no-platform   -            Deft Brewing
[ 303/2866] no-platform   -            Los Armando's Mexican Food
[ 304/2866] no-platform   -            Rolling-Out
[ 305/2866] no-platform   -            Mesa Pizza
[ 306/2866] needs-browser order.online bb.q Chicken National City
[ 307/2866] wrong-branch  toast        Madi Pacific Beach
[ 308/2866] no-platform   -            Athens Market Taverna
[ 309/2866] no-platform   -            Teriyaki Sun
[ 310/2866] needs-browser order.online San Diego Sandwich Co
[ 311/2866] no-platform   -            TapShack Kombucha & Coffee
[ 312/2866] no-platform   -            Avenue Subs Coronado
[ 313/2866] needs-browser Square Online (own domain) Matcha Cafe Maiko - Escondido
[ 314/2866] no-platform   -            Kaka Rawand - كباب كاكه روند (ملحمة أنوار)
[ 315/2866] needs-browser olo          Better Buzz Coffee Oceanside South
[ 316/2866] needs-browser MealKeyWay   Ocean Buffet
[ 317/2866] needs-browser HungerRush   Flippin' Pizza La Costa
[ 318/2866] wrong-branch  order.online Lourdes Mexican Food San Elijo
[ 319/2866] needs-browser -            Marieta's Mexican Food
[ 320/2866] no-platform   -            Botani Breakfast & Pizzeria
[ 321/2866] no-platform   -            Eugenio Italian Ristorante & More
[ 322/2866] needs-browser spothopper   Johnny Mañanas Ocean Beach
[ 323/2866] no-platform   -            Sky Deck at Del Mar Highlands Town Center
[ 324/2866] no-platform   -            Mi Barra Bar
[ 325/2866] needs-browser order.online Poki Poki - Oceanside # 1
[ 326/2866] no-platform   -            Cake de Partie
[ 327/2866] screened-out  own-jsonld   Hanna Garden
[ 328/2866] no-platform   -            The Library Tavern
[ 329/2866] needs-browser toast        Novo Brazil Brewing - Lane Ave
[ 330/2866] no-platform   -            Saigon Star Restaurant
[ 331/2866] no-platform   -            Paris Baguette
[ 332/2866] no-platform   -            Valerio's 1979
[ 333/2866] screened-out  own-jsonld   Hanna Garden
[ 334/2866] no-platform   -            Mama G’s Kitchen & Sauces Peruvian Cuisine
[ 335/2866] no-platform   -            Kababayan Bakery
[ 336/2866] no-platform   -            the Koffie Co
[ 337/2866] no-platform   -            Thai Garden
[ 338/2866] needs-browser -            Galu Café and Delicatessen
[ 339/2866] no-platform   -            Continent Delicatessen
[ 340/2866] no-platform   -            Relic Bakery & Kitchen
[ 341/2866] no-platform   -            Surf City Squeeze
[ 342/2866] no-platform   -            The Camp Store
[ 343/2866] no-platform   -            Bravo Cafe
[ 344/2866] no-platform   -            Backdraft Bar & Grill
[ 345/2866] no-platform   -            Pizza Mania
[ 346/2866] screened-out  shopify      Barefoot Coffee Roasters
[ 347/2866] needs-browser spothopper   Isabelle Briens French Pastry Cafe
[ 348/2866] needs-browser SpotOn       Porky's Lechon Barbecue
[ 349/2866] needs-browser Square Online storefront Crossroads Deli
[ 350/2866] filed         shopify      Flor and Seed Coffee Roasters
[ 351/2866] needs-browser order.online Primos Mexican Food & Cantina
[ 352/2866] no-platform   -            Wisteria Candy Cottage
[ 353/2866] needs-browser Square Online (own domain) Elixir Espresso & Wine Bar
[ 354/2866] needs-browser plain-html   South of Nick's Del Mar | Mexican Kitchen + Bar
[ 355/2866] no-platform   -            KD's Donuts
[ 356/2866] no-platform   -            Famous Oasis Ice Cream Parlor
[ 357/2866] too-few       netwaiter    Opa Greek Restaurant & Grill
[ 358/2866] no-platform   -            P.L. Bagels
[ 359/2866] needs-browser MenuSifu     Sizzling Pot King
[ 360/2866] needs-browser SpotOn       Lupe's Cafe Mexican Restaurant
[ 361/2866] no-platform   -            Imperial Express
[ 362/2866] no-platform   -            Taste of Denmark
[ 363/2866] gated         chownow      CinKuni (Italian & Japanese Cuisine)
[ 364/2866] no-platform   -            Ginza Sushi
[ 365/2866] no-platform   -            Bica Coffee Shop
[ 366/2866] needs-browser olo          Tocaya Modern Mexican
[ 367/2866] needs-browser SpotOn       Tasty Pho
[ 368/2866] wrong-branch  order.online Ciné Café
[ 369/2866] no-platform   -            Potato Corner
[ 370/2866] no-platform   -            California Bean
[ 371/2866] needs-browser toast        The Outpost by Valley Farm
[ 372/2866] needs-browser Square Online (own domain) Tyne Coffee Co.
[ 373/2866] no-platform   -            Cielo Rooftop
[ 374/2866] needs-browser olo          Better Buzz Coffee Imperial Beach
[ 375/2866] no-platform   -            Beginners Diner
[ 376/2866] no-platform   -            El Original Mariscos German
[ 377/2866] needs-browser -            Swami's
[ 378/2866] no-platform   -            Calico Cidery
[ 379/2866] no-platform   -            Alibi
[ 380/2866] needs-browser Square Online (own domain) Chef Budda Blasian Soul Food LLC
[ 381/2866] filed         order.online The Pad Thai Stand
[ 382/2866] too-few       shopify      Culture Brewing
[ 383/2866] no-platform   -            Donuts Plus
[ 384/2866] no-platform   -            KM BBQ
[ 385/2866] no-platform   -            Kaffee Meister
[ 386/2866] no-platform   -            Glazed Coffee & Creamery
[ 387/2866] no-platform   -            Mariscos Gonzalez
[ 388/2866] needs-browser olo          Luna Grill Encinitas
[ 389/2866] no-platform   -            East Village Brewing Company
[ 390/2866] no-platform   -            Live Oak Market & restaurant @ gas station
[ 391/2866] no-platform   -            Piedra Santa
[ 392/2866] no-platform   -            The Leucadian
[ 393/2866] too-few       netwaiter    Wings mix
[ 394/2866] no-platform   -            Beach + Taco Shack
[ 395/2866] no-platform   -            Mariscos La Bola
[ 396/2866] no-platform   -            Hill Street Donut House
[ 397/2866] needs-browser toast        Na Tart
[ 398/2866] no-platform   -            Menuderia y mariscos GDL
[ 399/2866] no-platform   -            Brewjería Taproom & Kitchen
[ 400/2866] no-platform   -            Gyrogrill
[ 401/2866] needs-browser Square Online storefront Garden Coffee
[ 402/2866] wrong-branch  popmenu      Cocina de Barrio North Park
[ 403/2866] no-platform   -            Fridas Taqueria
[ 404/2866] no-platform   -            Nickel Beer Company
[ 405/2866] no-platform   -            ENO Market & Pizzeria
[ 406/2866] needs-browser Square Online storefront Thyme for Lunch Cafe & Grill
[ 407/2866] needs-browser -            Olala Crepes
[ 408/2866] needs-browser slice        Giant Pizza King Linda Vista
[ 409/2866] needs-browser clover       Himalayan Bistro Oceanside
[ 410/2866] needs-browser order.online Fatboy's Deli & Spirits
[ 411/2866] no-platform   -            Phở Hòa Restaurant | Vietnamese
[ 412/2866] screened-out  menufy       IB Thai
[ 413/2866] needs-browser toast        Okama Ramen and Grill
[ 414/2866] no-platform   -            Ko-Li Bar
[ 415/2866] no-platform   -            SoCal Sushi
[ 416/2866] no-platform   -            Fusion Bar & Lounge
[ 417/2866] needs-browser Square Online storefront Mesa Agricola
[ 418/2866] no-platform   -            Mujeres Brew House
[ 419/2866] no-platform   -            Gooseberries kafe
[ 420/2866] no-platform   -            Paris Baguette
[ 421/2866] needs-browser Square Online (own domain) Industrial Grind Coffee
[ 422/2866] needs-browser toast        Chula Vista Brewery
[ 423/2866] needs-browser chownow      Ironsmith Coffee Roasters
[ 424/2866] no-platform   -            Home Coffee
[ 425/2866] no-platform   -            The Grounds Bean Bar
[ 426/2866] needs-browser order.online Memo's Bagel Café
[ 427/2866] needs-browser chownow      Pho Hiep & Grill
[ 428/2866] screened-out  shopify      Seven Seas Roasting Company
[ 429/2866] no-platform   -            Caffé Adesso
[ 430/2866] no-platform   -            Gelabong
[ 431/2866] no-platform   -            Oculto 477
[ 432/2866] needs-browser order.online L&L Hawaiian Barbecue - San Marcos (Inside Walmart)
[ 433/2866] needs-browser slice        West Coast Pizza Company
[ 434/2866] needs-browser Square Online storefront iWok Chinese Kitchen
[ 435/2866] no-platform   -            Donut Factory
[ 436/2866] needs-browser Square Online storefront Mnemonic Coffee
[ 437/2866] no-platform   -            Charli's Landing
[ 438/2866] needs-browser toast        Fat Joe’s O’side
[ 439/2866] no-platform   -            Chopsticks Chinese Cuisine
[ 440/2866] needs-browser toast        SOBREMESA
[ 441/2866] no-platform   -            La Moreliana
[ 442/2866] gated         toast        Convoy Music Bar
[ 443/2866] no-platform   -            Pick Up Stix Fresh Asian Flavors
[ 444/2866] no-platform   -            Tea Pavilion
[ 445/2866] needs-browser -            Banh Mi Blvd
[ 446/2866] no-platform   -            Paradisaea
[ 447/2866] no-platform   -            Mutual Friend Ice Cream
[ 448/2866] no-platform   -            Poki Poki - Escondido
[ 449/2866] no-platform   -            Katsuya Ko
[ 450/2866] no-platform   -            The BLVD Bar
[ 451/2866] needs-browser Square Online (own domain) Dot Cafe
[ 452/2866] needs-browser order.online BB's Deli
[ 453/2866] no-platform   -            Bronze Bird
[ 454/2866] no-platform   -            Paris Baguette
[ 455/2866] no-platform   -            Bistro Pazzo
[ 456/2866] no-platform   -            Valentinas Taco Shop
[ 457/2866] no-platform   -            Memo's Golden Bagel
[ 458/2866] no-platform   -            YGF Malatang
[ 459/2866] needs-browser -            Seaview Restaurant
[ 460/2866] needs-browser order.online Le Macaron French Pastries
[ 461/2866] needs-browser slice        Pop's Pizza
[ 462/2866] no-platform   -            The Reunion
[ 463/2866] needs-browser order.online bb.q Chicken Vista
[ 464/2866] no-platform   -            The Lean Bean
[ 465/2866] no-platform   -            Premier Pub
[ 466/2866] no-platform   -            Side Chick - Chicken & Fries
[ 467/2866] needs-browser SpotOn       Kalei's Kitchenette
[ 468/2866] no-platform   -            Eat Your Heart Out II
[ 469/2866] needs-browser MealKeyWay   Iron Wok
[ 470/2866] needs-browser order.online Häagen-Dazs
[ 471/2866] needs-browser toast        Origen
[ 472/2866] no-platform   -            Julian Station
[ 473/2866] needs-browser toast        Tahini Authentic Middle Eastern Street Food - Mission Valley
[ 474/2866] no-platform   -            EL ENCANTO SD
[ 475/2866] no-platform   -            San Diego Blenders
[ 476/2866] no-platform   -            Quality Taste Pot
[ 477/2866] needs-browser slice        Rock On Pizza
[ 478/2866] no-platform   -            Pazzos Italian
[ 479/2866] no-platform   -            Bar Kamon
[ 480/2866] needs-browser Square Online storefront Sue's Korean Kitchen
[ 481/2866] no-platform   -            Masala house Indian Restaurant & Catering
[ 482/2866] no-platform   -            Nanay's Best BBQ
[ 483/2866] no-platform   -            Fruttos Yogurt
[ 484/2866] no-platform   -            Al Teatro Panini Grill
[ 485/2866] screened-out  shopify      BEAURISTA COFFEE
[ 486/2866] no-platform   -            Delah Coffee - North Park
[ 487/2866] no-platform   -            Idego Coffee Roasters
[ 488/2866] no-platform   -            Jalisco Cantina
[ 489/2866] no-platform   -            Explorers Café
[ 490/2866] no-platform   -            Frutas
[ 491/2866] no-platform   -            Criscito Pizza
[ 492/2866] needs-browser Square Online storefront Tacoman
[ 493/2866] too-few       netwaiter    Nolberto's Taco Shop
[ 494/2866] needs-browser Square Online storefront La Ola Seafood
[ 495/2866] no-platform   -            Victor's Kafe - Poway
[ 496/2866] no-platform   -            43 Area Mess Hall
[ 497/2866] needs-browser olo          Panini Kabob Grill - Westfield UTC
[ 498/2866] needs-browser spothopper   Liberty Wing Co
[ 499/2866] no-platform   -            NuYo Frozen Yogurt Eastlake
[ 500/2866] no-platform   -            Nory's Donut & Bakery
[ 501/2866] no-platform   -            Captain's Quarters
[ 502/2866] wrong-branch  toast        Lucha Libre Taco Shop
[ 503/2866] no-platform   -            SHELTER Encinitas
[ 504/2866] no-platform   -            Great Khan's Mongolian Grill Carlsbad
[ 505/2866] no-platform   -            Sideways Bar
[ 506/2866] no-platform   -            Red Ribbon Bakeshop
[ 507/2866] needs-browser Square Online storefront Fan-Fan
[ 508/2866] no-platform   -            Crispy Cones - Carlsbad
[ 509/2866] no-platform   -            The Luau
[ 510/2866] no-platform   -            Hino
[ 511/2866] no-platform   -            Nana's and Pops Sweet Shop
[ 512/2866] no-platform   -            Coral Tree Tea House
[ 513/2866] needs-browser spothopper   N City Sports Lounge
[ 514/2866] no-platform   -            Prince Hookah Cafe
[ 515/2866] no-platform   -            P B Pub
[ 516/2866] needs-browser olo          Better Buzz Coffee Del Mar
[ 517/2866] no-platform   -            Christophe Rull Patisserie
[ 518/2866] needs-browser Square Online storefront Prager Brothers Artisan Bread
[ 519/2866] no-platform   -            Red Ribbon Bakeshop
[ 520/2866] no-platform   -            World Famous I Bar
[ 521/2866] no-platform   -            Cafe Bella Midway
[ 522/2866] no-platform   -            JOEHNS Coffee
[ 523/2866] no-platform   -            Brown Bag Deli
[ 524/2866] no-platform   -            Thai Style
[ 525/2866] no-platform   -            The Halal Shack
[ 526/2866] needs-browser toast        Mr. Charlie's
[ 527/2866] wrong-branch  toast        Chin's Szechwan - Point Loma
[ 528/2866] needs-browser toast        La Jollita
[ 529/2866] no-platform   -            Aztec Food Hub
[ 530/2866] needs-browser -            Sammy's Restaurant & Bar
[ 531/2866] no-platform   -            Tony’s Newport Cafe
[ 532/2866] no-platform   -            Dos Vaqueros Mexican Food
[ 533/2866] no-platform   -            Penguin Yogurt Factory
[ 534/2866] needs-browser MealKeyWay   One More Bite Dumpling--San Marcos
[ 535/2866] needs-browser plain-html   Donut Stop
[ 536/2866] no-platform   -            Tacos de Birria El Chinito Jr
[ 537/2866] no-platform   -            Taco Time Food Truck
[ 538/2866] no-platform   -            Gong Cha
[ 539/2866] screened-out  clover       OB Quik Stop Liquor & OB Deli
[ 540/2866] no-platform   -            Kona Coffee
[ 541/2866] needs-browser Square Online storefront Prager Brothers Artisan Breads
[ 542/2866] needs-browser SpotOn       D Wings & Ribs
[ 543/2866] needs-browser Square Online (own domain) Beach City Smoothies - Oceanside
[ 544/2866] no-platform   -            The Elegant Truffle
[ 545/2866] needs-browser -            SHAKA Coffee
[ 546/2866] no-platform   -            ThirsTea - Boba, Rolled Ice Cream
[ 547/2866] wrong-branch  order.online Party Burgers by Booze Brothers Brewing Co
[ 548/2866] no-platform   -            Dreamwave Coffee
[ 549/2866] needs-browser Square Online (own domain) Interim Coffee
[ 550/2866] needs-browser -            Panorama Bar & Grill
[ 551/2866] no-platform   -            Millport
[ 552/2866] needs-browser toast        Prey Brewing Company
[ 553/2866] no-platform   -            The Saloon
[ 554/2866] no-platform   -            Stagecoach Inn
[ 555/2866] needs-browser slice        Lakes Market & Deli
[ 556/2866] no-platform   -            Ichifuji Sushi
[ 557/2866] no-platform   -            Seahorse Coffee
[ 558/2866] no-platform   -            Michi Michi Baking Collective
[ 559/2866] no-platform   -            The Deli Stop
[ 560/2866] needs-browser toast        Tsunami Modern Cuisine
[ 561/2866] needs-browser toast        Bonehead Burger Co.
[ 562/2866] needs-browser toast        Matoi
[ 563/2866] needs-browser Square Online storefront Cargo Cafe
[ 564/2866] needs-browser MealKeyWay   JCK Asia Kitchen & Bar
[ 565/2866] needs-browser order.online Poki Poki - Encinitas
[ 566/2866] needs-browser HungerRush   Trining's Bakery & Cafe
[ 567/2866] needs-browser MealKeyWay   Dumplings N More
[ 568/2866] no-platform   -            Parkys
[ 569/2866] needs-browser Square Online (own domain) Elixir Espresso Bar
[ 570/2866] no-platform   -            Shanghai Cuisine
[ 571/2866] needs-browser Square Online storefront Sul & Beans
[ 572/2866] needs-browser MealKeyWay   Zhengxin Chicken Steak
[ 573/2866] screened-out  order.online La Fresita Y Mas
[ 574/2866] needs-browser MealKeyWay   Ten Gu Ramen
[ 575/2866] no-platform   -            Little Joy Coffee Bar
[ 576/2866] no-platform   -            China Express
[ 577/2866] no-platform   -            Poor House Brewing Company
[ 578/2866] needs-browser Square Online storefront ZzanG Hotdog & Chicken
[ 579/2866] no-platform   -            Reds Whites and Brews
[ 580/2866] no-platform   -            Mr. Pulpo Sea Food
[ 581/2866] no-platform   -            Finca
[ 582/2866] no-platform   -            The Lean Machine Meal Prep
[ 583/2866] needs-browser toast        Tita's Taco Shop
[ 584/2866] no-platform   -            Fuzziwig's Candy Factory
[ 585/2866] too-few       shopify      Culture Brewing
[ 586/2866] needs-browser olo          Sweetfin
[ 587/2866] no-platform   -            CoLab Public House
[ 588/2866] wrong-branch  order.online Saffron and Rose Persian Ice Cream Del Mar
[ 589/2866] screened-out  clover       Hooked On Pokè
[ 590/2866] needs-browser order.online EsKiNiTa
[ 591/2866] needs-browser order.online Daniel's Taco Shop
[ 592/2866] no-platform   -            Channel 2 Sports Bar
[ 593/2866] no-platform   -            Chee-Chee Club
[ 594/2866] needs-browser SpotOn       Crest Taco
[ 595/2866] no-platform   -            Pick Up Stix Fresh Asian Flavors
[ 596/2866] no-platform   -            El Culichi - Birriería y Cenaduría
[ 597/2866] needs-browser Square Online (own domain) JAVA GARDEN
[ 598/2866] no-platform   -            Borrego Rooftop
[ 599/2866] needs-browser SpotOn       Hot or Not Thai
[ 600/2866] needs-browser MealKeyWay   Szechuan Chef Chinese Cuisine
[ 601/2866] no-platform   -            858 Burger
[ 602/2866] needs-browser Paytronix    Pure Green Carlsbad - smoothies + acai + cold-pressed juice
[ 603/2866] no-platform   -            Bistro Kaz
[ 604/2866] no-platform   -            Rosa's Ice Cream and Fruit Bar
[ 605/2866] no-platform   -            Chen Golden Palace
[ 606/2866] no-platform   -            8th & B Poke
[ 607/2866] screened-out  shopify      Mcilhenney Brewing Co.
[ 608/2866] no-platform   -            The Landing Strip Restaurant and Bar
[ 609/2866] needs-browser HungerRush   Flippin Pizza Encinitas
[ 610/2866] needs-browser order.online DaYung's Tea
[ 611/2866] no-platform   -            La Central
[ 612/2866] no-platform   -            Deano's Pub
[ 613/2866] filed         own-jsonld   Donut Star
[ 614/2866] no-platform   -            Danny's Deli - Jacumba
[ 615/2866] needs-browser -            Elote Restaurant
[ 616/2866] no-platform   -            Mike Hess Brewing Tasting Room
[ 617/2866] needs-browser toast        Mess Hall
[ 618/2866] no-platform   -            Yummy Spoon
[ 619/2866] no-platform   -            Wine Girl San Diego
[ 620/2866] needs-browser toast        Between Us
[ 621/2866] needs-browser plain-html   Chef’s Wok & Dumplings
[ 622/2866] no-platform   -            City Dragon
[ 623/2866] needs-browser toast        Stella Jean's Ice Cream Kensington
[ 624/2866] no-platform   -            24 Suns
[ 625/2866] no-platform   -            It's A Piece A Cake
[ 626/2866] no-platform   -            San Diego Eagle
[ 627/2866] no-platform   -            The Island at Carlsbad
[ 628/2866] needs-browser toast        Upper East
[ 629/2866] no-platform   -            Sundaes at The Del
[ 630/2866] no-platform   -            Canyon Vista Restaurant
[ 631/2866] no-platform   -            Okavango Outpost
[ 632/2866] no-platform   -            Kaki Sushi
[ 633/2866] no-platform   -            Yakumi Sushi SD
[ 634/2866] no-platform   -            Tender Hooligan
[ 635/2866] wrong-branch  toast        Perfect Pizza
[ 636/2866] needs-browser toast        Big City Bagels-(BCB Cafe)-North Park
[ 637/2866] needs-browser chownow      The Boochyard
[ 638/2866] no-platform   -            Silver Gate Yacht Club
[ 639/2866] needs-browser order.online Poki Poki
[ 640/2866] no-platform   -            Bighorn Fudge LLC
[ 641/2866] needs-browser chownow      Burger Bench Vista
[ 642/2866] no-platform   -            Karihan Filipino Food
[ 643/2866] no-platform   -            Mikara Cafe
[ 644/2866] needs-browser MealKeyWay   Hi!Dumplings
[ 645/2866] no-platform   -            Intazza Coffee Mug & Grub
[ 646/2866] no-platform   -            Somisomi
[ 647/2866] no-platform   -            Spoon House
[ 648/2866] no-platform   -            Kinchana
[ 649/2866] needs-browser order.online Taste of Thai
[ 650/2866] needs-browser clover       Ryan Bros Coffee City Heights
[ 651/2866] needs-browser Square Online storefront Copa Vida
[ 652/2866] needs-browser Square Online storefront House of Pho
[ 653/2866] needs-browser order.online Elsa's Kitchen
[ 654/2866] no-platform   -            The Mission Bay Beach Club
[ 655/2866] no-platform   -            Juice Alchemy
[ 656/2866] needs-browser Square Online storefront Mad Munch Grilled Cheezer Co.
[ 657/2866] screened-out  toast        Agave Taco Shop
[ 658/2866] no-platform   -            Gloria's Taco Shop
[ 659/2866] no-platform   -            Hoffer's Cigar Bar
[ 660/2866] wrong-branch  toast        Achilles Coffee Roasters
[ 661/2866] screened-out  slice        Mike's Giant New York Pizza
[ 662/2866] needs-browser plain-html   JNC Pinoy Foodmart
[ 663/2866] needs-browser MealKeyWay   Fish With You ｜Spicy & Sour Fish Soup 鱼你在一起酸菜鱼
[ 664/2866] screened-out  order.online Carbonaro's
[ 665/2866] wrong-branch  toast        Cala La Jolla Café
[ 666/2866] needs-browser spothopper   Bear Roots Brewing Co.
[ 667/2866] no-platform   -            Pure Meal Prep SD
[ 668/2866] screened-out  order.online Frida's Taqueria
[ 669/2866] no-platform   -            Teriyaki Madness
[ 670/2866] no-platform   -            Cool Down Coffee
[ 671/2866] wrong-branch  toast        Common Theory Chula Vista
[ 672/2866] needs-browser chownow      Juice Kaboose
[ 673/2866] no-platform   -            The Gärten
[ 674/2866] needs-browser chownow      Leos Kitchen
[ 675/2866] needs-browser toast        Thai Ladle
[ 676/2866] no-platform   -            Two Hands Corn Dog San Marcos
[ 677/2866] no-platform   -            SD Cookie Guru
[ 678/2866] no-platform   -            Smittys Downtown
[ 679/2866] needs-browser toast        Junction Bar & Grill
[ 680/2866] no-platform   -            The Elwood
[ 681/2866] filed         own-jsonld   Chiim Thai
[ 682/2866] no-platform   -            Arcana Brewing Company
[ 683/2866] no-platform   -            Tom's Chinese BBQ
[ 684/2866] no-platform   -            Godfather's Diner
[ 685/2866] wrong-branch  toast        Taco Lounge Escaya
[ 686/2866] needs-browser toast        Sultan Baklava Mediterranean Grill
[ 687/2866] no-platform   -            Juan Jasper Kitchen & Wine
[ 688/2866] needs-browser spothopper   Bear Roots Tavern
[ 689/2866] needs-browser order.online Deli Belly
[ 690/2866] no-platform   -            La Nacional
[ 691/2866] no-platform   -            Las Brazas Mexican Food
[ 692/2866] no-platform   -            2N1 Korean BBQ
[ 693/2866] no-platform   -            JJANG Korean bbq
[ 694/2866] needs-browser order.online Eggies
[ 695/2866] no-platform   -            Forbidden Cove
[ 696/2866] needs-browser Square Online storefront Tasty Pizza Escondido LLC
[ 697/2866] no-platform   -            All Stars Sports Bar & Grill
[ 698/2866] no-platform   -            DoughBoy's Grill
[ 699/2866] needs-browser MealKeyWay   Ma's House
[ 700/2866] needs-browser toast        Barley & Sword Brewing Company
[ 701/2866] needs-browser SpotOn       La Banana Fruits - Fruteria
[ 702/2866] no-platform   -            Kind Coffee
[ 703/2866] needs-browser Square Online storefront The Brewers Tap Room
[ 704/2866] no-platform   -            Agave Bar and Grill
[ 705/2866] no-platform   -            Deano's Pub East
[ 706/2866] needs-browser toast        Understory Bar
[ 707/2866] too-few       netwaiter    Star Express
[ 708/2866] no-platform   -            Picasso's Naturals
[ 709/2866] screened-out  shopify      Fuzz Coffee and Records
[ 710/2866] no-platform   -            Filipino Grill
[ 711/2866] no-platform   -            Hill Top Winery
[ 712/2866] needs-browser Square Online (own domain) Slurp
[ 713/2866] needs-browser toast        Angry Petes Pizza Point Loma
[ 714/2866] needs-browser Square Online (own domain) Rad Habits Juice
[ 715/2866] no-platform   -            Taqueria Campos
[ 716/2866] no-platform   -            Nova Easy Kombucha
[ 717/2866] needs-browser -            Torreyana
[ 718/2866] no-platform   -            La Corriente Coronado
[ 719/2866] needs-browser Square Online storefront Mama Made Thai
[ 720/2866] no-platform   -            Bonchon Chicken
[ 721/2866] screened-out  menufy       Sushi Monster
[ 722/2866] no-platform   -            The Space Pad
[ 723/2866] no-platform   -            Quarter Deck Inn Cocktails
[ 724/2866] needs-browser Square Online storefront PB Poke House Oceanside
[ 725/2866] no-platform   -            Dragon's Den
[ 726/2866] no-platform   -            Vista Bean Coffee
[ 727/2866] no-platform   -            Village Pub
[ 728/2866] no-platform   -            The Story Caffè
[ 729/2866] needs-browser order.online Bowls N Brews
[ 730/2866] no-platform   -            Linda's Donuts
[ 731/2866] no-platform   -            Ellie's Wood Fired Pizza
[ 732/2866] no-platform   -            Alpine Chill
[ 733/2866] no-platform   -            Spicy Noodle
[ 734/2866] needs-browser Square Online (own domain) Mirin Kitchen
[ 735/2866] needs-browser slice        Fiori’s Pizza
[ 736/2866] no-platform   -            Main Street Pour House - Vista
[ 737/2866] no-platform   -            SusieCakes - Carlsbad Forum
[ 738/2866] no-platform   -            Harvey's
[ 739/2866] needs-browser chownow      Juice Caboose
[ 740/2866] no-platform   -            Tastea
[ 741/2866] needs-browser Square Online (own domain) Aloha Ice Co
[ 742/2866] no-platform   -            Tierra Mia Coffee Drive Thru
[ 743/2866] no-platform   -            KYODAI 23 SUSHI
[ 744/2866] no-platform   -            Rush Bowls
[ 745/2866] no-platform   -            Coffee Wave
[ 746/2866] needs-browser chownow      Juice Caboose
[ 747/2866] needs-browser order.online Bag of Beans Cafe & Restaurant
[ 748/2866] needs-browser SpotOn       Mariscos y Miches El Patron
[ 749/2866] no-platform   -            Tutti Frutti
[ 750/2866] no-platform   -            Thovo Mariscos & Birria
[ 751/2866] no-platform   -            Immersion Coffee
[ 752/2866] needs-browser GloriaFood widget Fuego Mediterranean Grill
[ 753/2866] wrong-branch  toast        Pizza 22
[ 754/2866] no-platform   -            Hometown Taste
[ 755/2866] no-platform   -            Granny's Apple Fries
[ 756/2866] no-platform   -            Litas Fish Market - Oceanside
[ 757/2866] needs-browser -            Odysea Lounge
[ 758/2866] no-platform   -            KJ Chinese Restaurant
[ 759/2866] needs-browser chownow      Parakeet Cafe - Carlsbad
[ 760/2866] no-platform   -            Growlers Sports Bar & Taproom
[ 761/2866] needs-browser Square Online storefront Kilowatt Craft Beer & Cocktails Oceanside
[ 762/2866] screened-out  shopify      Seven Seas Roasting
[ 763/2866] no-platform   -            El Mercadito
[ 764/2866] no-platform   -            Unique Sandwiches
[ 765/2866] no-platform   -            Bowl To Go
[ 766/2866] no-platform   -            Vica’s Cafe
[ 767/2866] needs-browser Square Online storefront Dog Leg Brewing
[ 768/2866] no-platform   -            Galata Turkish Ice Cream
[ 769/2866] no-platform   -            Marathon Coffee
[ 770/2866] no-platform   -            Star Dust Donut Shop
[ 771/2866] no-platform   -            Mi Amigo Mexican Food & Sea
[ 772/2866] no-platform   -            Juice Adventure
[ 773/2866] needs-browser Square Online storefront Goli
[ 774/2866] no-platform   -            Java Earth Coffee
[ 775/2866] no-platform   -            Volcan Mountain Winery
[ 776/2866] no-platform   -            Frank's Bakery - Gibaldi's Italian Bread
[ 777/2866] no-platform   -            Taqueria Daily Fresh
[ 778/2866] no-platform   -            Cj Lounge
[ 779/2866] no-platform   -            Las Michoacanas
[ 780/2866] needs-browser -            Tutti Frutti Frozen Yogurt
[ 781/2866] no-platform   -            Carruth Cellars Tasting Room
[ 782/2866] no-platform   -            Fall Brewing Company South Park Taproom
[ 783/2866] no-platform   -            Los Cucos Mexican Food
[ 784/2866] wrong-branch  order.online The Pad Thai Stand
[ 785/2866] no-platform   -            Ten Seconds Yunnan Rice Noodle
[ 786/2866] needs-browser Square Online (own domain) The Craft Taco at The Nat
[ 787/2866] no-platform   -            Saki Saki Sushi Bar & Grill
[ 788/2866] no-platform   -            Meadiocrity Mead
[ 789/2866] needs-browser Square Online (own domain) Castelli & Pizarro Family Vineyards & Winery
[ 790/2866] needs-browser Square Online storefront Mein St. Asian Kitchen
[ 791/2866] no-platform   -            Bang Bang
[ 792/2866] no-platform   -            Cheers
[ 793/2866] no-platform   -            Jungle Tea
[ 794/2866] needs-browser -            Golden Spoon Carlsbad Plaza
[ 795/2866] no-platform   -            Social hookah lounge
[ 796/2866] no-platform   -            Ocean View Bar & Grill
[ 797/2866] needs-browser slice        Papa's Pizza
[ 798/2866] wrong-branch  clover       Burros and Fries
[ 799/2866] no-platform   -            Belinda's Familia Mexican Food Truck
[ 800/2866] no-platform   -            Latchkey Brewing Company
[ 801/2866] no-platform   -            Bar Traza
[ 802/2866] needs-browser Square Online (own domain) Pho Ever Carlsbad
[ 803/2866] no-platform   -            Ferlini Coffee
[ 804/2866] no-platform   -            Midnight Animal Coffee
[ 805/2866] no-platform   -            Crab City (La Jolla Cove)
[ 806/2866] no-platform   -            Cup of Yo
[ 807/2866] no-platform   -            Nékter Juice Bar
[ 808/2866] no-platform   -            Hongyuan Kebab
[ 809/2866] no-platform   -            Park Commons
[ 810/2866] no-platform   -            Bobalicious
[ 811/2866] needs-browser Square Online storefront Empanada Kitchen
[ 812/2866] no-platform   -            OB Smoothies Bar & Subs
[ 813/2866] no-platform   -            Café Ventanas
[ 814/2866] no-platform   -            Rise + Shine Coffee Shop
[ 815/2866] no-platform   -            Badas Burgers Food Truck
[ 816/2866] needs-browser slice        Little Sisters Pizza
[ 817/2866] no-platform   -            China Fun
[ 818/2866] no-platform   -            Zodiak Hookah Lounge
[ 819/2866] needs-browser chownow      moonbowls (Healthy Korean Bowls- Boston Ave)
[ 820/2866] no-platform   -            South O Brewing Company & Kitchen
[ 821/2866] no-platform   -            Colima's Mexican Foods
[ 822/2866] no-platform   -            Mamma Pinsa
[ 823/2866] needs-browser -            Coastal Cantina
[ 824/2866] wrong-branch  order.online La michoacana Plus San Diego #2
[ 825/2866] no-platform   -            Sourdough & moore
[ 826/2866] no-platform   -            Crown Landing
[ 827/2866] no-platform   -            Señor Taquero Taco Shop
[ 828/2866] no-platform   -            Rumorosa
[ 829/2866] no-platform   -            Inzane Brewing Co.
[ 830/2866] no-platform   -            Arteazen Handcrafted Tea
[ 831/2866] needs-browser order.online The Coffee Cart Café & Espresso Catering
[ 832/2866] too-few       netwaiter    K & K Orient Valley Food Center
[ 833/2866] needs-browser toast        Brites Soft Serve
[ 834/2866] needs-browser toast        Lilo
[ 835/2866] too-few       netwaiter    Kim's Bar-B-Que
[ 836/2866] no-platform   -            Sunny Grove Brewing Company
[ 837/2866] no-platform   -            Xolotacos
[ 838/2866] no-platform   -            Elite Baking
[ 839/2866] needs-browser Square Online storefront Ululani's San Diego
[ 840/2866] no-platform   -            Harissa Mediterranean Kitchen
[ 841/2866] needs-browser GloriaFood widget Jamul Meat Market
[ 842/2866] no-platform   -            Uncle Feras Middle Eastern Restaurant
[ 843/2866] no-platform   -            Sher the love of cooking
[ 844/2866] no-platform   -            Merenda
[ 845/2866] no-platform   -            PB Oriental
[ 846/2866] no-platform   -            PKI Sushi
[ 847/2866] no-platform   -            Sai Japanese Bistro
[ 848/2866] no-platform   -            Embolden Beer Co.
[ 849/2866] no-platform   -            Carne & Hueso
[ 850/2866] no-platform   -            La Cocina De Anita
[ 851/2866] needs-browser -            Modern Times Coffee
[ 852/2866] no-platform   -            Mantra Raja
[ 853/2866] needs-browser slice        Del Cerro Pizza
[ 854/2866] no-platform   -            Landshark Bar & Grill
[ 855/2866] needs-browser Square Online storefront Pho Ha Noi Asian Cuisine
[ 856/2866] no-platform   -            Leucadia Pizza
[ 857/2866] no-platform   -            Sam's Donuts Shop
[ 858/2866] no-platform   -            Spicy Lao Kitchen
[ 859/2866] needs-browser SpotOn       Mexican & Seafood Restaurant
[ 860/2866] no-platform   -            Dang Brother Camp Pendleton 22 Area
[ 861/2866] no-platform   -            Tacos La Chorreada
[ 862/2866] no-platform   -            Barrio Coffee
[ 863/2866] no-platform   -            Rocko's Family Restaurant
[ 864/2866] needs-browser MealKeyWay   Tasty house 味来
[ 865/2866] no-platform   -            VUE
[ 866/2866] no-platform   -            Mariscos La Chalupa #1 - Seafood Truck
[ 867/2866] no-platform   -            Lilian's
[ 868/2866] needs-browser toast        Go Greek Authentic Yogurteria
[ 869/2866] no-platform   -            Bayside Bar & Grill
[ 870/2866] no-platform   -            Himalayan Chulo
[ 871/2866] needs-browser toast        Dark Horse Japanese Nikkei Cuisine
[ 872/2866] no-platform   -            Bubbles & Brews Cafe
[ 873/2866] needs-browser order.online Tous les Jours
[ 874/2866] no-platform   -            Skyline Cafe
[ 875/2866] no-platform   -            24 Area Messhall
[ 876/2866] needs-browser chownow      JRs Grill / G Street Deli
[ 877/2866] needs-browser order.online Häagen-Dazs
[ 878/2866] no-platform   -            Cherry Bomb
[ 879/2866] filed         shopify      Kyoto Coast Matcha
[ 880/2866] no-platform   -            RomBomb Burger
[ 881/2866] no-platform   -            Sieu Sieu BBQ
[ 882/2866] no-platform   -            AMICIBAR
[ 883/2866] no-platform   -            Mariscos La Morena
[ 884/2866] no-platform   -            The Pearl Restaurant
[ 885/2866] no-platform   -            Beach wolf
[ 886/2866] no-platform   -            Tacos El Villasana
[ 887/2866] no-platform   -            Tap That
[ 888/2866] needs-browser toast        Canton Bakery by Meta Sweets
[ 889/2866] needs-browser Square Online storefront Flour Atelier
[ 890/2866] needs-browser MealKeyWay   Pho Tan
[ 891/2866] needs-browser -            Yogurt Lounge Serra Mesa
[ 892/2866] needs-browser Square Online (own domain) CUPPA CUPPA COFFEE LAB
[ 893/2866] no-platform   -            Pizza Kaiju
[ 894/2866] no-platform   -            Truva
[ 895/2866] no-platform   -            Witherby Bar & Restaurant
[ 896/2866] no-platform   -            Easy Thai
[ 897/2866] no-platform   -            ALBACA
[ 898/2866] no-platform   -            Theresa's Italian Steakhouse
[ 899/2866] no-platform   -            Zuma San Diego
[ 900/2866] no-platform   -            Imperial Palace
[ 901/2866] no-platform   -            Easy Thai
[ 902/2866] no-platform   -            Lapper Kitchen + Tap
[ 903/2866] needs-browser order.online Lady M Cake Boutique - San Diego
[ 904/2866] needs-browser Square Online storefront Nobibi Convoy
[ 905/2866] no-platform   -            Tina's Baking Addiction
[ 906/2866] no-platform   -            TP TEA – San Diego
[ 907/2866] needs-browser plain-html   Roppongi
[ 908/2866] no-platform   -            The Cove Bar & Grill
[ 909/2866] no-platform   -            Kiku Room
[ 910/2866] no-platform   -            Kim's Deli
[ 911/2866] no-platform   -            Over The Tap
[ 912/2866] no-platform   -            Happytime Tea
[ 913/2866] needs-browser toast        Swagyu Burger Bar
[ 914/2866] no-platform   -            Vinya Yoga and Wine Bar
[ 915/2866] needs-browser toast        Taco Loco
[ 916/2866] no-platform   -            The Sushi Stand
[ 917/2866] too-few       own-jsonld   Vinh Long Food To Go
[ 918/2866] no-platform   -            Treo Kitchen + Bar
[ 919/2866] needs-browser MealKeyWay   Tengu Ramen
[ 920/2866] needs-browser order.online Poki Poki Carlsbad - Boba & Brewski
[ 921/2866] no-platform   -            Ching's Famous Hopia
[ 922/2866] needs-browser toast        Fiesta Mexican Grille
[ 923/2866] needs-browser -            Kaluú Upscale Mexican & Lounge
[ 924/2866] no-platform   -            Suspiros Cakes Chula Vista
[ 925/2866] no-platform   -            Coffee Culture
[ 926/2866] needs-browser Square Online storefront Muse Cheesecakes & Bakery
[ 927/2866] no-platform   -            Campus Cafe
[ 928/2866] no-platform   -            Tacos el Niño Santana
[ 929/2866] no-platform   -            Cafe Aero
[ 930/2866] no-platform   -            Brain Freeze Premium Frozen Yogurt & Ice Cream of Bonsall
[ 931/2866] no-platform   -            My Vegan Pie
[ 932/2866] no-platform   -            Sabroso taco savor a mi tierra
[ 933/2866] needs-browser order.online El Rinconcito Fruteria
[ 934/2866] needs-browser Square Online (own domain) Teuscher Chocolates San Diego
[ 935/2866] no-platform   -            Necter Juice Bar
[ 936/2866] no-platform   -            LJ Crafted Wines - Wines & Tastings
[ 937/2866] needs-browser order.online Sr. Taquito
[ 938/2866] no-platform   -            Josie's Hideout Saloon
[ 939/2866] wrong-branch  order.online The Pad Thai Stand
[ 940/2866] no-platform   -            Buttery Bakes
[ 941/2866] needs-browser chownow      Parakeet Cafe - Nautilus
[ 942/2866] no-platform   -            Presotea
[ 943/2866] no-platform   -            The Coffee Bar at Foothills Church
[ 944/2866] no-platform   -            Valerio's 1979
[ 945/2866] no-platform   -            Fat Tuesday
[ 946/2866] no-platform   -            D'liteful Chocolat
[ 947/2866] no-platform   -            J Crepe & Cafe
[ 948/2866] no-platform   -            Oakberry Açaí bowls
[ 949/2866] no-platform   -            Mission Donut House
[ 950/2866] no-platform   -            Baklava King
[ 951/2866] needs-browser slice        Milo’s Pizza & Deli
[ 952/2866] no-platform   -            Old Hickory Steakhouse
[ 953/2866] needs-browser Square Online storefront Societe Brewing Company
[ 954/2866] no-platform   -            Trevi Hills Winery
[ 955/2866] needs-browser toast        Asado Gaucho - Argentinian Meat Dining Experience
[ 956/2866] no-platform   -            12 HRS MATCHA CAFE
[ 957/2866] no-platform   -            CRAVE Mediterranean Grill
[ 958/2866] needs-browser Square Online storefront Common Grounds Cafe - MCRD Base
[ 959/2866] no-platform   -            Fall Brewing Company
[ 960/2866] no-platform   -            Ono Hawaiian BBQ
[ 961/2866] no-platform   -            The Nutrition Place
[ 962/2866] needs-browser clover       Blendees
[ 963/2866] no-platform   -            NuYo Frozen Yogurt Encinitas
[ 964/2866] needs-browser Square Online storefront Loma Salad Bar
[ 965/2866] no-platform   -            Yas Lounge
[ 966/2866] no-platform   -            Arevalo's Bakery
[ 967/2866] no-platform   -            Arevalo's Bakery
[ 968/2866] no-platform   -            Tasty Donuts
[ 969/2866] needs-browser order.online Poke One N Half
[ 970/2866] no-platform   -            Charade Speakeasy
[ 971/2866] no-platform   -            Killer Whale Creamery
[ 972/2866] needs-browser toast        Nomada
[ 973/2866] no-platform   -            Jamal's Chicken
[ 974/2866] needs-browser Square Online (own domain) Cafe Pascale Grill & Deli
[ 975/2866] no-platform   -            Cha Cha Tea Spot
[ 976/2866] needs-browser chownow      Off the Vine Gardens Deli And Catering
[ 977/2866] wrong-branch  toast        Bros Kabob
[ 978/2866] no-platform   -            Carruth Cellars Urban Winegarden & Cheese Shop: Liberty Station
[ 979/2866] no-platform   -            Alona’s Caketots
[ 980/2866] no-platform   -            Sunny Dumpling House
[ 981/2866] needs-browser Square Online storefront Bean Box
[ 982/2866] needs-browser order.online TOUS les JOURS Bakery Café - National City
[ 983/2866] no-platform   -            GOLDEN DRAGON ASIAN CUISINE
[ 984/2866] no-platform   -            S T U D I O Restaurant + Bar
[ 985/2866] no-platform   -            chance's coffee
[ 986/2866] needs-browser Square Online storefront Golden Dragon
[ 987/2866] no-platform   -            SINTA
[ 988/2866] needs-browser olo          Randy’s Donuts
[ 989/2866] no-platform   -            Burtech Family Vineyard Tasting Room
[ 990/2866] needs-browser clover       Bruster's Real Ice Cream
[ 991/2866] no-platform   -            Shake Smart
[ 992/2866] needs-browser -            Cluck N Sip
[ 993/2866] needs-browser -            Pure Squeeze
[ 994/2866] no-platform   -            Cleopatra's Lounge
[ 995/2866] no-platform   -            La Clochette
[ 996/2866] no-platform   -            Brewery X
[ 997/2866] no-platform   -            Hannegan’s House Beer Co & Creamery
[ 998/2866] needs-browser order.online Torta Time
[ 999/2866] no-platform   -            Izakaya Maíze
[1000/2866] needs-browser Square Online storefront Manor Coffee Bar
[1001/2866] needs-browser Square Online (own domain) Chefs Cafe
[1002/2866] no-platform   -            Momo Sando&Omakase
[1003/2866] no-platform   -            Lambers Chinese Bakery
[1004/2866] needs-browser olo          McConnell's Fine Ice Creams - Carlsbad
[1005/2866] no-platform   -            Mama’s Boy Cookies
[1006/2866] no-platform   -            102 Scone Co.
[1007/2866] no-platform   -            SciEats (Nonprofit Eatery)
[1008/2866] too-few       netwaiter    Playa Azul Mariscos Restaurant
[1009/2866] needs-browser toast        Divina Matcha
[1010/2866] no-platform   -            Tower39 Rooftop Lounge
[1011/2866] no-platform   -            Amuse Lounge and Patio
[1012/2866] no-platform   -            Pasta Design
[1013/2866] no-platform   -            Golden Donut
[1014/2866] no-platform   -            Smoking Cannon Brewery
[1015/2866] no-platform   -            Ohana Nutrition
[1016/2866] no-platform   -            Honey Cafe & Store
[1017/2866] no-platform   -            Jaguar Paw
[1018/2866] no-platform   -            Qualcomm Cafe Q
[1019/2866] no-platform   -            Cocina De Ledezma LLC
[1020/2866] no-platform   -            The Sanctuary by The Lost Abbey
[1021/2866] no-platform   -            TJ BURRITO Co.
[1022/2866] no-platform   -            Delicia's Taco Shop
[1023/2866] no-platform   -            Linda's Yogurt & Deli
[1024/2866] no-platform   -            Bivouac Adventure Lodge Coffee Shop
[1025/2866] needs-browser Square Online (own domain) Inka'fe SD Coffee Shop
[1026/2866] no-platform   -            Backstreet Brewery
[1027/2866] no-platform   -            Cake
[1028/2866] needs-browser -            LUCIEN
[1029/2866] needs-browser toast        Market St Pizzeria
[1030/2866] no-platform   -            Papa Bambino's
[1031/2866] no-platform   -            Michael's in Borrego
[1032/2866] needs-browser order.online Fatboy's Deli & Spirits
[1033/2866] wrong-branch  toast        Cosmos Burger Carlsbad
[1034/2866] no-platform   -            Weir Beer
[1035/2866] no-platform   -            Veranda
[1036/2866] no-platform   -            The Bar at Moniker General
[1037/2866] no-platform   -            Lemon City Taphouse
[1038/2866] no-platform   -            Warner Springs Golf Shop & Grill
[1039/2866] no-platform   -            Una Mas on Adams
[1040/2866] no-platform   -            Backyard Brewery
[1041/2866] needs-browser Square Online storefront Cargo Cafe - Sorrento Valley
[1042/2866] no-platform   -            Red Ribbon Bakeshop
[1043/2866] no-platform   -            Honney Doffee Coffee
[1044/2866] no-platform   -            Michi Brew Co.
[1045/2866] no-platform   -            Panaderia Fuentes
[1046/2866] no-platform   -            Iceskimo
[1047/2866] needs-browser Square Online storefront Moniker Coffee Co. at The Craft Creamery
[1048/2866] no-platform   -            Noodles - Authentic Asian Cuisine
[1049/2866] filed         toast        Napatini Bistro and Wine Bar
[1050/2866] needs-browser toast        One of Us
[1051/2866] needs-browser Square Online storefront Montebello
[1052/2866] wrong-branch  toast        Boba Tea Spot
[1053/2866] no-platform   -            Cali Banh Mi
[1054/2866] no-platform   -            Culture Craft Coffee & Espresso
[1055/2866] no-platform   -            The Golf Bar
[1056/2866] no-platform   -            The Coffee House at North Coast Church
[1057/2866] needs-browser Square Online storefront Purl Tea San Marcos
[1058/2866] no-platform   -            Nova Boba and Coffee shop
[1059/2866] filed         own-jsonld   The San Diego Taco Truck
[1060/2866] needs-browser chownow      Parakeet Juicery - La Jolla
[1061/2866] no-platform   -            Little Fawn
[1062/2866] wrong-branch  toast        Gold Coffee Shop
[1063/2866] screened-out  shopify      Ascend Coffee Roasters
[1064/2866] no-platform   -            Milonga Empanadas
[1065/2866] too-few       netwaiter    Ba Le French Sandwich Shop
[1066/2866] no-platform   -            CHERRYBOMB EC
[1067/2866] needs-browser Square Online storefront Cargo Cafe - Paseo Del Mar
[1068/2866] no-platform   -            Tazza D'Oro
[1069/2866] no-platform   -            Cakey Bakey
[1070/2866] no-platform   -            Dream Fountain Catering
[1071/2866] no-platform   -            Pub 1795
[1072/2866] no-platform   -            Milonga Empanadas Fashion Valley
[1073/2866] needs-browser toast        Pompei Pizza
[1074/2866] no-platform   -            All Things Ube Desserts
[1075/2866] needs-browser toast        Pita Pit
[1076/2866] needs-browser Square Online (own domain) Balboa Candy
[1077/2866] no-platform   -            Los Primos Panaderia
[1078/2866] no-platform   -            Las Ricas Tortas
[1079/2866] no-platform   -            Drinky Promise
[1080/2866] needs-browser order.online Bird-N-Bun
[1081/2866] no-platform   -            OMG Crêpes
[1082/2866] no-platform   -            Elegance On Display
[1083/2866] no-platform   -            Poki Poki & Dragonitea - Fallbrook
[1084/2866] no-platform   -            Plant Power Fast Food Digital Kitchen
[1085/2866] needs-browser Square Online storefront Copa Vida Torrey Ridge
[1086/2866] no-platform   -            Hopnonymous Brewing - Normal Heights
[1087/2866] needs-browser order.online Beard Papa’s San Diego
[1088/2866] needs-browser olo          Better Buzz Coffee Santee
[1089/2866] no-platform   -            Krak Boba
[1090/2866] no-platform   -            Route 6 Coffee & Smoothies
[1091/2866] no-platform   -            5 O'Clock Somewhere Rooftop Bar
[1092/2866] no-platform   -            Scena Fusion Kitchen & Bar
[1093/2866] needs-browser spothopper   Tipping Pint Brewing Co.
[1094/2866] no-platform   -            Pink Buddha
[1095/2866] no-platform   -            Elote
[1096/2866] no-platform   -            El Flako's Wrangler Barbecue
[1097/2866] no-platform   -            Red Eye Saloon
[1098/2866] no-platform   -            Ramones Mexican BBQ
[1099/2866] no-platform   -            El Flako's Wrangler Barbecue
[1100/2866] needs-browser Square Online storefront Copa Vida
[1101/2866] needs-browser Paytronix    Ziggi's Coffee
[1102/2866] wrong-branch  toast        Johnny Radz Pizza
[1103/2866] no-platform   -            Mike Hess Brewing - Seaport Village Taphouse
[1104/2866] needs-browser olo          Panini Kabob Grill - Park 12
[1105/2866] needs-browser toast        Grab & Go
[1106/2866] no-platform   -            Guadalupe Brewery Tap House
[1107/2866] needs-browser toast        Duck Foot Brewing
[1108/2866] no-platform   -            FLAVORFUL Dessert Atelier
[1109/2866] no-platform   -            Birria el Chavita
[1110/2866] no-platform   -            Pala Cafe
[1111/2866] no-platform   -            Plant Power Fast Food
[1112/2866] no-platform   -            Dulzura Vineyard and Winery
[1113/2866] needs-browser Square Online (own domain) The Cakery Cafe
[1114/2866] no-platform   -            Dole Whip
[1115/2866] no-platform   -            French Secret Pastry (Pre-Order Only)
[1116/2866] no-platform   -            Carnitas la Bendición
[1117/2866] needs-browser Square Online (own domain) The Cakery
[1118/2866] no-platform   -            Blue Bowl Superfoods - Oceanside
[1119/2866] needs-browser -            Pelican's on the Bay
[1120/2866] no-platform   -            Rank & File
[1121/2866] no-platform   -            La Michoacana Elite
[1122/2866] no-platform   -            Salt & Fin
[1123/2866] needs-browser toast        Clara's Kitchen ( Soul Food) Micro-enterprise Home Kitchen
[1124/2866] no-platform   -            Lonchera Mariscos El Gordo
[1125/2866] no-platform   -            Silver Hoof Creamery
[1126/2866] needs-browser Square Online (own domain) Le Charcuterie Bar
[1127/2866] no-platform   -            The Trap Shack
[1128/2866] no-platform   -            Shabu Spot
[1129/2866] no-platform   -            We Cookn
[1130/2866] screened-out  shopify      Come Back Coffee Co.
[1131/2866] screened-out  shopify      Seven Seas Roasting Co.
[1132/2866] no-platform   -            Teaspoon Escondido
[1133/2866] no-platform   -            Sunright Tea Studio
[1134/2866] no-platform   -            La Mesa Wine Works
[1135/2866] no-platform   -            Jaybird Superette
[1136/2866] no-platform   -            Side Chick - Chicken & Fries
[1137/2866] no-platform   -            La Rikura Mexican Food
[1138/2866] no-platform   -            Tamales Oaxaquenos
[1139/2866] no-platform   -            California Bean
[1140/2866] no-platform   -            El Cajon taco shop
[1141/2866] no-platform   -            Starbread Bakery
[1142/2866] no-platform   -            Dr Boochart
[1143/2866] no-platform   -            The Cafe
[1144/2866] no-platform   -            Super Smoothies
[1145/2866] no-platform   -            Zodiac Boba
[1146/2866] too-few       netwaiter    J & J's Mexican Food
[1147/2866] wrong-branch  own-jsonld   Tako
[1148/2866] no-platform   -            KD`S Donuts
[1149/2866] filed         own-jsonld   Hong Kong Kitchen & Dimsum
[1150/2866] no-platform   -            Fres.Co
[1151/2866] no-platform   -            NuYo Frozen Yogurt Solana Beach
[1152/2866] no-platform   -            Subterranean Coffee Drive thru
[1153/2866] no-platform   -            Candy Land
[1154/2866] no-platform   -            Huy Ky Bakery
[1155/2866] no-platform   -            Tamales Escondido
[1156/2866] no-platform   -            Beach Sweets
[1157/2866] needs-browser -            85°C Bakery Cafe-Santee
[1158/2866] no-platform   -            Bistro at the Pier
[1159/2866] no-platform   -            The Funky Frenchie (Lemon Grove)
[1160/2866] no-platform   -            Claudia’s Tea House
[1161/2866] no-platform   -            The Honor Bar
[1162/2866] no-platform   -            Shake Bar & Lounge
[1163/2866] no-platform   -            Devil and Angel
[1164/2866] needs-browser Square Online storefront Its Cafe Thai
[1165/2866] no-platform   -            Savvy Macs, Inc.
[1166/2866] no-platform   -            Viewpoint Kitchen + Bar
[1167/2866] no-platform   -            6 7 Deli & Pizza
[1168/2866] no-platform   -            Zoo Brew
[1169/2866] wrong-branch  toast        ALOHA GRILL
[1170/2866] no-platform   -            The Red Barn
[1171/2866] too-few       netwaiter    Pizza Grande
[1172/2866] no-platform   -            Cafe Nordstrom
[1173/2866] no-platform   -            Golden Grill
[1174/2866] no-platform   -            Phology Noodle House - Pho Vietnamese Chula Vista CA
[1175/2866] wrong-branch  toast        Knead Artisan Bakery
[1176/2866] no-platform   -            Dockside Casual Seafood Counter
[1177/2866] no-platform   -            Stratus Restaurant & Bar
[1178/2866] no-platform   -            Little Victory Wine Bar
[1179/2866] no-platform   -            Corner Office Pizza and Craft Bar
[1180/2866] no-platform   -            The MRKT
[1181/2866] no-platform   -            Ground Up Cafe
[1182/2866] needs-browser toast        Zest Wine Bistro
[1183/2866] no-platform   -            The Morning Grove
[1184/2866] no-platform   -            Bianchi Pizza & Pasta
[1185/2866] no-platform   -            Surf City Squeeze
[1186/2866] no-platform   -            Diego's Taco Shop
[1187/2866] no-platform   -            Craft Pizza
[1188/2866] needs-browser MealKeyWay   Yuki Yuki
[1189/2866] no-platform   -            Shake Smart
[1190/2866] too-few       netwaiter    Sandwich Place
[1191/2866] needs-browser chownow      Sunset Thai Ocean Beach
[1192/2866] no-platform   -            Royal Pearl Tea
[1193/2866] no-platform   -            Dirty Dough - Oceanside
[1194/2866] no-platform   -            Three Boys Coffee
[1195/2866] needs-browser -            Sammy's Restaurant & Bar
[1196/2866] no-platform   -            Thai Thai Melrose Restaurant
[1197/2866] no-platform   -            SAKE BAR GAGA
[1198/2866] no-platform   -            Board & Brew - Downtown San Diego
[1199/2866] no-platform   -            PAPA GUAPO CANTINA
[1200/2866] no-platform   -            The Guild Bar
[1201/2866] needs-browser Square Online storefront Whatever Forever Coffee
[1202/2866] wrong-branch  toast        Tapas Bar
[1203/2866] no-platform   -            Mission Brewing - Kensington
[1204/2866] needs-browser toast        Bao Bar
[1205/2866] needs-browser GloriaFood widget Maria's Coffee Shop
[1206/2866] no-platform   -            Cherrie Blossom Tea & Boba
[1207/2866] no-platform   -            Mantra Sukha Tea Lounge
[1208/2866] no-platform   -            Koobrew
[1209/2866] no-platform   -            Panadería González
[1210/2866] no-platform   -            Healthy Grill Mediterranean
[1211/2866] no-platform   -            Marzul Coastal Cuisine
[1212/2866] no-platform   -            The Mudbar
[1213/2866] no-platform   -            Barbeer
[1214/2866] no-platform   -            El Santo Remedio Cantina
[1215/2866] no-platform   -            Carnitas Paracho Garibay
[1216/2866] no-platform   -            Crafted Coastal Bakery
[1217/2866] no-platform   -            Gintaro Sushi
[1218/2866] no-platform   -            117⁰ West Spirits Speakeasy
[1219/2866] no-platform   -            The Boarding Home
[1220/2866] needs-browser Square Online storefront Petite Paleo Bakery
[1221/2866] wrong-branch  popmenu      Alohana Acai Bowls and Smoothies - North Park
[1222/2866] no-platform   -            ABC Market & Deli
[1223/2866] no-platform   -            Candy Land Café San Diego
[1224/2866] no-platform   -            Drunk Confections
[1225/2866] no-platform   -            Super Express Chinese Food
[1226/2866] needs-browser Square Online (own domain) Sea Ridge Cafe
[1227/2866] no-platform   -            Casa Del Marisco Rafaelas
[1228/2866] no-platform   -            Hillside Ranch Vineyard
[1229/2866] no-platform   -            Tommy's Pizza & Subs
[1230/2866] needs-browser HungerRush   Pop Pops Paleta
[1231/2866] no-platform   -            MCX Food & Service Plaza, Camp Pendleton, CA
[1232/2866] no-platform   -            CHINA CHEF 1
[1233/2866] needs-browser MenuSifu     Joyee Noodle House(UTC)
[1234/2866] screened-out  toast        Agave Birrieria
[1235/2866] wrong-branch  toast        Zonkey
[1236/2866] no-platform   -            Manta Pizza
[1237/2866] no-platform   -            Taqueria Los Famosos
[1238/2866] no-platform   -            Get Baked Cookie Co.
[1239/2866] no-platform   -            Oasis Breads
[1240/2866] wrong-branch  toast        Amalfi Enoteca Italiana
[1241/2866] no-platform   -            New Motion Beverages
[1242/2866] needs-browser Square Online (own domain) KAFE'SITO
[1243/2866] no-platform   -            Street Corner
[1244/2866] no-platform   -            Tacos Locos Tasty Mexican Food
[1245/2866] no-platform   -            Surf City Squeeze
[1246/2866] needs-browser Square Online storefront 86d (inside Coin-Op)
[1247/2866] no-platform   -            Tortas Ahogadas El Gallito
[1248/2866] no-platform   -            Cork N Brew
[1249/2866] no-platform   -            Sip Fresh
[1250/2866] needs-browser Square Online (own domain) The Salty Cookie
[1251/2866] no-platform   -            Middy's Pizza
[1252/2866] needs-browser -            Market One
[1253/2866] no-platform   -            longball cocktail
[1254/2866] no-platform   -            Blue Bowl Superfoods
[1255/2866] no-platform   -            Sweet Story Company LLC
[1256/2866] no-platform   -            Shaka Java
[1257/2866] no-platform   -            Boo Boo's sweet Potato Pies
[1258/2866] no-platform   -            La Paloma
[1259/2866] no-platform   -            Sweet Factory
[1260/2866] no-platform   -            Hotdogs Sonora
[1261/2866] needs-browser Square Online storefront Secret Sauce Wok & Grill
[1262/2866] needs-browser Square Online storefront Cargo Cafe - Torrey Pines
[1263/2866] no-platform   -            Tacos El Jalón
[1264/2866] no-platform   -            Tejedas' Peruvian Kitchen
[1265/2866] no-platform   -            Ambiance Kitchen + Lounge
[1266/2866] needs-browser -            Fresca Deli .
[1267/2866] no-platform   -            La Cucina
[1268/2866] no-platform   -            Great American Cookies - Otay Ranch Town Center
[1269/2866] wrong-branch  toast        Katy’s Diner
[1270/2866] no-platform   -            The Lookout at Lake Poway
[1271/2866] no-platform   -            Cocina de Tamales
[1272/2866] needs-browser order.online WUHU TEA & DELI
[1273/2866] no-platform   -            Chester's
[1274/2866] needs-browser Square Online (own domain) Cafe Pascale
[1275/2866] no-platform   -            Mister G Salsa
[1276/2866] no-platform   -            Surf City Squeeze
[1277/2866] needs-browser order.online Poki One N Half San Marcos
[1278/2866] no-platform   -            Tortillas de Harina Elice, Flour Tortillas
[1279/2866] wrong-branch  popmenu      Max's Restaurant National City
[1280/2866] no-platform   -            Prado Perk
[1281/2866] no-platform   -            Rumi
[1282/2866] no-platform   -            Sweets by Victoria
[1283/2866] no-platform   -            Mombasa Cooker
[1284/2866] needs-browser order.online Poki One N Half San Marcos
[1285/2866] no-platform   -            Immersion Express / Coffee and Matcha
[1286/2866] needs-browser Square Online (own domain) Juliantla Chocolate Boutique
[1287/2866] no-platform   -            Seaside BBQ
[1288/2866] no-platform   -            Thérapie Bistro
[1289/2866] no-platform   -            DEN
[1290/2866] no-platform   -            FiveO3 Pupusas
[1291/2866] no-platform   -            Soleil @k
[1292/2866] no-platform   -            Mariposa Ice Cream Oceanside
[1293/2866] no-platform   -            Wild Child Ice Cream
[1294/2866] no-platform   -            The Boss Crepas
[1295/2866] no-platform   -            Burgers & Shakes
[1296/2866] no-platform   -            Unico Juice Shop
[1297/2866] no-platform   -            My O My Coffee and More
[1298/2866] no-platform   -            Carlo
[1299/2866] no-platform   -            So Cal Famous Beach Ice
[1300/2866] wrong-branch  toast        Saigon Alley Kitchen & Bar
[1301/2866] needs-browser ubereats     FallbrkEats
[1302/2866] no-platform   -            Sugared Cookie Company
[1303/2866] needs-browser Square Online storefront The Bean Box 701
[1304/2866] needs-browser Square Online (own domain) Slurp
[1305/2866] needs-browser MealKeyWay   Midnight Skewer 深夜酒馆
[1306/2866] no-platform   -            Frutti Mas
[1307/2866] needs-browser SpotOn       Oriste Fairway Cafe
[1308/2866] no-platform   -            Michoacana Mia - Vista
[1309/2866] no-platform   -            Beach Street Tacos
[1310/2866] no-platform   -            Chagee
[1311/2866] no-platform   -            Juice Holler
[1312/2866] no-platform   -            IB Espresso
[1313/2866] needs-browser toast        The Tavern at Barley & Sword Brewing Company
[1314/2866] no-platform   -            Fatburger
[1315/2866] no-platform   -            Boardwalk Pizza
[1316/2866] no-platform   -            Board & Brew - Mission Valley
[1317/2866] needs-browser toast        La Vida
[1318/2866] no-platform   -            Lori's Custom Cakes
[1319/2866] no-platform   -            Pacific Point
[1320/2866] no-platform   -            Deleitte
[1321/2866] no-platform   -            Lò Bánh Cuốn Tân Định
[1322/2866] no-platform   -            Ramen Inn - San Diego
[1323/2866] wrong-branch  toast        Oto Sushi Encinitas
[1324/2866] needs-browser Square Online storefront Ramen Station
[1325/2866] no-platform   -            Dolce Italia Desserts, Inc.
[1326/2866] no-platform   -            Cold Smoke BBQ
[1327/2866] no-platform   -            Street Tacos El Camino Food Truck
[1328/2866] no-platform   -            EL CAMARON FELIZ TACOS Y BIRRIA
[1329/2866] filed         shopify      LA PETITE BAKERY
[1330/2866] no-platform   -            Cutwater
[1331/2866] needs-browser -            Mosaic Restaurant & Bar
[1332/2866] no-platform   -            Colibri Cafe
[1333/2866] no-platform   -            Kazukii Sushi & Japanese Cuisine
[1334/2866] no-platform   -            Dalu Hawaiian BBQ Oceanside
[1335/2866] no-platform   -            Bueno Wine & Goods
[1336/2866] needs-browser order.online Le Macaron French Pastries Westfield UTC
[1337/2866] needs-browser -            seaglass restaurant
[1338/2866] no-platform   -            The Bistro - Eat. Drink. Connect.®
[1339/2866] needs-browser slice        Pizza On Pearl North Park
[1340/2866] no-platform   -            Queenstown Del Mar
[1341/2866] no-platform   -            Sip Fresh
[1342/2866] no-platform   -            Vanilla Oasis
[1343/2866] needs-browser MealKeyWay   Suki Hana Japan
[1344/2866] no-platform   -            BREANS
[1345/2866] no-platform   -            Fiesta Pinoy
[1346/2866] no-platform   -            Punkers Cafe
[1347/2866] no-platform   -            Side Piece
[1348/2866] no-platform   -            Finca Casa Blanca
[1349/2866] needs-browser -            Windows Cafe
[1350/2866] needs-browser toast        Hydout Cafe Hillcrest
[1351/2866] no-platform   -            Ono Hawaiian BBQ
[1352/2866] needs-browser Square Online storefront Dulce Tentación
[1353/2866] no-platform   -            Golf Grill
[1354/2866] no-platform   -            The Grub Station (South African )
[1355/2866] no-platform   -            Harborside Cuisine
[1356/2866] no-platform   -            Julian Food Truck
[1357/2866] no-platform   -            California Ice Cream
[1358/2866] needs-browser Square Online storefront Copa Vida
[1359/2866] needs-browser olo          Dimassi's Mediterranean Buffet
[1360/2866] no-platform   -            Common Good Coffee
[1361/2866] no-platform   -            La Michoacana San Diego
[1362/2866] wrong-branch  toast        Grand Ole BBQ PETCO PARK
[1363/2866] wrong-branch  toast        Super Creamery
[1364/2866] no-platform   -            Crispy Fish Tacos
[1365/2866] no-platform   -            Tu Madres Bakery
[1366/2866] no-platform   -            Trifecta Tavern
[1367/2866] needs-browser Square Online storefront Cargo Cafe - Wateridge
[1368/2866] no-platform   -            El huevo estrellado # 2
[1369/2866] needs-browser order.online The Meltdown
[1370/2866] no-platform   -            Aryana Restaurant & Bar
[1371/2866] no-platform   -            Boba n More
[1372/2866] no-platform   -            Cali BBQ- NEX (base access required)
[1373/2866] no-platform   -            Living Room Bar
[1374/2866] no-platform   -            Kona Craft Cafe
[1375/2866] no-platform   -            Side Street Bowls & Smoothies
[1376/2866] no-platform   -            ZENTRL Kitchen + Bar - Liberty Station
[1377/2866] needs-browser Square Online storefront Cargo Cafe - Gateway
[1378/2866] no-platform   -            ICE POPS
[1379/2866] needs-browser order.online XENiA Mediterranean Kitchen - San Diego
[1380/2866] no-platform   -            Lulu’s Buns Wholesale Bakery
[1381/2866] no-platform   -            Cocinita Express
[1382/2866] no-platform   -            Windmill Canyon Restaurant
[1383/2866] no-platform   -            Cafe 477 La Jolla
[1384/2866] no-platform   -            The Darling Dough Co.
[1385/2866] needs-browser Square Online storefront Copa Vida - Del Mar
[1386/2866] needs-browser olo          MOTO Pizza San Diego
[1387/2866] needs-browser order.online Häagen-Dazs
[1388/2866] no-platform   -            Corner Deli & Pizza
[1389/2866] screened-out  shopify      Surje Coffee at The Gallery
[1390/2866] no-platform   -            La Botana Loca
[1391/2866] no-platform   -            Pizza Trolley
[1392/2866] no-platform   -            ZENTRL Kitchen + Bar
[1393/2866] wrong-branch  toast        Pizza Port Tasting Room
[1394/2866] no-platform   -            La Central
[1395/2866] no-platform   -            Sun Coast Pizza
[1396/2866] needs-browser -            Indulge Restaurant and Bar
[1397/2866] no-platform   -            ETNA DULCIS
[1398/2866] no-platform   -            Matcha On Ice Cafe
[1399/2866] no-platform   -            Dyno Bar
[1400/2866] no-platform   -            Mission Brewing - Sky Deck
[1401/2866] no-platform   -            Mission Brewing - Miramar
[1402/2866] no-platform   -            BLAH Brewing
[1403/2866] screened-out  shopify      THRONE ROOM
[1404/2866] no-platform   -            Alebrije Food Truck Twin Oaks
[1405/2866] no-platform   -            Ocean Journey Cafe
[1406/2866] no-platform   -            Tres Fuegos Cocina
[1407/2866] no-platform   -            Carnitas La Bendicion Market St
[1408/2866] needs-browser order.online The Meltdown
[1409/2866] no-platform   -            Don Maguro
[1410/2866] no-platform   -            NandosHotBox
[1411/2866] no-platform   -            Vie Café
[1412/2866] no-platform   -            Cafe Carlsbad
[1413/2866] needs-browser order.online The Meltdown
[1414/2866] no-platform   -            The Bean
[1415/2866] no-platform   -            Double Down Grill
[1416/2866] no-platform   -            Lobby Lounge - Park Hyatt Aviara
[1417/2866] needs-browser -            Lounge 72
[1418/2866] no-platform   -            The Monastery by The Lost Abbey (Miramar Area)
[1419/2866] needs-browser order.online The Burger Den
[1420/2866] too-few       shopify      Five Pillars Coffee
[1421/2866] needs-browser order.online The Meltdown
[1422/2866] no-platform   -            Mama’s Bowl
[1423/2866] no-platform   -            Julian Wine & Chocolate
[1424/2866] no-platform   -            On the Rocks
[1425/2866] no-platform   -            TOCHO MOROCHO
[1426/2866] no-platform   -            Bulldog Tavern
[1427/2866] needs-browser chownow      GgoolBap, Korean BBQ Bowls
[1428/2866] no-platform   -            El Ranchero Food Truck
[1429/2866] no-platform   -            El Clamatazo
[1430/2866] no-platform   -            Tacos El Chris
[1431/2866] no-platform   -            Anigma
[1432/2866] no-platform   -            Coatl Coffee
[1433/2866] no-platform   -            Limon Mexican food
[1434/2866] no-platform   -            The Café at Rady Children’s Hospital
[1435/2866] no-platform   -            Xtravaganza and Sinbad Restaurant
[1436/2866] needs-browser order.online The Meltdown
[1437/2866] wrong-branch  toast        Rock N’ Roost Rotisserie
[1438/2866] no-platform   -            The Westgate Room's Plaza Bar
[1439/2866] no-platform   -            Little Thai Cottage (Mobile Vendor)
[1440/2866] no-platform   -            Kona Kai Club
[1441/2866] needs-browser -            Temporarily Closed - Garlic and Tahini Egyptian Kitchen - Delivery & Carry Out Only
[1442/2866] needs-browser Square Online (own domain) Slurp
[1443/2866] no-platform   -            Turtle Rock Ridge Wine Bar
[1444/2866] no-platform   -            Bholat's
[1445/2866] no-platform   -            Blu Temple | Blu Cabana
[1446/2866] needs-browser order.online The Meltdown
[1447/2866] needs-browser order.online The Meltdown
[1448/2866] no-platform   -            Freshly Prepped
[1449/2866] no-platform   -            Colors Gourmet Pizza
[1450/2866] no-platform   -            Emilio's Food Truck
[1451/2866] no-platform   -            Victorious Pizza
[1452/2866] needs-browser -            Sammy's Woodfired Pizza and Grill
[1453/2866] no-platform   -            Seven Seas Cafe
[1454/2866] no-platform   -            Hidden City Nutrition
[1455/2866] screened-out  shopify      Inflection Point Coffee
[1456/2866] needs-browser order.online lulubowls (Hawaiian-Inspired Bowls- Boston Ave.)
[1457/2866] no-platform   -            Manny's Bar & Grill
[1458/2866] no-platform   -            North County Food Hub
[1459/2866] no-platform   -            Huerta Taco Stand
[1460/2866] no-platform   -            JIVe Lounge
[1461/2866] no-platform   -            ‘ritas Taco Truck
[1462/2866] needs-browser order.online The Meltdown
[1463/2866] no-platform   -            Namino (Tahchin)
[1464/2866] no-platform   -            Bert's Bistro
[1465/2866] needs-browser order.online The Meltdown
[1466/2866] no-platform   -            Breakwater Brewing Co.
[1467/2866] needs-browser order.online The Burger Den
[1468/2866] no-platform   -            The Bistro - Eat. Drink. Connect.®
[1469/2866] no-platform   -            GRAB & GO Viejas
[1470/2866] needs-browser toast        Georgette's
[1471/2866] no-platform   -            SDSU Faculty Staff Club
[1472/2866] needs-browser order.online The Burger Den
[1473/2866] needs-browser order.online The Meltdown
[1474/2866] no-platform   -            El Patron Mexican Food
[1475/2866] no-platform   -            The Fountains Restaurant
[1476/2866] no-platform   -            Casa Campus Point
[1477/2866] no-platform   -            Perky’s
[1478/2866] no-platform   -            MexiBowls By Cali Craft Tacos- 2707 Boston Avenue Sa Diego CA 92113
[1479/2866] no-platform   -            Mkutano House
[1480/2866] needs-browser order.online The Burger Den
[1481/2866] no-platform   -            The SoCal Vegan
[1482/2866] needs-browser -            Wing SZN - El Cajon
[1483/2866] needs-browser Square Online storefront Hommunlii & Co
[1484/2866] no-platform   -            Staxx Burger House
[1485/2866] no-platform   -            Tacos Berlin
[1486/2866] no-platform   -            Ta’ Corn Madre
[1487/2866] no-platform   -            El Más Chingón SD
[1488/2866] needs-browser order.online The Meltdown
[1489/2866] no-platform   -            SHIO Japanese Dining
[1490/2866] needs-browser order.online The Meltdown
[1491/2866] no-platform   -            Jamul Indian Village
[1492/2866] no-platform   -            El Camino
[1493/2866] no-platform   -            Daymar Select Fine Coffees
[1494/2866] no-platform   -            Angie's Place
[1495/2866] no-platform   -            Element 8 Cafe
[1496/2866] no-platform   -            Santaluz Bistro
[1497/2866] needs-browser -            Fireside Bar & Grill
[1498/2866] needs-browser order.online The Meltdown
[1499/2866] needs-browser order.online The Meltdown
[1500/2866] no-platform   -            Grinds & Grooves
[1501/2866] needs-browser slice        Hollywood Market and Giant Pizza
[1502/2866] no-platform   -            Sang Dao Kitchen
[1503/2866] no-platform   -            Med Cafe
[1504/2866] no-platform   -            Bosley Cafe
[1505/2866] no-platform   -            Solrisa
[1506/2866] needs-browser toast        Carls Tavern
[1507/2866] no-platform   -            Gomeznutricion
[1508/2866] needs-browser Square Online (own domain) Annabel Cohen Gourmet
[1509/2866] no-platform   -            Pavilions Bakery
[1510/2866] needs-browser Square Online storefront Emjaye's Coffee
[1511/2866] no-platform   -            The Gold Reserve Kitchen & Bar
[1512/2866] no-platform   -            Monster Snacks
[1513/2866] no-platform   -            Cork Oak Cafe
[1514/2866] screened-out  order.online Fish Restaurant
[1515/2866] no-platform   -            El Dorado
[1516/2866] no-platform   -            Baba's Pizza
[1517/2866] no-platform   -            Big Oven Tacos
[1518/2866] no-platform   -            Blue Wave Bistro
[1519/2866] no-platform   -            LUNAS
[1520/2866] no-platform   -            Time Out Café
[1521/2866] no-platform   -            Soda & Swine
[1522/2866] wrong-branch  toast        Blue Water Grill
[1523/2866] no-platform   -            Cafe Fresh
[1524/2866] no-platform   -            Lang's Bakery
[1525/2866] no-platform   -            Original Mariscos German
[1526/2866] no-platform   -            Blessed by Cake
[1527/2866] no-platform   -            Bake and beach
[1528/2866] no-platform   -            Cays Lounge
[1529/2866] no-platform   -            Rancho Cafe
[1530/2866] needs-browser order.online Deli Belly
[1531/2866] no-platform   -            Shake Smart
[1532/2866] no-platform   -            Cali Cream Bakery
[1533/2866] needs-browser order.online Big Daddy's Hawaiian BBQ (San Diego)
[1534/2866] no-platform   -            Gelato 101 Temporary store
[1535/2866] no-platform   -            Scoopy Scoopy Ice Cream
[1536/2866] no-platform   -            Kasi
[1537/2866] no-platform   -            Island Market
[1538/2866] needs-browser order.online Mexicana Lab 2707 Boston Avenue
[1539/2866] no-platform   -            Chuck's Wagon Deli
[1540/2866] no-platform   -            Safari Coffee Outpost
[1541/2866] needs-browser Square Online (own domain) Sweet Escape Homemade Treats
[1542/2866] screened-out  shopify      Lofty Coffee
[1543/2866] needs-browser Square Online (own domain) Mayari Coffee
[1544/2866] no-platform   -            Canyon Inn
[1545/2866] filed         spothopper   Cabo Cantina
[1546/2866] needs-browser Square Online storefront Copa Vida
[1547/2866] no-platform   -            Sweets
[1548/2866] no-platform   -            Native Foods
[1549/2866] no-platform   -            Antique Thai
[1550/2866] needs-browser -            Makai
[1551/2866] no-platform   -            tiger!tiger!
[1552/2866] no-platform   -            CARAVAN
[1553/2866] no-platform   -            The Market
[1554/2866] no-platform   -            OB Kebab
[1555/2866] no-platform   -            Dryer's Ice Cream Parlor
[1556/2866] no-platform   -            Alborz Restaurant
[1557/2866] no-platform   -            The Heritage Steakhouse
[1558/2866] no-platform   -            La Salsa
[1559/2866] no-platform   -            Diego's Taco Shop
[1560/2866] no-platform   -            Lefty's Cheesesteaks
[1561/2866] no-platform   -            Pei Wei
[1562/2866] no-platform   -            Jungle Cart
[1563/2866] no-platform   -            Bacio di Latte | Flower Hill, SD
[1564/2866] no-platform   -            Truluck's
[1565/2866] needs-browser order.online Coffee Cart
[1566/2866] no-platform   -            Mis Dos Gallos Taqueria, Fruit & Deli
[1567/2866] needs-browser toast        BCB Coffee Company
[1568/2866] no-platform   -            Fiesta Mexicana Bakery
[1569/2866] no-platform   -            Fairbanks
[1570/2866] no-platform   -            Brick & Bell Plus
[1571/2866] needs-browser toast        bcb Cafe
[1572/2866] no-platform   -            Freedom Carts
[1573/2866] no-platform   -            Trinacria Pizza Co.
[1574/2866] wrong-branch  toast        Cozy Corner
[1575/2866] no-platform   -            Boston Market
[1576/2866] no-platform   -            Breakwater Brewing Co.
[1577/2866] no-platform   -            Jordan
[1578/2866] no-platform   -            Villa Fresh Italian Kitchen
[1579/2866] needs-browser chownow      Mr Gs Tavern
[1580/2866] no-platform   -            Corner Counter
[1581/2866] no-platform   -            Blue Bayou
[1582/2866] no-platform   -            Veladora
[1583/2866] no-platform   -            Diamond Jims
[1584/2866] no-platform   -            Dumonts
[1585/2866] no-platform   -            Fundant Cookies
[1586/2866] no-platform   -            Kava Lounge
[1587/2866] no-platform   -            Fairbanks
[1588/2866] no-platform   -            The Neighborhood Cafe
[1589/2866] no-platform   -            Topwater Grill
[1590/2866] needs-browser Square Online (own domain) Veggyjess
[1591/2866] no-platform   -            Deja Vu
[1592/2866] no-platform   -            Grover's Grill
[1593/2866] no-platform   -            Dana Andrew Celebrations
[1594/2866] no-platform   -            Village Inn
[1595/2866] needs-browser Square Online storefront Stuffed Ice Cream
[1596/2866] no-platform   -            House of Black
[1597/2866] no-platform   -            Farmer's Fridge
[1598/2866] no-platform   -            Crave
[1599/2866] no-platform   -            Gourmet Tamales
[1600/2866] no-platform   -            Roadtrip Bowls Made by Lazy Dog
[1601/2866] no-platform   -            Pei Wei
[1602/2866] no-platform   -            Vintage Rose Sourdough
[1603/2866] no-platform   -            Promised Goods
[1604/2866] no-platform   -            Kellys Pub
[1605/2866] no-platform   -            Deli & Go
[1606/2866] no-platform   -            Taqueria
[1607/2866] no-platform   -            Herb & Eatery
[1608/2866] no-platform   -            TOAST & TALES
[1609/2866] no-platform   -            Stone Oven
[1610/2866] needs-browser olo          Coffee Bean
[1611/2866] no-platform   -            Elena’s Pastry
[1612/2866] no-platform   -            Bing's Bar
[1613/2866] no-platform   -            The Shop _ Coffee + Thrift
[1614/2866] no-platform   -            SD Custom Cakes
[1615/2866] no-platform   -            Calzone Life Escondido
[1616/2866] no-platform   -            Border X Brewing
[1617/2866] no-platform   -            Fouet & Co.
[1618/2866] no-platform   -            Copper Kings Oceanside
[1619/2866] no-platform   -            Cent'Anni Café
[1620/2866] no-platform   -            Noodles
[1621/2866] needs-browser chownow      Wanderlust Creamery
[1622/2866] no-platform   -            Sabor Al Gusto
[1623/2866] no-platform   -            Taco Villa
[1624/2866] needs-browser -            Barcino Grill
[1625/2866] no-platform   -            Más Veggies Vegan Taqueria
[1626/2866] no-platform   -            Krispy Krunchy Chicken
[1627/2866] no-platform   -            Twist New Zealand Style Real Fruit Ice Cream
[1628/2866] screened-out  shopify      Bird Rock Coffee Roasters - Park & Market
[1629/2866] needs-browser Square Online storefront Muse Cheesecake
[1630/2866] no-platform   -            The Warehouse
[1631/2866] no-platform   -            Lobster Lab - Sky Deck at Del Mar Highlands Town Center
[1632/2866] no-platform   -            Tortuga Bar and Grill
[1633/2866] no-platform   -            Sunny Bunny Bakes
[1634/2866] needs-browser order.online Pavilions Bakery
[1635/2866] no-platform   -            Café Rhône
[1636/2866] no-platform   -            Simply Baked Box
[1637/2866] no-platform   -            Calvins' Sportsbar
[1638/2866] no-platform   -            Marketplace
[1639/2866] no-platform   -            Chow Hall
[1640/2866] no-platform   -            La Cantina
[1641/2866] no-platform   -            Papi Tacos
[1642/2866] no-platform   -            Pavilions Bakery
[1643/2866] no-platform   -            Terrace Lounge
[1644/2866] no-platform   -            Café Sand Castle
[1645/2866] no-platform   -            Island Girl Bakes
[1646/2866] no-platform   -            Snout & Scone
[1647/2866] no-platform   -            Baja Fresh
[1648/2866] no-platform   -            M & M Patisserie
[1649/2866] no-platform   -            Daisy’s Amazing Cakes
[1650/2866] no-platform   -            Valerio's Finest Bake Shop
[1651/2866] no-platform   -            Dainty Dessert
[1652/2866] needs-browser Square Online storefront Sushi Heights
[1653/2866] no-platform   -            Lilac Heights Bakery
[1654/2866] no-platform   -            I Love Pho
[1655/2866] no-platform   -            SAN DIEGO FRIES
[1656/2866] no-platform   -            All Fried Up
[1657/2866] no-platform   -            Tide and Treats
[1658/2866] no-platform   -            Lovely Creations Co
[1659/2866] no-platform   -            Carbon Angela’s Kitchen
[1660/2866] no-platform   -            Rush Bowls
[1661/2866] no-platform   -            RASPARSWEET
[1662/2866] too-few       netwaiter    Thai Pasta
[1663/2866] needs-browser order.online El Ranchero
[1664/2866] needs-browser -            The Landing
[1665/2866] no-platform   -            Cali Craft Tacos
[1666/2866] needs-browser order.online Hummus Mediterranean Kitchen
[1667/2866] needs-browser order.online The Meltdown
[1668/2866] no-platform   -            Mission Brewing (fka Rough Draft)
[1669/2866] needs-browser Square Online (own domain) Crepes
[1670/2866] no-platform   -            The Palma Bar & Grill
[1671/2866] no-platform   -            Thai Basil
[1672/2866] no-platform   -            Goats Rose Sourdough
[1673/2866] no-platform   -            The Dive Bar
[1674/2866] no-platform   -            Sweet land ice cream truck
[1675/2866] no-platform   -            Fox Den Bar
[1676/2866] needs-browser Square Online storefront Sushi Freak
[1677/2866] no-platform   -            Casa Café & Market
[1678/2866] no-platform   -            Baked Babe Cakes & Bakes
[1679/2866] no-platform   -            Sprinkles Ice Cream Shop And Bakery
[1680/2866] no-platform   -            Bobby B's
[1681/2866] no-platform   -            Fruteria el Manguito
[1682/2866] no-platform   -            The Coyote Den
[1683/2866] no-platform   -            Weapon Ramen
[1684/2866] no-platform   -            Uumbal
[1685/2866] no-platform   -            La Gordita
[1686/2866] needs-browser order.online HapiVegan
[1687/2866] needs-browser -            Sweet Treats by Thick
[1688/2866] wrong-branch  toast        Bubba’s Smokehouse BBQ
[1689/2866] no-platform   -            Olly's Baked Assortments
[1690/2866] no-platform   -            Pacific Seafood
[1691/2866] no-platform   -            Casa Ocho
[1692/2866] no-platform   -            Daily Roast
[1693/2866] no-platform   -            DELISTRABERRY
[1694/2866] needs-browser order.online Sabor a Vida Cafe & Deli
[1695/2866] no-platform   -            Coco's Bakery
[1696/2866] wrong-branch  toast        Brigitte's Bakery
[1697/2866] needs-browser order.online Taquizas Maria
[1698/2866] no-platform   -            Hacienda De Vega
[1699/2866] wrong-branch  toast        The Coffee Spot
[1700/2866] too-few       wix          Bocas Del Sol. (MissShelly's Shack )
[1701/2866] no-platform   -            Maderas Golf Club
[1702/2866] no-platform   -            Bovino
[1703/2866] no-platform   -            Chicken & Crown
[1704/2866] no-platform   -            little Estrella bakes
[1705/2866] no-platform   -            The TriTiperia
[1706/2866] no-platform   -            Fairbanks
[1707/2866] no-platform   -            Terra Cafe
[1708/2866] no-platform   -            Haven Cafe
[1709/2866] no-platform   -            Farmer's Fridge
[1710/2866] no-platform   -            Marisco's Sabor A Mexico
[1711/2866] no-platform   -            Airport Lounge
[1712/2866] needs-browser order.online The Meltdown
[1713/2866] no-platform   -            Five Corners Coffee & Bakery Co.
[1714/2866] no-platform   -            Buttery Bakes
[1715/2866] no-platform   -            Marquesitas Liah
[1716/2866] no-platform   -            University Towers Kitchen
[1717/2866] needs-browser order.online Poki Poki
[1718/2866] no-platform   -            TEC Cafe
[1719/2866] no-platform   -            The Caddyshack
[1720/2866] no-platform   -            The Hamlett
[1721/2866] no-platform   -            Mama Dukes Roadside
[1722/2866] no-platform   -            My O My Coffee and Deli
[1723/2866] no-platform   -            Kae’s Kreations
[1724/2866] no-platform   -            Sweet Maison Bakery
[1725/2866] no-platform   -            BBQUSION
[1726/2866] no-platform   -            Skewers Grill
[1727/2866] needs-browser order.online The Meltdown
[1728/2866] no-platform   -            Ruthii's Coffee
[1729/2866] no-platform   -            Bridget Bakery
[1730/2866] no-platform   -            PCH Café & Market
[1731/2866] no-platform   -            Snax
[1732/2866] no-platform   -            Shallow End Grill
[1733/2866] no-platform   -            Corner Market
[1734/2866] no-platform   -            Trade Restaurant & Lounge
[1735/2866] no-platform   -            Mariscos la Baja mar y fuego
[1736/2866] no-platform   -            Iron Brew Coffee
[1737/2866] no-platform   -            UrbanLife Cafe
[1738/2866] no-platform   -            Seaside Cowboy Coffee
[1739/2866] no-platform   -            India Princess
[1740/2866] needs-browser MealKeyWay   Yonny Mini Hotpot
[1741/2866] no-platform   -            SugarWater BakeHouse
[1742/2866] no-platform   -            Sweet Cheeks Homestead
[1743/2866] no-platform   -            Stix
[1744/2866] no-platform   -            elementa
[1745/2866] no-platform   -            Javelina Craft Barbecue
[1746/2866] no-platform   -            Café de Anza
[1747/2866] no-platform   -            Sifted and Sugared
[1748/2866] no-platform   -            Center Bar
[1749/2866] no-platform   -            Hectors pizza
[1750/2866] needs-browser Square Online storefront Cafecito 1806
[1751/2866] no-platform   -            Mawazo Kitchen
[1752/2866] no-platform   -            Anila's Cucina Rustica
[1753/2866] no-platform   -            Coffee Amore
[1754/2866] needs-browser order.online Puesto Taco Bar
[1755/2866] no-platform   -            Sugar Treats n Cakes
[1756/2866] no-platform   -            E. Lee's Sweets
[1757/2866] needs-browser Square Online storefront Mindy’s Bakery
[1758/2866] wrong-branch  own-jsonld   Shibuya Nights
[1759/2866] no-platform   -            Grand Social
[1760/2866] no-platform   -            Veronica's Goodies
[1761/2866] no-platform   -            1022 Cafe & Gelateria
[1762/2866] no-platform   -            Coin Toss
[1763/2866] no-platform   -            Pastry Pedaler - Bakery Delivery in Pacific Beach, San Diego
[1764/2866] no-platform   -            That Girl Can Bake
[1765/2866] no-platform   -            Sierra's Baking Corner
[1766/2866] needs-browser -            Market La Jolla
[1767/2866] no-platform   -            Dharma Bread Co
[1768/2866] needs-browser order.online The Meltdown
[1769/2866] no-platform   -            Give Us This Day LLC Micro-Bakery
[1770/2866] needs-browser -            Carlsbad Cookie Company
[1771/2866] no-platform   -            Soy Leaf Juice Bar & Healthy Grill
[1772/2866] too-few       shopify      Taste & Sea Cakery
[1773/2866] no-platform   -            CaMau Bakery & Deli
[1774/2866] no-platform   -            Spinnaker Coffee
[1775/2866] no-platform   -            Rancho Bakers
[1776/2866] no-platform   -            Thyme Of Essence
[1777/2866] no-platform   -            Rancho Bakers
[1778/2866] no-platform   -            Sabor a Mi Kitchen (Birrieria)
[1779/2866] no-platform   -            The Waterfront
[1780/2866] no-platform   -            Badas burgers
[1781/2866] wrong-branch  clover       Manzanita Roasting Company and Coffee House
[1782/2866] no-platform   -            Oliva
[1783/2866] no-platform   -            Coffee Shop at the Lullabar
[1784/2866] no-platform   -            By The Sea
[1785/2866] no-platform   -            Chandelier BY G
[1786/2866] no-platform   -            The Reading Club
[1787/2866] no-platform   -            Mexico City Cuisine LLC
[1788/2866] no-platform   -            Ono Hawaiian BBQ
[1789/2866] no-platform   -            Bean Sprouts
[1790/2866] no-platform   -            The Santaluz Club Dining Room and Events
[1791/2866] no-platform   -            Thum SD
[1792/2866] no-platform   -            Nat Sweet Treats
[1793/2866] needs-browser Square Online (own domain) The Mighty Bean Coffee Co.
[1794/2866] no-platform   -            Don Ramon Méxican and sea food
[1795/2866] no-platform   -            Rocko's Modern Taphouse
[1796/2866] no-platform   -            Nrgize
[1797/2866] no-platform   -            Modern Times Coffee
[1798/2866] no-platform   -            Buka - Taste of Nigeria
[1799/2866] no-platform   -            Stony Mountain Bar & Grill
[1800/2866] no-platform   -            Amalfi Cucina Italiana at Orfila Vineyards
[1801/2866] no-platform   -            30Z Dive Club (Three Ounce)
[1802/2866] no-platform   -            The Grand Tradition
[1803/2866] wrong-branch  order.online The Poke Co. - Linda Vista
[1804/2866] no-platform   -            Health Center Deli
[1805/2866] needs-browser -            Verde Kitchen & Bar
[1806/2866] no-platform   -            Egg Tuck
[1807/2866] no-platform   -            Vella Brasserie
[1808/2866] no-platform   -            The Macaron Shop SD
[1809/2866] no-platform   -            Avo & Ocha
[1810/2866] no-platform   -            Mi Pan Bakery
[1811/2866] no-platform   -            Sweet Munchies
[1812/2866] no-platform   -            The Quay Cafe
[1813/2866] no-platform   -            Joes on the Nose
[1814/2866] no-platform   -            In Between
[1815/2866] no-platform   -            Kabul West Mediterranean Grill
[1816/2866] screened-out  shopify      OTAY CAFE
[1817/2866] no-platform   -            Pinsarella Ancient Roman Pizza
[1818/2866] no-platform   -            NM Cafe
[1819/2866] no-platform   -            Country Waffles
[1820/2866] no-platform   -            Rock Steady
[1821/2866] no-platform   -            The brew inn tavern
[1822/2866] no-platform   -            Negro Durazo
[1823/2866] no-platform   -            Heritage
[1824/2866] no-platform   -            Coast Coffee Co
[1825/2866] no-platform   -            HACIENDITA BAKERY
[1826/2866] no-platform   -            Cafe 477 Encinitas
[1827/2866] no-platform   -            Michoacana Mia - Escondido
[1828/2866] no-platform   -            Nono José Empanadas
[1829/2866] no-platform   -            Rhino Cake and Coffee Company
[1830/2866] needs-browser Square Online storefront Rancho Sandwich & Creamery
[1831/2866] no-platform   -            Tocumbo Ice Cream National City
[1832/2866] no-platform   -            MeloMelo Coconut Dessert
[1833/2866] no-platform   -            Monserrate Pastries
[1834/2866] no-platform   -            Griffin Grind
[1835/2866] no-platform   -            Afghan Table
[1836/2866] no-platform   -            Masa Madre
[1837/2866] wrong-branch  toast        Blank Slate
[1838/2866] no-platform   -            Fallbrook Kitchen Rentals
[1839/2866] no-platform   -            Nicolosi's Pizza (Mira Lee Way)
[1840/2866] no-platform   -            Crave & Feast
[1841/2866] no-platform   -            Hui Hua
[1842/2866] no-platform   -            High Seas Bar
[1843/2866] no-platform   -            Lone Pine Eatery
[1844/2866] no-platform   -            Filo
[1845/2866] no-platform   -            Tu Taco Taco Shop #2
[1846/2866] needs-browser Square Online storefront Petite Perk Cafe
[1847/2866] no-platform   -            Mama Kat's Restaurant and Pie Shop
[1848/2866] no-platform   -            Mielimon Bakery
[1849/2866] no-platform   -            The Village Mission Valley Cafe
[1850/2866] no-platform   -            De Los Altos Restaurant
[1851/2866] no-platform   -            Mexico City Cuisine-CoLab
[1852/2866] no-platform   -            SALT N SAVOR DELI & CAFE
[1853/2866] no-platform   -            Deli and Pizzeria
[1854/2866] no-platform   -            Buffet House
[1855/2866] no-platform   -            El Puerto Taco Shop
[1856/2866] no-platform   -            La Sierra Cafe
[1857/2866] no-platform   -            Bonny's Cafe
[1858/2866] no-platform   -            Por Vida
[1859/2866] no-platform   -            Fasia Buffet
[1860/2866] no-platform   -            The Best Donuts
[1861/2866] no-platform   -            Paul's Place
[1862/2866] no-platform   -            Señor Pancho Mexican Grill
[1863/2866] no-platform   -            Jeong Won BBQ Buffet
[1864/2866] no-platform   -            VanDough French Bakery
[1865/2866] no-platform   -            Hilberto's Mexican Food
[1866/2866] no-platform   -            Saray Restaurant Charcoal Grill
[1867/2866] no-platform   -            El Ranchero Taco Shop
[1868/2866] wrong-branch  slice        Famous Famiglia
[1869/2866] no-platform   -            Germán Seafood Food Truck
[1870/2866] no-platform   -            Mr Pho
[1871/2866] no-platform   -            Franks Mexican Grill
[1872/2866] no-platform   -            Niban Japanese Restaurant
[1873/2866] no-platform   -            Birrieria y menuderia Guadalajara
[1874/2866] no-platform   -            Mi Rancho Market
[1875/2866] no-platform   -            Plaza Donuts
[1876/2866] no-platform   -            Triple Crown Pub
[1877/2866] no-platform   -            Kesling's Kitchen
[1878/2866] no-platform   -            La India Bonita
[1879/2866] no-platform   -            Kotija Taco Shop Mexican Food
[1880/2866] no-platform   -            Tavos Tacos n Beer
[1881/2866] no-platform   -            D-K-Che Fruteria
[1882/2866] no-platform   -            LA MALCRIADA BIRRIERIA
[1883/2866] no-platform   -            Mariscos Fili La Carreta
[1884/2866] no-platform   -            Dolche cafe/ Mexifood
[1885/2866] no-platform   -            Beijing Express
[1886/2866] no-platform   -            Pho46 & Banh Mi
[1887/2866] no-platform   -            Estrada's Taco Shop
[1888/2866] no-platform   -            O B Donuts
[1889/2866] no-platform   -            Tekila Cocina Mexicana
[1890/2866] no-platform   -            Mr Holy Gao
[1891/2866] no-platform   -            Nice Food Restaurant
[1892/2866] no-platform   -            Terzo Bakery & Cafe
[1893/2866] no-platform   -            Chitos Taco Shop
[1894/2866] no-platform   -            Veronica's Kitchen
[1895/2866] no-platform   -            Taqueria Revolución
[1896/2866] no-platform   -            Arrieros
[1897/2866] no-platform   -            Dannys Palm Bar and Grill
[1898/2866] no-platform   -            Cafecito on Palm
[1899/2866] no-platform   -            Juan Bertos Mexican Food
[1900/2866] no-platform   -            Margarita’s
[1901/2866] no-platform   -            Pho 4 Queen
[1902/2866] no-platform   -            The Salty Frog Bar
[1903/2866] no-platform   -            Yogurt Barn
[1904/2866] no-platform   -            Meshuggah Shack
[1905/2866] no-platform   -            Elena's French Crepes Cafe & Peet's Coffee
[1906/2866] no-platform   -            Bravo's Taco Shop
[1907/2866] no-platform   -            LAS UVAS TEJUINO LA DONA
[1908/2866] no-platform   -            Wicked Poke
[1909/2866] no-platform   -            Cow Shed Bar and Grill
[1910/2866] no-platform   -            Pho Anh & Grill
[1911/2866] no-platform   -            Chico's Restaurant
[1912/2866] no-platform   -            Wahine Kai Shave Ice
[1913/2866] no-platform   -            Orlando's Taco Shop
[1914/2866] no-platform   -            Mikki's Cafe
[1915/2866] no-platform   -            Los Reyes Mexican Food
[1916/2866] no-platform   -            Apple Country Restaurants
[1917/2866] no-platform   -            The Break Room
[1918/2866] no-platform   -            Tacos Oasis
[1919/2866] no-platform   -            PHOnomenal
[1920/2866] no-platform   -            La Rosa Giant Pizza
[1921/2866] no-platform   -            Jilberto's
[1922/2866] no-platform   -            Sunrise Deli & Grill
[1923/2866] no-platform   -            Tacos El Gordo
[1924/2866] no-platform   -            Faridas
[1925/2866] no-platform   -            Chung Hing
[1926/2866] no-platform   -            Poncho Villa's Mexican Food
[1927/2866] no-platform   -            Sub-marine
[1928/2866] no-platform   -            Lisa's Filipino Cuisine
[1929/2866] no-platform   -            Don Lucio's Mexican Grill
[1930/2866] no-platform   -            The Latin Chef Liberty Station
[1931/2866] no-platform   -            Hilda's Mexican Bakery
[1932/2866] no-platform   -            Swan Bar
[1933/2866] no-platform   -            664 TJ Birriería
[1934/2866] no-platform   -            Mis Cuates Taco Shop
[1935/2866] no-platform   -            One More Thats It
[1936/2866] no-platform   -            Panda Chef
[1937/2866] no-platform   -            San Diego Blenders
[1938/2866] no-platform   -            Super Donuts
[1939/2866] no-platform   -            Starbread Bakery
[1940/2866] no-platform   -            Tj Tortas & Tacos
[1941/2866] no-platform   -            Original Yogurt Shack
[1942/2866] no-platform   -            R&B Filipino Cuisine
[1943/2866] no-platform   -            Pam's Donuts and Frozen Yogurt
[1944/2866] no-platform   -            Lucky Donuts & Deli
[1945/2866] no-platform   -            Rock N Roll Scoops
[1946/2866] no-platform   -            S K's Donuts
[1947/2866] no-platform   -            El Primo Birrieria Mexican cuisine
[1948/2866] no-platform   -            Birriería Y Menudería Guadalajara
[1949/2866] no-platform   -            BLUE NILE Ethiopian market and restaurant
[1950/2866] no-platform   -            Rising Dragon Chinese Restaurant
[1951/2866] no-platform   -            Rosemary & Thyme Cafe
[1952/2866] no-platform   -            The Keep Coffee
[1953/2866] no-platform   -            California Mexican Food
[1954/2866] no-platform   -            6 Grados Coffee
[1955/2866] no-platform   -            Sammy's Mexican Bakery
[1956/2866] no-platform   -            Sawaya Brothers Jr/ Pollo Mex
[1957/2866] no-platform   -            Dia Del Cafe
[1958/2866] no-platform   -            Taquería Imperial Taco Shop
[1959/2866] no-platform   -            Desi's Bar & Grill
[1960/2866] no-platform   -            Sky Hookah Lounge
[1961/2866] no-platform   -            Yogurt Express
[1962/2866] no-platform   -            Ringers Cocktails
[1963/2866] no-platform   -            Mi Reyna Tortilleria
[1964/2866] no-platform   -            Heavenly Donuts
[1965/2866] no-platform   -            Tacos El Flaco
[1966/2866] no-platform   -            George's Cafe
[1967/2866] no-platform   -            Scotland Yard Restaurant
[1968/2866] no-platform   -            Golden Donut
[1969/2866] no-platform   -            Tans Donuts
[1970/2866] no-platform   -            R&B Tea San Carlos
[1971/2866] no-platform   -            Chico Club
[1972/2866] no-platform   -            The Vybe Lounge
[1973/2866] no-platform   -            Hello Deli
[1974/2866] no-platform   -            El Tigre Churros Y Platanos
[1975/2866] no-platform   -            Don Jilberto's Mexican Food
[1976/2866] no-platform   -            La Dama y Sus Takonez
[1977/2866] no-platform   -            Wings Mix
[1978/2866] no-platform   -            Crafted Culture
[1979/2866] no-platform   -            Cesar's Taco Shop
[1980/2866] no-platform   -            Raymundo's Taco Shop
[1981/2866] no-platform   -            Gonzales Mess Hall
[1982/2866] no-platform   -            La Cresta Restaurant and Caffé
[1983/2866] no-platform   -            Sorianas Mexican Food
[1984/2866] no-platform   -            Candied Apple Cafe
[1985/2866] no-platform   -            Chamango Mango
[1986/2866] no-platform   -            The Whet Noodle
[1987/2866] no-platform   -            Marvelous Muffins
[1988/2866] no-platform   -            Manna Restaurant Pancake House And Chinese Fast Food
[1989/2866] no-platform   -            China Fun
[1990/2866] no-platform   -            Maxdon's
[1991/2866] no-platform   -            Caffe Positano, Village
[1992/2866] no-platform   -            Yogurt Lounge III
[1993/2866] no-platform   -            Panaderia La Buena
[1994/2866] no-platform   -            Mike's Cocktails
[1995/2866] no-platform   -            Donut Factory
[1996/2866] no-platform   -            garage.79
[1997/2866] no-platform   -            Savoy Donuts
[1998/2866] no-platform   -            Yogurt Palace
[1999/2866] no-platform   -            Formosa Club
[2000/2866] no-platform   -            The Watering Hole
[2001/2866] no-platform   -            Happy Lemon Del Mar
[2002/2866] no-platform   -            Lucita Taco Shop
[2003/2866] no-platform   -            Fatte's Pizza
[2004/2866] no-platform   -            Steph's Donut Hole
[2005/2866] no-platform   -            Nice Food Restaurant
[2006/2866] no-platform   -            14 Area Chow Hall
[2007/2866] no-platform   -            Plantology Cafe
[2008/2866] no-platform   -            Best Donuts
[2009/2866] no-platform   -            Sweet Shoppe
[2010/2866] no-platform   -            BALBOA PERK, Coffee & Tea
[2011/2866] no-platform   -            Manila Fastfood and Desserts
[2012/2866] no-platform   -            Banh Mi Express
[2013/2866] no-platform   -            21 Area Mess Hall
[2014/2866] no-platform   -            Ujin
[2015/2866] no-platform   -            Express Pizza 'N Wings
[2016/2866] no-platform   -            Chico's Panaderia
[2017/2866] no-platform   -            Tijuanero By Tijuanazo - Little Italy
[2018/2866] no-platform   -            Mi Taco Shop
[2019/2866] no-platform   -            Las Morelias
[2020/2866] no-platform   -            Spring Valley Inn
[2021/2866] no-platform   -            El Huarache Taco Shop
[2022/2866] no-platform   -            Gualberto's Taco Shop
[2023/2866] no-platform   -            Coal Bros Taqueria
[2024/2866] no-platform   -            Growing Edge Coffee & Community
[2025/2866] no-platform   -            Mike's Giant New York Pizza
[2026/2866] no-platform   -            BaBa Ice Cream
[2027/2866] no-platform   -            33 Area Chow Hall
[2028/2866] no-platform   -            Bonsall Donut House
[2029/2866] no-platform   -            e•'lo•te
[2030/2866] no-platform   -            Manka Peruvian Cuisine
[2031/2866] no-platform   -            The Cardiff Office
[2032/2866] no-platform   -            Circus Ma'am Ice Cream
[2033/2866] no-platform   -            Tuétano Taquería
[2034/2866] no-platform   -            Supreme Donuts
[2035/2866] no-platform   -            A1 sports Bar
[2036/2866] no-platform   -            Bakery Corner Donuts
[2037/2866] no-platform   -            On the Rocks Cocktails
[2038/2866] no-platform   -            La Pesca Cevichería Baja
[2039/2866] no-platform   -            Calico's
[2040/2866] no-platform   -            Muir Coffee House
[2041/2866] no-platform   -            Dcs Across The Street
[2042/2866] no-platform   -            Paleteria La Michoacana
[2043/2866] no-platform   -            Noemas Tex Mex cuisine
[2044/2866] no-platform   -            La Mexican Fiesta
[2045/2866] no-platform   -            Panda Restaurant
[2046/2866] no-platform   -            Martini Hall 53
[2047/2866] no-platform   -            Deli Mart
[2048/2866] no-platform   -            Immersion Coffee
[2049/2866] no-platform   -            Plume & Brew Coffee
[2050/2866] no-platform   -            Foster's Family Donouts
[2051/2866] no-platform   -            Sportsmans Pub
[2052/2866] no-platform   -            Judy's Deli
[2053/2866] no-platform   -            Morada Restaurant Rancho Santa Fe
[2054/2866] no-platform   -            Lollicup Tea Zone
[2055/2866] no-platform   -            Hilberto's Mexican Food
[2056/2866] no-platform   -            YOHED COFFEE
[2057/2866] no-platform   -            Julian Pit Stop
[2058/2866] no-platform   -            The coffee machine
[2059/2866] no-platform   -            Chico's Bakery
[2060/2866] no-platform   -            Taste of African Cuisine
[2061/2866] no-platform   -            The Round Up Grill
[2062/2866] no-platform   -            Papayas Juice Bar
[2063/2866] no-platform   -            Yogurt Barn
[2064/2866] no-platform   -            Euros Hookah Lounge
[2065/2866] no-platform   -            Donut star
[2066/2866] no-platform   -            Super Donuts #2
[2067/2866] no-platform   -            Oceanside Donut
[2068/2866] no-platform   -            West Pac Noodle Bar
[2069/2866] no-platform   -            DJ's Pizza Express
[2070/2866] no-platform   -            Fresh Donuts
[2071/2866] no-platform   -            Donut Stop
[2072/2866] no-platform   -            Jessie's Bake Shop
[2073/2866] no-platform   -            La Nueva Mexican Bakery
[2074/2866] no-platform   -            664 TJ Birriería
[2075/2866] no-platform   -            mammys coffee
[2076/2866] no-platform   -            La Especial
[2077/2866] no-platform   -            Summer's Deli & Catering
[2078/2866] no-platform   -            Mi Amigo Restaurant and bakery
[2079/2866] no-platform   -            TJ birrierria 664 #4
[2080/2866] no-platform   -            La Barca - Mexican Seafood and Craft Cocktails
[2081/2866] no-platform   -            Wild Wooly's Saloon
[2082/2866] no-platform   -            Pansang's Filipino Cuisine
[2083/2866] no-platform   -            SeaTaco
[2084/2866] no-platform   -            Lycha Tea, Coffee & Desserts
[2085/2866] no-platform   -            Bakery
[2086/2866] no-platform   -            Sunset Café
[2087/2866] no-platform   -            California Kumpir
[2088/2866] no-platform   -            Vegan Tacos SD
[2089/2866] no-platform   -            La Cochinita
[2090/2866] no-platform   -            TJ Birrieria
[2091/2866] no-platform   -            Pearson Deli
[2092/2866] no-platform   -            Hacienda Jamul
[2093/2866] no-platform   -            The Shop Cafe Barrio Logan
[2094/2866] no-platform   -            Purebowl
[2095/2866] no-platform   -            The Banshee Bar
[2096/2866] no-platform   -            Cardiff By The Sea Buisness District
[2097/2866] no-platform   -            La Michoacana Ice Cream Shop
[2098/2866] no-platform   -            Java Shack
[2099/2866] no-platform   -            It's in the Filling!
[2100/2866] no-platform   -            Feliz Coffee Club
[2101/2866] no-platform   -            TORI CAFE
[2102/2866] no-platform   -            Tasty Bakery
[2103/2866] no-platform   -            Queenstage Coffee House
[2104/2866] no-platform   -            Fresh Catch Fish Market & Grill
[2105/2866] no-platform   -            Chief's Da Tiki Bar
[2106/2866] no-platform   -            Taqueria y mariscos el kiki
[2107/2866] no-platform   -            Donuts N Things
[2108/2866] no-platform   -            Yomie's Rice x Yogurt
[2109/2866] no-platform   -            Olive Oil Cafe
[2110/2866] no-platform   -            PARA
[2111/2866] no-platform   -            Stadium Club
[2112/2866] no-platform   -            Birrieria la Loteria
[2113/2866] no-platform   -            Seaside Yogurt
[2114/2866] no-platform   -            Danish & Donuts
[2115/2866] no-platform   -            Nahomie's Cafe & Deli
[2116/2866] no-platform   -            Asian Kitchen
[2117/2866] no-platform   -            Club 13
[2118/2866] no-platform   -            Jitters Espresso
[2119/2866] no-platform   -            Plaza Donuts & Yogurt
[2120/2866] no-platform   -            Executive Friendship Deli
[2121/2866] no-platform   -            Mayra's Bakery
[2122/2866] no-platform   -            Cafe des Artistes
[2123/2866] no-platform   -            Cafecito on Seacoast
[2124/2866] no-platform   -            Lemon Grove Bakery
[2125/2866] no-platform   -            Donut Pantry
[2126/2866] no-platform   -            Cilantro's Mexican Food,
[2127/2866] no-platform   -            Dubai Cafe
[2128/2866] no-platform   -            Donut World
[2129/2866] no-platform   -            Chiquibaby's Bar
[2130/2866] no-platform   -            ESSNTL Coffee
[2131/2866] no-platform   -            Mr Donuts
[2132/2866] no-platform   -            Burritos Luna
[2133/2866] no-platform   -            Raspados Michoacan
[2134/2866] no-platform   -            Great Happiness
[2135/2866] no-platform   -            Brick 95
[2136/2866] no-platform   -            Tamales Brenda's
[2137/2866] no-platform   -            El Cevichero PB
[2138/2866] no-platform   -            Champs Korean Bbq
[2139/2866] no-platform   -            Wasa Sushi Bar
[2140/2866] no-platform   -            Cristallo Cafe
[2141/2866] no-platform   -            The Iconic Coffee Club
[2142/2866] no-platform   -            Pacific lounge
[2143/2866] no-platform   -            SweetLife on 3rd
[2144/2866] no-platform   -            Ho Won Express
[2145/2866] no-platform   -            Los Tapatios Mexican Food
[2146/2866] no-platform   -            San Diego Bakery & Café
[2147/2866] no-platform   -            Bakin' it Up Collective - An Artisan Bakery
[2148/2866] no-platform   -            Don Munchies SD
[2149/2866] no-platform   -            Tommy V's Pizzeria
[2150/2866] no-platform   -            E.S.B. Cafe
[2151/2866] no-platform   -            Mango Mania Frutas & More
[2152/2866] no-platform   -            Tram Chim - Live King Crab
[2153/2866] no-platform   -            CORAL SPORTS BAR
[2154/2866] no-platform   -            Mariscos La Reyna del Sur
[2155/2866] no-platform   -            El Rinconcito Taco Shop
[2156/2866] no-platform   -            Dr. Juice
[2157/2866] no-platform   -            Audrey's Café
[2158/2866] no-platform   -            Birria Blvd
[2159/2866] no-platform   -            Tacos AlPastor Spring Valley
[2160/2866] no-platform   -            Yum Yum Yo Frozen Yogurt/Sandwiches/Boba
[2161/2866] no-platform   -            Cup 'n Go
[2162/2866] no-platform   -            Tacos El Orejas
[2163/2866] no-platform   -            Trining’s Bakery & Cafe National City
[2164/2866] no-platform   -            Barrio Street Tacos
[2165/2866] no-platform   -            Camden Food Co.
[2166/2866] no-platform   -            Java Time
[2167/2866] no-platform   -            The Divers Cup
[2168/2866] no-platform   -            Gold Soul Coffee
[2169/2866] no-platform   -            El Jefes Taco Shop
[2170/2866] no-platform   -            Family Golden Palace
[2171/2866] no-platform   -            Harbor Island Deli & Spirits
[2172/2866] no-platform   -            AWOL
[2173/2866] no-platform   -            Cui Daore
[2174/2866] no-platform   -            The Parks Cafe
[2175/2866] no-platform   -            Vinum Locus
[2176/2866] no-platform   -            Bedda
[2177/2866] no-platform   -            Layali nights lounge
[2178/2866] no-platform   -            Layali nights lounge
[2179/2866] no-platform   -            Okayama Steakhouse
[2180/2866] no-platform   -            Da Nang Restaurant and Cafe
[2181/2866] no-platform   -            Rancho Roasters
[2182/2866] no-platform   -            My Cup of Tea Unique Gifts
[2183/2866] no-platform   -            La Isla Neveria
[2184/2866] no-platform   -            Bean Me Up Coffee
[2185/2866] no-platform   -            Very Tasty Coffee
[2186/2866] no-platform   -            Heavy's Smokehouse
[2187/2866] no-platform   -            La Barbacoa Autentica De Borrego
[2188/2866] no-platform   -            Carnitas La Caldera
[2189/2866] no-platform   -            Arc & Kin
[2190/2866] no-platform   -            Encinitas Donut House
[2191/2866] no-platform   -            The Tin Scoop
[2192/2866] no-platform   -            Yakitori Tsuta
[2193/2866] no-platform   -            Village Tacos
[2194/2866] no-platform   -            Frutas Frescas
[2195/2866] no-platform   -            Stage stop pizza
[2196/2866] no-platform   -            ESB Coffee
[2197/2866] no-platform   -            Viche Marina Deli & Coffee
[2198/2866] no-platform   -            Locally Toasted Delicatessen
[2199/2866] no-platform   -            Marcella June's Coffee Lounge
[2200/2866] no-platform   -            Blend & Bite Cafe
[2201/2866] no-platform   -            Saigon Corner
[2202/2866] no-platform   -            The Yogo, Handcrafted Ice Cream & Desserts
[2203/2866] no-platform   -            Pepita's Cafe
[2204/2866] no-platform   -            Sinbad Restaurant And Lounge
[2205/2866] no-platform   -            Los sushi lovers
[2206/2866] no-platform   -            Honey Banana
[2207/2866] no-platform   -            Tokyo Express
[2208/2866] no-platform   -            Awesome Jamaican Jerk Wings by Laylahs
[2209/2866] no-platform   -            Cafe Dawny
[2210/2866] no-platform   -            Pan paulitas mexican bakery
[2211/2866] no-platform   -            Taqueria Don Chamango
[2212/2866] no-platform   -            Balboa Bakery
[2213/2866] no-platform   -            Polanco Kitchen & Bar
[2214/2866] no-platform   -            Veterans of Foriegn Wars Post 9327
[2215/2866] no-platform   -            The Library Coffee Shop
[2216/2866] no-platform   -            Linda Vista Market
[2217/2866] no-platform   -            Teo's Kitchen
[2218/2866] no-platform   -            Larisa's Mexican Bakery
[2219/2866] no-platform   -            DACAFÉ
[2220/2866] no-platform   -            Sandwich Co.
[2221/2866] no-platform   -            Green Light Cafe & Deli
[2222/2866] no-platform   -            Rancho's Taco Shop And Seafood
[2223/2866] no-platform   -            El Primo Birrieria Taco Truck
[2224/2866] no-platform   -            KD's Donuts
[2225/2866] no-platform   -            Jimmy's Cafe & Pub
[2226/2866] no-platform   -            Shelly's Deli
[2227/2866] no-platform   -            Seoul Street
[2228/2866] no-platform   -            Aurora's Bakery
[2229/2866] no-platform   -            Hector's Taco Shop & Fruteria
[2230/2866] no-platform   -            Roselys Eats and Sweets
[2231/2866] no-platform   -            BARESSITO ANTRO BAR
[2232/2866] no-platform   -            Over The Border
[2233/2866] no-platform   -            Made in Chinaloa
[2234/2866] no-platform   -            Sandok Filipino Cuisine
[2235/2866] no-platform   -            Menuderia Y Taqueria El Flako
[2236/2866] no-platform   -            Old Town Ice Cream
[2237/2866] no-platform   -            Akari Sushi
[2238/2866] no-platform   -            1904 Street Dogs
[2239/2866] no-platform   -            Doh Doh Coffee
[2240/2866] no-platform   -            Caffe Positano, Fairbanks
[2241/2866] no-platform   -            Golden Spoon Frozen Yogurt
[2242/2866] no-platform   -            Tortas Tj
[2243/2866] no-platform   -            Sea Ridge Coffee
[2244/2866] no-platform   -            Weapon Ramen Liberty Public Market
[2245/2866] no-platform   -            The Cookie Opera
[2246/2866] no-platform   -            Tacos Minali
[2247/2866] no-platform   -            Isabela’s Mexican food
[2248/2866] no-platform   -            22 Area Galley
[2249/2866] no-platform   -            Sonora Steak Asadero El Prieto #13
[2250/2866] no-platform   -            Water Store
[2251/2866] no-platform   -            Panadería El Trigal
[2252/2866] no-platform   -            Autentica Comida Oaxaquena
[2253/2866] no-platform   -            Mr. Manitas Taco Bar and Fruteria
[2254/2866] no-platform   -            La Cucina di Silvana
[2255/2866] no-platform   -            LA MICHOACANA SON MEX OF POWAY
[2256/2866] no-platform   -            Logan Inn
[2257/2866] no-platform   -            EL PASO TACO SHOP
[2258/2866] no-platform   -            Notorious Barbecue
[2259/2866] no-platform   -            El Uno Bar
[2260/2866] no-platform   -            Jason's Courtyard Cafe
[2261/2866] no-platform   -            The coffee machine
[2262/2866] no-platform   -            Javier’s Mexican Food
[2263/2866] no-platform   -            TG Cafe
[2264/2866] no-platform   -            Pink Donuts
[2265/2866] no-platform   -            Casa Del Lobo
[2266/2866] no-platform   -            Boba Life La Mesa
[2267/2866] no-platform   -            Smoke and Salt Restaurant
[2268/2866] no-platform   -            Birrieria La Vaquita
[2269/2866] no-platform   -            Rancho Roasters
[2270/2866] no-platform   -            The Pocket Pool & Bar
[2271/2866] no-platform   -            Aalami Restaurant - Somali Cuisine
[2272/2866] no-platform   -            Sara's Bakery
[2273/2866] no-platform   -            Mood ALsham restaurant
[2274/2866] no-platform   -            La Michoacana Ice Cream
[2275/2866] no-platform   -            Franco's Flapjack
[2276/2866] no-platform   -            Cafecito at EPOCA
[2277/2866] no-platform   -            Lizs Cocina
[2278/2866] no-platform   -            La Cocina De Chata
[2279/2866] no-platform   -            Tasty Buds LLC
[2280/2866] no-platform   -            Ortiz Bakery
[2281/2866] no-platform   -            Acai Roots
[2282/2866] no-platform   -            Ramen Girl
[2283/2866] no-platform   -            Mariscos Guille
[2284/2866] no-platform   -            De La Torre Cenaduria
[2285/2866] no-platform   -            Ana’s Fruit & Deli
[2286/2866] no-platform   -            Cafe Del Mar
[2287/2866] no-platform   -            Coastal Coffee - Scripps Memorial Hospital
[2288/2866] no-platform   -            Pines
[2289/2866] no-platform   -            Las Ranas Lonchera Mariscos
[2290/2866] no-platform   -            The Galley
[2291/2866] no-platform   -            Taquería Imperial Taco Shop
[2292/2866] no-platform   -            Las Delicias de Alicia
[2293/2866] no-platform   -            Black Sea Cafe & Market
[2294/2866] no-platform   -            Dubu San Diego Tofu Company
[2295/2866] no-platform   -            Taco de Ojo Sports Cantina
[2296/2866] no-platform   -            La Espiga de Oro Mexican Bakery
[2297/2866] no-platform   -            El Camaron Negro
[2298/2866] no-platform   -            Tacos el uzzi
[2299/2866] no-platform   -            Wow Donuts
[2300/2866] no-platform   -            Hot Blend Café
[2301/2866] no-platform   -            Rising Sun Sushi
[2302/2866] no-platform   -            Koakai Brewing Co.
[2303/2866] no-platform   -            Cacio
[2304/2866] no-platform   -            San Diego Beer House
[2305/2866] no-platform   -            Erlene's Family Style Cuisine
[2306/2866] no-platform   -            Tus Chefs Favoritas
[2307/2866] no-platform   -            Manila Bistro
[2308/2866] no-platform   -            Family Tacos
[2309/2866] no-platform   -            Al Chile Mexican Food
[2310/2866] no-platform   -            Tlaloc Deli
[2311/2866] no-platform   -            EL SAZON DE MAMA
[2312/2866] no-platform   -            Pinoy Express Fastfood
[2313/2866] no-platform   -            The Other Side Bar and Grill
[2314/2866] no-platform   -            Rey Tj Burger's San Diego
[2315/2866] no-platform   -            FENIX LOUNGE
[2316/2866] no-platform   -            Tortillas De Harina El Trigal
[2317/2866] no-platform   -            Fruit
[2318/2866] no-platform   -            La Chalupa Mariscos #2 Food Truck
[2319/2866] no-platform   -            Xicanitos
[2320/2866] no-platform   -            Lizzie's Cake Couture
[2321/2866] no-platform   -            Downtown cafe pizza
[2322/2866] no-platform   -            Macy's Cafe at Fashion Valley
[2323/2866] no-platform   -            Kikos Place cantina
[2324/2866] no-platform   -            Chula Tacos Taquerias
[2325/2866] no-platform   -            Maple Tree Coffee
[2326/2866] no-platform   -            Marina Kitchen at Mariott Marquis
[2327/2866] no-platform   -            Perk Social
[2328/2866] no-platform   -            The Café at Alma San Diego
[2329/2866] no-platform   -            Juicers
[2330/2866] no-platform   -            El Kafecito
[2331/2866] no-platform   -            Smash’d Burgers
[2332/2866] no-platform   -            Rita's of Mission Hills
[2333/2866] no-platform   -            J-Town Grab and Go
[2334/2866] no-platform   -            Beaudevin
[2335/2866] no-platform   -            Cali Cafe
[2336/2866] no-platform   -            Korean Bingsoo Cafe
[2337/2866] no-platform   -            La Flor Bakery
[2338/2866] no-platform   -            Louisiana Banana Pudding
[2339/2866] no-platform   -            Rapido Y Sabroso Taco Truck
[2340/2866] no-platform   -            Uphori Cafe
[2341/2866] no-platform   -            Pho On The Go
[2342/2866] no-platform   -            Verde Kitchen & Bar
[2343/2866] no-platform   -            Star Gazer Club
[2344/2866] no-platform   -            D's Coffee
[2345/2866] no-platform   -            Noodle Bowl and dumplings
[2346/2866] no-platform   -            Valerio's Bakehouse
[2347/2866] no-platform   -            Coffee Shop
[2348/2866] no-platform   -            Clayton's Galley
[2349/2866] no-platform   -            The Propeller Bar and Grill
[2350/2866] no-platform   -            Goodspot
[2351/2866] no-platform   -            Smash Bacon
[2352/2866] no-platform   -            La Patrona
[2353/2866] no-platform   -            Jue Wei food
[2354/2866] no-platform   -            Taiyo
[2355/2866] no-platform   -            Bethlehem Baking Co.
[2356/2866] no-platform   -            Candy's Boom Boom Room
[2357/2866] no-platform   -            Burritos Salomè
[2358/2866] no-platform   -            Skinny Jake Smokehouse
[2359/2866] no-platform   -            Meal and Munch
[2360/2866] no-platform   -            Cedar Rose
[2361/2866] no-platform   -            Tacos la Guera
[2362/2866] no-platform   -            La Perla del Pacífico
[2363/2866] no-platform   -            The Meantime
[2364/2866] no-platform   -            Burger Kitchen
[2365/2866] no-platform   -            Ranas Hotdogs & Hamburgers
[2366/2866] no-platform   -            Chupacabras taco shop
[2367/2866] no-platform   -            Daniel's West
[2368/2866] no-platform   -            Front Street Sweet Shack
[2369/2866] no-platform   -            SWEET & SPICY SD LLC
[2370/2866] no-platform   -            Guau Guau Taza de Cafe
[2371/2866] no-platform   -            Rapha Tea
[2372/2866] no-platform   -            Bailey House
[2373/2866] no-platform   -            Bayside Bar
[2374/2866] no-platform   -            Marina Market and Café
[2375/2866] no-platform   -            Freeze Gourmet
[2376/2866] no-platform   -            Cup of Bloom La Jolla
[2377/2866] no-platform   -            Miguel’s Street Tacos
[2378/2866] no-platform   -            Alberto's
[2379/2866] no-platform   -            Tacos El Unico
[2380/2866] no-platform   -            Barbas Mexican Food
[2381/2866] no-platform   -            Chinese Cuisine
[2382/2866] no-platform   -            La Creperia Nutilda
[2383/2866] no-platform   -            El Rinconcito Sinaloense Antojitos
[2384/2866] no-platform   -            Thai Style Kitchen Oceanside
[2385/2866] no-platform   -            Yesenia’s Mexican Food
[2386/2866] no-platform   -            MJ's Eatery Philly Cheesesteaks and more
[2387/2866] no-platform   -            The Honey Pot
[2388/2866] no-platform   -            Grill chicken Linda vista
[2389/2866] no-platform   -            Pikolinas
[2390/2866] no-platform   -            Puerta Del Cielo Mexican Foods-Food Truck
[2391/2866] no-platform   -            Authentic Mexican Bakery
[2392/2866] no-platform   -            Island Style Sushi
[2393/2866] no-platform   -            El Chile pelais del Flaco
[2394/2866] no-platform   -            Vega’s Kitchen
[2395/2866] no-platform   -            Tacos puebla
[2396/2866] no-platform   -            Taco truck
[2397/2866] no-platform   -            La Morena del Fuego
[2398/2866] no-platform   -            Soulsip
[2399/2866] no-platform   -            New Name Club
[2400/2866] no-platform   -            "LAS CAZUELITAS" Home made Mexican food
[2401/2866] no-platform   -            7 Marcelos Mexican Cafe
[2402/2866] no-platform   -            taco de ojo sports cantina
[2403/2866] no-platform   -            Shrimp on a Skateboard Mariscos
[2404/2866] no-platform   -            Nori Japan
[2405/2866] no-platform   -            Da Good Vibes Eats
[2406/2866] no-platform   -            El Mejor Taco Avapor
[2407/2866] no-platform   -            Vivant Bistro & Craft Bar
[2408/2866] no-platform   -            AY MI MAZATLÁN
[2409/2866] no-platform   -            Bello’s Tacos and Burritos
[2410/2866] no-platform   -            Brunette Social Sports Bar
[2411/2866] no-platform   -            701 FOOD
[2412/2866] no-platform   -            117° West Spirits
[2413/2866] no-platform   -            Taco Stand
[2414/2866] no-platform   -            Rodeó's Cocina Mexican Restaurant
[2415/2866] no-platform   -            Filipino Lumpia
[2416/2866] no-platform   -            El Puerquito Hard Frescas
[2417/2866] no-platform   -            Mariscos y Birrieria El Compa Güero
[2418/2866] no-platform   -            El Sonorense Taco Shop
[2419/2866] no-platform   -            Food Truck
[2420/2866] no-platform   -            Mariscos la baja mar y fuego
[2421/2866] no-platform   -            Comida China
[2422/2866] no-platform   -            Quick Meal Deal Hunterz
[2423/2866] no-platform   -            It's Raw Poke Truck
[2424/2866] no-platform   -            9th Hole Snack Shop
[2425/2866] no-platform   -            HOTDOGS SINALOA 619
[2426/2866] no-platform   -            Sushi ki To
[2427/2866] no-platform   -            Balboa's Grill House
[2428/2866] no-platform   -            El Ostion Mariscos
[2429/2866] no-platform   -            Larry's Birria
[2430/2866] no-platform   -            City Chopped Cheese
[2431/2866] no-platform   -            Gourmet @ Culinary Outlook
[2432/2866] no-platform   -            Tacos delicioso
[2433/2866] no-platform   -            FIFTEEN 360
[2434/2866] no-platform   -            Quel & Tito's Food Shack
[2435/2866] no-platform   -            El Peruano Grill
[2436/2866] no-platform   -            Pollos Asados Goyos
[2437/2866] no-platform   -            Tacos Los Carnales
[2438/2866] no-platform   -            Sliderz & Mo'
[2439/2866] no-platform   -            HomeMeals
[2440/2866] no-platform   -            Taqueria Los Panchos
[2441/2866] no-platform   -            Squishys619
[2442/2866] no-platform   -            Myung Ka Korean Food
[2443/2866] no-platform   -            Tacos "El Moy"
[2444/2866] no-platform   -            La catrachita
[2445/2866] no-platform   -            Premier Food Services
[2446/2866] no-platform   -            Kevin's Convenience Stand
[2447/2866] no-platform   -            Sushi Love
[2448/2866] no-platform   -            Galley
[2449/2866] no-platform   -            Tacos Loco's
[2450/2866] no-platform   -            Kim's House
[2451/2866] no-platform   -            Marisol's Pie Shop
[2452/2866] no-platform   -            Tamales Landa
[2453/2866] no-platform   -            El Taco Latino
[2454/2866] no-platform   -            La Casa de Don Juan
[2455/2866] no-platform   -            Cassara Kitchen & Bar
[2456/2866] no-platform   -            Oishii Sushi Bar
[2457/2866] no-platform   -            Baba Coffee Mobile
[2458/2866] no-platform   -            YakiroSushi
[2459/2866] no-platform   -            Berta & Odina's Food Truck
[2460/2866] no-platform   -            Arrieros Tacos ¡Hecho está!
[2461/2866] no-platform   -            Mariscos La Baja Food Truck
[2462/2866] no-platform   -            Food Pavilion
[2463/2866] no-platform   -            Babylon Restaurant
[2464/2866] no-platform   -            Cafe Pronto
[2465/2866] no-platform   -            Pizza
[2466/2866] no-platform   -            MC's Kitchen
[2467/2866] no-platform   -            Sports Lounge & Arcade Bar
[2468/2866] no-platform   -            Oasis Bar
[2469/2866] no-platform   -            Donburi Kitchen
[2470/2866] no-platform   -            Randolfo's Tacos
[2471/2866] no-platform   -            Lemonlade
[2472/2866] no-platform   -            DeAnza Bar
[2473/2866] no-platform   -            Mr. Jalepeno El Burrito Mexicano & more.
[2474/2866] no-platform   -            OB Tamales and Taqueria
[2475/2866] no-platform   -            COFFEE CRATE
[2476/2866] no-platform   -            Yogen FrÃ¼z
[2477/2866] no-platform   -            California Taco Club
[2478/2866] no-platform   -            Lina's Bakery
[2479/2866] no-platform   -            Nik's BBQ
[2480/2866] no-platform   -            Mariscos La Tia
[2481/2866] no-platform   -            Fox Point Pizza
[2482/2866] no-platform   -            Out of Towners Bar Grill Lounge
[2483/2866] no-platform   -            Ramones
[2484/2866] no-platform   -            Rainbow Cafe
[2485/2866] no-platform   -            Mimosa
[2486/2866] no-platform   -            Marla’s Coffee
[2487/2866] no-platform   -            Its Cafe Thai
[2488/2866] no-platform   -            College Corner Cafe
[2489/2866] no-platform   -            Powder Technology Laboratory Coffee
[2490/2866] no-platform   -            Beach Cuisine Inc
[2491/2866] no-platform   -            P.B. Wellness Health & Nutrition
[2492/2866] no-platform   -            VAQUERO TJ GRILL
[2493/2866] no-platform   -            Bincho taco
[2494/2866] no-platform   -            Roxie’s Sweet Bakes & Treats
[2495/2866] no-platform   -            Taco Lovers
[2496/2866] no-platform   -            La delicia
[2497/2866] no-platform   -            Seafood and pub
[2498/2866] no-platform   -            Tacos
[2499/2866] no-platform   -            El Rancho Grande Bar & Grill
[2500/2866] no-platform   -            Neat treats by Rachel
[2501/2866] no-platform   -            El Rancho Bar & Grill
[2502/2866] no-platform   -            Lili antojitos and Mexican food Boulevard
[2503/2866] no-platform   -            Sweet Bean Cafe
[2504/2866] no-platform   -            Kaphe Muna
[2505/2866] no-platform   -            Chicanos Pastries
[2506/2866] no-platform   -            MIKAKU sushi and grill
[2507/2866] no-platform   -            Cultivated Greens
[2508/2866] no-platform   -            SideYard Coffee
[2509/2866] no-platform   -            Bakery
[2510/2866] no-platform   -            Sapporo Rock & Roll Sushi
[2511/2866] no-platform   -            Sprinkles Cafe
[2512/2866] no-platform   -            Gabriel's Taco Stand
[2513/2866] no-platform   -            The Stag Lion
[2514/2866] no-platform   -            Foundation X
[2515/2866] no-platform   -            Mesa Cafe
[2516/2866] no-platform   -            Miramar Fresh Kitchen
[2517/2866] no-platform   -            Little Owl Coffe & Tea
[2518/2866] no-platform   -            Sweet Robin's
[2519/2866] no-platform   -            On Point BBQ
[2520/2866] no-platform   -            Cocinita La Michoacana
[2521/2866] no-platform   -            Takos El Michi
[2522/2866] no-platform   -            Mike’s Sourdough Bakery
[2523/2866] no-platform   -            Bakes By Zena
[2524/2866] no-platform   -            KGP Pizza & Grill
[2525/2866] no-platform   -            Mariscos Seafood
[2526/2866] no-platform   -            Southbay Cafe & Cantina
[2527/2866] no-platform   -            Taco’s El Chaparro
[2528/2866] no-platform   -            Nespresso Pop-Up
[2529/2866] no-platform   -            Blooming Vegans
[2530/2866] no-platform   -            Luckyz Sports Pub
[2531/2866] no-platform   -            Desi N Friends
[2532/2866] no-platform   -            Oside Shave Ice
[2533/2866] no-platform   -            Birdies Bar and Grill
[2534/2866] no-platform   -            Molly Malones Sports Tavern
[2535/2866] no-platform   -            Elbo Rest
[2536/2866] no-platform   -            Island Market
[2537/2866] no-platform   -            Tides
[2538/2866] no-platform   -            Mongus Grill
[2539/2866] no-platform   -            Porters Grille & BBQ
[2540/2866] no-platform   -            The Coop
[2541/2866] no-platform   -            The Sourdough Sweetie
[2542/2866] no-platform   -            Oscars Cocktail Bar
[2543/2866] no-platform   -            Incredibowl Cafe & Deli
[2544/2866] no-platform   -            Jayda Marie's Bakery
[2545/2866] no-platform   -            Carniceria Taco Shop
[2546/2866] no-platform   -            (dba) The Wayfarer's Pantry - Cottage Kitchen
[2547/2866] no-platform   -            The Fusion Bistro
[2548/2866] no-platform   -            Heros
[2549/2866] no-platform   -            Club Iguana
[2550/2866] no-platform   -            Recognize Cocktails
[2551/2866] no-platform   -            Tierra Mia Mariscos y Mas
[2552/2866] no-platform   -            Ball Three
[2553/2866] no-platform   -            Coral Market
[2554/2866] no-platform   -            Rds Log Cabin
[2555/2866] no-platform   -            Panaderia Rosarito
[2556/2866] no-platform   -            The Bistro Restaurant
[2557/2866] no-platform   -            Bonnie's Bread Boutique
[2558/2866] no-platform   -            Galley
[2559/2866] no-platform   -            Jupiter Leucadia
[2560/2866] no-platform   -            Marbella Oyster Bar
[2561/2866] no-platform   -            Reef Lounge Poolside Bar & Grill
[2562/2866] no-platform   -            Frank’s Ice Cream Wholesale
[2563/2866] no-platform   -            Rancho Hookah Lounge
[2564/2866] no-platform   -            Fairbanks Coffee Stand
[2565/2866] no-platform   -            Pizzeria
[2566/2866] no-platform   -            Tacos Los Carnales
[2567/2866] no-platform   -            Izakaya En
[2568/2866] no-platform   -            Mariscos El Prieto Express
[2569/2866] no-platform   -            Rise & Brew Coffee
[2570/2866] no-platform   -            Sushi In the Ranch
[2571/2866] no-platform   -            Dees Sports Tavern
[2572/2866] no-platform   -            49Er
[2573/2866] no-platform   -            Tonkatsu Narikura - Coming Soon
[2574/2866] no-platform   -            Amanda Pandas Bakery
[2575/2866] no-platform   -            Bien Hecho Coffee
[2576/2866] no-platform   -            Café VERA
[2577/2866] no-platform   -            Pho PB
[2578/2866] no-platform   -            Smokehouse Pizza & BBQ
[2579/2866] no-platform   -            The Beekeeper's Oven - Julian
[2580/2866] no-platform   -            K-Bakery
[2581/2866] no-platform   -            The Taco Stop
[2582/2866] no-platform   -            Sourworx
[2583/2866] no-platform   -            Koffeeing UP
[2584/2866] no-platform   -            CaliTea
[2585/2866] no-platform   -            Mission Grounds Coffee
[2586/2866] no-platform   -            Nooni’s Taco Shop
[2587/2866] no-platform   -            Hungarian bakery
[2588/2866] no-platform   -            valarias
[2589/2866] no-platform   -            Mission Hills Coffee Company
[2590/2866] no-platform   -            Spreckels Sweets And Treats
[2591/2866] no-platform   -            Repostería Jexana
[2592/2866] no-platform   -            NA
[2593/2866] no-platform   -            Captain's Seafood Gallery
[2594/2866] no-platform   -            Natural Delights Juice Bar
[2595/2866] no-platform   -            Poke Point
[2596/2866] no-platform   -            Six Degrees
[2597/2866] no-platform   -            BNCafe
[2598/2866] no-platform   -            House Of Draught No 2
[2599/2866] no-platform   -            Oasis On The Rocks
[2600/2866] no-platform   -            El Picnic Tabel
[2601/2866] no-platform   -            The Place
[2602/2866] no-platform   -            Macan Market
[2603/2866] no-platform   -            Stone Brewing Company
[2604/2866] no-platform   -            Lupita's Mexican Food
[2605/2866] no-platform   -            Cafe Europe
[2606/2866] no-platform   -            Kouklas Cafe
[2607/2866] no-platform   -            El Patrón Mar y Tierra
[2608/2866] no-platform   -            San Diego Creamery
[2609/2866] no-platform   -            Leading Edge Cafe
[2610/2866] no-platform   -            The Shine Shack
[2611/2866] no-platform   -            V/ Workout Bar
[2612/2866] no-platform   -            Sinaloa Fish
[2613/2866] no-platform   -            Mariscos El Paisa
[2614/2866] no-platform   -            Puffs SD- HomeBased
[2615/2866] no-platform   -            Seafood San Diego
[2616/2866] no-platform   -            AZTECA SAN DIEGO TACO'S
[2617/2866] no-platform   -            Ice Cream Parlor-Lemon Grove
[2618/2866] no-platform   -            Los hotchos del barrio
[2619/2866] no-platform   -            Boo Boo Sweetz
[2620/2866] no-platform   -            Men-ya Mufu - Coming Soon
[2621/2866] no-platform   -            Hajime Ramen
[2622/2866] no-platform   -            Bloomix studio
[2623/2866] no-platform   -            Speak Easy
[2624/2866] no-platform   -            Mariscos villafaña
[2625/2866] no-platform   -            An's Gelato
[2626/2866] no-platform   -            Caveman BBQ
[2627/2866] no-platform   -            Mad Maui BBQ
[2628/2866] no-platform   -            Downtown BBQ
[2629/2866] no-platform   -            Donut Star
[2630/2866] no-platform   -            DAYGO Brunch’N
[2631/2866] no-platform   -            Fronted
[2632/2866] no-platform   -            CC Bakehouse
[2633/2866] no-platform   -            Taste of Home Cakes and Cupcakes
[2634/2866] no-platform   -            La Sheesh Bar & Grill
[2635/2866] no-platform   -            Ramen Goddess
[2636/2866] no-platform   -            Sattellite Bites
[2637/2866] no-platform   -            Tacos de corazón
[2638/2866] no-platform   -            C&C Barkery
[2639/2866] no-platform   -            Parkway Social 619
[2640/2866] no-platform   -            Bakery 7
[2641/2866] no-platform   -            Americana Restaurant
[2642/2866] no-platform   -            Little Frosty’s
[2643/2866] no-platform   -            The Cow Shed Bar and Grill
[2644/2866] no-platform   -            El Cuervo
[2645/2866] no-platform   -            A Piece of Cake
[2646/2866] no-platform   -            CHI
[2647/2866] no-platform   -            Raspados Aloha 2
[2648/2866] no-platform   -            Wednesday Cake
[2649/2866] no-platform   -            Bin Kheer Café
[2650/2866] no-platform   -            Ximena
[2651/2866] no-platform   -            Ramone's
[2652/2866] no-platform   -            Fairbanks Coffee Company
[2653/2866] no-platform   -            Valencia Mexican Food
[2654/2866] no-platform   -            Coffee & Smoothies
[2655/2866] no-platform   -            Bee's Bread Co
[2656/2866] no-platform   -            Joe's Pizza and Bistro
[2657/2866] no-platform   -            Wellspring Tea Room
[2658/2866] no-platform   -            Sweet By Saray
[2659/2866] no-platform   -            Shibari
[2660/2866] no-platform   -            Rooster Ramen
[2661/2866] no-platform   -            Lush Lounge
[2662/2866] no-platform   -            Mickies Suds Room
[2663/2866] no-platform   -            Barra 8
[2664/2866] no-platform   -            College Sub Shop
[2665/2866] no-platform   -            El Paso Bar
[2666/2866] no-platform   -            Dieberto's
[2667/2866] no-platform   -            11th Marines Chow Hall
[2668/2866] no-platform   -            El Cotixan Taco Shop
[2669/2866] no-platform   -            Rooster Ramen
[2670/2866] no-platform   -            Churro Con Chocolate
[2671/2866] no-platform   -            Club 42 Tequila Bar
[2672/2866] no-platform   -            Fruity Fruits
[2673/2866] no-platform   -            SHOR
[2674/2866] no-platform   -            Panderia Bakery
[2675/2866] no-platform   -            CottageKitchen
[2676/2866] no-platform   -            La Vuelta Club
[2677/2866] no-platform   -            La Michoacana Elite
[2678/2866] no-platform   -            No excuse income
[2679/2866] no-platform   -            Higher Grounds Coffee
[2680/2866] no-platform   -            Romo Baker and general store
[2681/2866] no-platform   -            Lumière Café San Diego
[2682/2866] no-platform   -            Yute Keto Bakery
[2683/2866] no-platform   -            El Cajon Grand Cocktail Lounge
[2684/2866] no-platform   -            Bonitas Bar and Grill
[2685/2866] no-platform   -            Techy Cafe Chula Vista
[2686/2866] no-platform   -            Vero's Sweet Bakeshop
[2687/2866] no-platform   -            Tutu Taco
[2688/2866] no-platform   -            Cozy Cat Bakehouse
[2689/2866] no-platform   -            The Bridge Snacks and Refreshments
[2690/2866] no-platform   -            Blue Haven
[2691/2866] no-platform   -            Bavarian Inn
[2692/2866] no-platform   -            Spicy Duck
[2693/2866] no-platform   -            Raspabros
[2694/2866] no-platform   -            Kneading Love Micro Bakery
[2695/2866] no-platform   -            HomemadebyNashae
[2696/2866] no-platform   -            Sabor Michoacán
[2697/2866] no-platform   -            Walters Cafe and Trailer Pk
[2698/2866] no-platform   -            Tacos el jefe
[2699/2866] no-platform   -            Cafe Pho
[2700/2866] no-platform   -            Bakery San Jorge
[2701/2866] no-platform   -            Bread of Life Bakes
[2702/2866] no-platform   -            Cozy Crumble Cottage Bakery
[2703/2866] no-platform   -            Omas Delectables
[2704/2866] no-platform   -            Sweetheart farms
[2705/2866] no-platform   -            Pretzel Market
[2706/2866] no-platform   -            The Beekeeper's Oven Farmstand - Santa Ysabel
[2707/2866] no-platform   -            Joshways Barbeque
[2708/2866] no-platform   -            Eryan Sweets
[2709/2866] no-platform   -            Ettas Place
[2710/2866] no-platform   -            Eds Cocktail Lounge
[2711/2866] no-platform   -            JT Bros
[2712/2866] no-platform   -            Teris East
[2713/2866] no-platform   -            Nouvelle Latin Cuisine
[2714/2866] no-platform   -            Sweet Rose Cottage Bakery, LLC
[2715/2866] no-platform   -            The Cove
[2716/2866] no-platform   -            Embassy Room
[2717/2866] no-platform   -            Desayunos y Baguettes
[2718/2866] no-platform   -            1935 Artisan Desserts & Kitchen
[2719/2866] no-platform   -            Panniken
[2720/2866] no-platform   -            Robbie's Roadhouse
[2721/2866] no-platform   -            CC Bakehouse
[2722/2866] no-platform   -            Arevalo's Raspados
[2723/2866] no-platform   -            AVO Vegan Restaurant
[2724/2866] no-platform   -            Birria a Mi Gusto
[2725/2866] no-platform   -            Regional My Place
[2726/2866] no-platform   -            La Michoacana Ice Cream
[2727/2866] no-platform   -            Rusty Spur Cocktails and Dancing
[2728/2866] no-platform   -            Chimbita
[2729/2866] no-platform   -            Smoked Street Tacos
[2730/2866] no-platform   -            Ciccicotti’s
[2731/2866] no-platform   -            Ghost tacos downtown
[2732/2866] no-platform   -            Casa del Pane
[2733/2866] no-platform   -            Palomar Ice Cream and Candy
[2734/2866] no-platform   -            The Hearth
[2735/2866] no-platform   -            jr sushi
[2736/2866] no-platform   -            Bella Bakery Boutique LLC
[2737/2866] no-platform   -            Maggie’s Cake Shop
[2738/2866] no-platform   -            La Cucharita
[2739/2866] no-platform   -            Carnitas y Chicharrones Los Marranitos SD #1
[2740/2866] no-platform   -            Tacos Las Huesas
[2741/2866] no-platform   -            Tortilleria Bakery
[2742/2866] no-platform   -            Little Vienna
[2743/2866] no-platform   -            Pine Valley Java
[2744/2866] no-platform   -            The Pony Express Coffee Bar & Drive Thru
[2745/2866] no-platform   -            Gallopin In
[2746/2866] no-platform   -            Birria & Mariscos el Zurdo
[2747/2866] no-platform   -            Pannakin Coffee & Tea
[2748/2866] no-platform   -            Barking Deer Pizza & Beer
[2749/2866] no-platform   -            The Dulzura Cafe%2C
[2750/2866] no-platform   -            Porciones De Dulzura Bakery
[2751/2866] no-platform   -            The Patch Coffee
[2752/2866] no-platform   -            Mexican Seafood & Grill
[2753/2866] no-platform   -            Indigo Pineapple Café
[2754/2866] no-platform   -            Sabor A Cielo Sweets
[2755/2866] no-platform   -            Nimbus Bakery
[2756/2866] no-platform   -            Pikes Iron Wagon Real Pit BBQ
[2757/2866] no-platform   -            Steves Cabana
[2758/2866] no-platform   -            Canela Bake
[2759/2866] no-platform   -            Old California Coffee House and Eatery
[2760/2866] no-platform   -            Las Palmas
[2761/2866] no-platform   -            The Pagoda
[2762/2866] no-platform   -            Hawaiian Shaved Ice
[2763/2866] no-platform   -            Fifty 9 Fifty
[2764/2866] no-platform   -            Sunshine Poke & Sushi Rolls
[2765/2866] no-platform   -            La Perla del Pacífico
[2766/2866] no-platform   -            Cafe Zzo Coffee Shop and Mini Mart
[2767/2866] no-platform   -            DQ Orange Julius
[2768/2866] no-platform   -            Trolley
[2769/2866] no-platform   -            Eppig Brewing North Park
[2770/2866] no-platform   -            Viva el Cafe
[2771/2866] no-platform   -            La Vendimia de María Tavares
[2772/2866] no-platform   -            Wolftown
[2773/2866] no-platform   -            Cafecito del Monte
[2774/2866] no-platform   -            Nature's emporumh
[2775/2866] no-platform   -            iDessert
[2776/2866] no-platform   -            Frost Me Gourmet Cupcakes
[2777/2866] no-platform   -            Tlaxcala Hectoir's Taco Shop
[2778/2866] no-platform   -            Cocina Tonalnan
[2779/2866] no-platform   -            Five Loaves Sourdough Co.
[2780/2866] no-platform   -            Walking on Water Cafe
[2781/2866] no-platform   -            Cups Coffee Cart
[2782/2866] no-platform   -            Wash mobile
[2783/2866] no-platform   -            Pop-up Tacos
[2784/2866] no-platform   -            Pacific Taco Shop
[2785/2866] no-platform   -            Coca Cola Market
[2786/2866] no-platform   -            Gilbeys Cocktail Lounge
[2787/2866] no-platform   -            Sunset by the Park
[2788/2866] no-platform   -            McCozy
[2789/2866] no-platform   -            Windansea Bar and Grill
[2790/2866] no-platform   -            Pizzaria, Etc.
[2791/2866] no-platform   -            Zoe’s Place Bakery
[2792/2866] no-platform   -            The Dining Room
[2793/2866] no-platform   -            Mama’s Cucina Italiana
[2794/2866] no-platform   -            La Sirena
[2795/2866] no-platform   -            Chimney Nation
[2796/2866] no-platform   -            Chimney Nation
[2797/2866] no-platform   -            Torpedo Grill
[2798/2866] no-platform   -            Mila's Ice cream & snacks
[2799/2866] no-platform   -            Denis’s Bakery
[2800/2866] no-platform   -            Savioe
[2801/2866] no-platform   -            Cafe Rico & Catering LLC
[2802/2866] no-platform   -            Moreliana Ice Cream & Restaurant
[2803/2866] no-platform   -            Cafe East by Eurest
[2804/2866] no-platform   -            Café Bien
[2805/2866] no-platform   -            Duke's Hawaiian Coffee
[2806/2866] no-platform   -            Shack-House
[2807/2866] no-platform   -            Zen Coffee & Deli
[2808/2866] no-platform   -            Machela
[2809/2866] no-platform   -            Colors cafe
[2810/2866] no-platform   -            Madina Delicious Restaurant
[2811/2866] no-platform   -            Samba arena cafe
[2812/2866] no-platform   -            Olga's Food Place
[2813/2866] no-platform   -            Chandelier Lounge Cuisine
[2814/2866] no-platform   -            The Grove Bar & Grill
[2815/2866] no-platform   -            Society featuring Bubbas BBQ
[2816/2866] no-platform   -            Raymundos taco shop
[2817/2866] no-platform   -            Muscle Bar
[2818/2866] no-platform   -            Blue Star Cafe
[2819/2866] no-platform   -            Santos Cafe Old Town
[2820/2866] no-platform   -            National Burrito
[2821/2866] no-platform   -            Tacos De Birria Mayo
[2822/2866] no-platform   -            DONUTOPOLIS SCRIPPS RANCH VILLAGES
[2823/2866] no-platform   -            Michele’s Cafe & Galleria
[2824/2866] no-platform   -            Julie's Desserts & Bakery
[2825/2866] no-platform   -            Smoothie Caffe
[2826/2866] no-platform   -            Latte By The Sea
[2827/2866] no-platform   -            Hafla Platter Inc
[2828/2866] no-platform   -            Mar & Fuego
[2829/2866] no-platform   -            Wynola Pizza Express
[2830/2866] no-platform   -            AREA DE COMIDA
[2831/2866] no-platform   -            BAKERY FUENTES
[2832/2866] no-platform   -            Taqueria Mucho Toro
[2833/2866] no-platform   -            Dolce Cafe
[2834/2866] no-platform   -            Cafecito on Park
[2835/2866] no-platform   -            Sushi Gaga
[2836/2866] no-platform   -            Modern Kabob - Grill & Smoothies
[2837/2866] no-platform   -            Tantuni Turkish Street Food
[2838/2866] no-platform   -            Nutrition Prime Spot
[2839/2866] no-platform   -            Café Noelle
[2840/2866] no-platform   -            Taste of egypt cafe
[2841/2866] no-platform   -            Tacos la ocho
[2842/2866] no-platform   -            Mariscos Del Barrio
[2843/2866] no-platform   -            Super Mario's Mexican Food
[2844/2866] no-platform   -            Dalat Cafe
[2845/2866] no-platform   -            Chamoyess
[2846/2866] no-platform   -            Blanco Rosso
[2847/2866] no-platform   -            Arevalo's Bakery
[2848/2866] no-platform   -            Ben & Jerry's
[2849/2866] no-platform   -            Eva's Bakery
[2850/2866] no-platform   -            Cafe Bella Express
[2851/2866] no-platform   -            Yeeha Boba
[2852/2866] no-platform   -            Las Muñecas tradicional desserts
[2853/2866] no-platform   -            Baked & Blended
[2854/2866] no-platform   -            Paula Jean's Coffee Bean
[2855/2866] no-platform   -            Sweet Bee Desserts
[2856/2866] no-platform   -            Muneca ice cream
[2857/2866] no-platform   -            Fuego Mediterranean Grill
[2858/2866] no-platform   -            Prinkipia Frozen Yogurt
[2859/2866] no-platform   -            Dollshie Coffee
[2860/2866] no-platform   -            Dalat Cafe
[2861/2866] no-platform   -            Sweet city creamery
[2862/2866] no-platform   -            Mission Burger
[2863/2866] no-platform   -            Serina Pizza
[2864/2866] no-platform   -            The Nutrition Checkpoint
[2865/2866] no-platform   -            Los 3 Animales Taqueria
[2866/2866] no-platform   -            Donas Bakery and Food to Go

platform                       attempted         filed       too-few         gated  wrong-branch needs-browser   no-platform  fetch-failed  screened-out
none                                2311             0             0             0             0            53          2258             0             0
toast                                117             1             0             1            35            77             0             0             3
order.online                         107             1             1             1             8            90             0             0             6
Square Online storefront              79             0             0             0             0            79             0             0             0
Square Online (own domain)            46             0             0             0             0            46             0             0             0
shopify                               25             3             5             0             0             0             0             0            17
chownow                               23             0             0             2             0            21             0             0             0
olo                                   23             0             0             0             0            23             0             0             0
MealKeyWay                            21             0             0             0             0            21             0             0             0
slice                                 18             0             0             0             1            16             0             0             1
spothopper                            17             1             1             0             0            15             0             0             0
netwaiter                             14             0            14             0             0             0             0             0             0
SpotOn                                13             0             0             0             0            13             0             0             0
own-jsonld                            10             5             1             0             2             0             0             0             2
plain-html                            10             0             0             0             0            10             0             0             0
clover                                 8             0             0             0             2             4             0             0             2
HungerRush                             7             0             0             0             0             7             0             0             0
GloriaFood widget                      4             0             0             0             0             4             0             0             0
popmenu                                4             0             0             0             4             0             0             0             0
menufy                                 3             0             0             0             0             0             0             0             3
MenuSifu                               2             0             0             0             0             2             0             0             0
Paytronix                              2             0             0             0             0             2             0             0             0
ubereats                               1             0             0             0             0             1             0             0             0
wix                                    1             0             1             0             0             0             0             0             0
TOTAL                               2866            11            23             4            52           484          2258             0            34

11 menus, 251 dishes
wrote menus/wip/router-20260907-071752.json
wrote menus/wip/router-20260907-071752.notes.json
