queue 2144 with a website; routing 2144 at concurrency 4

[   1/2144] no-platform   -            Oceanside Harbor Village
[   2/2144] no-platform   -            Crumbl Cookies
[   3/2144] no-platform   -            Westfield UTC
[   4/2144] fetch-failed  -            Ghirardelli Ice Cream & Chocolate Shop
[   5/2144] no-platform   -            Liberty Public Market
[   6/2144] no-platform   -            Sessions by the Bay Cannabis Dispensary and Lounge
[ [   7/2144] no-platform   -            Mitsuwa Marketplace - San Diego
[   8/2144] no-platform   -            Kaelin's Market
[   9/[   9/2144] screened-out  order.online Wood Ranch Mission Valley
[  10/2144] no-platform   -            Kaelin's Market
[  11/2144] no-platform   -            Cardiff Seaside Market
[  12/2144] needs-browser chownow      Burger Bench Escondido
[  13/2144] no-platform   -      [  14/2144] screened-out  order.online Wood Ranch Mission Valley
[  15/2144] no-platform   -            Red Lobster
[  16/2144] no-platform   -            Filippi's Pizza Grotto Temecula
[  17/2144] no-platform   -            Mimi's Cafe
[  18/2144] no-platform   -            Mama Kat'[  19/2144] n[  19/2144] no-platform   -            Somisomi
[  20/2144] needs-browser order.online Rodizio Grill Brazil[  21/2144] needs-browser[  21/2144] needs-browser toast        Draft South Mission
[  22/2144] fetch-failed  -            El Super
[  23/2144] no-platform   -            Yogurt Mill
[  24/2144] no-platform   -            Taquería Imperial
[  25/2144] no-platform   -            Sally's Waterfront Dining
[  26/2144] no-platform   -            Windmill Food Hall
[  27/2144] no-platform   -            Twin Peaks
[  28/2144] no-platform   -            Crumbl Cookies
[  29/2144] needs-browser chownow      Brigantine Seafood
[  30/2[  30/2144] no-platform   -            VG Donut & [  31/2144] fetch-failed  -            The Restaurant at Ponte
[  32/2144] no-platform   -            Acai Republic - Oceanside
[  33/2144] fetch-failed  -            Public Square Coffee House
[  34/2144] no-platform   -            Original Pancake House Vista
[  35/2144] no-platform   -            Portside Pier
[  36/2144] no-platform   -            Crumbl Cookies
[  37/2144] no-platform   -            Otay Farms Market & Mexican Food
[  38/2144] screened-out  order.online Al Toque | Peruvian Kitchen
[  39/21[  39/2144] no-platform   -            Otay Farms Market & Mexican Food
[  40/2144] no-platform   -            Lake Cuyamaca Restaurant & Store
[  41/2144] no-platform   -            Menudería Don Vicente
[  42/2144] needs-browser Square Online storefront Lucha Libre Taco Shop
[  43/2144] needs-browser toast        Barrio Star
[  44/2144] wrong-branch  toast        Stella Jean’s Ice Cream
[  45/2144] needs-browser order.online Tom's Famous Family Restaurant 24
[  46/2144] needs-browser olo          Dog Haus Biergarten
[  47/2144] no-platform   -            Islands Restaurant Chula Vista
[  48/2144] no-platform   -            Saigon Restaurant
[  49/2144] needs-browser toast        FIT Social
[  50/2144] needs-browser Square Online storefront Wayfarer Bread & Pastry
[  51/2144] needs-browser olo          Better Buzz Coffee San Marcos
[  52/2144] no-platform   -            Crumbl Cookies
[  53/2144] needs-browser toast        MooTime Creamery
[  54/2144] no-platform   -            Rubio's Coastal Grill
[  55/2144] fetch-failed  -            Kiko's Place-The Seafood King
[  56/2144] no-platform   -            Huckleberry's Breakfast & Lunch
[  57/2144] no-platform   -            Fridas Street Tacos
[  58/2144] no-platform   -            Los Reyes Mexican Restaurant & Cantina
[  59/2144] needs-browser toast        Good Night John Boy
[  60/2144] no-platform   -            Phở Vân Restaurant
[  61/2144] needs-browser order.online Primos Mexican Food & Cantina
[  62/2144] no-platform   -            Texas de Brazil - Carlsbad
[  63/2144] needs-browser order.online TOM's Famous Family Restaurant 22
[  64/2144] no-platform   -            Crumbl Cookies
[  65/2144] fetch-failed  -            Sweet Spot Real Jamaican Restaurant
[  66/2144] no-platform   -            Hong Kong Restaurant
[  67/2144] no-platform   -            Con Pane Rustic Bre[  68/2144] needs-browser -            Noble Experiment
[  69/2144] no-platform   -            Crumbl Cookies
[  70/2144] no-platform   -            Crumbl Cookies
[  71/2144] no-platform   -            Loreto's Taco Shop
[  72/2144] no-[  72/2144] no-platform   -            Crumbl Cookies
[  73/2144] needs-browser slice        Massachusetts Mike's Pizzeria
[  74/2144] no-platform   -            Taco Bar
[  75/2144] too-few       netwaiter    Su Pan Bakery El Cajon
[  76/2144] needs-browser chownow      Parakeet Cafe - Little Italy
[  77/2144] needs-browser plain-html   Papas & Tacos Mexican Food
[ [  78/2144] needs-browser plain-html   Papas & Tacos Mexican Food
[  79/2144] fetch-failed  -            Plazas Mexican Food
[  80/2144] no-platform   -            MOOYAH Burgers, Fries & Shakes
[  81/2144] fetch-failed  -            The Shores Restaurant
[  82/2144] needs-browser plain-html   Nick's on State
[  83/2144] no-platform   -            Deiberto's Mexican Restaurant
[  84/2144] no-platform   -            Pho Oceanside
[  85/2144] no-platform   -            Red Fox Room and Stea[  86/2[  86/2144] needs-browser GloriaFood widget That Mexican[  87/2[  87/2144] no-platform   -            Todo[  88/2[  88/2144] needs-browser toast        Coya Peruvian Secret
[  89/2144] needs-browser order.online Jimbo's - Escondido
[  90/2144] no-platform   -            Los Garcia's Taco Shop
[  91/2144] no-platform   -      [  92/2144] fetch-failed  -            Red Fox Room and Steakhouse
[  93/2144] no-platform   -            Fallbrook Cafe
[  94/2144] no-platform   -            El Real Mexican Food
[  95/2144] no-platform   -            Stone Brewing Tap Room - Oceanside
[  96/2144] needs-browser toast        Lanna Thai Cuisine
[  97/2144] needs-browser olo          Better Buzz Coffee Escondido
[  98/2144] no-platform   -            Round1 Bowling & Arcade - Na[  99/2144] [  99/2144] needs-browser olo          DQ GRILL & CHILL, OCEANSIDE
[ 100/2144] needs-browser order.online Vaqueros Carne Asada
[ 101/2144] no-platform   -            Anita's Mexican Restaurant & Cantina
[ 102/2144] screened-out  order.online Grandma Tofu & BBQ
[ 103/2144] no-platform   -            Los Junior's Mexican Food
[ 104/2144] no-platform   -            Barrio Food Hub
[ 105/2144[ 105/2144] no-platform   -            Barrio Food Hub
[ 106/2144] needs-browser Square Online storefront Empanada Kitchen
[ 107/2144] needs-browser slice        Pastalini
[ 108/2144] needs-browser slice        Pastalini
[ 109/2144] no-platform   -            I Love Bagels
[ 110/2144] fetch-failed  -            BunZ
[ 111/2144] no-platform   -            Otay Mandarin Chinese Restaurant
[ 112/2144] no-platform   -            Newtopia Cyder
[ 113/2144] no-platform   -            Hanu Korean BBQ
[ 114/2144] no-platform   -            Rubio's Coastal Grill
[ 115/2144] no-platform   -            Tocumbo Ice Cream
[ 116/2144] no-platform   -            Tiajuana Food Court
[ 117/2144] needs-browser toast        The Asian Bistro
[ 11[ 118/2144] needs-browser toast        The Asian Bistro
[ 119/2144] needs-browser Square Online storefront skybound coffee + dessert lounge
[ 120/2144] needs-browser olo          Panini Kabob Grill - Mission Valley
[ 121/2144] no-platform   -            Rockin' Ramen
[ 122/2144] no-platform   -            Palomino's Mexican & Seafood
[ 123/2144] no-platform   -            Antonio's Mexican Food
[ 124/2144] no-platform   -            It's Raw Poke Shop
[ 125/2144] needs-browser Square Online (own domain) Up2You Cafe
[ 126/2144] no-platform   -            Stake Chophouse & Bar
[ 127/2144] wrong-branch  clover       Burros & Fries Telegraph
[ 128/2144] no-platform   -            Crumbl Cookies
[ 129/2144] needs-browser order.online Sancho's Tacos
[ 130/2144] needs-browser plain-html   Nick's Del Mar
[ 131/2144] no-platform   -            Iceskimo
[ 132/2144] needs-browser olo          Better Buzz Coffee Coronado
[ 133/2144] needs-browser Square Online storefront Sunny Side Kitchen
[ 134/2144] needs-browser olo          Better Buzz Coffee Pacific Beach Grand
[ 135/2144] no-platform   -            Urban Crave
[ 136/2144] no-platform   -            Cute Cakes Bakery & Café
[ 137/2144] no-platform   -            Urban Crave
[ 138/2144] fetch-failed  -            La Concha Bakery
[ 139/2144] no-platform   -            Galpão Gaucho Brazilian Ste[ 140/2144] needs-browser SpotOn       allmine pizza and pasta
[ 141/2144] needs-browser toast        Galpão Gaucho Brazilian Steakhouse
[ 142/2144] too-few       netwaiter    Connie's
[ 143/2144] no-platform   -            Pho House
[ 144/2144] no-platform   -            Edelweiss Bakery
[ 145/2144] no-platform   -            Thai Thai Oceanside Restaurant
[ 146/2144] no-platform   -            Lucy's Bakery
[ 147/2144] no-platform   -            O'side Bakery
[ 148/2144] needs-browser spothopper   Village Pizza
[ 149/2144] needs-browser toast        Risers Pizza
[ 150/2144] needs-browser -            Sammy's Woodfire Pizza and Grille
[ 151/2144] no-platform   -            VAGA Restaurant & Bar
[ 152/2144] no-platform   -            Eppig Brewing Co. Waterfront Biergarten
[ 153/2144] needs-browser toast        1022 Cafe & Gelateria
[ 154/2144] no-platform   -            Zarlitos Family Restaurant
[ 155/2144] no-platform   -            Muay Thai Kitchen
[ 156/2144] no-platform   -            Baci Restaurant | Italian
[ 157/2144] needs-browser -            Sukho Thai Extraordinaire
[ 158/2144] no-platform   -            Golden Mandarin
[ 159/2144] needs-browser order.online Robertito's Mexican Food
[ 160/2144] needs-browser Square Online (own domain) Camp Coffee Company
[ 161/2144] no-platform   -            Mount Palomar Winery
[ 162/2144] needs-browser -            Beyer Deli
[ 163/2144] needs-browser Square Online (own domain) Beach City Smoothies
[ 164/2144] needs-browser Square Online (own domain) Portal Coffee
[ 165/2144] no-platform   -            Golden Donut
[ 166/2144] no-platform   -            Frida’s Taqueria Oceanside
[ 167/2144] no-platform   -            Shaks Medit[ 168/2144] no-platform   -            Frida’s Taqueria Oceanside
[ 169/2144] needs-browser SpotOn       Souplantation
[ 170/2144] needs-browser spothopper   Los Panchos Mexican Grill & Seafood
[ 171/2144] needs-browser Square Online storefront Prager Brothers Artisan Breads
[ 172/2144] no-platform   -            The Bella Lounge
[ 173/2144] no-platform   -            La Casa Blanca mexican restaurant
[ 174/2144] fetch-failed  -            Mi Ranchito Taco Shop
[ 175/2144] no-platform   -            Rubio's Coastal Grill
[ 176/2144] no-platform   -            Market on 8th
[ 177/2144] [ 177/2144] no-platform   -            Market on 8th
[ 178/2144] needs-browser MealKeyWay   Dumplings N More
[ 179/2144] needs-browser spothopper   Penelopes Mexican Food
[ 180/2144] needs-browser -            California Pizza Kitchen at Solana Beach
[ 181/2144] no-platform   -            Birria El Rey
[ 182/2144] needs-browser Square Online storefront Maan's Mediterranean Grill
[ 183/2144] needs-browser toast        The Remy
[ 184/2144] no-platform   -            GelatoLove Carlsbad Village
[ 185/2144] screened-out  shopify      Ascend Coffee Roasters
[ 186/2144] no-platform   -            Muri Coffee & Dessert
[ 187/2144] no-platform   -            Niederfrank's Ice Cream
[ 188/2144] no-platform   -            Panda Imperial Restaurant
[ 189/2144] no-platform   -            Mariscos Mar Y Tierra
[ 190/2144] no-platform   -            Quixote
[ 191/2144] too-few       order.online Ben & Jerry's
[ 192/2144] no-platform   -            Manna Heaven BBQ - National City
[ 193/2144] no-platform   -            The Cowshed
[ 194/2144] needs-browser order.online Rise Southern Biscuits & Righteous Chicken - San Diego
[ 195/2144] no-platform   -            The Cowshed
[ 196/2144] no-platform   -            Crumbl Cookies
[ 197/2144] needs-browser toast        Sultan Baklava
[ 198/2144] no-platform   -            Unique Pastry Fa[ 199/[ 199/2144] fetch-failed  -            Bonchon Chicken
[ 200/2144] no-platform   -            Yingli Restaurant | Chula Vista
[ 201/2144] no-platform   -            Red Lobster
[ 202/2144] needs-browser -            The Invigatorium
[ 203/2144] no-platform   -            Chiroys Cafe
[ 204/2144] fetch-failed  -            Konito's Cafe
[ 205/2144] needs-browser spothopper   Curry & More - Indian Bistro
[ 206/2144] needs-browser HungerRush   Flippin' Pizza NY Pies and Slices
[ 207/2144] needs-browser spothopper   3N1 Sports Bar & Grill
[ 208/2144] needs-browser order.online Scoops La Jolla
[ 209/2144] no-platform   -            Pacific Beach Ice Cream Co.
[ 210/2144] no-platform   -            Señor Taquero
[ 211/2144] no-platform   -            Mi Asador Mexican & Seafood Restaurant
[ 212/2144] no-platform   -            Green Vine Delicatessen
[ 213/2144] needs-browser chownow      Arizona Chinese Restaurant
[ 214/2144] no-platform   -            Jts Clubhouse Pub and Grill
[ 215/2144] no-platform   -            The Vibe
[ 216/2144] too-few       netwaiter    Aiberto's Taco Shop
[ 217/2144] needs-browser toast        Smokin J's BBQ & Taphouse
[ 218/2144] no-platform   -            Manna Heaven BBQ Downtown
[ 219/2144] needs-browser chownow      Savory Thai Restaurant
[ 220/2144] needs-browser spothopper   Julian Hard Cider
[ 221/2144] filed         own-jsonld   Gentle Grill
[ 222/2144] fetch-failed  -            Leucadia Donut Shoppe
[ 223/2144] no-platform   -            Curbside Eatery & Drinkery
[ 224/2144] needs-browser -            The Rooftop by STK
[ 225/2144] no-platform   -            Marina Kitchen
[ 226/2144] needs-browser -            Canyon Grille
[ 227/2144] no-platform   -            Camel's Bar and Grill
[ 228/2144] no-platform   -            ICHIBAN RAMEN AND SUSHI
[ 229/2144] no-platform   -            China Fun
[ 230/2144] no-platform   -            Lighthouse Ice Cream
[ 231/2144] screened-out  clover       Royal Sweets
[ 232/2144] no-platform   -            SOMISOMI
[ 233/2144] no-platform   -            Tabu Sushi Bar & Grill Santee
[ 234/2144] no-platform   -            The Buffet
[ 235/2144] fetch-failed  -            Ami Sushi
[ 236/2144] gated         chownow      Beeside Balcony La Jolla
[ 237/2144] no-platform   -            Seafood La 57
[ 238/2144] no-platform   -            Coffee by Malibu Farm
[ 239/2144] needs-browser Square Online storefront Bay Park Coffee
[ 240/2144] no-platform   -            Hidden Fish
[ 241/2144] needs-browser Square Online storefront Portinos Restaurant
[ 242/2144] too-few       shopify      Mr. Coconut CA
[ 243/2144] no-platform   -            Draft Republic San Marcos
[ 244/2144] no-platform   -            El Charro Mexican Food
[ 245/2144] fetch-failed  -            Hurricane Grill & Wings
[ 246/2144] screened-out  shopify      Vigilante Coffee
[ 247/2144] no-platform   -            Black Cat Bar
[ 248/2144] no-platform   -            La Sabrosita
[ 249/2144] needs-browser Square Online storefront Sandwich Emporium
[ 250/2144] needs-browser -            Truckstop Saloon
[ 251/2144] no-platform   -            Emma's Mexican Food
[ 252/2144] needs-browser MealKeyWay   大鼓米线Dagu Miishien
[ 253/2144] needs-browser toast        QUICK BITES CAFE / Best Sandwiches
[ 254/2144] no-platform   -            La Central - Birrieria y Menuderia
[ 255/2144] no-platform   -            Divo Diva Cafe
[ 256/2144] no-platform   -            Rise and Dine
[ 257/2144] no-platform   -            Duck Foot Brewing
[ 258/2144] fetch-failed  -            Mariscos La Perla Negra
[ 259/2144] no-platform   -            Spitz Mediterranean Street Food
[ 260/2144] no-platform   -            Rancho Las Palmas Mexican Grill & Seafood
[ 261/2144] needs-browser spothopper   il Sogno Italiano
[ 262/2144] screened-out  toast        Agave Birrieria
[ 263/2144] no-platform   -            The Batter Up Bakery
[ 264/2144] needs-browser toast        Healthy Creations Cafe
[ 265/2144] fetch-failed  -            New York Buffalo Wings
[ 266/2144] no-platform   -            Paris Baguette
[ 267/2144] no-platform   -            PanPan Wok
[ 268/2144] no-platform   -            Valentina
[ 269/2144] no-platform   -            Fortuna Ristorante Italiano
[ 270/2144] needs-browser Square Online storefront Pink Rose Cafe
[ 271/2144] no-platform   -            Angelito's Fruteria Y Neveria
[ 272/2144] gated         chownow      Finney's Crafthouse
[ 273/2144] no-platform   -            Compadres Grilled Chicken
[ 274/2144] needs-browser Square Online storefront El Cajon Elks Lodge 1812
[ 275/2144] no-platform   -            Phở Carlsbad
[ 276/2144] no-platform   -            Phở Carlsbad
[ 277/2144] no-platform   -            SanSai Japanese Grill
[ 278/2144] no-platform   -            Kinaly Thai Restaurant
[ 279/2144] fetch-failed  -            Handel's Homemade Ice Cream Vista
[ 280/2144] no-platform   -            Fugu
[ 281/2144] needs-browser Square Online storefront Genteel Coffee Roasters
[ 282/2144] needs-browser order.online TOUS les JOURS Bakery Café - La Jolla
[ 283/2144] no-platform   -            NOIR Sushi and Sake Fusion Lounge
[ 284/2144] no-platform   -            Hopnonymous Brewing Company
[ 285/2144] no-platform   -            The Par Lounge and Deck
[ 286/2144] no-platform   -            Marisco's German
[ 287/2144] needs-browser -            HillCrust Pizza
[ 288/2144] no-platform   -            Flora
[ 289/2144] no-platform   -            Tocumbo Ice Cream CV
[ 290/2144] screened-out  order.online Yogurt Heaven
[ 291/2144] needs-browser toast        Angry Chickz - Oceanside
[ 292/2144] needs-browser order.online Burrito Leo's Mexican Food
[ 293/2144] no-platform   -            Ramones Cantin[ [ 294/2144] gated         chownow      Bob's Steak & Chop House
[ 295/2144] fetch-failed  -            Zen 5
[ 296/2144] needs-browser slice        Italia Pizza
[ 297/2144] no-platform   -            Kelly's Pub, El Cajon
[ 298/2144] needs-browser Square Online (own domain) CUPPA CUPPA COFFEE COMPANY
[ 299/2144] needs-browser Square Online storefront New English Brewing - San Diego Brewery
[ 300/2144] no-platform   -            1St Street Bar
[ 301/2144] no-platform   -            Catalina Offsho[ 302/2144] no-platform   -            Catalina Offshore Products
[ 303/2144] no-platform   -            Lucy's Bakery
[ 304/2144] no-platform   -            Sweet Bakery Mexico Lindo
[ 305/2144] no-platform   -            Cafe Bella Drive Thru
[ 306/2144] no-platform   -            Off The 8 Café
[ 307/2144] gated         order.online NuYo Frozen Yogurt Telegraph Canyon
[ 308/2144] no-platform   -            Booze Brothers Brewing Co.
[ 309/2144] needs-browser HungerRush   Buonasera New York P[ 310/21[ 310/2144] no-platform   -            Royal India Express
[ 311/2144] needs-browser olo          Luna Grill Millenia
[ 312/2144] no-platform   -            Sushi On San Marcos - Japanese Restaurant
[ 313/2144] needs-browser Square Online (own domain) Solana Sumptuous Cookies
[ 314/2144] needs-browser MealKeyWay   Surfing Crab Es[ 315/21[ 315/2144] needs-browser olo          Randy's Donuts
[ 316/2144] fetch-failed  -            We Olive & Wine Bar
[ 317/2144] screened-out  menufy       Ginza Sushi
[ 318/2144] no-platform   -            Dragon Express
[ 319/2144] needs-browser -            Tacaliente Mexican Grill
[ 320/2144] no-platform   -            The Confessional by The Lost Abbey
[ 321/2144] fetch-failed  -            California Mountain Bakery
[ 322/2144] wrong-branch  toast        Belching Beaver Brewery Oceanside
[ 323/2144] no-platform   -            The Craft Creamery
[ 324/2144] no-platform   -            Tacos Alex
[ 325/2144] filed         spothopper   Best Pizza & Brew Cl[ 326/2144] needs-browser toast        Best Pizza & Brew Clairemont
[ 327[ 327/2144] wrong-branch  popmenu      Max's Restaurant Chula Vista, Cuisine of the Philippines
[ 328/2144] needs-browser HungerRush   Pop Pops Paleta
[ 329/2144] no-platform   -            Ike's Love & Sandwiches
[ 330/2144] fetch-failed  -            Thai Island@
[ 331/2144] needs-browser toast        Rosemonts Cafe
[ 332/2144] needs-browser spothopper   Santos Coffee
[ 333/2144] no-platform   -            BKK THAI KITCHEN
[ 334/2144] no-platform   -            Crumbl Cookies
[ 335/2144] no-platform   -            North Bar
[ 336/2144] no-platform   -            Nothing Bundt Cakes
[ 337/2144] fetch-failed  -            Palomino's Mexican & Seafood
[ 338/2144] no-platform   -            Los Armando's Mexican Food
[ 339/2144] no-platform   -            Rolling-Out
[ 340/2144] fetch-failed  -            Mesa Pizza
[ 341/2144] needs-browser order.online bb.q Chicken National City
[ 342/2144] screened-out  shopify      La Colombe Coffee Roasters
[ 343/2144] no-platform   -            The Art of Espresso
[ 344/2144] no-platform   -            PGA Tour Grill
[ 345/2144] wrong-branch  toast        Madi Pacific Beach
[ 346/2144] no-platform   -            Athens Market Taverna
[ 347/2144] needs-browser MealKeyWay   Ocean Buffet
[ 348/2144] no-platform   -            Teriyaki Sun
[ 349/2144] fetch-failed  -            TapShack Kombucha & Coffee
[ 350/2144] needs-browser order.online San Diego Sandwich Co
[ 351/2144] no-platform   -            Avenue Subs Coronado
[ 352/2144] needs-browser Square Online (own domain) Matcha Cafe Maiko - Escondido
[ 353/2144] no-platform   -            Kaka Rawand - كباب كاكه روند (ملحمة أنوار)
[ 354/2144] needs-browser olo          Better Buzz Coffee Oceanside South
[ 355/2144] fetch-failed  -            Botani Breakfast & Pizzeria
[ 356/2144] filed         toast        Ika Sushi & Grill
[ 357/2144] needs-browser -            Marieta's Mexican Food
[ 358/2144] no-platform   -            Eugenio Italian Ristorante & More
[ 359/2144] needs-browser HungerRush   Flippin' Pizza La Costa
[ 360/2144] needs-browser spothopper   Johnny Mañanas Ocean Beach
[ 361/2144] no-platform   -            Sky Deck at Del Mar Highlands Town Center
[ 362/2144] fetch-failed  -            Mi Barra Bar
[ 363/2144] no-platform   -            Little Fox Cups + Cones
[ 364/2144] needs-browser order.online Poki Poki - Oceanside # 1
[ 365/2144] needs-browser -            Hanna Garden
[ 366/2144] fetch-failed  -            The Library Tavern
[ 367/2144] no-platform   -            Cake de Partie
[ 368/2144] no-platform   -            Saigon Star Restaurant
[ 369/2144] needs-browser order.online Novo Brazil Brewing - Lane Ave
[ 370/2144] no-platform   -            Hanna Garden
[ 371/2144] no-platform   -            Paris Baguette
[ 372/2144] no-platform   -            Kababayan Bakery
[ 373/2144] fetch-failed  -            Mama G’s Kitchen & Sauces Peruvian Cuisine
[ 374/2144] no-platform   -            chikita cafe
[ 375/2144] no-platform   -            La Mixteca
[ 376/2144] fetch-failed  -            Thai Garden
[ 377/2144] fetch-failed  -            the Koffie Co
[ 378/2144] no-platform   -            Donuts Plus
[ 379/2144] needs-browser -            Galu Café and Delicatessen
[ 380/2144] no-platform   -            Relic Bakery & Kitchen
[ 381/2144] no-platform   -            Continent Delicatessen
[ 382/2144] no-platform   -            The Camp Store
[ 383/2144] no-platform   -            Pizza Mania
[ 384/2144] no-platform   -            Bravo Cafe
[ 385/2144] no-platform   -            Valerio's 1979
[ 386/2144] screened-out  shopify      Barefoot Coffee Roasters
[ 387/2144] no-platform   -            Backdraft Bar & Grill
[ 388/2144] needs-browser SpotOn       Porky's Lechon Barbecue
[ 389/2144] needs-browser Square Online storefront Crossroads Deli
[ 390/2144] needs-browser spothopper   Isabelle Briens French Pastry Cafe
[ 391/2144] filed         shopify      Flor and Seed Coffee Roasters
[ 392/2144] no-platform   -            Wisteria Candy Cottage
[ 393/2144] needs-browser order.online Primos Mexican Food & Cantina
[ 394/2144] needs-browser Square Online (own domain) Elixir Espresso & Wine Bar
[ 395/2144] needs-browser plain-html   South of Nick's Del Mar | Mexican Kitchen + Bar
[ 396/2144] too-few       netwaiter    Opa Greek Restaurant & Grill
[ 397/2144] no-platform   -            KD's Donuts
[ 398/2144] no-pla[ 398/2144] no-platform   -      [ 399/2144] needs-browser MenuSifu     Sizzling Pot King
[ 400/2144] needs-browser SpotOn       Lupe's Cafe Mexican Restaurant
[ 401/2144] no-platform   -            Ginza Sushi
[ 402/2144] no-platform   -            Imperial Express
[ 403/2144] fetch-failed  -            Famous Oasis Ice Cream Parlor
[ 404/2144] needs-browser order.online Halal Burger Co.
[ 405/2144] gated         chownow      CinKuni (Italian [ 406/2144] no-platf[ 406/2144] no-platform   -         [ 407/2144] gated         chownow      CinKuni (Italian & Japanese Cuisine)
[ 408/2144] needs-browser SpotOn       Tasty Pho
[ 409/2144] fetch-failed  -            Potato Corner
[ 410/2144] needs-browser toast        The Outpost by Valley Farm
[ 411/2144] needs-browser olo          Tocaya Modern Mexican
[ 412/2144] needs-browser olo          Better Buzz Coffee Imperial Beach
[ 413/2144] needs-browser Square Online (own domain) Tyne Coffee Co.
[ 414/2144] fetch-failed  -            Cielo Rooftop
[ 415/2144] no-platform   -            Beginners Diner
[ 416/2144] no-platform   -            El Original Mariscos German
[ 417/2144] needs-browser -            Swami's
[ 418/2144] no-platform   -            Alibi
[ 419/2144] no-platform   -            Calico Cidery
[ 420/2144] no-platform   -            California Bean
[ 421/2144] needs-browser Square Online (own domain) Chef Budda Blasian Soul Food LLC
[ 422/2144] no-platform   -            KM BBQ
[ 423/2144] filed         order.online The Pad Thai Stand
[ 424/2144] no-platform   -            Glazed Coffee & Creamery
[ 425/2144] no-platform   -            Kaffee Meister
[ 426/2144] no-platform   -            The Shack Kitchen + Coffee
[ 427/2144] fetch-failed  -            Mariscos Gonzalez
[ 428/2144] needs-browser olo          Luna Grill Encinitas
[ 429/2144] no-platform   -            Live Oak Market & restaurant @ gas station
[ 430/2144] no-platform   -            Piedra Santa
[ 431/2144] too-few       netwaiter    Wings mix
[ 432/2144] fetch-failed  -            East Village Brewing Company
[ 433/2144] no-platform   -            The Leucadian
[ 434/2144] no-platform   -            Beach + Taco Shack
[ 435/2144] needs-browser toast        Na Tart
[ 436/2144] fetch-failed  -            Mariscos La Bola
[ 437/2144] no-platform   -            Hill Street Donut House
[ 438/2144] no-platform   -            Menuderia y mariscos GDL
[ 439/2144] fetch-failed  -            Gyrogrill
[ 440/2144] no-platform   -            Brewjería Taproom & Kitchen
[ 441/2144] needs-browser toast        Okama Ramen and Grill
[ 442/2144] needs-browser Square Online storefront Garden Coffee
[ 443/2144] no-platform   -            Stir It Up CoffeeHouse & Cafe
[ 444/2144] no-platform   -            Nothing Bundt Cakes
[ 445/2144] no-platform   -            Fridas Taqueria
[ 446/2144] no-platform   -            ENO Market & Pizzeria
[ 447/2144] no-platform   -            Nickel Beer Company
[ 448/2144] needs-browser slice        Giant Pizza King Linda Vista
[ 449/2144] needs-browser Square Online storefront Thyme for Lunch Cafe & Grill
[ 450/2144] wrong-branch  popmenu      Cocina de Barrio North Park
[ 451/2144] screened-out  clover       PorchLight Coffee
[ 452/2144] needs-browser clover       Himalayan Bistro Oceanside
[ 453/2144] needs-browser -            Olala Crepes
[ 454/2144] no-platform   -            6th & G Breakfast Co
[ 455/2144] screened-out  menufy       IB Thai
[ 456/2144] no-platform   -            Phở Hòa Restaurant | Vietnamese
[ 457/2144] no-platform   -            SoCal Sushi
[ 458/2144] no-platform   -            Fusion Bar & Lounge
[ 459/2144] no-platform   -            Ko-Li Bar
[ 460/2144] needs-browser Square Online storefront Mesa Agricola
[ 461/2144] needs-browser order.online Fatboy's Deli & Spirits
[ 462/2144] no-platform   -            Paris Baguette
[ 463/2144] no-platform   -            The Grounds Bean Bar
[ 464/2144] needs-browser Square Online (own domain) Industrial Grind Coffee
[ 465/2144] needs-browser chownow      Ironsmith Coffee Roasters
[ 466/2144] no-platform   -            Home Coffee
[ 467/2144] fetch-failed  -            Gooseberries kafe
[ 468/2144] no-platform   -            Caffé Adesso
[ 469/2144] needs-browser order.online Memo's Bagel Café
[ 470/2144] no-platform   -            Gelabong
[ 471/2144] needs-browser chownow      Pho Hiep & Grill
[ 472/2144] needs-browser Square Online storefront iWok Chinese Kitchen
[ 473/2144] screened-out  shopify      Seven Seas Roasting Company
[ 474/2144] needs-browser order.online L&L Hawaiian Barbecue - San Marcos (Inside Walmart)
[ 475/2144] needs-browser -            Fat Joe’s O’side
[ 476/2144] fetch-failed  -            Donut Factory
[ 477/2144] needs-browser slice        West Coast Pizza Company
[ 478/2144] needs-browser Square Online storefront Mnemonic Coffee
[ 479/2144] no-platform   -            Chopsticks Chinese Cuisine
[ 480/2144] no-platform   -            Charli's Landing
[ 481/2144] no-platform   -            SOBREMESA
[ 482/2144] no-platform   -            Convoy Music Bar
[ 483/2144] no-platform   -            Pick Up Stix Fresh Asian Flavors
[ 484/2144] no-platform   -            La Moreliana
[ 485/2144] no-platform   -            Paradisaea
[ 486/2144] no-platform   -            Mutual Friend Ice Cream
[ 487/2144] no-platform   -            Poki Poki - Escondido
[ 488/2144] needs-browser -            Banh Mi Blvd
[ 489/2144] no-platform   -            Katsuya Ko
[ 490/2144] no-platform   -            The BLVD Bar
[ 491/2144] needs-browser Square Online (own domain) Dot Cafe
[ 492/2144] no-platform   -            Tea Pavilion
[ 493/2144] needs-browser order.online BB's Deli
[ 494/2144] no-platform   -            Bronze Bird
[ 495/2144] fetch-failed  -            Bistro Pazzo
[ 496/2144] no-platform   -            Paris Baguette
[ 497/2144] fetch-failed  -            Valentinas Taco Shop
[ 498/2144] no-platform   -            Blue Pepper Asian Cuisine
[ 499/2144] fetch-failed  -            That Boy Good
[ 500/2144] fetch-failed  -            Memo's Golden Bagel
[ 501/2144] needs-browser slice        Pop's Pizza
[ 502/2144] needs-browser -            Seaview Restaurant
[ 503/2144] no-platform   -            Taconora Pacific Beach
[ 504/2144] fetch-failed  -            The Reunion
[ 505/2144] needs-browser order.online bb.q Chicken Vista
[ 506/2144] needs-browser order.online Le Macaron French Pastries
[ 507/2144] no-platform   -            Cali Cafe
[ 508/2144] no-platform   -            University Coffee Co
[ 509/2144] no-platform   -            Premier Pub
[ 510/2144] fetch-failed  -            The Lean Bean
[ 511/2144] fetch-failed  -            Eat Your Heart Out II
[ 512/2144] needs-browser SpotOn       Kalei's Kitchenette
[ 513/2144] needs-browser MealKeyWay   Iron Wok
[ 514/2144] no-platform   -            Side Chick - Chicken & Fries
[ 515/2144] needs-browser order.online Häagen-Dazs
[ 516/2144] no-platform   -            Origen
[ 517/2144] needs-browser toast        Tahini Authentic Middle Eastern Street Food - Mission Valley
[ 518/2144] no-platform   -            Julian Station
[ 519/2144] no-platform   -            EL ENCANTO SD
[ 520/2144] filed         toast        Baja Rick's Cantina
[ 521/2144] no-platform   -            San Diego Blenders
[ 522/2144] no-platform   -            Quality Taste Pot
[ 523/2144] needs-browser slice        Rock On Pizza
[ 524/2144] no-platform   -            Masala house Indian Restaurant & Catering
[ 525/2144] fetch-failed  -            Pazzos Italian
[ 526/2144] fetch-failed  -            Bar Kamon
[ 527/2144] no-platform   -            Nanay's Best BBQ
[ 528/2144] needs-browser Square Online storefront Sue's Korean Kitchen
[ 529/2144] fetch-failed  -            Al Teatro Panini Grill
[ 530/2144] fetch-failed  -            Fruttos Yogurt
[ 531/2144] screened-out  shopify      BEAURISTA COFFEE
[ 532/2144] no-platform   -            Little Ceasar's
[ 533/2144] no-platform   -            Black Radish
[ 534/2144] no-platform   -            Delah Coffee - North Park
[ 535/2144] no-platform   -            Doc Holliday's
[ 536/2144] fetch-failed  -            Idego Coffee Roasters
[ 537/2144] fetch-failed  -            Nory's Donut & Bakery
[ 538/2144] fetch-failed  -            Frutas
[ 539/2144] no-platform   -            Jalisco Cantina
[ 540/2144] no-platform   -            Explorers Café
[ 541/2144] fetch-failed  -            Rosarito's Mexican Food #2
[ 542/2144] needs-browser Square Online storefront Tacoman
[ 543/2144] no-platform   -            Criscito Pizza
[ 544/2144] needs-browser Square Online storefront La Ola Seafood
[ 545/2144] too-few       netwaiter    Nolberto's Taco Shop
[ 546/2144] needs-browser olo          Panini Kabob Grill - Westfield UTC
[ 547/2144] needs-browser Square Online storefront Lucha Libre Taco Shop
[ 548/2144] no-platform   -            NuYo Frozen Yogurt Eastlake
[ 549/2144] fetch-failed  -            Nana's and Pops Sweet Shop
[ 550/2144] needs-browser spothopper   Liberty Wing Co
[ 551/2144] fetch-failed  -            Victor's Kafe - Poway
[ 552/2144] no-p[ 552/2144] fetch-failed  -            Victor's Kafe - Poway
[ 553/2144] no-platform   -            Sweet Revenge Bakery
[ 554/2144] no-platform   -            SHELTER Encinitas
[ 555/2144] no-platform   -            Surfdog's Java Hot
[ 556/2144] no-platform   -            Red Ribbon Bakeshop
[ 557/2144] needs-browser toast        Harry’s Coffee Shop - Del Mar
[ 558/2144] no-platform   -            Hino
[ 559/2144] fetch-failed  -            43 Area Mess Hall
[ 560/2144] fetch-failed  -            Sideways Bar
[ 561/2144] no-platform   -            The Luau
[ 562/2144] no-platform   -            Crispy Cones - Carlsbad
[ 563/2144] screened-out  spothopper   Luna's LUNpias Filipino Fusion Eatery
[ 564/2144] needs-browser spothopper   N City Sports Lounge
[ 565/2144] needs-browser olo          Better Buzz Coffee Del Mar
[ 566/2144] fetch-failed  -            Thai Fresh
[ 567/2144] no-platform   -            Coral Tree Tea House
[ 568/2144] needs-browser Square Online storefront Prager Brothers Artisan Bread
[ 569/2144] fetch-failed  -            Prince Hookah Cafe
[ 570/2144] fetch-failed  -            P B Pub
[ 571/2144] no-platform   -            World Famous I Bar
[ 572/2144] no-platform   -            Red Ribbon Bakeshop
[ 573/2144] no-platform   -            Christophe Rull Patisserie
[ 574/2144] no-platform   -            Cafe Bella Midway
[ 575/2144] no-platform   -            Coco & Jules Cookies
[ 576/2144] needs-browser toast        La Jollita
[ 577/2144] needs-browser Square Online storefront Fan-Fan
[ 578/2144] no-platform   -            JOEHNS Coffee
[ 579/2144] no-platform   -            Nothing Bundt Cakes
[ 580/2144] no-platform   -            Thai Style
[ 581/2144] no-platform   -            The Halal Shack
[ 582/2144] no-platform   -            Brown Bag Deli
[ 583/2144] no-platform   -            Aztec Food Hub
[ 584/2144] needs-browser order.online Chin's Szechwan - Point Loma
[ 585/2144] needs-browser toast        Mr. Charlie's
[ 586/2144] needs-browser -            Sammy's Restaurant & Bar
[ 587/2144] needs-browser MealKeyWay   One More Bite Dumpling--San Marcos
[ 588/2144] no-platform   -            Penguin Yogurt Factory
[ 589/2144] no-platform   -            Tony’s Newport Cafe
[ 590/2144] no-platform   -            Tacos de Birria El Chinito Jr
[ 591/2144] needs-browser -            Prey Brewing Company
[ 592/2144] needs-browser plain-html[ 593/2144] sc[ 593/2144] screened-out  clover       OB Quik Stop Liquor & OB Deli
[ 594/2144] fetch-failed  -            Gotcha
[ 595/2144] no-platform   -            Taco Time Food Truck
[ 596/2144] no-platform   -            Fairplay
[ 597/2144] needs-browser Square Online storefront Prager Brothers Artisan B[ 598/2144] no-platform   -            Kona Coffee
[ 599/[ 599/2144] needs-browser SpotOn       D Wings & Ribs
[ 600/2144] needs-browser Square Online (own domain) Beach City Smoothies - Oceanside
[ 601/2144] no-platform   -            The Elegant Truffle
[ 602/2144] no-platform   -            Gon[ 603/[ 603/2144] filed         order.online Party Burgers by Booze Brothers Brewi[ 604/2144] needs-browser -            SHAKA Coffee
[ 605/2144] no-platform   -            Nothing Bundt Cakes
[ 606/2144] needs-browser -            Panorama Bar & Grill
[ 607/2144] no-platform   -            Millport
[ 608/2144] needs-browser toast        Prey Brewing Company
[ 609/2144] needs-browser Square Online (own domain) Interim Coffee
[ 610/2144] no-platform   -            The Saloon
[ 611/2144] no-platform   -            ThirsTea - Boba, Rolled Ice Cream
[ 612/2144] needs-browser slice        Lakes Market & Deli
[ 613/2144] no-platform   -            Michi Michi Baking Collective
[ 614/2144] filed         toast        Stella Jean's Ice Cream
[ 615/2144] no-platform   -            Ichifuji Sushi
[ 616/2144] no-platform   -            Seahorse Coffee
[ 617/2144] needs-browser -            Tsunami Modern Cuisine
[ 618/2144] no-platform   -            The Deli Stop
[ 619/2144] no-platform   -            The [ 620/2144] [ 620/2144] needs-browser MealKeyWay   JCK Asia Ki[ 621/2144] [ 621/2144] needs-browser Square Online storefront[ 622/2144] [ 622/2144] no-platform   -            Streets [ 623/2144] [ 623/2144] needs-browser order.online Poki Poki [ 624/2144] [ 624/2144] needs-browser toast        Matoi
[ 625/2144] needs-browser MealKeyWay   Dumplings N More
[ 626/2144] wrong-branch  toast        Corner Pizza Oceanside
[ 627/2144] needs-browser MealKeyWay   Zhengxin Chicken Steak
[ 628/2144] no-platform   -            Chin's Gourmet
[ 629/2144] no-platform   -            Parkys
[ 630/2144] needs-browser toast        Bonehead Burger Co.
[ 631/2144] needs-browser HungerRush   Trining's Bakery & Cafe
[ 632/2144] no-platform   -            Docent Brewing
[ 633/2144] needs-browser Square Online (own domain) Elixir Espresso Bar
[ 634/2144] fetch-failed  -            Topside Terrace Kitchen[ 635/2[ 635/2144] needs-browser Square Online storefr[ 636/2144] need[ 636/2144] no-platform   -            Shanghai[ 637/214[ 637/2144] needs-browser MealKeyWay   Ten [ 638/214[ 638/2144] no-platform   -            Little Joy Co[ 639/2144] no-platform   -            China Express
[ 640/2144] screened-out  order.online La Fresita Y Mas
[ 641/2144] fetch-failed  -            Pho Olala
[ 642/2144] needs-browser toast        Bonehead Burger Co.
[ 643/2144] no-platform   -            Chins Gourmet
[ 644/2144] no-platform   -            Mr. Pulpo Sea Food
[ 645/2144] no-platform   -            Finca
[ 646/2144] no-platform   -            The Peruvian Spot
[ 647/2144] needs-browser toast        Tita's Taco Shop
[ 648/2144] needs-browser Square Online storefront ZzanG Hotdog & Chicken
[ 649/2144] fetch-failed  -            Reds Whites and Brews
[ 650/2144] screened-out  clover       Fresh Café
[ 651/2144] no-platform   -            Fuzziwig's Candy Factory
[ 652/2144] no-platform   -            Good Source Coffee
[ 653/2144] no-platform   -            The Lean Machine Meal Prep
[ 654/2144] no-platform   -            CoLab Public House
[ 655/2144] needs-browser MealKeyWay   Hi!Dumplings
[ 656/2144] no-platform   -            The Modern Churro mexican food
[ 657/2144] screened-out  clover       Hooked On Pokè
[ 658/2144] needs-browser olo          Sweetfin
[ 659/2144] wrong-branch  order.online Saffron and Rose Persian Ice Cream Del Mar
[ 660/2144] needs-browser order.online EsKiNiTa
[ 661/2144] no-platform   -            Sunday Ice Cream
[ 662/2144] needs-browser order.online Daniel's Taco Shop
[ 663/2144] no-platform   -            Pick Up Stix Fresh Asian Flavors
[ 664/2144] needs-browser SpotOn       Crest Taco
[ 665/2144] no-platform   -            Chee-Chee Club
[ 666/2144] no-platform   -            Channel 2 Sports Bar
[ 667/2144] needs-browser toast        Curry Pizza Pointe
[ 668/2144] no-platform   -            Borrego Rooftop
[ 669/2144] needs-browser Square Online (own domain) JAVA GARDEN
[ 670/2144] no-platform   -            El Culichi - Birriería y Cenaduría
[ 671/2144] needs-browser SpotOn       Hot or Not Thai
[ 672/2144] fetch-failed  -            Roots Bowls
[ 673/2144] no-platform   -            Pina Smoothies Twin Peaks
[ 674/2144] needs-browser MealKeyWay   Szechuan Chef Chinese Cuisine
[ 675/21[ 675/2144] needs-browser Paytronix    Pure Green Carlsbad - smoothies + acai + cold-presse[ 676/2144] wrong-branch  toast        Stella Jean's Ice Cream Pacific Beach
[ 677/2144] no-platform   -            Bistro Kaz
[ 678/2144] no-platform   -            8th & B Poke
[ 679/2144] no-platform   -            Rosa's Ice Cream and Fruit Bar
[ 680/2144] screened-out  shopify      Mcilhenney Brewing Co.
[ 681/2144] no-platform   -            Osaka House Ramen & Sushi - Temecula
[ 682/2144] fetch-failed  -            The Landing Strip Restaurant and Bar
[ 683/2144] needs-browser HungerRush   Flippin Pizza Encinitas
[ 684/2144] no-platform   -            Vanessa's Cocina Mexicana
[ 685/2144] no-platform   -            Chen Golden Palace
[ 686/2144] filed         own-jsonld   Donut Star
[ 687/2144] no-platform   -            La Central
[ 688/2144] needs-browser order.online DaYung's Tea
[ 689/2144] no-platform   -            Sweet Spot
[ 690/2144] needs-browser -            Elote Restaurant
[ 691/2144] no-platform   -            Mess Hall
[ 692/2144] needs-browser toast        Between Us
[ 693/2144] needs-browser -            Stella Jean's Ice Cream Kensington
[ 694/2144] no-platform   -            Yummy Spoon
[ 695/2144] fetch-failed  -            Deano's Pub
[ 696/2144] no-platform   -            Mike Hess Brewing Tasting Room
[ 697/2144] no-platform   -            Thai2You Restaurant
[ 698/2144] needs-browser toast        Hilltop Deli (Amy's)
[ 699/2144] needs-browser plain-html   Chef’s Wok & Dumplings
[ 700/2144] no-platform   -            It's A Piece A Cake
[ 701/2144] no-platform   -            24 Suns
[ 702/2144] no-platform   -            San Diego Eagle
[ 703/2144] no-platform   -            City Dragon
[ 704/2144] needs-browser toast        Wine Girl San Diego
[ 705/2144] no-platform   -            Sundaes at The Del
[ 706/2144] needs-browser toast        Upper East
[ 707/2144] fetch-failed  -            Canyon Vista Restaurant
[ 708/2144] no-platform   -            Okavango Outpost
[ 709/2144] no-platform   -            The Island at Carlsbad
[ 710/2144] no-platform   -            Kaki Sushi
[ 711/2144] no-platform   -            Tender Hooligan
[ 712/2144] no-platform   -            Yakumi Sushi SD
[ 713/2144] needs-browser toast        Big City Bagels-(BCB Cafe)-North Park
[ 714/2144] needs-browser chownow      The Boochyard
[ 715/2144] fetch-failed  -            Bighorn Fudge LLC
[ 716/2144] no-platform   -            Silver Gate Yacht Club
[ 717/2144] wrong-branch  toast        Perfect Pizza
[ 718/2144] needs-browser chownow      Burger Bench Vista
[ 719/2144] needs-browser order.online Taste of Thai
[ 720/2144] no-platform   -            Karihan Filipino Food
[ 721/2144] fetch-failed  -            Mikara Cafe
[ 722/2144] no-platform   -            Somisomi
[ 723/2144] fetch-failed  -            Intazza Coffee Mug & Grub
[ 724/2144] fetch-failed  -            Kinchana
[ 725/2144] no-platform   -            Cala La Jolla Café
[ 726/2144] needs-browser clover       Ryan Bros Coffee City Heights
[ 727/2144] fetch-failed  -            Spoon House
[ 728/2144] needs-browser order.online Elsa's Kitchen
[ 729/2144] screened-out  toast        Agave Taco Shop
[ 730/2144] needs-browser Square Online storefront House of Pho
[ 731/2144] no-platform   -            Hoffer's Cigar Bar
[ 732/2144] no-platform   -            The Mission Bay Beach Club
[ 733/2144] no-platform   -            Juice Alchemy
[ 734/2144] fetch-failed  -            Mosa Tea
[ 735/2144] needs-browser Square Online storefront Mad Munch Grilled Cheezer Co.
[ 736/2144] screened-out  slice        Mike's Giant New York Pizza
[ 737/2144] no-platform   -            Gloria's Taco Shop
[ 738/2144] needs-browser Square Online storefront Copa Vida
[ 739/2144] needs-browser plain-html   JNC Pinoy Foodmart
[ 740/2144] screened-out  order.online Carbonaro's
[ 741/2144] wrong-branch  toast        Achilles Coffee Roasters
[ 742/2144] no-platform   -            Bopomofo Cafe
[ 743/2144] needs-browser MealKeyWay   Fish With You ｜Spicy & Sour Fish Soup 鱼你在一起酸菜鱼
[ 744/2144] no-platform   -            Cool Down Coffee
[ 745/2144] no-platform   -            Novecientos Grados by Tony Hawk
[ 746/2144] no-platform   -            Pure Meal Prep SD
[ 747/2144] no-platform   -            Nobu
[ 748/2144] no-platform   -            Pizza Guys
[ 749/2144] no-platform   -            Teriyaki Madness
[ 750/2144] screened-out  order.online Frida's Taqueria
[ 751/2144] needs-browser chownow      Juice Kaboose
[ 752/2144] needs-browser Square Online storefront Goli
[ 753/2144] no-platform   -            The Gärten
[ 754/2144] needs-browser chownow      Leos Kitchen
[ 755/2144] needs-browser toast        Junction Bar & Grill
[ 756/2144] no-platform   -            Smittys Downtown
[ 757/2144] fetch-failed  -            Two Hands Corn Dog San Marcos
[ 758/2144] wrong-branch  clover       Manzanita Roasting Co
[ 759/2144] fetch-failed  -            SD Cookie Guru
[ 760/2144] no-platform   -            The Elw[ 761/2144] needs-browser toast        Taco Lounge Escaya
[ 762/2144] fetch-failed  -            SD Cookie Guru
[ 763/2144] no-platform   -            Arcana Brewing Company
[ 764/2144] needs-browser toast        Sultan Baklava Mediterranean Grill
[ 765/2144] no-platform   -            Tom's Chinese BBQ
[ 766/2144] fetch-failed  -            Godfather's Diner
[ 767/2144] needs-browser spothopper   Bear Roots Tavern
[ 768/2144] needs-browser order.online Donut Bros
[ 769/2144] no-platform   -            Urban Bubble
[ 770/2144] no-platform   -            La Nacional
[ 771/2144] filed         own-jsonld   Chiim Thai
[ 772/2144] needs-browser order.online Deli Belly
[ 773/2144] no-platform   -            Juan Jasper Kitchen & Wine
[ 774/2144] no-platform   -            Pizzabilities - Alpine
[ 775/2144] fetch-failed  -            Las Brazas Mexican Food
[ 776/2144] no-platform   -            JJANG Korean bb[ [ 777/2144] no-platform   -            2N1 Korean BBQ
[ 778/2144] no-platform   -            Forbidden Cove
[ 779/2144] needs-browser order.online Eggies
[ 780/2144] no-platform   -            All Stars Sports Bar & Grill
[ 781/2144] no-platform   -            Nothing Bundt Cakes
[ 782/2144] needs-browser Square Online storefront Tasty Pizza Escondido LLC
[ 783/2144] wrong-branch  clover       Hyderabad Cafe
[ 784/2144] fetch-failed  -            DoughBoy's Grill
[ 785/2144] no-platform   -            CABETOS Pops
[ 786/2144] too-few       netwaiter    Roma's Pizza
[ 787/2144] no-platform   -            Angela's Eccentric Kitchen
[ 788/2144] no-platform   -            Juice Stop Encinitas
[ 789/2144] no-platform   -            Agave Bar and Grill
[ 790/2144] needs-browser SpotOn       La Banana Fruits - Fruteria
[ 791/2144] fetch-failed  -            El Mundo De Mariscos Mexican Food
[ 792/2144] needs-browser Square Online storefront The Brewers Tap Room
[ 793/2144] fetch-failed  -            Deano's Pub East
[ 794/2144] no-platform   -            Kind Coffee
[ 795/2144] screened-out  shopify      Fuzz Coffee and Records
[ 796/2144] fetch-failed  -            Brew Wave Coffee
[ 797/2144] no-platform   -            Understory Bar
[ 798/2144] no-platform   -            Picasso's Naturals
[ 799/2144] too-few       netwaiter    Star Express
[ 800/2144] needs-browser toast        Angry Petes Pizza Point Loma
[ 801/2144] no-platform   -            Hill Top Winery[[ 802/2144] no-platform   -            Nova Easy Kombucha
[ 803/2144] needs-browser Square Online (own domain) Slurp
[ 804/2144] needs-browser Square Online (own domain) R[ 805/2144] need[ 805/2144] no-platform   -            Filipino Grill
[ 806/2144] no-platform   -            Taqueria Campos
[ 807/2144] needs-browser -            Torreyana
[ 808/2144] needs-browser MealKeyWay   Spicy Noodle
[ 809/2144] needs-browser Square Online storefront Mama Made Thai
[ 810/2144] no-platform   -            Adonai Desserts and More
[ 811/2144] fetch-failed  -            Ma's House
[ 812/2144] no-platform   -            La Corriente Coronado
[ 813/2144] no-platform   -            Umi Sushi and Oyster Bar
[ 814/2144] screened-out  menufy       Sushi Monster
[ 815/2144] fetch-failed  -            Quarter Deck Inn Cocktails
[ 816/2144] fetch-failed  -            Bonchon Chicken
[ 817/2144] needs-browser -            Dragon's Den
[ 818/2144] needs-browser Square Online storefront PB Poke House Oceanside
[ 819/2144] no-platform   -            Vista Bean Coffee
[ 820/2144] no-platform   -            The Space Pad
[ 821/2144] no-platform   -            The Story Caffè
[ 822/2144] no-platform   -            Village Pub
[ 823/2144] needs-browser order.online Bowls N Brews
[ 824/2144] no-platform   -            Del Sushi
[ 825/2144] fetch-failed  -            Linda's Donuts
[ 826/2144] no-platform   -            Ellie's Wood Fired Pizza
[ 827/2144] no-platform   -            Alpine Chill
[ 828/2144] no-platform   -            Main Street Pour House - Vista
[ 829/2144] no-platform   -            SusieCakes - Carlsbad Forum
[ 830/2144] needs-browser slice        Fiori’s Pizza
[ 831/2144] no-platform   -            Tastea
[ 832/2144] needs-browser Square Online (own domain) Mirin Kitchen
[ 833/2144] needs-browser chownow      Juice Caboose
[ 834/2144] needs-browser Square Online (own domain) Aloha Ice Co
[ 835/2144] fetch-failed  -            Harvey's
[ 836/2144] needs-browser chownow      Juice Caboose
[ 837/2144] fetch-failed  -            Immersion Coffee
[ 838/2144] no-platform   -            Rush Bowls
[ 839/2144] fetch-failed  -            Tierra Mia Coffee Drive Thru
[ 840/2144] wrong-branch  popmenu      Alohana Acai Bowls and Smoothies - Vista
[ 841/2144] no-platform   -            Coffee Wave
[ 842/2144] needs-browser order.online Bag of Beans Cafe & Restaurant
[ 843/2144] no-platform   -            Tutti Frutti
[ 844/2144] needs-browser GloriaFood widget Fuego Mediterranean Grill
[ 845/2144] needs-browser SpotOn       Mariscos y Miches El Patron
[ 846/2144] no-platform   -            Thovo Mariscos & Birria
[ 847/2144] no-platform   -            Tolin's Tacos
[ 848/2144] no-platform   -            KYODAI 23 SUSHI
[ 849/2144] no-platform   -            Hometown Taste
[ 850/2144] no-platform   -            Burrito King
[ 851/2144] screened-out  shopify      Vigilante Coffee Vista
[ 852/2144] wrong-branch  toast        Pizza 22
[ 853/2144] no-platform   -            Granny's Apple Fries
[ 854/2144] fetch-failed  -            Litas Fish Market - Oceanside
[ 855/2144] needs-browser -            Odysea Lounge
[ 856/2144] no-platform   -            Growlers Sports Bar & Taproom
[ 857/2144] needs-browser chownow      Parakeet Cafe - Carlsbad
[ 858/2144] screened-out  shopify      Seven Seas Roasting
[ 859/2144] no-platform   -            Marathon Coffee
[ 860/2144] no-platform   -            Galata Turkish Ice Cream
[ 861/2144] needs-browser Square Online storefront Dog Leg Brewing
[ 862/2144] needs-browser toast        Burekas Box
[ 863/2144] no-platform   -            Bowl To Go
[ 864/2144] no-platform   -            Unique Sandwiches
[ 865/2144] fetch-failed  -            El Mercadito
[ 866/2144] no-platform   -            Marta
[ 867/2144] needs-browser toast        A Louest
[ 868/2144] no-platform   -            Snow Pops San Diego - Snow Pops SD
[ 869/2144] no-platform   -            Volcan Mountain Winery
[ 870/2144] no-platform   -            Java Earth Coffee
[ 871/2144] no-platform   -            Mi Amigo Mexican Food & Sea
[ 872/2144] fetch-failed  -            Vica’s Cafe
[ 873/2144] no-platform   -            Frank's Bakery - Gibaldi's Italian Bread
[ 874/2144] no-platform   -            Star Dust Donut Shop
[ 875/2144] no-platform   -            Carruth Cellars Tasting Room
[ 876/2144] no-platform   -            Cj Lounge
[ 877/2144] fetch-failed  -            Juice Adventure
[ 878/2144] no-platform   -            Las Michoacanas
[ 879/2144] needs-browser -            Tutti Frutti Frozen Yogurt
[ 880/2144] no-platform   -            Taqueria Daily Fresh
[ 881/2144] needs-browser order.online Sunny Scoops
[ 882/2144] no-platform   -            Los Cucos Mexican Food
[ 883/2144] wrong-branch  order.online The Pad Thai Stand
[ 884/2144] needs-browser Square Online (own domain) The Craft Taco at The Nat
[ 885/2144] no-platform   -            Leu Leu
[ 886/2144] fetch-failed  -            Cheers
[ 887/2144] fetch-failed  -            Jungle Tea
[ 888/2144] no-platform   -            Ocean View Bar & Grill
[ 889/2144] fetch-failed  -            Bang Bang
[ 890/2144] needs-browser -            Golden Spoon Carlsbad Plaza
[ 891/2144] needs-browser Square Online (own domain) Castelli & Pizarro Family Vineyards & Winery
[ 892/2144] needs-browser Square Online storefront Mein St. Asian Kitchen
[ 893/2144] no-platform   -            Social hookah lounge
[ 894/2144] needs-browser slice        Papa's Pizza
[ 895/2144] fetch-failed  -            Ten Seconds Yunnan Rice Noodle
[ 896/2144] wrong-branch  clover       Burros and Fries
[ 897/2144] no-platform   -            Belinda's Familia Mexican Food Truck
[ 898/2144] no-platform   -            Mendoza’s Mexican Food
[ 899/2144] no-platform   -            Latchkey Brewing Company
[ 900/2144] no-platform   -            Saki Saki Sushi Bar & Grill
[ 901/2144] needs-browser -            Bar Traza
[ 902/2144] no-platform   -            Cup of Yo
[ 903/2144] fetch-failed  -            Ferlini Coffee
[ 904/2144] needs-browser Square Online (own domain) Pho Ever Carlsbad
[ 905/2144] no-platform   -            Chen's Kitchen
[ 906/2144] no-platform   -            Chai Waii Chinese Food
[ 907/2144] needs-browser -            BOPJO Korean-Mexican Grill
[ 908/2144] filed         toast        Bubba's Kitchen, Tap & Sports Bar
[ 909/2144] no-platform   -            Midnight Animal Coffee
[ 910/2144] no-platform   -            Sam's Farm Fresh
[ 911/2144] no-platform   -            Rise + Shine Coffee Shop
[ 912/2144] no-platform   -            Hongyuan Kebab
[ 913/2144] no-platform   -            Badas Burgers Food Truck
[ 914/2144] no-platform   -            Nékter Juice Bar
[ 915/2144] no-platform   -            Park Commons
[ 916/2144] needs-browser Square Online storefront Empanada Kitchen
[ 917/2144] no-platform   -            Crab City (La Jolla Cove)
[ 918/2144] fetch-failed  -            Café Ventanas
[ 919/2144] no-platform   -            Barona Oaks Steakhouse
[ 920/2144] no-platform   -            The Shore Room
[ 921/2144] fetch-failed  -            Bobalicious
[ 922/2144] needs-browser chownow      moonbowls (Healthy Korean Bowls- Boston Ave)
[ 923/2144] no-platform   -            China Fun
[ 924/2144] no-platform   -            Mamma Pinsa
[ 925/2144] needs-browser slice        Little Sisters Pizza
[ 926/2144] fetch-failed  -            South O Brewing Company & Kitchen
[ 927/2144] wrong-branch  order.online La michoacana Plus San Diego #2
[ 928/2144] no-platform   -            Pure Fruit Bar & Deli LLC
[ 929/2144] no-platform   -            Emiliana's Mexican & Deli Food
[ 930/2144] fetch-failed  -            Colima's Mexican Foods
[ 931/2144] no-platform   -            Pha Khao Lao Cuisine
[ 932/2144] no-platform   -            Señor Taquero Taco Shop
[ 933/2144] fetch-failed  -            Sher the love of cooking
[ 934/2144] no-platform   -            Lala
[ 935/2144] fetch-failed  -            Coastal Cantina
[ 936/2144] no-platform   -            Crown Landing
[ 937/2144] no-platform   -            Ibis Market
[ 938/2144] no-platform   -            Sourdough & moore
[ 939/2144] wrong-branch  popmenu      Grab & Go - Mission Hills
[ 940/2144] needs-browser toast        Lilo
[ 941/2144] no-platform   -            Arteazen Handcrafted Tea
[ 942/2144] filed         own-jsonld   Val's Vegan Kitchen
[ 943/2144] too-few       netwaiter    K & K Orient Valley Food Center
[ 944/2144] fetch-failed  -            Xolotacos
[ 945/2144] needs-browser order.online The Coffee Cart Café & Espresso Catering
[ 946/2144] too-few       netwaiter    Kim's Bar-B-Que
[ 947/2144] needs-browser Square Online storefront Ululani's San Diego
[ 948/2144] no-platform   -            PB Oriental
[ 949/2144] needs-browser toast        Brites Soft Serve
[ 950/2144] no-platform   -            Haven Farm + Table
[ 951/2144] no-platform   -            Merenda
[ 952/2144] no-platform   -            Harissa Mediterranean Kitchen
[ 953/2144] needs-browser GloriaFood widget Jamul Meat Market
[ 954/2144] no-platform   -            Elite Baking
[ 955/2144] no-platform   -            Sunny Grove Brewing Company
[ 956/2144] no-platform   -            PKI Sushi
[ 957/2144] no-platform   -            Carne & Hueso
[ 958/2144] no-platform   -            Sai Japanese Bistro
[ 959/2144] no-platform   -            Landshark Bar & Grill
[ 960/2144] needs-browser -            Modern Times Coffee
[ 961/2144] no-platform   -            Mantra Raja
[ 962/2144] needs-browser Square Online storefront Pho Ha Noi Asian Cuisine
[ 963/2144] no-platform   -            Leucadia Pizza
[ 964/2144] fetch-failed  -            La Cocina De Anita
[ 965/2144] needs-browser slice        Del Cerro Pizza
[ 966/2144] no-platform   -            Spicy Lao Kitchen
[ 967/2144] no-platform   -            Uncle Feras Middle Eastern Restaurant
[ 968/2144] fetch-failed  -            Himalayan Chulo
[ 969/2144] no-platform   -            Barrio Coffee
[ 970/2144] fetch-failed  -            Dang Brother Camp Pendleton 22 Area
[ 971/2144] needs-browser MealKeyWay   Tasty house 味来
[ 972/2144] needs-browser SpotOn       Mexican & Seafood R[ 973/2144] needs-browser SpotOn       Mexican & Seafood Restaurant
[ 974/2144] no-platform   -            Zoom Hookah Lounge
[ 975/2144] no-platform   -            Rocko's Family Restaurant
[ 976/2144] needs-browser -            VUE
[ 977/2144] no-platform   -            Mariscos La Chalupa #1 - Seafood Truck
[ 978/2144] no-platform   -            Lilian's
[ 979/2144] no-platform   -            Sam's Donuts Shop
[ 980/2144] no-platform   -            Skyline Cafe
[ 981/2144] no-platform   -            Kenzi Coffee & Tea Garden
[ 982/2144] no-platform   -            Pizza Guys
[ 983/2144] needs-browser toast        Dark Horse Japanese Nikkei Cuisine
[ 984/2144] needs-browser order.online Tous les Jours
[ 985/2144] no-platform   -            Mr. Moto Pizza UTC
[ 986/2144] no-platform   -            Bubbles & Brews Cafe[ 987/2144] no-platform   -            Bubbles & Brews Cafe
[ 988/2144] too-few       shopify      Go Greek Authentic Yogurteria
[ 989/2144] no-platform   -            Cherry Bomb
[ 990/2144] needs-browser -            Canton Bakery[ 991/2144] no-platform   -            Sieu Sieu BBQ
[ 992/2144] no-platform   -            AMICIBAR
[ 993/2144] filed         shopify      Kyoto Coast Matcha
[ 994/2144] no-platform   -            24 Area Messhall
[ 995/2144] no-platform   -            RomBomb Burger
[ 996/2144] no-platform   -            Giovanetti’s Italian Cuisine
[ 997/2144] no-platform   -            MAKE Cafe
[ 998/2144] no-platform   -            PanPan Wok
[ 999/2144] no-platform   -            Beach wolf
[1000/2144] fetch-failed  -            Mariscos La Morena
[1001/2144] no-platform   -            For The Win - San Diego
[1002/2144] no-platform   -            The Pearl Restaurant
[1003/2144] no-platform   -            Mother Earth Brew Co.
[1004/2144] needs-browser Square Online storefront Flour Atelier
[1005/2144] needs-browser toast        Canton Bakery by Meta Sweets
[1006/2144] no-platform   -            Tacos El Villasana
[1007/2144] needs-browser Square Online (own do[1008/2144] needs-browser Square Online (own domain) CUPPA CUPPA COFFEE LAB
[1009/2144] needs-browser -            Yogurt[1010/2144] needs-b[1010/2144] no-platform   -            Pizza Kaiju
[1011/2144] no-platform   -            Truva
[1012/2144] needs-browser chownow      Donburi Rice Bowls
[1013/2144] no-platform   -            ALBACA
[1014/2144] no-platform   -            Easy Thai
[1015/2144] no-platform   -            Witherby Bar & Restaurant
[1016/2144] needs-browser order.online Lady M Cake Boutique - San Diego
[1017/2144] no-platform   -            Imperial Palace
[1018/2144] no-platform   -            Lapper Kitchen + Tap
[1019/2144] no-platform   -            Theresa's Italian Steakhouse
[1020/2144] no-platform   -            Easy Thai
[1021/2144] no-platform   -            Tina's Baking A[1022/2144] needs-browser Square Online storefront Nobibi Convo[1[1023/2144] no-platform   -            Tina's Baking Addiction
[1024/2144] no-platform   -            TP TEA �[1025/2144] no-platform   -            TP TEA – San Diego
[1026/2144] no-platform   -            Kiku Room
[1027/2144] no-platform   -            PanPan wok
[1028/2144] fetch-failed  -            The Cove Bar & Grill
[1029/2144] no-platform   -            Mr. Buffalo Fries
[1030/2144] no-platform   -            Kim's Deli
[1031/2144] fetch-failed  -            Happytime Tea
[1032/2144] no-platform   -            Over The Tap
[1033/2144] no-platform   -            Nothing Bundt Cakes
[1034/2144] needs-browser order.online Qin West
[1035/2144] no-platform   -            Vinya Yoga and Wine Bar
[1036/2144] filed         wix          Origen Coffee Roasters
[1037/2144] too-few       own-jsonld   Vinh [1038/2144] too-[1038/2144] needs-browser toast        CTZN
[1039/2144] no-platform   -            The Sushi Stand
[1040/2144] needs-browser MealKeyWay   Tengu Ramen
[1041/2144] no-platform   -            Treo Kitchen + Bar
[1042/2144] fetch-failed  -            Coffee Culture
[1043/2144] too-few       spothopper   Taco Loco
[1044/2144] needs-browser plain-html   La Peña Mexican Grill
[1045/2144] no-platform   -            Tacos el Niño[1046/214[1046/2144] no-platform   -            Campus Cafe
[1047/2144] needs-browser Square Online storefront Mu[1048/2144] needs-browse[1048/2144] needs-browser toast        Mary's Salads
[1049/2144] no-platform   -            Ching's Famous Hopia
[1050/2144] no-platform   -            Suspiros Cakes Chula Vista
[1051/2144] needs-browser -            Kaluú Upscale Mexican & Lounge
[1052/2144] no-platform   -            Sabroso taco savor a mi tierra
[1053/2144] needs-browser Square Online (own domain) Teuscher Chocolates San Diego
[1054/2144] fetch-failed  -            My Vegan Pie
[1055/2144] needs-browser toast        Fiesta Mexican Grille
[1056/2144] needs-browser order.online Sr. Taquito
[1057/2144] too-few       wix          Dame Más Cafeina
[1058/2144] no-platform   -            Josie's Hideout Saloon
[1059/2144] no-platform   -            Josie's Hideout Saloon
[1060/2144] no-platform   -            Necter Juice Bar
[1061/2144] no-platform   -            Brain Freeze Premium Frozen Yogurt & Ice Cream of Bonsall
[1062/2144] no-platform   -            Cafe Aero
[1063/2144] no-platform   -            LJ Crafted Wines - Wines & Tastings
[1064/2144] no-platform   -            Presotea
[1065/2144] no-platform   -            The Coffee Bar at Foothills Church
[1066/2144] no-platform   -            Gather
[1067/2144] wrong-branch  order.online The Pad Thai Stand
[1068/2144] needs-browser chownow      Parakeet Cafe - Nautilus
[1069/2144] no-platform   -            Buttery Bakes
[1070/2144] no-platform   -            D'liteful Chocolat
[1071/2144] no-platform   -            Old Hickory Steakhouse
[1072/2144] fetch-failed  -            Oakberry Açaí bowls
[1073/2144] no-platform   -            Fat Tuesday
[1074/2144] no-platform   -            Imperial Beach Kitchen
[1075/2144] needs-browser slice        Milo’s Pizza & Deli
[1076/2144] fetch-failed  -            Mission Donut House
[1077/2144] fetch-failed  -            Yas Lounge
[1078/2144] no-platform   -            Baklava King
[1079/2144] fetch-failed  -            CRAVE Mediterranean Grill
[1080/2144] no-platform   -            Trevi Hills Winery
[1081/2144] needs-browser Square Online storefront Common Grounds Cafe - MCRD Base
[1082/2144] no-platform   -            Tasty Donuts
[1083/2144] no-platform   -            Valerio's 1979
[1084/2144] needs-browser toast        Asado Gaucho - Argentinian Meat Dining Experience
[1085/2144] no-platform   -            12 HRS MATCHA CAFE
[1086/2144] no-platform   -            Ono Hawaiian BBQ
[1087/2144] no-platform   -            Fall Brewing Company
[1088/2144] no-platform   -            Arevalo's Bakery
[1089/2144] no-platform   -            NuYo Frozen Yogurt Encinitas
[1090/2144] fetch-failed  -            The Nutrition Place
[1091/2144] needs-browser order.online Poke One N Half
[1092/2144] no-platform   -            Arevalo's Bakery
[1093/2144] no-platform   -            Old Town Eatery
[1094/2144] needs-browser Square Online storefront Loma Salad Bar
[1095/2144] needs-browser Square Online storefront Teziutacos
[1096/2144] needs-browser clover       Blendees
[1097/2144] no-platform   -            Charade Speakeasy
[1098/2144] needs-browser clover       Bruster's Real Ice Cream
[1099/2144] no-platform   -            Jamal's Chicken
[1100/2144] needs-browser -            Nomada
[1101/2144] no-platform   -            Killer Whale Creamery
[1102/2144] needs-browser order.online Lezat Indonesian Kitchen
[110[1103/2144] no-platform   -            S T U D I O Restaurant + [110[1104/2144] no-platform   -            Tres Hermanos Locos Ta[110[1105/2144] needs-browser order.online Mamamia Pizza Kitc[1106/2144] needs-browser -            La Champa Latín Gril[1107/2144] needs-browser -            La Champa Latín Gr[1108/2144] needs-browser Square Online (own domain) Cafe Pascale Grill & Deli
[110[1109/2144] no-platform   -            Alona’s Caket[1110/2144] needs-browser chownow      Off the Vine Gardens Deli And Catering
[1111/2144] no-platform   -            Carruth Cel[1112/2144] no-platform   -            Carruth Cellar[1112/2144] no-platform   -            Sunny Dumpling House
[1113/2144] needs-browser Square Online storefront Bean Box
[1114/2144] no-platform   -            chance's coffee
[1115/2144] needs-browser order.online TOUS les JOURS Bakery Café - National City
[1116/2144] needs-browser toast        Bros Kabob
[1117/2144] no-platform   -            SINTA
[1118/2144] needs-browser Square Online storefront Golden Dragon
[1119/2144] no-platform   -            GOLDEN DRAGON ASIAN CUISINE
[1120/2144] no-platform   -            Shake Smart
[1121/2144] no-platform   -            Tour de Tapas
[1122/2144] no-platform   -            Taqueria El Patron
[1123/2144] no-platform   -            Burtech Family Vineyard Tasting Room
[1124/2144] needs-browser -            Cluck N Sip
[1125/2144] no-platform   -            Cleopatra's Lounge
[1126/2144] needs-browser -            Izakaya Maíze
[1127/2144] needs-browser -            Divina Matcha
[1128/2144] no-platform   -            Italian Cucina
[1129/2144] needs-browser -            Pure Squeeze
[1130/2144] needs-browser Square Online storefront Manor Coffee Bar
[1131/2144] no-platform   -            Hannegan’s House Beer Co & Creamery
[1132/2144] no-platform   -            DaYung's Tea
[1133/2144] no-platform   -            La Clochette
[1134/2144] needs-browser olo          Randy’s Donuts
[1135/2144] needs-browser order.online Torta Time
[1136/2144] fetch-failed  -            SciEats (Nonprofit Eatery)
[1137/2144] too-few       netwaiter    Playa Azul Mariscos Restaurant
[1138/2144] no-platform   -            Momo Sando&Omakase
[1139/2144] no-platform   -            Nothing Bundt Cakes
[1140/2144] needs-browser Square Online (own domain) Chefs Cafe
[1141/2144] no-platform   -            Mama’s Boy Cookies
[1142/2144] needs-browser olo          McConnell's Fine Ice Creams - Carlsbad
[1143/2144] no-platform   -            Amuse Lounge and Patio
[1144/2144] no-platform   -            La Valentina by Dolche
[1145/2144] no-platform   -            Bar Meets Grill
[1146/2144] no-platform   -            Lambers Chinese [1147/2144] no-platform   -            102 Scone Co.
[1148/214[1148/2144] no-platform   -            102 [1149/2144] no-platform   -            Cocina De Ledezma LLC
[1150/2144] fetch-failed  -            Lambers Chinese Bakery
[1151/2144] no-platform   -            Jaguar Paw
[1152/2144] fetch-failed  -            Honey Cafe & Store
[1153/2144] no-platform   -            Pasta Design
[1154/2144] no-platform   -            Ohana Nutrition
[1155/2144] fetch-failed  -            Grubz
[1156/2144] no-platform   -            Smoking Cannon Brewery
[1157/2144] no-platform   -            Qualcomm Cafe Q
[1158/2144] no-platform   -            Market St Pizzeria
[1159/2144] no-platform   -            The Funky Frenchie (Harbor Island)
[1160/2144] no-platform   -            The Coop | Bakehouse & Pantry
[1161/2144] screened-out  shopify      Farm Fresh Meals
[1162/2144] needs-browser toast        56 Thai Cafe
[1163/2144] fetch-failed  -            TJ BURRITO Co.
[1164/2144] fetch-failed  -            Halo Halo Cafe
[1165/2144] no-platform   -            Asia Wok Teppanyaki & Chin[1166/2144] no-platform   -            The Arches Restaurant at Borrego Sp[1167/2144] n[1167/2144] no-platform   -            Asia Wok Teppanyaki & Chinese Food
[1168/2144] no-platform   -            Linda's Yogurt & Deli
[1169/2144] no-platform   -            The Sanctuary by The Lost Abbey
[1170/2144] no-platform   -            Bivouac Adventure Lodge Coffee Shop
[1171/2144] no-platform   -            All That Shabu
[1172/2144] needs-browser toast        High Marea
[1173/2144] needs-browser Square Online (own domain) Inka'fe SD Coffee Shop
[1174/2144] fetch-failed  -            Delicia's Taco Shop
[1175/2144] fetch-failed  -            Warner Springs Golf Shop & Grill
[1176/2144] no-platform   -            Tony Gwynn's Sports Pub
[1177/2144] no-platform   -            Michael's in Borrego
[1178/2144] no-platform   -            Cake
[1179/2144] no-platform   -            Papa Bambino's
[1180/2144] wrong-branch  popmenu      Alohana Acai Bowls - East Oceanside
[1181/2144] wrong-branch  toast        Cosmos Burger Carlsbad
[1182/2144] no-platform   -            Postcards American Bistro
[1183/2144] filed         own-jsonld   Vitale Poke Shop & More
[1184/2144] no-platform   -            Love Letters Pizza
[1185/2144] needs-browser order.online Fatboy's Deli & Spirits
[1186/2144] no-platform   -            The Bar at Moniker General
[1187/2144] no-platform   -            Barrel Riot
[1188/2144] no-platform   -            Backyard Brewery
[1189/2144] no-platform   -            Lemon City Taphouse
[1190/2144] no-platform   -            Veranda
[1191/2144] no-platform   -            LUCIEN
[1192/2144] needs-browser toast        Cbar
[1193/2144] no-platform   -            Chris' Ono Grinds Island Grill - Liberty Station
[1194/2144] no-platform   -            Iceskimo
[1195/2144] needs-browser Square Online storefront Moniker Coffee Co. at The Craft Creamery
[1196/2144] fetch-failed  -            Panaderia Fuentes
[1197/2144] no-platform   -            Red Ribbon Bakeshop
[1198/2144] no-platform   -            Una Mas on Adams
[1199/2144] needs-browser Square Online storefront Cargo Cafe - Sorrento Valley
[1200/2144] no-platform   -            Noodles - Authentic Asian Cuisine
[1201/2144] no-platform   -            Honney Doffee Coffee
[1202/2144] no-platform   -            Boba Tea S[120[1203/2144] no-platform   -            One of Us
[1204/2144] no-platform   -            Pizzabilities Santee - Powered by Nicolosis
[1205/2144] no-platform   -            Napatini Bistro and Wine Bar
[1206/2144] no-platform   -            Pizza Guys
[1207/2144] fetch-failed  -            L55
[1208/2144] no-platform   -            Patties & Pints
[1209/2144] no-platform   -            The Coffee House at North Coast Church
[1210/2144] wrong-branch  clover       Tappi Sushi Lounge
[1211/2144] no-platform   -            Botellos Fruit Bar
[1212/2144] wrong-branch  toast        Isola Encinitas
[1213/2144] needs-browser Square Online storefront Montebello
[1214/2144] wrong-branch  menufy       Janna’s Burgers, Fish and Fries
[1215/2144] no-platform   -            Gold Coffee S[1216/2144] no-platform   -            Culture Craft Cof[1217/2144] no-platform   -            Culture Craft Coffee & Espresso
[1218/2144] no-platform   -            The Golf Bar
[1219/2144] no-platform   -            Maranello Restaurant
[1220/2144] filed         own-jsonld   The San Diego Taco Truck
[1221/2144] fetch-failed  -            Dayon Coffee Co
[1222/2144] no-platform   -            Nova Boba and Coffee shop
[1223/2144] no-platform   -            The Grillery
[1224/2144] needs-browser Square Online storefront Purl Tea San Marcos
[1225/2144] no-platform   -            Milonga Empanadas
[1226/2144] needs-browser chownow      Parakeet Juicery - La Jolla
[1227/2144] screened-out  shopify      Ascend Coffee Roasters
[1228/2144] no-platform   -            El Torito Foods
[1229/2144] no-platform   -            Bread & Cheese Sandwich Shop
[1230/2144] no-platform   -            CHERRYBOMB EC
[1231/2144] t[1231/2144] no-platform   -            CHERRYBOMB EC
[1232/2144] needs-browser Square Online storefront Cargo Cafe - Paseo Del Mar
[1233/2144] fetch-failed  -            Blu In Cafe
[1234/2144] fetch-failed  -            Dream Fountain Catering
[1235/2144] fetch-failed  -            Tazza D'Oro
[1236/2144] no-platform   -            Cakey Bakey
[1237/2144] fetch-failed  -            Nutrition Solution
[1238/2144] no-platform   -            Churro Addict
[1239/2144] needs-browser Square Online (own domain) Balboa Candy
[1240/2144] no-platform   -            Pub 1795
[1241/2144] no-platform   -            Milonga Empanadas Fashion Valley
[1242/2144] no-platform   -            All Things Ube Desserts
[1243/2144] no-platform   -            Las Ricas Tortas
[1244/2144] needs-browser order.online Bird-N-Bun
[1245/2144] needs-browser toast        Pompei Pizza
[1246/2144] no-platform   -            Drinky Promise
[1247/2144] fetch-failed  -            OMG Cr[1248/[1248/2144] needs-browser toast        Pita Pit
[1249/2144] no-platform   -            Elegance On Display
[1250/2144] no-platform   -            Hopnonymous Brewing - Normal Heights
[1251/2144] fetch-failed  -            Los Primos Panaderia
[1252/2144] fetch-failed  -            Capriotti's Sandwich Shop
[1253/2144] needs-browser Square Online storefront Copa Vida Torrey Ridge
[1254/2144] no-platform   -            Al Umaraa Restaurant & Market
[1255/2144] no-platform   -            The Islands Restaurant - Inside the Crowne Plaza
[1256/2144] no-platform   -            Plant Power Fast Food Digital Kitch[12[1257/2144] fetch-failed  -            Poki Poki & Dragonitea - Fallbrook
[1258/2144] no-platform   -            Lakeside Social
[1259/2144] needs-browser olo          Better Buzz Coffee Santee
[1260/2144] needs-browser order.online Beard Papa’s San Diego
[1261/2144] needs-browser MealKeyWay   Suki Hana
[1262/2144] screened-out  shopify      Party Time Liquor
[1263/2144] no-platform   -            5 O'Clock Somewhere Rooftop Bar
[1264/2144] fetch-failed  -            Route 6 Coffee & Smoothies
[1265/2144] no-platform   -            Elote
[1266/2144] wrong-branch  toast        Stella Jean’s Ice Cream
[1267/2144] no-platform   -            Krak Boba
[1268/2144] fetch-failed  -            Red Eye Saloon
[1269/2144] no-platform   -            Urban Skillet San Diego
[1270/2144] no-platform   -            Scena Fusion Kitchen & Bar
[1271/2144] filed         toast        Night Parade Brewing Company
[1272/2144] filed         wix          Sourpuss Donuts
[1273/2144] no-platform   -            El Flako's Wrangler Barbecue
[1274/2144] needs-browser toast        Duck Foot Brewing
[1275/2144] wrong-branch  popmenu      Alohana Açaí Bowls
[1276/2144] wrong-branch  toast        Johnny Radz Pizza
[1277/2144] no-platform   -            Little Fox Cups + Cones
[1278/2144] no-platform   -            FLAVORFUL Dessert Atelier
[1279/2144] needs-browser toast        Grab & Go
[1280/2144] fetch-failed  -            Ramones Mexican BBQ
[1281/2144] needs-browser Paytronix    Ziggi's Coffee
[1282/2144] needs-browser olo          Panini Kabob Grill - Park 12
[1283/2144] no-platform   -            The Loft at UC San Diego
[1284/2144] needs-browser Square Online storefront Copa Vida
[1285/2144] no-platform   -            Pala Cafe
[1286/2144] no-platform   -            El Flako's Wrangler Barbecue
[1287/2144] no-platform   -            Mike Hess Brewing - Seaport Village Taphouse
[1288/2144] wrong-branch  toast        Phoenix Dessert - San Diego
[1289/2144] no-platform   -            Carnitas la Bendición
[1290/2144] needs-browser Square Online (own domain) The Cakery
[1291/2144] no-platform   -            Dulzura Vineyard and Winery
[1292/2144] fetch-failed  -            Birria el Chavita
[1293/2144] needs-browser toast        Clara's Kitchen ( Soul Food) Micro-enterprise Home Kitchen
[1294/2144] no-platform   -            Diego's Pizza - Serving San Diego
[1295/2144] no-platform   -            Dole Whip
[1296/2144] needs-browser Square Online (own domain) The Cakery Cafe
[1297/2144] fetch-failed  -            Plant Power Fast Food
[1298/2144] no-platform   -            Blue Bowl Superfoods - Oceanside
[1299/2144] no-platform   -            French Secret Pastry (Pre-Order Only)
[1300/2144] needs-browser -            Pelican's on the Bay
[1301/2144] fetch-failed  -            Altered State venue
[1302/2144] no-platform   -            Silver Hoof Creamery
[1303/2144] needs-browser Square Online (own domain) Le Charcuterie Bar
[1304/2144] fetch-failed  -            We Cookn
[1305/2144] no-platform   -            La Michoacana Elite
[1306/2144] fetch-failed  -            Salt & Fin
[1307/2144] fetch-failed  -            Shabu Spot
[1308/2144] no-platform   -            Lonchera Marisc[1309/2144] [1309/2144] fetch-failed  -            The Trap Shack
[1310/2144] no-platform   -            Loving Hut Vegan Express (City Heights/Talmadge)
[1311/2144] screened-out  shopify      Seven Seas Roasting Co.
[1312/2144] no-platform   -            Sunright Tea Studio
[1313/2144] needs-browser -            Side Chick - Chicken & Fries[[1314/2144] no-platform   -            Jaybird Superette[1315/2144] screened-out  shopify      Come Back Coffee Co.
[1316/2144] no-platform   -            Side Chick - Chicken & Fries
[1317/2144] no-platform   -            Teaspoon Escondido
[1318/2144] no-platform   -            Emerald Chinese Cuisine
[1319/2144] no-platform   -            Tamales Oaxaquenos
[1320/2144] no-platform   -            El Cajon taco shop
[1321/2144] no-platform   -            Starbread Bakery
[1322/2144] no-platform   -            KD`S Donuts
[1323/2144] fetch-failed  -            The Cafe
[1324/2144] wrong-branch  own-jsonld   Tako
[1325/2144] no-platform   -            Zodiac Boba
[1326/2144] no-platform   -            Dulce Bakery
[1327/2144] too-few       netwaiter    J & J's Mexican Food
[1328/2144] fetch-failed  -            Christine's Coffee
[1329/2144] fetch-failed  -            Christine's Coffee
[1330/2144] no-platform   -            Super Smoothies
[1331/2144] no-platform   -            California Bean
[1332/2144] fetch-failed  -            Candy Land
[1333/2144] no-platform   -            Huy Ky Bakery
[1334/2144] no-platform   -            Tamales Escondido
[1335/2144] fetch-failed  -            Subterranean Coffee Drive thru
[1336/2144] no-platform   -            Shake Bar & Lounge
[1337/2144] needs-browser toast        ALOHA GRILL
[1338/2144] no-platform   -            Claudia’s Tea House
[1339/2144] fetch-failed  -            Beach Sweets
[1340/2144] no-platform   -            Nothing Bundt Cakes
[1341/2144] no-platform   -            The Funky Frenchie (Lemon Grove)
[1342/2144] filed         own-jsonld   Hong Kong Kitchen & Dimsum
[1343/2144] no-platform   -            The Honor Bar
[1344/2144] no-platform   -            NuYo Frozen Yogurt Solana Beach
[1345/2144] no-platform   -            Devil and Angel
[1346/2144] needs-browser toast        Knead Artisan Bakery
[1347/2144] fetch-failed  -            Savvy Macs, Inc.
[1348/2144] needs-browser Square Online storefront Its Cafe Thai
[1349/2144] no-platform   -            Olive Branch Eatery
[1350/2144] fetch-failed  -            85°C Bakery Cafe-Santee
[1351/2144] no-platform   -            F Street Cafe
[1352/2144] no-platform   -            Viewpoint Kitchen + Bar
[1353/2144] no-platform   -            Enoteca Buona For[1354/2144] no-platform   -            Enoteca Buona Forche[1355/2144] no-platform   -            6 7 Deli & Pizza
[1356/2144] too-few       netwaiter    Pizza Grande
[1357/2144] no-platform   -            Cafe Nordstrom
[1358/2144] no-platform   -            Dockside Casual Seafood Counter
[1359/2144] no-platform   -            Zoo Brew
[1360/2144] no-platform   -            Corner Office Pizza and Craft Bar
[1361/2144] no-platform   -            Jery's Pizza
[1362/2144] no-platform   -            Jamul 23
[1363/2144] gated         toast        Citrus Station
[1364/2144] no-platform   -            Golden Grill
[1365/2144] no-platform   -            Bianchi Pizza & Pasta
[1366/2144] no-platform   -            Little Victory Wine Bar
[1367/2144] no-platform   -            Zest Wine Bistro
[1368/2144] no-platform   -            The MRKT
[1369/2144] no-platform   -            356 Korean BBQ & BAR
[1370/2144] fetch-failed  -            Phology Noodle House - Pho Vietnamese Chula Vista CA
[1371/2144] no-platform   -            Stratus Restaurant & Bar
[1372/2144] no-platform   -            The Morning Grove
[1373/2144] wrong-branch  ubereats     Nutilda Sweet Lab
[1374/2144] no-platform   -            Mitri's Delights
[1375/2144] fetch-failed  -            SAKE BAR GAGA
[1376/2144] fetch-failed  -            Subterranean Coffee & Gelato
[1377/2144] no-platform   -            Diego's Taco Shop
[1378/2144] no-platform   -            Ground Up Cafe
[1379/2144] no-platform   -            Craft Pizza
[1380/2144] no-platform   -            Love & Bake
[1381/2144] no-platform   -            Khao San Thai Kitchen - Santee
[1382/2144] needs-browser MealKeyWay   Yuki Yuki
[1383/2144] no-platform   -            Shake Smart
[1384/2144] no-platform   -            Blackmarket Bakery Oceanside
[1385/2144] too-few       netwaiter    Sandwich Place
[1386/2144] fetch-failed  -            Suki Hana
[1387/2144] no-platform   -            Oscar's Meat pies
[1388/2144] no-platform   -            62 Area Chow Hall
[1389/2144] no-platform   -            Surf City Squeeze
[1390/2144] fetch-failed  -            Healthy Grill Me[1391/2144] [1391/2144] no-platform   -            Three Boys Coffee
[1392/2144] no-platform   -            Board & Brew - Downtown San Diego
[1393/2144] no-platform   -            Thai Thai Melrose Restaurant
[1394/2144] needs-browser chownow      Sunset Thai Ocean Beach
[1395/2144] needs-browser -            Sammy's Restaurant & Bar
[1396/2144] wrong-branch  toast        Sun Gold Point Diner
[1397/2144] filed         toast        Dirty Birds La Jolla
[1398/2144] no-platform   -            Dirty Dough - Oceanside
[1399/2144] no-platform   -            Royal Pearl Tea
[1400/2144] no-platform   -            Snapshot Coffee Bar
[1401/2144] no-platform   -            FlavorFull
[1402/2144] no-platform   -            Forum Deli
[1403/2144] needs-browser Square Online storefront Whatever Forever Coffee
[1404/2144] needs-browser -            Tapas Bar
[1405/2144] needs-browser toast        Bao Bar
[1406/2144] fetch-failed  -            PAPA GUAPO CANTINA
[1407/2144] needs-browser GloriaFood widget Maria's Coffee Shop
[1408/2144] no-platform   -            Mission Brewing - Kensington
[1409/2144] no-platform   -            Tiny Giant Taproom
[1410/2144] [1410/2144] fetch-failed  -            El Santo Reme[1411/2144] no-platform   -            Marzul Coastal Cuisine
[1412/2144] fetch-failed  -            RiseUp BBQ San Diego
[1413/2144] no-platform   -            664
[1414/2144] no-platform   -            Last Spot Bar
[1415/2144] no-platform   -            Plant Based Meals
[1416/2144] fetch-failed  -            Surf Up Chicken
[1417/2144] no-platform   -            Panadería González
[1418/2144] fetch-failed  -            Pizza by Aromi
[1419/2144] [1419/2144] no-platform   -            Gi[1420/2144] no-platform   -            Crafted Coastal Bakery
[1421/2144] [1421/2144] no-platform   -            BGC [1422/2144] no-platform   -            El After Social Club
[1423/2144] no-platform   -            Marcello Pizza Napoli
[1424/2144] no-platform   -            Jaws Topokki
[1425/2144] no-platform   -            Test Kitchen
[1426/2144] fetch-failed  -            Drunk Confections
[1427/2144] fetch-failed  -            The Mudbar
[1428/2144] needs-browser Square Online storefront Petite Paleo Bakery
[1429/2144] [1429/2144] screened-out  order.online SugarBears Sweet[1430/2144] [1430/2144] no-platform   -        [1431/2144] [1431/2144] no-platform   -            Carnitas Para[1432/2144] [1432/2144] wrong-branch  order.online Sushi [1433/2144] no-platform   -            Bodega Market
[1434/2144] fetch-failed  -            The Boarding Home
[1435/2144] no-platform   -            Super Express Chinese Food
[1436/2144] wrong-branch  order.online Sushi Yorimichi 2
[1437/2144] needs-browser order.online Solana Frosty
[1438/2144] no-platform   -            Hillside Ranch Vineyard
[1439/2144] no-platform   -            Playground Art + Coffee
[1440/2144] no-platform   -            Viewpoint Neighborhood Kitchen
[1441/2144] no-platform   -            Campland Cantina
[1442/2144] needs-browser Square Online (own domain) Sea Ridge Cafe
[1443/2144] needs-browser HungerRush   Pop Pops Paleta
[1444/2144] fetch-failed  -            Casa Del Marisco Rafaelas
[1445/2144] too-few       wix          Cake by Sierra
[1446/2144] no-platform   -            Tommy's Pizza & Subs
[1447/2144] no-platform   -            CHINA CHEF 1
[1448/2144] [1448/2144] wrong-branch  popmenu      Alohana Acai Bowls and Smoothies -[1449/2144] no-platform   -            Tierra y Mar
[1450/2144] needs-browser spothopper   Agave Birrieria
[1451/2144] wrong-branch  toast        The Great Greek Mediterranean Grill - San Diego, CA - Barrio Logan
[1452/2144] [1452/2144] no-platform   -       [1453/2144] no-platform   -            Manta Pizza
[1454/2144] [1454/2144] no-platform   -            MCX Food & Service Plaza, Camp Pe[1455/2144] no-platform   -            Madina Market Halal Fast Food
[1456/2144] no-platform   -            Pauma Indian Reservation
[1457/2144] wrong-branch  order.online SugarBears Sweet Provisions
[1458/2144] no-platform   -            Get Baked Cookie Co.
[1459/2144] no-platform   -            Greenfinch Restaurant & Bar
[1460/2144] no-platform   -            Plaza Deli
[1461/2144] [1461/2144] no-platform   -            Mimi’s Panini I[1462/2144] no-platform   -            Michoacana Mia - SDSU
[1463/2144] fetch-failed  -            Tacos Locos Tasty Mexican Food
[1464/2144] [1464/2144] needs-browser MenuSifu     Joyee Noodle[1465/2144] [1465/2144] no-platform   -            Oasis Breads[[1466/2144] needs-browser toast        Amalfi Enote[1467/2144] [1467/2144] fetch-failed  -            Taqueria [1468/2144] [1468/2144] no-platform   -        [1469/2144] no-platform   -            REGGAEBEATZ
[1470/2144] no-platform   -            Pure Green
[1471/2144] fetch-failed  -            Cayenne Food Truck
[1472/2144] no-platform   -            SolCurry - Indian Take Out & Catering
[1473/2144] no-platform   -            Gentle Grill
[1474/2144] needs-browser Square Online (own domain) KAFE'SITO
[1475/2144] [1475/2144] no-platform   -            Lyons Peak [1476/2144] fetch-failed  -            East Village Nutrition
[1477/2144] no-platform   -            New Motion Beverages
[1478/2144] no-platform   -            Street Corner
[1479/2144] [1479/2144] no-platform   -            longba[1480/2144] needs-browser Square Online (own domain) The Salty Cookie
[1481/2144] [1481/2144] no-platform   -            Blue Bowl[1482/2144] [1482/2144] no-platform   -           [1483/2144] needs-browser Square Online storefront 86d (inside Coin-Op)
[1484/2144] needs-browser -            Market One
[1485/2144] no-platform   -            Middy's Pizza
[1486/2144] fetch-failed  -            Cork N Brew
[1487/2144] needs-browser -            Katy’s Diner
[1488/2144] [1488/2144] no-platform   -          [1489/2144] no-platform   -            Surf City Squeeze
[1490/2144] [1490/2144] no-platform   -            Taco[1491/2144] no-platform   -            Sweet Story Company LLC
[1492/2144] needs-browser Square Online storefront Secret Sauce Wok & Grill
[1493/2144] no-platform   -            Dalu Hawaiian BBQ
[1494/2144] no-platform   -            La Paloma
[1495/2144] no-platform   -            The Poke Tea House
[1496/2144] needs-browser Square Online storefront Cargo Cafe - Torrey Pines
[1497/2144] [1497/2144] no-platform   -            Sw[1498/2144] no-platform   -            Heftyboy BBQ dba 716 BBQ & more....
[1499/2144] [1499/2144] no-platform   -          [1500/2144] no-platform   -            Ambiance Kitchen + Lounge
[1501/2144] [1501/2144] fetch-failed  -            Tejedas' Peruv[1502/2144] needs-browser -            Fresca Deli .
[1503/2144] [1503/2144] no-platform   -            Solana Coffee Co at the Granger Hotel
[1504/2144] no-platform   -            Famous Wok
[1505/2144] no-platform   -            Great American Cookies - Otay Ranch Town Center
[1506/2144] no-platform   -            Chester's
[1507/2144] no-platform   -            Showa Ramen
[1508/2144] fetch-failed  -            Cocina de Tamales
[1509/2144] no-platform   -            Barona Coffee Company
[1510/2144] no-platform   -            Seacoast Beach Bar & Sports Grill
[1511/2144] no-platform   -            WetStone Wine Bar Solana Beach
[1512/2144] no-platform   -            The Lookout at[1513/2144] [1513/2144] fetch-failed  -           [1514/2144] fetch-failed  -  [1514/2144] no-platform   -           [1515/2144] [1515/2144] wrong-branch  popmenu      Jan'[1516/2144] w[1516/2144] needs-browser order.online WUHU TEA & DELI
[1517/2144] no-platform   -            Surf City Squeeze
[1518/2144] fetch-failed  -            Mister G Salsa
[1519/2144] no-platform   -            Seaside BBQ
[1520/2144] no-platform   -            Sweets by Victoria
[1521/2144] no-platform   -            Rams Hill Golf Club[1522/2144] [1522/2144] no-platform   -            Little Hi[1523/2144] [1523/2144] no-platform   -            Collette’s Collaborative Collective Cuisine
[1524/2144] no-platform   -            Las Flautas 664
[1525/2144] needs-browser order.online Poki One N Half San Marcos
[1526/2144] no-platform   -            Mom[1527/2144] [1527/2144] no-platform   -     [1528/2144] needs-browser order.online Poki One N Half San Marcos
[1529/2144] [1529/2144] no-platform   -            El Cilantro Mexican Grill
[1530/2144] fetch-failed  -            Tuggamomma Smokehouse
[1531/2144] no-platform   -            Mia Sore[1532/2144] no-platform   -   [1532/2144] fetch-failed  -            Sarah's [1533/2144] [1533/2144] no-platform   -            Sugared Cookie Company
[1534/2144] no-platform   -            Immersion Express / Coffee[1535/2144] needs-browser Square Online (own domain) Juliantla Chocolate Boutique
[1536/2144] [1536/2144] no-platform   -            Kaye[1537/2144] [1537/2144] wrong-branch  popmenu      Max's Restaurant Na[1538/2144] [1538/2144] no-platform   -            DEN
[1539/2144] no-platform   -            Thér[1540/2144] [1540/2144] no-platform   -            Topo's Tacos
[1541/2144] no-platform   -            Fiv[1542/2144] [1542/2144] no-platform   -            Mason Ale Works T[1543/2144] [1543/2144] no-platform   -            My O My Coff[1544/2144] [1544/2144] fetch-failed  -            Mariposa Ice Crea[1545/2144] [1545/2144] no-platform   -            Burgers & Shakes
[1546/2144] no-platform   -            The [1547/2144] [1547/2144] no-platform   -            Wild Chil[1548/2144] no-platform   -            So Cal Famous Beach Ice
[1549/2144] no-platform   -            Cakes & Cactus
[1550/2144] fetch-failed  -            Unico Juice Shop
[1551/2144] no-platform   -            Carnitas Express
[1552/2144] [1552/2144] no-platform   -            Fred's Lun[1553/2144] [1553/2144] needs-browser Square Online storefront The B[1554/2144] [1554/2144] no-platform   -            Beach S[1555/2144] [1555/2144] no-platform   -            Ocean Rainbow
[1556/2144] wrong-branch  toast        Saigon Alley Ki[1557/2144] [1557/2144] needs-browser ubereats     FallbrkEats
[1558/2144] no-platform   -            FLAVORS EXPRESS SDSU
[1559/2144] fetch-failed  -            Fujiyame Ramen
[1560/2144] no-platform   -            Michoacana [1561/2144] [1561/2144] needs-browser Square Online (own domain) Slurp
[1562/2144] no-platform   -            Dos Palmas Cafe - Pa[1563/2144] [1563/2144] too-few       netwaiter    LA PLACE DELI
[1564/2144] no-platform   -            Net[1565/2144] [1565/2144] no-platform   -           [1566/2144] [1566/2144] no-platform   -            Crafted @ Minerva’s Cafe
[1567/2144] fetch-failed  -           [1568/2144] [1568/2144] no-platform   -            J[1569/2144] [1569/2144] no-platform   -       [1570/2144] [1570/2144] needs-browser SpotOn       Oriste F[1571/2144] [1571/2144] wrong-branch  toast        Higher Grounds Coff[1572/2144] [1572/2144] fetch-failed  -            Cowboy Coffee
[1573/2144] needs-browser toast        The Tavern at Barley & Sword Brewing Company
[1574/2144] no-platform   -            La Vida
[1575/2144] no-platform   -            Board & Brew - Mis[1576/2144] [1576/2144] no-platform   -            Fatburger
[1577/2144] no-platform   -            Lò Bánh Cuốn T[1578/2144] [1578/2144] no-platform   -            Boar[1579/2144] [1579/2144] no-platform   -            Lori's C[1580/2144] [1580/2144] fetch-failed  -         [1581/2144] [1581/2144] no-platform   -            Pa[1582/2144] [1582/2144] no-platform   -            Oto Sushi Encinitas
[1583/2144] no-platform   -            Delicious Treats
[1584/2144] no-platform   -            IB Espresso
[1585/2144] fetch-failed  -            C[1586/2144] [1586/2144] filed         shopify      LA PETITE BAKERY
[1587/2144] no-platform   -            Street Tacos El Camino[1588/2144] [1588/2144] no-platform   -          [1589/2144] no-platform   -            Cutwater
[1590/2144] needs-browser Square Online storefront Ramen Station
[1591/2144] no-platform   -            Bueno Wine & Goods
[1592/2144] [1592/2144] no-platform   -            Dolce Italia Des[1593/2144] [1593/2144] fetch-failed  -            Ramen Inn [1594/2144] [1594/2144] fetch-failed  -            F[1595/2144] no-platform   -            MyPozole
[1596/2144] no-platform   -            EL CAMARON FELIZ TACOS Y BIRRIA
[1597/2144] [1597/2144] no-platform   -            Col[1598/2144] no-platform   -            Kazukii Sushi & Japanese Cuisine
[15[1599/2144] no-platform   -            Läderach
[1600/2144] needs-browser -            seaglass restaurant
[1601/2144] no-platform   -            Vanilla Oasis
[1602/2144] fetch-failed  -            Golf Grill
[1603/2144] no-platform   -            Kazukii Sushi & Japanese Cuisine
[1604/2144] no-platform   -            The Bistro - Eat. Drink. Connect.®
[1605/2144] no-platform   -            Dalu Hawaiian BBQ Oceanside
[1606/2144] needs-browser slice        Pizza On Pearl North Park
[1607/2144] no-platform   -            Queenst[1608/2144] [1608/2144] needs-browser order.online Le Macaron French Pastries Westfield UTC
[1609/2144] fetch-failed  -            Harbors[1610/2144] [1610/2144] no-platform   -           [1611/2144] [1611/2144] no-platform   -       [1612/2144] [1612/2144] needs-browser -            Windows Cafe
[1613/2144] fetch-failed  -            The Grub Station (Sout[1614/2144] [1614/2144] needs-browser Square Online storefront Copa Vida
[1615/2144] no-platform   -            Ono Hawaiian BBQ
[1616/2144] needs-browser Square Online storefront Dulce Tentación
[1617/2144] no-platform   -            Hydout Cafe Hillcrest
[1618/2144] needs-browser olo          Dimassi's Mediterranean Buffet
[1619/2144] no-platform   -            Julian Food Truck
[1620/2144] fetch-failed  -            Suki Hana Japan
[1621/2144] fetch-failed  -            Punkers Cafe
[1622/2144] no-platform   -            Finca Casa Blanca
[1623/2144] needs-browser Square Online storefront Cargo Cafe - Wateridge
[1624/2144] screened-out  shopify      Steady State Roasting
[1625/2144] no-platform   -            Boba n More
[1626/2144] no-platform   -            California Ice Cream
[1627/2144] no-platform   -            Living Room Bar
[1628/2144] wrong-branch  toast        Grand Ole BBQ PETCO PARK
[1629/2144] fetch-failed  -            El huevo estrellado # 2
[1630/2144] no-platform   -            La Michoacana San Diego
[1631/2144] no-platform   -            Aryana Restaurant & Bar
[1632/2144] needs-browser Square Online storefront Copa Vida - Del Mar
[1633/2144] needs-browser order.online The Meltdown
[1634/2144] no-platform   -            Side Street Bowls & Smoothies
[1635/2144] no-platform   -            Cali BBQ- NEX (base access required)
[1636/2144] fetch-failed  -            Tu Madres Bakery
[1637/2144] needs-browser MealKeyWay   Midnight Skewer 深夜酒馆
[1638/2144] no-platform   -            The Darling Dough Co.
[1639/2144] needs-browser Square Online storefront Cargo Cafe - Gateway
[1640/2144] no-platform   -            Windmill Canyon Restaurant
[1641/2144] needs-browser toast        Super Creamery
[1642/2144] fetch-failed  -            Crispy Fish Tacos
[1643/2144] no-platform   -            ZENTRL Kitchen + Bar - Liberty Station
[1644/2144] fetch-failed  -            Lulu’s Buns Wholesale Bakery
[1645/2144] needs-browser order.online XENiA Mediterranean Kitchen - San Diego
[1646/2144] needs-browser olo          MOTO Pizza San Diego
[1647/2144] no-platform   -            ICE POPS
[1648/2144] no-platform   -            ZENTRL Kitchen + Bar
[1649/2144] no-platform   -            La Central
[1650/2144] no-platform   -            Seven Seas Cafe
[1651/2144] no-platform   -            La Botana Loca
[1652/2144] fetch-failed  -            Noel's Cookies
[1653/2144] no-platform   -            La Tienda Lounge
[1654/2144] screened-out  shopify      Surje Coffee at The Gallery
[1655/2144] fetch-failed  -            Cafe 477 La Jolla
[1656/2144] needs-browser order.online Häagen-Dazs
[1657/2144] no-platform   -            Cocinita Express
[1658/2144] fetch-failed  -            Kona Craft Cafe
[1659/2144] needs-browser -            Indulge Restaurant and Bar
[1660/2144] no-platform   -            The Hidden Gazebo Eatery
[1661/2144] needs-browser order.online The Meltdown
[1662/2144] no-platform   -            Tres Fuegos Cocina
[1663/2144] no-platform   -            Ocean Journey Cafe
[1664/2144] no-platform   -            Carnitas La Bendicion Market St
[1665/2144] no-platform   -            NandosHotBox
[1666/2144] no-platform   -            Don Maguro
[1667/2144] needs-browser order.online The Burger Den
[1668/2144] no-platform   -            Lobby Lounge - Park Hyatt Aviara
[1669/2144] filed         wix          Scorched Earth- Fire Sandwiches
[1670/2144] needs-browser order.online The Meltdown
[1671/2144] fetch-failed  -            Mama’s Bowl
[1672/2144] no-platform   -            The Bean
[1673/2144] no-platform   -            Julian Wine & Chocolate
[1674/2144] fetch-failed  -            ETNA DULCIS
[1675/2144] needs-browser order.online The Meltdown
[1676/2144] no-platform   -            Limon Mexican food
[1677/2144] no-platform   -            The Café at Rady Children’s Hospital
[1678/2144] needs-browser chownow      GgoolBap, Korean BBQ Bowls
[1679/2144] needs-browser -            Temporarily Closed - Garlic and Tahini Egyptian Kitchen - Delivery & Carry Out Only
[1680/2144] gated         chownow      Abuelita's Birria & Mexican Food
[1681/2144] no-platform   -            El Rincon del sabor
[1682/2144] no-platform   -            Little Thai Cottage (Mobile Vendor)
[1683/2144] filed         own-jsonld   Rock N’ Roost Rotisserie
[1684/2144] no-platform   -            Xtravaganza and Sinbad Restaurant
[1685/2144] needs-browser order.online The Meltdown
[1686/2144] needs-browser -            Sammy's Woodfired Pizza and Grill
[1687/2144] no-platform   -            Kona Kai Club
[1688/2144] no-platform   -            Hidden City Nutrition
[1689/2144] fetch-failed  -            Cafe Carlsbad
[1690/2144] needs-browser order.online The Meltdown
[1691/2144] fetch-failed  -            Freshly Prepped
[1692/2144] no-platform   -            Colors Gourmet Pizza
[1693/2144] no-platform   -            Emilio's Food Truck
[1694/2144] needs-browser order.online The Meltdown
[1695/2144] fetch-failed  -            Victorious Pizza
[1696/2144] needs-browser order.online Mar & Ember
[1697/2144] no-platform   -            North County Food Hub
[1698/2144] needs-browser order.online The Burger Den
[1699/2144] needs-browser order.online The Meltdown
[1700/2144] no-platform   -            Huerta Taco Stand
[1701/2144] no-platform   -            Naija Fusion Cuisine
[1702/2144] needs-browser -            King Pizza
[1703/2144] no-platform   -            JIVe Lounge
[1704/2144] needs-browser order.online The Meltdown
[1705/2144] no-platform   -            SDSU Faculty Staff Club
[1706/2144] no-platform   -            El Patron Mexican Food
[1707/2144] no-platform   -            Belinda's Familia Mexican Food Truck
[1708/2144] no-platform   -            GRAB & GO Viejas
[1709/2144] needs-browser order.online The Burger Den
[1710/2144] needs-browser order.online The Burger Den
[1711/2144] fetch-failed  -            The Bistro - Eat. Drink. Connect.®
[1712/2144] no-platform   -            Breakwater Brewing Co.
[1713/2144] fetch-failed  -            Manny's Bar & Grill
[1714/2144] no-platform   -            Bert's Bistro
[1715/2144] needs-browser Square Online storefront Hommunlii & Co
[1716/2144] needs-browser order.online The Meltdown
[1717/2144] no-platform   -            The Fountains Restaurant
[1718/2144] no-platform   -            Staxx Burger House
[1719/2144] no-platform   -            The SoCal Vegan
[1720/2144] no-platform   -            Perky’s
[1721/2144] no-platform   -            Ta’ Corn Madre
[1722/2144] no-platform   -            Casa Campus Point
[1723/2144] no-platform   -            Mkutano House
[1724/2144] no-platform   -            Tacos Berlin
[1725/2144] needs-browser -            Wing SZN - El Cajon
[1726/2144] no-platform   -            SHIO Japanese Dining
[1727/2144] fetch-failed  -            Jamul Indian Village
[1728/2144] no-platform   -            El Camino
[1729/2144] fetch-failed  -            El Más Chingón SD
[1730/2144] fetch-failed  -            Angie's Place
[1731/2144] needs-browser order.online The Meltdown
[1732/2144] no-platform   -            Santaluz Bistro
[1733/2144] no-platform   -            Sushi @ Commissary
[1734/2144] needs-browser order.online The Meltdown
[1735/2144] no-platform   -            BBQ @ The Standard
[1736/2144] needs-browser order.online The Meltdown
[1737/2144] needs-browser slice        Hollywood Market and Giant Pizza
[1738/2144] needs-browser -            Fireside Bar & Grill
[1739/2144] fetch-failed  -            Med Cafe
[1740/2144] no-platform   -            Bosley Cafe
[1741/2144] no-platform   -            Solrisa
[1742/2144] no-platform   -            Dainty Dessert
[1743/2144] no-platform   -            Tide and Treats
[1744/2144] needs-browser Square Online storefront Sushi Freak
[1745/2144] no-platform   -            Daisy’s Amazing Cakes
[1746/2144] no-platform   -            Gomeznutricion
[1747/2144] no-platform   -            SAN DIEGO FRIES
[1748/2144] no-platform   -            Sn[1749/2144] [1749/2144] no-platform   -           [1750/2144] [1750/2144] no-platform   -            Old Fashioned Creamery at Barona
[1751/2144] no-platform   -            ZENSHI Handcrafted Sushi
[1752/2144] fetch-failed  -            Goats Ros[1753/2144] [1753/2144] no-platform   -            The Palma [1754/2144] [1754/2144] needs-browser order.online Pavil[1755/2144] [1755/2144] no-platform   -          [1756/2144] [1756/2144] no-platform   -            ZENSHI Handcr[1757/2144] [1757/2144] no-platform   -            Lobster Lab - Sky Deck at Del Mar Highlands [1758/2144] [1758/2144] fetch-failed  -            W[1759/2144] [1759/2144] no-platform   -            Sprinkles Ice Cream Shop[1760/2144] [1760/2144] no-platform   -           [1761/2144] no-platform [1761/2144] needs-browser -            Sweet Treats by Thick
[1762/2144] no-platform   -            La Gordita
[1763/2144] no-platform   -            The Warehouse
[1764/2144] needs-browser -            Tortuga Bar and Grill
[1765/2144] fetch-failed  -            Olly's Baked Assortments
[1766/2144] no-platform   -            ZENSHI Handcr[1767/2144] [1767/2144] no-platform   -            [1768/2144] [1768/2144] no-platform   -            DE[1769/2144] [1769/2144] needs-browser Square Online storefront Muse[1770/2144] [1770/2144] needs-browser order.online Taquizas Maria
[1771/2144] fetch-failed  -            Baked Babe Cakes & Bakes
[1772/2144] fetch-failed  -            Coco's Bakery
[1773/2144] needs-browser -            The Coffee Spot
[1774/2144] wrong-branch  toast        Sextons Pizza
[1775/2144] screened-out  shopify      Bird Rock Coffee Roasters - Pa[1776/2144] too-few       wix          Bocas Del Sol. (MissShelly's Shack )
[1777/2144] no-platform   -            ZENSHI Handcrafted Sushi
[1778/2144] [1778/2144] no-platform   -            [1779/2144] no-platform   -            Twist New Zealand Style Real Fruit Ice Cream
[1780/2144] no-platform   -            Terra Cafe
[1781/2144] fetch-failed  -            Más Veggies Vegan Taqueria
[1782/2144] [1782/2144] no-platform   -            King Krea[1783/2144] no-platform   -            little Estrella bakes
[[1784/2144] no-platform   -            little Est[1785/2144] needs-browser -            Holy Slice Pizza Shop
[1786/2144] [1786/2144] fetch-failed  -            Sab[1787/2144] [1787/2144] no-platform   -           [1788/2144] no-platform   -            Farmer's Fridge
[1789/2144] fetch-failed  -            Marisco's Sabor A Mexico
[1790/2144] needs-browser chownow      Wanderlust Creamery
[1791/2144] needs-browser Square Online (own domain) Crepes
[1792/2144] [1792/2144] needs-browser order.online T[1793/2144] [1793/2144] no-platform   -            [1794/2144] [1794/2144] no-platform   -            Copper King[1795/2144] [1795/2144] no-platform   -            Mama Duk[1796/2144] no-platform   -            Fouet & Co.
[1797/2144] [1797/2144] no-platform   -            Filibertos
[1798/2144] fetch-failed  -            Kae’[1799/2144] [1799/2144] needs-browser order.online T[1800/2144] [1800/2144] no-platform   -            Calzone Lif[1801/2144] [1801/2144] no-platform   -            Ruth[1802/2144] [1802/2144] no-platform   -            Pase[1803/2144] needs[1803/2144] no-platform   -            SD C[1804/2144] [1804/2144] fetch-failed  -          [1805/2144] [1805/2144] no-platform   -           [1806/2144] [1806/2144] no-platform   -            Elena[1807/2144] [1807/2144] no-platform   -            PCH Caf[1808/2144] [1808/2144] no-platform   -            Bridget Bakery
[1809/2144] no-platform   -            Shallow End Grill
[1810/2144] fetch-failed  -            TO[1811/2144] [1811/2144] no-platform   -            UrbanLife Cafe
[1812/2144] no-platform   -            Mariscos la Baja mar y fuego
[1813/2144] fetch-failed  -            Fruteria [1814/2144] [1814/2144] no-platform   -            ZENSHI Handcr[1815/2144] no-platform   -            Taqueria
[1816/2144] no-platform   -            Vintage Rose Sourdough
[1817/2144] fetch-failed  -            Café Rhône
[1818/2144] no-platform   -            Roadtrip Bowls Made by Lazy Dog
[1819/2144] no-platform   -            India Princess
[1820/2144] no-platform   -            ZENSHI Handcrafted Sushi
[1821/2144] no-platform   -            Seaside Cowboy Coffee
[1822/2144] no-platform   -            Brick & Bell Plus
[1823/2144] no-platform   -            Sweet Cheeks Homestead
[1824/2144] no-platform   -            Dana Andrew Celebrations
[1825/2144] needs-browser Square Online storefront Stuffed Ice Cream
[1826/2144] needs-browser order.online Hummus Mediterranean Kitchen
[1827/2144] [1827/2144] wrong-branch  order.online Bubba’s Smo[1828/2144] [1828/2144] no-platform   -            E. L[1829/2144] [1829/2144] no-platform   -            ZENSHI Handcr[1830/2144] [1830/2144] fetch-failed  -            Lovely C[1831/2144] [1831/2144] no-platform   -            Anila's Cuc[1832/2144] [1832/2144] no-platform   -            The Neighborhood Cafe
[1833/2144] no-platform   -            Jammy T[1834/2144] [1834/2144] filed         wix          The[1835/2144] [1835/2144] no-platform   -            C[1836/2144] needs-browser Square Online storefront Mindy’s Bakery
[1837/2144] no-platform   -            Gusto & Slices
[1838/2144] [1838/2144] no-platform   -            Top[1839/2144] [1839/2144] no-platform   -            Cent[1840/2144] no-platform   -            1022 Cafe & Gelateria
[1841/2144] fetch-failed  -            That Girl Can Bake
[1842/2144] no-platform   -            Grand Social
[1843/2144] [1843/2144] no-platform   -            Sierra's Ba[1844/2144] no-platform   -            Pastry Pedaler - Bakery Delivery in Pacific Beach, San Diego
[1845/2144] needs-browser order.online The Meltdown
[1846/2144] no-platform   -            Soy Leaf Juice Bar & Healthy Grill
[1847/2144] [1847/2144] no-platform   -            Spinn[1848/2144] no-platform   -            Sabor a Mi Kitchen (Birrieria)
[1849/2144] [1849/2144] needs-browser order.online Sabor a Vida Caf[1850/2144] wrong-branch  clover       Manzanita Roasting Company and Coffee House
[1851/2144] no-platform   -            CaMau Bakery & Deli
[1852/2144] fetch-failed  -            Thyme Of Essence
[1853/2144] no-platform   -            Rancho Bakers
[1854/2144] no-platform   -            Rancho Bakers
[1855/2144] needs-browser order.online The Meltdown
[1856/2144] needs-browser -            Carlsbad Cookie Company
[1857/2144] no-platform   -            Slice House by Tony Gemignani
[1858/2144] needs-browser order.online Sabor a Vida Cafe & Deli
[1859/2144] no-platform   -            Give Us This Day LLC Micro-Bake[18[1860/2144] too-few       shopify      Taste & Sea Cakery
[1861/2144] no-platform   -            IMPE Bar
[1862/2144] [1862/2144] wrong-branch  own-jsonld   Shi[1863/2144] needs-browser -            Market La Jolla
[1864/2144] no-platform   -            Linden Crust Bakehouse
[1865/2144] fetch-failed  -            Javelina Craft Barbecue
[1866/2144] no-platform   -            Sugar Treats n Cakes
[1867/2144] needs-browser order.online Puesto Taco Bar
[1868/2144] no-platform   -            Sifted and Sugared
[1869/2144] no-platform   -            ZENSHI Handcrafted Sushi
[1870/2144] [1870/2144] no-platform   -            SugarWate[1871/2144] no-platform   -            Hectors pizza
[1872/2144] no-platform   -            Valley Center High School Cafe
[1873/2144] no-platform   -            Center Bar
[1874/2144] no-platform   -            Iron Brew Coffee
[1875/2144] no-platform   -            elementa
[1876/2144] [1876/2144] no-platform   -            Sweet Ma[1877/2144] no-platform   -            Corner Market
[1878/2144] no-platform   -            ZENSHI Handcrafted Sushi
[1879/2144] no-platform   -            My O My Coffee and Deli
[1880/2144] no-platform   -            Snax
[1881/2144] no-platform   -            ZENSHI Handcrafted Sushi
[1882/2144] no-platform   -            ZENSHI Handcrafted Sushi
[1883/2144] no-platform   -            Stix
[1884/2144] no-platform   -            Marquesitas Liah
[1885/2144] no-platform   -            ZENSHI Handcrafted Sushi
[1886/2144] no-platform   -            Buttery Bakes
[1887/2144] no-platform   -            Five Corners Coffee & Bakery Co.
[1888/2144] no-platform   -            Haven Cafe
[1889/2144] [1889/2144] no-platform   -            Hacie[1890/2144] fetch-failed  -            Nat Sweet Treats
[1891/2144] [1891/2144] no-platform   -            The TriTiperia
[1892/2144] no-platform   -            Maderas Golf Club
[1893/2144] no-platform   -            ZENSHI Handcrafted Sushi
[1894/2144] fetch-failed  -            Uumbal
[1895/2144] no-platform   -            Pacific Seafood
[1896/2144] no-platform   -            The Coyote Den
[1897/2144] needs-browser order.online HapiVe[189[1898/2144] no-platform   -            Fox Den Bar
[1899/2144] no-platform   -            Casa Café & Market
[1900/2144] no-platform   -            The Dive Bar
[1901/2144] needs-browser -            The Landing
[1902/2144] wrong-branch  toast        Brigitte's Bakery
[1903/2144] no-platform   -            Lilac Heights Bakery
[1904/2144] no-platform   -            Bovino
[1905/2144] no-platform   -            Cali Craft Tacos
[1906/2144] no-platform   -            Sweet land ice cream truck
[1907/2144] needs-browser Square Online storefront Sushi Heights
[1908/2144] no-platform   -            M & M Patisserie
[1909/2144] no-platform   -            RASPARSWEET
[1910/2144] no-platform   -            Pavilions Bakery
[1911/2144] no-platform   -            Papi Tacos
[1912/2144] fetch-failed  -            Chow Hall
[1913/2144] fetch-failed  -            Simply Baked Box
[1914/2144] needs-browser -            Marketplace
[1915/2144] fetch-failed  -            Calvins' Sportsbar
[1916/2144] no-platform   -            ZENSHI Handcrafted Sushi
[1917/2144] no-platform   -            Café Sand Castle
[1918/2144] fetch-failed  -            Sunny Bunny Bakes
[1919/2144] needs-browser -            Ba[1920/2144] [1920/2144] no-platform   -            Dhar[1921/2144] [1921/2144] no-platform   -            Island Girl Bakes
[1922/2144] no-platform   -            Krispy Krunchy Chicken
[1923/2144] fetch-failed  -            Gourmet Tamales
[1924/2144] no-platform   -            Fairbanks
[1925/2144] no-platform   -            Promised Goods
[1926/2144] no-platform   -            Village Inn
[1927/2144] no-platform   -            Farmer's Fridge
[1928/2144] no-platform   -            Kava Lounge
[1929/2144] fetch-failed  -            Diamond Jims
[1930/2144] no-platform   -            Fund[1931/2144] [1931/2144] no-platform   -            Dumonts
[1932/2144] no-platform   -            Jungle Cart
[1933/2144] needs-browser chownow      Mr Gs Tavern
[1934/2144] no-platform   -            Veladora
[1935/2144] no-platform   -            Villa Fresh Italian Kitchen
[1936/2144] no-platform   -            Blue Bayou
[1937/2144] no-platform   -            Deja Vu
[1938/2144] no-platform   -            Freedom Carts
[1939/2144] no-platform   -            Jordan
[1940/2144] no-platform   -            Trinacria Pizza Co.
[1941/2144] no-platform   -            Fairbanks
[1942/2144] no-platform   -            Airport Lounge
[1943/2144] no-platform   -            Shake Smart
[1944/2144] fetch-failed  -            Mis Dos Gallos Taqueria, Fruit & Deli
[1945/2144] no-platform   -            Cor[1946/2144] [1946/2144] fetch-failed  -            Kellys Pub
[1947/2144] needs-browser order.online Poki Poki
[1948/2144] no-platform   -            Calypso Cocktails
[1949/2144] no-platform   -            The Heritage Steakhouse
[1950/2144] fetch-failed  -            BBQUSION
[1951/2144] no-platform   -            The Caddyshack
[1952/2144] no-platform   -            Skewers Grill
[1953/2144] no-platform   -            Sushi Cafe + Deli
[1954/2144] no-platform   -            Fiesta Mexicana Bakery
[1955/2144] too-few       netwaiter    Thai Pasta
[1956/2144] needs-browser -            Makai
[1957/2144] needs-browser Square Online (own domain) Mayari Coffee
[1958/2144] no-platform   -            Carbon Angela’s Kitchen
[1959/2144] needs-browser order.online El Ranchero
[1960/2144] needs-browser olo          [1961/2144] screened-out  shopify      Lofty Coffee
[1962/2144] [1962/2144] needs-browser order.online [1963/2144] [1963/2144] no-platform   -            Scoopy Scoop[1964/2144] [1964/2144] no-platform   -            Gelato 101 Temp[1965/2144] [1965/2144] fetch-failed  -            [1966/2144] no-platform   -            Monster Snacks
[1967/2144] wrong-branch  toast        Cali Cream Bakery
[1968/2144] no-platform   -            Cays Lounge
[1969/2144] no-platform   -            Lang's Bakery
[1970/2144] no-platform   -            Time Out Café
[1971/2144] fetch-failed  -            Lefty's Cheesesteaks
[1972/2144] [1972/2144] no-platform   -            Chuck's Wagon Deli
[1973/2144] needs-browser toast        Klatch Coffee - Santee
[1974/2144] needs-browser -            Blue [1975/2144] no-platform   -            Original Mariscos German
[1976/2144] [1976/2144] needs-browser order.online[1977/2144] [1977/2144] no-platform   -            S[1978/2144] [1978/2144] no-platform   -         [1979/2144] [1979/2144] no-platform   -            ZENSHI Handcr[1980/2144] [1980/2144] no-platform   -            B[1981/2144] [1981/2144] needs-browser order.online[1982/2144] needs[1982/2144] no-platform   -            Veronica's Goodies
[1983/2144] no-platform   -         [1984/2144] needs-browser Square Online (own domain) Annabel Cohen Gou[1985[1985/2144] no-platform   -            Veronica's Goodies
[1986/2144] no-platform   -            Badas burgers
[1987/2144] no-platform   -            ZENSHI Handcrafted Sushi
[1988/2144] [1988/2144] needs-browser Square Online storefront Emja[1989/2144] [1989/2144] no-platform   -           [1990/2144] [1990/2144] no-platform   -            Safari Coffee Outpost
[1991/2144] needs-browser -            Big[1992/2144] fetch-failed  -            Island Market
[1993/2144] no-platform   -  [1993/2144] no-platform   -            El[1994/21[1994/2144] no-platform   -            Co[1995/2144] [1995/2144] no-platform   -            Stacy's SUGAR Shop
[1996/2144] fetch-failed  -            Blessed by Cake
[1997/2144] fetch-failed  -            Island Market
[1998/2144] no-platform   -            LUNAS
[1999/2144] no-platform   -            Blu[2000/2144] no[2000/2144] no-platform   -            Bak[2001/2144] needs-browser Square Online (own domain) Carls Tavern
[2002/2144] no-platform   -            Canyon Inn
[2003/2144] [2003/2144] filed         spothopper   C[2004/2144] [2004/2144] fetch-failed  -         [2005/2144] no-platform   -            Coin Toss
[2006/2144] [2006/2144] needs-browser order.online Big Daddy's Hawaiian BBQ (San Diego)
[2007/2144] no-platform   -            K1 Paddock Lounge - Sports Bar & Restaurant - Sa[2008/2144] needs-browser Square Online (own domain) BCB Coffee
[2009/2144] no-platform   -            Grover's Grill
[2010/2144] no-platform   -            Kasi
[2011/2144] no-platform   -            House of Black
[2012/2144] needs-browser order.online La Pizza del Barrio
[2013/2144] needs-browser order.online Mexicana Lab 2707 Boston Avenue
[2014/2144] [2014/2144] needs-browser Square Online storefron[2015/2144] [2015/2144] no-platform   -            Borde[2016/2144] [2016/2144] needs-browser Square Online (own domain) Sweet Escape Home[2017/2144] [2017/2144] no-platform   -        [2018/2144] [2018/2144] no-platform   -           [2019/2144] [2019/2144] no-platform   -           [2020/2144] no-platform   -            Sweets
[2021/2144] [2021/2144] no-platform   -           [2022/2144] no-platform   -            Terrace Lounge
[2023/2144] [2023/2144] fetch-failed  -        [2024/2144] no-platform   -            Valerio's Finest Bake Shop
[2025/2144] [2025/2144] no-platform   -            N[2026/2144] [2026/2144] fetch-failed  -            A[2027/2144] no-platform   -            Chicken & Crown
[2028/2144] no-platform   -            Mission Brewing (fka Rough Draft)
[2029/2144] no-platform   -            tiger!tiger!
[2030/2144] no-platform   -            Pei Wei
[2031/2144] no-platform   -            Alborz Restaurant
[2032/2144] no-platform   -            Beer Company
[2033/2144] fetch-failed  -            Dryer's Ice Cream Parlor
[2034/2144] no-platform   -            University Towers Kitchen
[2035/2144] no-platform   -            Diego's Taco Shop
[2036/2144] no-platform   -            TEC Cafe
[2037/2144] no-platform   -            Sweet Labors
[2038/2144] [2038/2144] needs-browser toast        BCB Cof[2039/2144] [2039/2144] fetch-failed  -            Truluck's
[2040/2144] fetch-failed  -            Trade Restaurant & Lounge
[2041/2144] fetch-failed  -            The[2042/2144] [2042/2144] needs-browser chownow      Cozy C[2043/2144] needs-browser toast        bcb Cafe
[2044/2144] fetch-failed  -            All Fried Up
[2045/2144] wrong-branch  toast        Cozy Corner
[2046/2144] no-platform   -            Café de Anza
[2047/2144] no-platform   -            Breakwater Brewing Co.
[2048/2144] no-platform   -            Boston Market
[2049/2144] no-platform   -            Bacio di Latte | Flower Hill, SD
[2050/2144] needs-browser Square Online storefront Cafecito 1806
[2051/2144] needs-browser Square Online (own domain) Veggyjess
[2052/2144] no-platform   -            Fairbanks
[2053/2144] no-platform   -            Mawazo Kitchen
[2054/2144] no-platform   -            Crave
[2055/2144] no-platform   -            HOB on Park
[2056/2144] no-platform   -            Pei Wei
[2057/2144] no-platform   -            Herb & Eatery
[2058/2144] no-platform   -            Deli & Go
[2059/2144] [2059/2144] no-platform   -            Afghan Table
[2060/2144] no-platform   -            The Village Mission [2061/2144] [2061/2144] no-platform   -            Hi[2062/2144] [2062/2144] needs-browser Square Online storefront Petit[2063/2144] [2063/2144] no-platform   -            Buka - Taste of Nigeria
[2064/2144] no-platform   -            The E[2065/2144] no-platform   -            Gaslamp Coffee Bar
[2066/2144] no-platform   -            Rush Bowls
[2067/2144] [2067/2144] no-platform   -            Crave & Feast
[2068/2144] fetch-failed  -            Chan[2069/2144] [2069/2144] no-platform   -            [2070/2144] no-platform   -            Masa Madre
[2071/2144] no-platform   -            Amalf[2071/2144] no-platform   -           [2072/2144] [2072/2144] no-platform   -            The brew[2073/2144] wrong-branch  order.online The Poke Co. - Linda Vista
[2074/2144] fetch-failed  -            In Between
[2075/2144] [2075/2144] no-platform   -            In[2076/2144] [2076/2144] no-platform   -            Coas[2077/2144] fetch-failed  -            The Shop _ Coffee + Thrift
[2078/2144] no-platform   -            The Santaluz Club Dining Room and Events
[2079/2144] no-platform   -            The Grand Tradition
[2080/2144] no-platform   -            Stony Mountain Bar & Grill
[2081/2144] needs-browser -            Verde Kitchen & Bar
[2082/2144] no-platform   -            Deli and Pizzeria
[2083/2144] no-platform   -            Kabul West Mediterranean Grill
[2084/2144] no-platform   -            Lindo Valle Mexican Grill
[2085/2144] no-platform   -            ZENSHI Handcrafted Sushi
[2086/2144] no-platform   -            The Reading Club
[2087/2144] [2087/2144] fetch-failed  -     [2088/2144] no-platform   -            Avo & Ocha
[2089/2144] [2089/2144] no-platform   -            Lone [2090/2144] [2090/2144] fetch-failed  -           [2091/2144] no-platform   -            Pinsarella Ancient Roman Pizza
[2092/2144] [2092/2144] fetch-failed  -            SALT N SAVOR [2093/2144] screened-out  shopify      OTAY CAFE
[2094/2144] fetch-failed  -            Negro Durazo
[2095/2144] [2095/2144] no-platform   -            Mama Kat's Restaurant a[2096/2144] screened-out  shopify      Tito Ricks Cafe
[2097/2144] no-platform   -            The Divers Cup
[2098/2144] no-platform   -            Nicolosi's Pizza (Mira Lee Way)
[2099/2144] no-platform   -            Mielimon Bakery
[2100/2144] no-platform   -            The Quay Cafe
[2101/2144] no-platform   -            Rock Steady
[2102/2144] no-platform   -            Michoacana Mia - Escondido
[2103/2144] no-platform   -            Humphrey Nutrición club herbalife
[2104/2144] no-platform   -            30Z Dive Club (Three Ounce)
[2105/2144] [2105/2144] no-platform   -            Coun[2106/2144] fetch-failed  -            Monserrate Pastries
[2107/2144] [2107/2144] no-platform   -            Nono Jos�[2108/2144] [2108/2144] fetch-failed  -            Fallbrook Kitc[2109/2144] [2109/2144] no-platform   -            Modern T[2110/2144] no-platform   -            Don Ramon Méxican and sea fo[21[2111/2144] no-platform   -            Joes on the Nose
[2112/2144] [2112/2144] fetch-failed  -            The Maca[2113/2144] no-platform   -            NM Cafe
[2114/2144] no-platform   -            De Los Altos Restaurant
[2115/2144] [2115/2144] no-platform   -            B[2116/2144] [2116/2144] no-platform   -            Ono Hawaiian BBQ
[2117/2144] no-platform   -            Tu Taco T[2118/2144] [2118/2144] no-platform   -            Tocumbo Ice Cream Na[2119/2144] needs-browser Square Online (own domain) The Mighty Bean Coffee Co.
[2120/2144] [2120/2144] wrong-branch  slice        Famous Famiglia
[2121/2144] no-platform   -            HACIEN[2122/2144] [2122/2144] no-platform   -      [2123/2144] [2123/2144] no-platform   -            R[2124/2144] no-platform[2124/2144] no-platform   -            J[2125/2144] [2125/2144] no-platform   -            H[2126/2144] [2126/2144] needs-browser order.online Sangucheria PSF Hillcrest
[2127/2144] fetch-failed  -            Cafe 47[2128/2144] [2128/2144] no-platform   -        [2129/2144] [2129/2144] no-platform   -            Mexico City [2130/2144] needs-browser order.online Sangucheria PSF Liberty Station
[2131/2144] no-platform   -            Mexico City Cuisine-CoLab
[2132/2144] no-platform   -            MeloMelo Coconut Dessert
[2133/2144] [2133/2144] no-platform   -            Nothing [2134/2144] no-platform   -            Sweet Munchies
[2135/2144] [2135/2144] no-platform   -            Rhino Cake and Cof[2136/2144] [2136/2144] no-platform   -            Egg Tuck
[2137/2144] no-platform   -            Vella Brasserie
[2138/2144] no-platform   -        [2139/2144] needs-browser Square Online storefront Rancho Sandwich & Creamery
[2140/2144] [2140/2144] no-platform   -            Health [2141/2144] [2141/2144] no-platform   -       [2142/2144] fetch-failed  -            The Banshee Bar
[2143/2144] [2143/2144] fetch-failed  -            Gr[2144/2144] [2144/2144] no-platform   -            Heritage

platform                       attempted         filed       too-few         gated  wrong-branch needs-browser   no-platform  fetch-failed  screened-out
none                                1566             0             0             0             0            80          1216           270             0
order.online                         119             1             1             1             8           100             0             0             8
toast                                 88             5             0             0            21            60             0             0             2
Square Online storefront              84             0             0             0             0            84             0             0             0
Square Online (own domain)            45             0             0             0             0            45             0             0             0
chownow                               29             0             0             5             0            24             0             0             0
shopify                               27             3             3             0             0             0             0             0            21
olo                                   22             0             0             0             0            22             0             0             0
MealKeyWay                            21             0             0             0             0            21             0             0             0
slice                                 18             0             0             0             1            16             0             0             1
spothopper                            18             2             2             0             0            13             0             0             1
netwaiter                             17             0            17             0             0             0             0             0             0
clover                                15             0             0             0             6             4             0             0             5
SpotOn                                13             0             0             0             0            13             0             0             0
own-jsonld                            12             8             1             0             3             0             0             0             0
plain-html                            11             0             0             0             0            11             0             0             0
popmenu                                9             0             0             0             9             0             0             0             0
wix                                    8             4             4             0             0             0             0             0             0
HungerRush                             7             0             0             0             0             7             0             0             0
GloriaFood widget                      4             0             0             0             0             4             0             0             0
menufy                                 4             0             0             0             1             0             0             0             3
ubereats                               3             0             0             0             2             1             0             0             0
MenuSifu                               2             0             0             0             0             2             0             0             0
Paytronix                              2             0             0             0             0             2             0             0             0
TOTAL                               2144            23            28             6            51           509          1216           270            41

23 menus, 983 dishes
wrote menus/wip/router-20260905-151751.json
wrote menus/wip/router-20260905-151751.notes.json
