queue 2051 with a website; routing 2051 at concurrency 4

[   1/2051] no-platform   -            Ghirardelli Ice Cream & Chocolate Shop
[   2/2051] filed         shopify      Donut Bar & Bakery
[   3/2051] filed         own-jsonld   Peterson's Donut Corner
[   4/2051] screened-out  shopify      Salt & Straw
[   5/2051] no-platform   -            Belly Up Tavern
[   6/2051] no-platform   -            Crumbl Cookies
[   7/2051] no-platform   -            China Super Buffet
[   8/2051] needs-browser order.online Dave & Buster's Carlsbad
[   9/2051] needs-browser chownow      Burger Bench Escondido
[  10/2051] no-platform   -            IZOLA
[  11/2051] needs-browser -            Casa de Freds
[  12/2051] no-platform   -            Mimi's Cafe
[  13/2051] screened-out  order.online Wood Ranch Mission Valley
[  14/2051] no-platform   -            Mama Kat's Restaurant
[  15/2051] needs-browser order.online Rodizio Grill Brazilian Steakhouse San Diego
[  16/2051] filed         order.online The Cheesecake Factory
[  17/2051] no-platform   -            Yogurt Mill
[  18/2051] no-platform   -            Taquería Imperial
[  19/2051] needs-browser toast        Tacos El Paisa
[  20/2051] no-platform   -            Buca di Beppo Italian Restaurant
[  21/2051] filed         shopify      California Fish Grill
[  22/2051] no-platform   -            Juice Time & Papa Kanafa - San Diego
[  23/2051] filed         toast        Rockin' Baja Lobster - Gaslamp
[  24/2051] no-platform   -            Red Robin Gourmet Burgers and Brews
[  25/2051] no-platform   -            North Italia
[  26/2051] no-platform   -            Windmill Food Hall
[  27/2051] needs-browser order.online Breakfast Republic
[  28/2051] no-platform   -            Pho Truc Xanh
[  29/2051] needs-browser chownow      Brigantine Seafood
[  30/2051] no-platform   -            Acai Republic - Oceanside
[  31/2051] no-platform   -            Miguel's Cocina 4S Ranch
[  32/2051] no-platform   -            Hans & Harry's Bakery
[  33/2051] no-platform   -            VG Donut & Bakery
[  34/2051] fetch-failed  -            Public Square Coffee House
[  35/2051] no-platform   -            Original Pancake House Vista
[  36/2051] filed         wix          Pho Nom
[  37/2051] gated         toast        RAKITORI Japanese Pub&Grill
[  38/2051] no-platform   -            Sonny’s Pizza
[  39/2051] filed         shopify      Venchi
[  40/2051] no-platform   -            Adalberto's Mexican Food
[  41/2051] needs-browser Square Online storefront Lucha Libre Taco Shop
[  42/2051] no-platform   -            Ty's Burger House
[  43/2051] no-platform   -            Tortilla Mia Mexican Re[  44/205[  44/2051] screened-out  order.online Al Toque | Peruvian Kitchen
[  45/2051] wrong-branch  toast        Swami's Cafe Escondido
[  46/2051] no-platform   -            Khyber Pass Zarparan Restaurant | Afghan
[  47/2051] no-platform   -            Pegah’s Kitchen
[  48/2051] needs-browser olo          California Pizza Kitchen
[  49/2051] no-platform   -            664 Tj Birrieria
[  50/2051] fetch-failed  -            Home Sweet Home Cafe
[  51/2051] no-platform   -            Pho Hung Cali
[  52/2051] no-platform   -            AleSmith Brewing Company
[  53/2051] no-platform   -            Con Pane Rustic Breads & Cafe
[  54/2051] needs-browser plain-html   Sushi Roll Land - All You Can Eat
[  55/2051] filed         toast        Harumama Ramen + Sushi (Little Italy)
[  56/2051] needs-browser order.online Tom's Famous Family Restaurant 24
[  57/2051] no-platform   -            Islands Restaurant Chula Vista
[  58/2051] needs-browser chownow      Hungry Bear Deli
[  59/2051] filed         clover       Burros & Fries - Escondido W Felicita Ave
[  60/2051] needs-browser Square Online storefront Wayfarer Bread & Pastry
[  61/2051] no-platform   -            Saigon Restaurant
[  62/2051] no-platform   -            Luna Grill Liberty Station
[  63/2051] needs-browser olo          Better Buzz Coffee San Marcos
[  64/2051] needs-browser -            Tacos El Franc
[ [  65/2051] filed         own-jsonld   Tacos El Franc
[  66/2051] no-platform   -            Rubio's Coastal Grill
[  67/2051] needs-browser toast        Good Night John Boy
[  68/2051] filed         spothopper   Hooleys Public House
[  69/2051] filed         toast        Savoie | Italian Eatery
[  70/2051] no-platform   -            Fridas Street Tacos
[  71/2051] fetch-failed  -            Venice Pizza House Since 1954
[  72/2051] no-platform   -            Huckleberry's Breakfast & Lunch
[  73/2051] no-platform   -            Farmer & The Seahorse
[  74/2051] no-platform   -            Venezia | Italian Cuisine
[  75/2051] no-platform   -            Luna Grill Hillcrest
[  76/2051] filed         toast        AKA San Diego
[  77/2051] filed         spothopper   Pelly's Fish Market & Cafe
[  78/2051] no-platform   -            Texas de Brazil - Carlsbad
[  79/2051] needs-browser order.online Primos Mexican Food & Cantina
[  80/2051] no-platform   -            Camino Riviera
[  81/2051] needs-browser order.online TOM's Famous Fami[  82/2051] no-pl[  82/2051] no-platform   -            Hong Kong Restaurant
[  83/2051] fetch-failed  -            Sweet Spot Real Jamaican Restaurant
[  84/2051] no-platform   -            MooTime Creamery
[  85/2051] gated         toast        TACO CENTRO
[  86/2051] needs-browser plain-html   Por Favor El Cajon
[  87/2051] gated         chownow      Handel’s Homemade Ice Cream
[  88/2051] needs-browser slice        Massachusetts Mike's Pizzeria
[  89/2051] no-platform   -            Khan's Cave Grill & Tavern
[  90/2051] no-platform   -            Mi Tierra Super Taco
[  91/2051] filed         clover       Sunnie's Ocean Beach Mexican Food
[  92/2051] no-platform   -            Loreto's Taco Shop
[  93/2051] too-few       netwaiter    Su Pan Bakery El Cajon
[  94/2051] needs-browser toast        Sushi Yama
[  95/2051] screened-out  shopify      Mothership
[  96/2051] no-platform   -            Taco Bar
[  97/2051] needs-browser plain-html   Papas & Tacos Mexican Food
[  98/2051] filed         own-jsonld   China Max Dumpling House
[  99/2051] filed         own-jsonld   Tarbosh Mediterranean Restaurant
[ 100/2051] no-platform   -            Tandoori Guys - Indian Restaurant & Catering
[ 101/2051] needs-browser chownow      Panchos Mexican Grill
[ 102/2051] needs-browser chownow      Parakeet Cafe - Little Italy
[ 103/2051] fetch-failed  -            Los Reyes Mexican Restaurant & Cantina
[ 104/2051] fetch-failed  -            Plazas Mexican Food
[ 105/2051] no-platform   -            MOOYAH Burgers, Fries & Shakes
[ 106/2051] no-platform   -            Deiberto's Mexican Restaurant
[ 107/2051] fetch-failed  -            Jilberto's Taco Shop
[ 108/2051] no-platform   -            Operacaffe
[ 109/2051] needs-browser plain-html   Nick's on State
[ 110/2051] no-platform   -            Pho Oceanside
[ 111/2051] fetch-failed  -            Mimoza Mediterranean Restauran[ [ 112/2051] wrong-branch  toast        Eggholic - Indian Street Food
[ 113/2051] needs-browser GloriaFood widget That Mexican Place
[ 114/2051] no-platform   -            Todo Sushi
[ 115/2051] needs-browser toast        Lanna Thai Cuisine
[ 116/2051] needs-browser -            Cali "O" Burgers
[ 117/2051] no-platform   -            In-N-Out Burger
[ 118/2051] filed         spothopper   Cicciotti's Trattoria Italiana & Seafood
[ 119/2051] no-platform   -            Los Garcia's Taco Shop
[ 120/2051] too-few       spothopper   Kebab Craft
[ 121/2051] needs-browser toast        Coya Peruvian Secret
[ 122/2051] no-platform   -            Mr. Moto Pizza Seaport Village
[ 123/2051] fetch-failed  -            Red Fox Room and Steakhouse
[ 124/2051] wrong-branch  toast        The Great Greek Mediterranean Grill - Oceanside, CA
[ 125/2051] filed         toast        Love Boat Sushi Oceanside
[ 126/2051] needs-browser order.online Maestro Lounge
[ 127/2051] wrong-branch  order.online Steak 48 Del Mar
[ 128/2051] no-platform   -            El Real Mexican Food
[ 129/2051] no-platform   -            La Lomita Mexican Grill
[ 130/2051] needs-browser olo          Better Buzz Coffee Escondido
[ 131/2051] no-platform   -            Antique Row Cafe
[ 132/2051] fetch-failed  -            SHABU-WORKS
[ 133/2051] screened-out  order.online Grandma Tofu & BBQ
[ 134/2051] needs-browser toast        Finjan Coffee Co. - Kearny Mesa
[ 135/2051] filed         clover       Taste of the Himalayas
[ 136/2051] no-platform   -            Anita's Mexican Restaurant & Cantina
[ 137/2051] no-platform   -            Barrio Food Hub
[ 138/2051] filed         toast        Junkyard Sports Bar & Grill
[ 139/2051] needs-browser spothopper   THAI ZAAP RESTAURANT & BAR
[ 140/2051] no-platform   -            Los Junior's Mexican Food
[ 141/2051] filed         own-jsonld   Trattoria Don Pietro - Sicilian/Italian Cuisine
[ 142/2051] needs-browser Square Online storefront Empanada Kitchen
[ 143/2051] needs-browser slice        Pastalini
[ 144/2051] needs-browser slice        Pastalini
[ 145/2051] wrong-branch  toast        Cafe Madeleine North Park
[ 146/2051] fetch-failed  -            BunZ
[ 147/2051] no-platform   -            I Love Bagels
[ 148/2051] no-platform   -            Otay Mandarin Chinese Restaurant
[ 149/2051] no-platform   -            Hanu Korean BBQ
[ 150/2051] no-platform   -            Rubio's Coastal Grill
[ 151/2051] needs-browser toast        The Asian Bistro
[ 152/2051] filed         spothopper   The Barbecue Pit
[ 153/2051] needs-browser toast        Beaumont's
[ 154/2051] no-platform   -            Tocumbo Ice Cream
[ 155/2051] filed         toast        Selva Coffee House
[ 156/2051] needs-browser order.online Sancho's Tacos
[ 157/2051] no-platform   -            Tacotarian San Diego
[ 158/2051] needs-browser Square Online storefront skybound coffee + dessert lounge
[ 159/2051] no-platform   -            Parfait Paris
[ 160/2051] no-platform   -            Palomino's Mexican & Seafood
[ 161/2051] needs-browser olo          Panini Kabob Grill - Mission Valley
[ 162/2051] no-platform   -            It's Raw Poke Shop
[ 163/2051] no-platform   -            Antonio's Mexican Food
[ 164/2051] needs-browser Square Online (own domain) Up2You Cafe
[ 165/2051] no-platform   -            Vinarius Wine Bar & Restaurant
[ 166/2051] wrong-branch  clover       Burros & Fries Telegraph
[ 167/2051] screened-out  clover       Mission Baja Tacos
[ 168/2051] no-platform   -            Troy's Greek Restaurant
[ 169/2051] needs-browser plain-html   Nick's Del Mar
[ 170/2051] no-platform   -            Iceskimo
[ 171/2051] needs-browser olo          Better Buzz Coffee Coronado
[ 172/2051] needs-browser toast        Stake Chophouse & Bar
[ 173/2051] no-platform   -            Boudin SF
[ 174/2051] no-platform   -            Boudin SF
[ 175/2051] needs-browser Square Online storefront Sunny Side Kitchen
[ 176/2051] filed         spothopper   Chief's Burgers, Brew & Spirits
[ 177/2051] no-platform   -            Urban Crave
[ 178/2051] no-platform   -            Urban Crave
[ 179/2051] no-platform   -            Pho Nam Cali
[ 180/2051] needs-browser olo          Better Buzz Coffee Pacific Beach Grand
[ 181/2051] needs-browser plain-html   Pancho's Mexican Restaurant
[ 182/2051] needs-browser toast        Galpão Gaucho Brazilian Steakhouse
[ 183/2051] fetch-failed  -            La Concha Bakery
[ 184/2051] filed         spothopper   Sidecar Bar
[ 185/2051] needs-browser SpotOn       allmine pizza and pasta
[ 186/2051] wrong-branch  clover       Kettle On Grand
[ 187/2051] needs-browser Square Online (own domain) Sunshine Kitchen
[ 188/2051] needs-browser toast        Risers Pizza
[ 189/2051] needs-browser plain-html   Mariposa Ice Cream
[ 190/2051] too-few       netwaiter    Connie's
[ 191/2051] filed         spothopper   Tony Pepperoni
[ 192/2051] no-platform   -            Thai Thai Oceanside Restaurant
[ 193/2051] no-platform   -            Karina's Cantina Gaslamp
[ 194/2051] no-platform   -            Lucy's Bakery
[ 195/2051] fetch-failed  -            Himalayan Sherpa Cuisine
[ 196/2051] needs-browser toast        1022 Cafe & Gelateria
[ 197/2051] needs-browser -            Sammy's Woodfire Pizza and Grille
[ 198/2051] no-platform   -            Valeries Taco Shop - Ocean Ranch
[ 199/2051] fetch-failed  -            Mandarin Wok Restaura[ 2[ 200/2051] needs-browser toast        Shaks Mediterranean Bistro
[ 201/2051] no-platform   -            Chris' Liquor & Deli
[ 202/2051] gated         toast        KnB Bistro
[ 203/2051] no-platform   -            Zarlitos Family Restaurant
[ 204/2051] no-platform   -            Muay Thai Kitchen
[ 205/2051] no-platform   -            Baci Restaurant | Italian[[ 206/2051] needs-browser order.online Robertito's Mexican Food
[ 207/2051] needs-browser HungerRush   Sara's Mexican Food (Pacific Beach)
[ 208/2051] needs-browser -            Sukho Thai Extraordinaire
[ 209/2051] needs-browser toast        Nado Republic
[ 210/2051] no-platform   -            Golden Mandarin
[ 211/2051] fetch-failed  -            Edelweiss B[ 212/[ 212/2051] no-platform   -            Umai Sushi
[ 213/2051] no-platform   -            U-31
[ 214/2051] no-platform   -            Lomas | Mexican Restaurant & Cantina
[ 215/2051] needs-browser Square Online (own domain) Camp Coffee Company
[ 216/2051] gated         toast        Bellamy's Restaurant
[ 217/2051] needs-browser -            Beyer Deli
[ 218/2051] needs-browser Square Online (own domain) Beach City Smoothies
[ 219/2051] needs-browser Square Online (own domain) Port[ 220/2051[ 220/2051] filed         order.online MILKISSIMO GELATO
[ 221/2051] no-platform   -            Golden Donut
[ 222/2051] too-few       wix          TNL Boba Tea
[ 223/2051] gated         chownow      Handel’s Hom[ 224/2051] gate[ 224/2051] no-platform   -            Frida’s Taqueria Oceanside
[ 225/2051] needs-browser SpotOn       Souplantation
[ 226/2051] needs-browser Square Online storefront Prager Brothers Artisan Breads
[ 227/2051] needs-browser spothopper   Los Panchos Mexican Grill & Seafood
[ 228/2051] fetch-failed  -            Mi Ranchito Taco Shop
[ 229/2051] fetch-failed  -            Konito's Cafe
[ 230/2051] needs-browser MealKeyWay   Asia Wok
[ 231/2051] no-platform   -            Rubio's Coastal Grill
[ 232/2051] no-platform   -            Superbloom Coffee & Juice
[ 233/2051] needs-browser slice        Pizzeria El Jef[ 234/2051] needs-browser sl[ 234/2051] filed         own-jsonld   Shawarma Shack
[ 235/2051] needs-browser MealKeyWay   Dumplings N More
[ 236/2051] needs-browser spothopper   Penelopes Mexican Food
[ 237/2051] no-platform   -            Birria El Rey
[ 238/2051] no-platform   -            Nucci's Italian Cafe & P[ 239/2051] needs-browser Square Online storefront Maan's Mediterranean Grill
[ 240/2051] no-platform   -            Rare Society
[ 241/2051] no-platform   -            Nucci's Italian Cafe & Pizza
[ 242/2051] needs-browser toast        The Remy
[ 243/2051] no-platform   -            GelatoLove Carlsbad Village
[ 244/2051] screened-out  shopify      Ascend Coffee Roasters
[ 245/2051] filed         spothopper   It's Tabu Sushi
[ 246/2051] no-platform   -            Panda Imperial Restaurant
[ 247/2051] too-few       order.online Ben & Jerry's
[ 248/2051] no-platform   -            Namino Poway
[ 249/2051] needs-browser Square Online (own domain) Barrio Donas
[ 250/2051] no-platform   -            Cafe de Thai And Sushi
[ 251/2051] no-platform   -            Mevan Coffee & Desserts & Brunch
[ 252/2051] filed         toast        Oltre Mare
[ 253/2051] no-platform   -            Pure Project Carlsbad
[ 254/2051] no-platform   -            The Cowshed
[ 255/2051] no-platform   -            The Cowshed
[ 256/2051] needs-browser order.online Rise[ 256/2051] no-platform   -            The Cowshed
[ 257/2051] no-platform   -            Manna Heaven BBQ - National City
[ 258/2051] needs-browser spothopper   Players Sports Grill
[ 259/2051] needs-browser chownow      Parakeet Cafe - Coronado
[ 260/2051] fetch-failed  -            Bonchon Chicken
[ 261/2051] no-platform   -            Oriental Cafe | Chinese
[ 262/2051] needs-browser toast        Sultan Baklava
[ 263/2051] no-platform   -            Happy Lemon Westfield Plaza Bonita
[ 264/2051] no-platform   -            Red Lobster
[ 265/2051] no-platform   -            Rubio's Coastal Grill
[ 266/2051] no-platform   -            Chiroys [ 267[ 267/2051] needs-browser -            The Invigatorium
[ 268/2051] no-platform   -            Yingli Restaurant | Chula Vista
[ 269/2051] needs-browser spothopper   Curry & More - Indian Bistro
[ 270/2051] filed         wix          Buffalo wing star
[ 271/2051] no-platform   -            Taqueria El Cino
[ 272/2051] needs-browser order.online Scoops La Jolla
[ 273/2051] no-platform   -            Cocina 35 brunch
[ 274/2051] needs-browser spothopper   3N1 Sports Bar & Grill
[ 275/2051] needs-browser toast        Smokin J's BBQ & Taphouse
[ 276/2051] no-platform   -            Señor Taquero
[ 277/2051] no-platform   -            Ocean Thai Cuisine
[ 278/2051] fetch-failed  -            L'atelier de Paris
[ 279/2051] no-platform   -            Kung Fu Tea
[ 280/2051] no-platform   -            Mi Asador Mexican & Seafood Restaurant
[ 281/2051] no-platform   -            Green Vine Delicatessen
[ 282/2051] no-platform   -            Jts Clubhouse Pub and Grill
[ 283/2051] gated         toast        Tavola Nostra Pizzeria e Cucina
[ 284/2051] needs-browser -            El Borrego
[ 285/2051] screened-out  clover       Royal Sweets
[ 286/2051] too-few       netwaiter    Aiberto's Taco Shop
[ 287/2051] filed         toast        Mangia e Bevi
[ 288/2051] no-platform   -            Manna Heaven BBQ Downtown
[ 289/2051] gated         toast        Cori Pastificio Trattoria
[ 290/2051] fetch-failed  -            Pacific Beach Ice Cream Co.
[ 291/2051] no-platform   -            Palmys Cafe
[ 292/2051] needs-browser order.online Dickey's Barbecue Pit
[ 293/2051] no-platform   -            Tacos Asadero
[ 294/2051] no-platform   -            Curbside Eatery & Drinkery
[ 295/2051] needs-browser Square Online (own domain) Versailles Cafe & Pastries
[ 296/2051] fetch-failed  -            Leucadia Donut Shoppe
[ 297/2051] needs-browser slice        Hot Chickz & Pizza
[ 298/2051] needs-browser toast        Junction 52 Bar & Grill
[ 299/2051] fetch-failed  -            Arizona Chinese Restaurant
[ 300/2051] no-platform   -            Chopsticks Inn Restaurant
[ 301/2051] filed         order.online Sinbad Mediterranean Cuisine
[ 302/2051] filed         shopify      Coffee Cycle Roasting
[ 303/2051] no-platform   -            China Fun
[ 304/2051] no-platform   -            Ferchaladas birria & mariscos
[ 305/2051] fetch-failed  -            Savory Thai Restaurant
[ 306/2051] needs-browser Square Online storefront JoJo's Creamery
[ 307/2051] needs-browser toast        Tabu Sush[ 308/2051] no-platform   -            Lighthouse Ice Cream
[ 309/2051] wrong-branch  toast        Chin's Szechwan - Rancho Berna[ 31[ 310/2051] no-platform   -            Ferchaladas birria & mariscos
[ 311/2051] gated         toast        Junmai Sushi Bar & Grill
[ 312/2051] wrong-branch  toast        Beeside Balcony La Jolla
[ 313/2051] gated         chownow      Handel's Homemade Ice Cream
[ 314/2051] no-platform   -            Sushi Factory
[ 315/2051] needs-browser order.online Lourdes Mexican Food To Go
[ 316/2051] needs-browser toast        QUICK BITES CAFE / Best Sandwiches
[ 317/2051] needs-browser slice        Dominic's
[ 318/2051] fetch-failed  -            Camel's Bar and Grill
[ 319/2051] needs-browser order.online L&L Hawaiian[ 320/2051[ 320/2051] needs-browser plain-html   Renegade Countr[ 321/2051[ 321/2051] no-platform   -            Hidden Fish
[ 3[ 322/2051] filed         toast        Gregorio's Restaurant
[ 323/2051] needs-browser order.online L&L Hawaiian Barbecue
[ 324/2051] needs-browser Square Online storefront Bay Park Coffee
[ 325/2051] no-platform   -            Great Wok of Ch[ 32[ 326/2051] no-platform   -            Lucky Chinese F[ 32[ 327/2051] needs-browser Square Online storefront Por[ 328/2051] no-pl[ 328/2051] no-platform   -            Big Front Door
[ 329/2051] filed         spothopper   El Barrio Mexican Restaurant
[ 330/2051] no-platform   -            Draft Republic San Marcos
[ 331/2051] no-platform   -            El Charro Mexican Food
[ 332/20[ 332/2051] no-platform   -            El Charro Me[ 333/2051] filed         menufy       Ray's Mexican Restaurant
[ 334/2051] fetch-failed  -            French Corner Carlsbad Village
[ 335/2051] fetch-failed  -            Hurricane Grill & Wings
[ 336/2051] filed         spothopper   Shores Bar + Kitchen
[ 337/2051] screened-out  shopify      Vigilante Coffee
[ 338/2051] no-platform   -            Noodle & Bun
[ 339/2051] no-platform   -            Black Cat Bar
[ 340/2051] needs-browser Square Online storefront Sandwich Emporium
[ 341/2051] no-platform   -            Lovesong Coffee + Market
[ 342/2051] needs-browser order.online The Naked Cafe
[ 343/2051] no-platform   -            Masala Street San Diego - Indian Cuisine and Catering Services
[ 344/2051] no-platform   -            Emma's Mexican Food
[ 345/2051] no-platform   -            Restaurant Vallarta
[ 346/2051] no-platform   -            La Sabrosita
[ 347/[ 347/2051] filed         order.online Froglanders C[ 348/2051] fil[ 348/2051] no-platform   -            La Sabrosita
[ 349/2051] no-platform   -            Cali Cream
[ 350/2051] no-platform   -            Ocean Thai Cuisine
[ 351/2051] no-platform   -            La Central - Birrieria y Menuderia
[ 352/2051] screened-out  toast        Agave Birrieri[ [ 353/2051] needs-browser MealKeyWay   大鼓米线Da[ 354/2051] [ 354/2051] no-platform   -            Rise and Dine
[ 355/2051] filed         shopify      Pump Coffee
[ 356/2051] no-platform   -            Momentos Cafe
[ 357/2051] needs-browser -            Rosarito's Mexican Food #1
[ 358/2051] wrong-branch  toast        Kai Ola Sushi[[ 359/2051] needs-browser toast        Communal Coff[ 360/2051] needs-browser toast        Communal Coffee
[ 361/2051] needs-browser Paytronix    Black Rock Coffee Bar
[ 362/2051] too-few       netwaiter    Mary Ettas Cafe
[ 363/2051] needs-browser spothopper   il Sogno Italiano
[ 364/2[ 364/2051] too-few       netwaiter    Mary Ettas Cafe
[ 365/2051] no-platform   -            Spitz Mediterranean Street Food
[ 366/2051] needs-browser Paytronix    Black Rock Coffee Bar
[ 367/2051] needs-browser toast        Aaharn Downtown
[ 368/[ 368/2051] no-platform   -            Blanco Cocina + [ 369/20[ 369/2051] no-platform   -            Giovanni's Tratt[ 370[ 370/2051] needs-browser toast        Aaharn Downtown
[ 371/2051] filed         spothopper   Ohana Hawaiian BBQ
[ 372/2051] needs-browser toast        Nature Forward Socal Bistro
[ 373/2051] filed         spothopper   Cheese Shop
[ 374/2051] no-platform   -            Hanna's Gourmet
[ 375/2051] needs-browser order.online The Baked Bear
[ 376/2051] no-platform   -            KABOB SHACK - EASTLAKE
[ 377/2051] no-platform   -            Paris Baguette
[ 378/2051] needs-browser chownow      El Pollo Grill - Otay Ranch
[ 379/2051] fetch-failed  -            New York Buffalo Wings
[ 380/2051] no-platform   -            PanPan Wok
[ 381/2051] no-platform   -            Angelito's Fruteria Y Neveria
[ 382/2051] gated         chownow      Finney's Crafthouse
[ 383/2051] needs-browser toast        Valentina
[ 384/2051] no-platform   -            Fortuna Ristorante Italiano
[ 385/2051] filed         toast        An's Hatmakers
[ 386/20[ 386/2051] filed         toast        An's Hatmakers
[ 387/2051] no-platform   -            Dark Horse Coffee Roasters
[ 388/2051] fetch-failed  -            Crudo Ceviche & Oyster Bar
[ 389/2051] needs-browser Square Online storefront Pink Rose Cafe
[ 390/2051] no-platform   -            Compadr[ 391/2051] no-plat[ 391/2051] gated         toast        Elvira
[ 392/2051] no-platform   -            L&L Hawaiian Barbecue
[ 393/2051] filed         clover       Ding Tea Vista
[ 394/2051] no-platform   -            Phở Carlsbad
[ 395/2051] no-platform   -            Kinaly Thai Res[ 396/2051] needs-browser SpotOn       Villa Manila
[ 397/20[ 397/2051] no-platform   -            Phở Carlsbad
[ 398/2051] no-platform   -            SanSai Japanese Grill
[ 399/2051] no-platform   -            Curry Craft Nordahl - Indian Restaurant & Catering Services
[ 400/2051] fetch-failed  -            Handel's Homemade Ice Cream Vista
[ 401/2051] no-platform   -            Thai Table Time
[ 402/2051] no-platform   -            Fugu
[ 403/2051] needs-browser Square Online storefront Genteel Coffee Roasters
[ 404/2051] filed         menufy       Annam Pho & Sandwiches
[ 405/2051] needs-browser slice        Garden Fresh Grill & Smoothie
[ 406/2051] no-platform   -            Great Wall Express
[ 407/2051] needs-browser toast        Angry Chickz - Oceanside
[ 408/2051] ne[ 408/2051] needs-browser toast        Via Vai Cucina Italiana
[ 409/2051] filed         clover       Val's Coffee Corner
[ 410/2051] needs-browser order.online Van Leeuwen Ice Cream
[ 411/2051] needs-browser toast        Angry Chickz - Oceanside
[ 412/2051] no-platform   -            Greek Corner Café
[ 413/2051] no-platform   -            NOIR S[ 414/2051] needs-browser to[ 414/2051] no-platform   -            Flora
[ 415/2051] filed         wix          Peachy's Market & Grill
[ 416/2051] no-platform   -            Jay Bhavani Vadapav | Authentic Indian Vegetarian Restaurant
[ 417/2051] no-platform   -            Pizza Amore
[ 418/2051] no-platform   -            Tocumbo Ice Cream CV
[ 419/2051] needs-browser -            Yogurt Heaven
[ 420/2051] needs-browser order.online Burrito Leo's Mexican Food
[ 421/2051] screened-out  shopify      James Coffee Co.
[ 422/2051] needs-browser slice        HillCrust Pizza
[ 423/2051] needs-browser slice        Italia Pizza
[ 424/2051] needs-browser Square Online (own domain) CUPPA CUPPA COFFEE COMPANY
[ 425/2051] no-platform   -            1St Street Bar
[ 426/2051] needs-browser order.online See's Candies
[ 427/2051] wrong-branch  toast        Coronado Coffee Company
[ 428/2051] no-platform   -            Honey Baked Ham
[ 429/2051] needs-browser -            NuYo Frozen Yogurt Telegraph Canyon
[ 430/2051] no-platform   -            Lucy's Bakery
[ 431/2051] no-platform   -            China bros
[ 432/2051] needs-browser olo          Randy's Donuts
[ 433/2051] wrong-branch  toast        Mexi-Cocina Restaurant
[ 434/2051] no-platform   -            Cafe Bella Drive Thru
[ 435/2051] fetch-failed  -            Living room Coffeehouse RSD
[ 4[ 436/2051] no-platform   -            Wahoo's Fish Taco
[ 437/2051] no-platform   -            La Mesita Mexican Food
[ 438/2051] fetch-failed  -            Living room Coffeehouse RSD
[ 439/2051] no-platform   -            Off The 8 Café
[ 440/2051] needs-browser HungerRush   Buonasera New York [ 441/205[ 441/2051] fetch-failed  -            The Art of [ 442/205[ 442/2051] no-platform   -            PHO KHA RESTAURANT
[ 443/2051] no-platform   -            Royal India Express
[ 444/2051] needs-browser olo          Luna Grill Millenia
[ 445/2051] needs-browser Square Online (own domain) Solana Sumptuous Cookies
[ 446/2051] no-platform   -            Sushi On San Marcos - Japanese Restaurant
[ 447/2051] no-platform   -            MammaMia Deli Market - Gino & Gianni's Pizzeria
[ 448/2051] filed         chownow      Golden Bagel
[ 449/2051] no-platform   -            Il Posto
[ 450/2051] needs-browser MealKeyWay   Surfing Crab Escondido
[ 451/2051] screened-out  menufy       Ginza Sushi
[ 452/20[ 452/2051] screened-out  menufy       Ginza Sushi
[ 453/2051] needs-browser order.online See's Candies
[ 454/2051] no-platform   -            Dragon Express
[ 455/2051] no-platform   -            El Papas Fritas Taco Shop
[ 456/2051] no-platform   -            Tropifruit Juice Bar
[ 45[ 457/2051] no-platform   -            Tropifruit Juice Bar
[ [ 458/2051] wrong-branch  toast        Best Pizza & Brew Clairemont
[ 459/2051] no-platform   -            Cow-A-Bunga Ice Cream & Coffee
[ 460/2051] needs-browser toast        Tacaliente Mexican Grill
[ 461/2051] needs-browser order.online bb.q Chicken Chula Vista
[ 462/2051] screened-out  clover       Garden Gril[ 463/20[ 463/2051] no-platform   -            Tacos Alex
[ 464/2051] needs-browser HungerRush   Pop Pops Paleta
[ 465/2051] fetch-failed  -            Lemon Grove Coffee
[ 466/2051] no-platform   -            Ike's Love & Sandwiches
[ 467/2051] needs-browser spothopper   Santos Coffee
[ 468/2051] fetch-failed  -            Thai Island@
[ 469/2051] needs-browser toast        Rosemonts Cafe
[ 470/2051] no-platform   -            BKK THAI KITCHEN
[ 471/2051] fetch-failed  -            @Spacebar Cafe
[ 472/2051] no-platform   -            Nothing Bundt Cakes
[ 473/2051] filed         clover       Brother's [ 474/2051] filed  [ 474/2051] filed         clover       Brother's [ 475/2051] fetch-f[ 475/2051] fetch-failed  -            Palomino's[ 476/2051] filed         clover       Brother's Mexican Restaurant
[ 477/2051] no-platform   -            Rolling-Out
[ 478/2051] filed         wix          Wicked Maine Lobster
[ 479/2051] no-platform   -            Rare Society
[ 480/2051] no-platform   -            Los Armando's Mexican Food
[ 481/2051] filed         spothopper   Hyshinu Ramen, Sushi & Poke
[ 482/2051] filed         shopify      Bump Coffee
[[ 483/2051] filed         shopify      Bump Coffee
[ 484/2051] screened-out  shopify      La Colombe Coffee Roasters
[ 485/2051] fetch-failed  -            Botani Breakfast & Pizzeria
[ 486/2051] wrong-branch  toast        Madi Pacific Beach
[ 487/2051] no-platform   -            PGA Tour Grill
[ [ 488/2051] no-platform   -            The Cordova Bar
[ 489/2051] no-platform   -            PGA Tour Grill
[ 490/2051] no-platform   -            Mahtab Mediterranean Cuisine
[ 491/2051] no-platform   -            Shozen BBQ
[ 492/2051] no-platform   -            Athens Market Taverna
[ 493/2051] fetch-failed  -            Tak Grill Fresh Medite[ 494/2051] n[ 494/2051] needs-browser MealKeyWay   Ocean Buffet
[ 495/2051] needs-browser order.online San Diego Sandwich Co
[ 496/2051] fetch-failed  -            TapShack Kombucha & Coffee
[ 497/2051] no-platform   -            Creme De La Crepe
[ 498/2051] no-platform   -            La Casa Verde
[ 499/2051] no-platform   -            Mexico Lindo Restaurant
[ 500/2051] needs-browser Square Online (own domain) Matcha Cafe Maiko - Escondido
[ 501/2051] screened-out  shopify      James Coffee Co.
[ 502/2051] needs-browser olo          Better Buzz Coffee Oceanside South
[ 503/2051] filed         toast        Sweet Things
[ 504/2051] [ 504/2051] filed         toast        Sweet Things
[ 505/2051] fetch-failed  -            Thai Garden
[ 506/2051] needs-browser -            Marieta's Mexican Food
[ 507/2051] no-platform   -            Eugenio Italian Ristorante &[ 508/[ 508/2051] needs-browser HungerRush   Flippin' Pizza La Costa
[ 509/2051] needs-browser spothopper   Johnny Mañanas Ocean Beach
[ 510/2051] no-platform   -            Juice Wave
[ 511/2051] no-platform   -            Sky Deck at Del Mar Highlands Town Center
[ 512/2051] fetch-failed  -            Mi Barra Bar
[ 513/2051] wrong-branch  toast        Achilles Coffee Solana Beach
[ 514/2051] no-platform   -            Alanberto’s
[ 515/2051] needs-browser order.online Poki Poki - Oceanside # 1
[ 516[ 516/2051] needs-browser order.online Poki Poki - Oceanside # 1
[ 517/2051] no-platform   -            Mountain Mike[ 518/205[ 518/2051] fetch-failed  -            The Library T[ 519/[ 519/2051] needs-browser -            Hanna Garden
[ 520/2051] wrong-branch  popmenu      Crab Pub
[ 521/2051] no-platform   -            Cake de Partie
[ 522/2051] no-platform   -            Saigon Star Restaurant
[ 523/2051] no-platform   -            Kababayan Bakery
[ 524/2051] needs-browser -            Hanna Garden
[ 525/2051] wrong-branch  toast        Bacari North Park
[ 526/2051] no-platform   -            chikita cafe
[ 527/2051] fetch-failed  -            Mama G’s Kitchen & Sauces Peruvian Cuisine
[ 528/2051] too-few       own-jsonld   The Melt
[ 529/2051] no-platform   -            Uncle Biffs California Killer Cookies
[ 530/2051] no-platform   -            La Mixteca
[ 531/2051] no-platform   -            Donuts Plus
[ 532/2051] fetch-failed  -            the Koffie Co
[ 533/2051] gated         chownow      Handel's Homemade Ice Cream
[ 534/2051] no-platform   -            Silverlake Ramen
[ 535/2051] needs-browser -            Galu Café and Delicate[ 536[ 536/2051] no-platform   -            Tandoori Guys & Catering service
[ 537/2051] wrong-branch  clover       Burros & Fries - East V[ 538/2051] filed        [ 538/2051] filed         wix          Casera [ 539/2051] wrong-branch  clover       Burros & Fries - East Valley Parkway, Es[ 540/20[ 540/2051] no-platform   -            Relic Bakery & [ 541/20[ 541/2051] filed         shopify      Provecho! Coffee Co.
[ 542/2051] no-platform   -            Trattoria da Sofia
[ 543/2051] no-platform   -            Bravo Cafe
[ 544/2051] no-platform   -            The Camp Store
[ 545/2051] filed         toast        COMPA COFFEE ROASTERS
[ 546/2051] no-platform   -            Pizza Mania
[ 547/2051] no-platform   -            Backdraft Bar & Grill
[ 548/2051] screened-out  shopify      Barefoot Coffee Roasters
[ 549/2051] filed         shopify      Flor and Seed Coffee Roasters
[ 550/2051] needs-browser Square Online storefront Crossroads Deli
[ 551/2051] needs-browser SpotOn       Porky's Lechon Barbecue
[ 552/2051] needs-browser spothopper   Isabelle Briens French Pastry Cafe
[ 553/2051] no-platform   -            Native Foods
[ 554/2051] needs-browser plain-html   South of Nick's Del Mar | Mexican Kitchen + Bar
[ 555/2051] no-platform   -            Wisteria Candy Cottage
[ 556/2051] no-platform   -            Kokoro Restaurant
[ 557/2051] needs-browser Square Online (own domain) Elixir Espresso & Wine Bar
[ 558/2051] no-platform   -            KD's Donuts
[ 559/2051] too-few       netwaiter    Opa Greek Restaurant & Grill
[ 560/2051] no-platform   -            Valerio's 1979
[ 561/2051] no-platform   -            P.L. Bagels
[ 562/2051] needs-browser MenuSifu     Sizzling Pot King
[ 563/2051] wrong-branch  order.online Froglanders Crepes & Yogurt
[ 564/2051] no-platform   -            M WINEHOUSE
[ 565/2051] no-platform   -            Taste of Denmark
[ 566/2051] filed         slice        Savio‘S Giant Pizza &deli
[ 567/2051] no-platform   -            Urbane Cafe
[ 568/2051] gated         chownow      CinKuni (Italian & Japanese Cuisine)
[ 569/2051] no-platform   -            White Labs Brewing Co - San Diego
[ 570/2051] no-platform   -            GRANGE GARDEN
[ 571/2051] no-platform   -            Imperial Express
[ 572/2051] fetch-failed  -            Sprinkles La Jolla
[ 573/2051] no-platform   -            Bica Coffee Shop
[ 574/2051] filed         toast        Chin's Szechwan - Carlsbad
[ 575/2051] filed         toast        Harumama Ramen by [ 576/2051] needs[ 576/2051] filed         clover       Ding Tea Fashion Valley
[ 577/2051] needs-browser order.online Halal Burger Co.
[ 578/2051] needs-browser toast        Rob’s Brewpoint
[ 579/2051] needs-browser SpotOn       Tasty Pho
[ 580/2051] needs-browser Square Online (own domain) Oi Asian Fusion
[ 581/2051] no-platform   -            The Outpost by Valley Farm
[ 582/2051] fetch-failed  -            Potato Corner
[ 583/2051] needs-browser olo          Better Buzz Coffee Imperial Beach
[ 584/2051] needs-browser toast        Pizza Cassette
[ 585/2051] needs-browser Square Online (own domain) Tyne Coffee Co.
[ 586/2051] no-platform   -            California Bean
[ 587/2051] filed         wix          Phở Time - Vietnamese Fusion
[ 588/2051] no-platform   -            Hazel & Jade Bakery
[ 589/2051] needs-browser SpotOn       What De Health Thai
[ 590/2051] fetch-failed  -            Cielo Rooftop
[ 591/2051] no-platform   -            The Orient Thai
[ 592/2051] no-platform   -            Happy Lemon San Marcos
[ 593/2051] needs-browser -            Swami's
[ 594/2051] fetch-failed  -            Sunny Side Solana
[ 595/2051] needs-browser Square Online (own domain) Chef Budda Blasian Soul Food LLC
[ 596/2051] needs-browser toast        Sip-N-Sea: Coffee + Açaí
[ 597/2051] no-platform   -            Alibi
[ 598/2051] filed         order.online The Pad Thai Stand
[ 599/2051] no-platform   -            Leona's Cucina Italiana
[ 600/2051] no-platform   -            Le Coq
[ 601/2051] [ 601/2051] needs-browser toast        The Naked Cafe
[ 602/2051] no-platform   -            Kaf[ 603/2051] no-platform   -            Glazed Coffee & Creamery
[ 604/2051] filed         shopify      CAKED | Cookies + Brownies
[ 605/2051] filed         own-jsonld   Shoots Fish & Beer
[ 606/2051] no-platform   -            Taco Azul, INC
[ 607/2051] gated         chownow      Handel's Homemade Ice Cream
[ 608/2051] needs-browser order.online See's Candies
[ 609/2051] needs-browser olo          Luna Grill Encinitas
[ 610/2051] [ 610/2051] filed         spothopper   Village Kabob Mediterranean Grill
[ 611/2051] no-platform   -            P[ 612/2051] no-platform   -            Black Plague Purgatory[ 613/20[ 613/2051] filed         order.online Ahi Su[ 614/2051] too-few       netwaiter    Wings mix
[ 615/20[ 615/2051] too-few       netwaiter    Wings mix
[ 616/2051] needs-browser plain-html   The Boiling Crab
[ 617/2051] no-platform   -            Pho House
[ 618/2051] no-platform   -            Beach + Taco Shack
[ 619/2051] filed         order.online Heavenly Yogurt
[ 620/2051] [ 620/2051] no-platform   -            Hill[ 621/2051] fetch-failed  -            Gyrogrill
[ 622/2051] no-platf[ 622/2051] filed         order.online Heavenly Yogurt
[ 623/2051] no-platform   -            Ernes Mexican Food & Breakfast
[ 624/2051] no-platform   -            Brewjería Taproo[ 625/2051] [ 625/2051] no-platform   -            Nothing [ 626/2051] needs-browser toast        Okama Ramen and Grill
[ 627/2051] needs-browser Square Online storefront Garden Coffee
[ 628/2051] no-platform   -            Fridas Taqueria
[ 629/2051] needs-browser [ 629/2051] no-platform   -            ENO[ 630/2051] needs-b[ 630/2051] needs-browser slice        Giant Pizza King Linda Vista
[ 631/2051] no-platform   -            Fridas Taqueria[ 632/2051] wrong-branch  popmenu      Cocina de Barrio North Park
[ 633/2051] screened-out  clover       PorchLight Coffee
[ 634/2051] needs-browser toast        6th & G Breakfast Co
[ 635/2051] needs-browser toast        Stir It Up CoffeeHouse & Cafe
[ 636/2051] needs-browser -            Olala Crepes
[ 637/2051] needs-browser clover       Himalayan Bistro Oceanside
[ 638/2051] no-platform   -            Phở Hòa Restaurant | Vietnamese
[ 639/2051] no-platform   -            Ko-Li Bar
[ 640/2051] screened-out  menufy       IB Thai
[ 641/2051] needs-browser order.online Fatboy's Deli[ 642/2051][ 642/2051] needs-browser toast        Batch & Box
[ 643/2051] no-platform   -            SoCal Sushi
[ 644/2051] no-platform   -            Kiiro Sushi Izakaya
[ 645/2051] fetch-failed  -            Gooseberries kafe
[ 646/2051] no-platform   -            North Park Creamery
[ 647/2051] needs-[ 647/2051] filed         popmenu      Miracle Potion Cafe & Tea Room
[ 648/2051] no-platform   -            The Grou[ 649/2051] no-platform   -            Paris Baguette
[ 650/2051] no-platform   -            The Grounds Bean Bar
[ 651/2051] needs-browser Square Online (own domain) Industrial Grind Coffee
[ 652/2051] needs-browser chownow      Ironsmith Coffee Roasters
[ 653/2051] [ 653/2051] filed         toast        Cloud 9 Deli
[ 654/2051] gated         toast        Rustic Root
[ 655/2051] wrong-branch  order.online The Poke Co. - Mission Valley
[ 656/2051] no-platform   -            Home Coffee
[ 657/2051] no-platform   -            Babycakes Hillcrest
[ 658/2051] screened-out  shopify      James Coffee[ 659/2051] needs-browser chownow      Pho Hiep & Grill
[ 660/2051] no-platform   -            Babycakes Hillcrest
[ 661/2051] [ 661/2051] no-platform   -            Caffé Adesso
[ 662/2051] no-platform   -            Kaito Sushi
[ 663/2051] needs-browser order.online Cha[ 664/2051] [ 664/2051] screened-out  shopify      Seven Seas Roasting Company
[ 665/2051] no-platform   -            Gelabong
[ 666/2051] no-platform   -            Peppoli's Pi[ 667/2051] filed   [ 667/2051] needs-browser toast        Wynston's Ice Cream Co.
[ 668/2051] needs-browser slice        West Coast Pizza Company
[ 669/2051] needs-browser Square Online storefront iWok Chinese Kitchen
[ 670/2051] needs-browser -            Fat Joe’s O’side
[ 671/2051] filed         shopify      Pavaraga Espresso Bar
[ 672/2051] no-platform   -            YuJing Chinese Restaurant
[ 673/2051] needs-browser Square Online storefront Mnemonic Coffee
[ 674/2051] fetch-failed  -            Do[ 675/2051] no-platform   -            Charli's Landing
[ 676/2051] filed         toast        mangolicious fresh and healthy
[ 677/2051] no-platform   -            Chopsticks Chinese Cuisine
[ 678/2051] no-platform   -            YA HALLA MEDITERRANEAN GRILL
[ 679/2051] no-platform   -            Tea Pavilion
[ 680/2051] no-platform   -            La Moreliana
[ 681/2051] filed         spothopper   Little Italy Ristorante, Chula Vista in San Diego
[ 682/2051] no-platform   -            Our Green Affair Cafe
[ 683/2051] fetch-failed  -            Bistro Pazzo
[ 684/2051] needs-browser spothopper   Curry and More
[ 685/2051] needs-browser order.online See's Candies
[ 686/2051] no-platform   -            Larry's Santorini Greek Food
[ 687/2051] gated         chownow      Handel’s Homemade Ice Cream National City
[ 688/2051] no-platform   -            Poki Poki - Escondido
[ 689/2051] no-platform   -            Paradisaea
[ 690/2051] no-platform   -            Cheers Deli & Liquor
[ 691/2051] needs-browser -            Banh Mi Blvd
[ 692/2051] fetch-failed  -            Trieu Chau Restaurant | Chinese • Cambodian
[ 693/2051] no-platform   -            Sushi Taisho
[ 694/2051] needs-browser Square Online (own domain) Dot Cafe
[ 695/2051] no-platform   -            The BLVD Bar
[ 696/2051] no-platform   -            The Mini Donut Company
[ 697/2051] [ 697/2051] filed         wix          Lazy[ 698/2051] needs-browser order.online BB's Deli
[ 699/2051] filed         own-jsonld   Ali's Chicken & Waffles
[ 700/2051] no-platform   -            Paris Baguette
[ 701/2051] filed         clover       Taco Time Cantina
[ 702/2051] gated         chownow      Handel's Homemade Ice Cream Carmel Mountain
[ 703/2051] needs-browser slice        Pop's Pizza
[ 704/2051] fetch-failed  -            Valentinas Taco Shop
[ 705/2051] no-platform   -            Don Roman mexican & seafood #1
[ 706/2[ 706/2051] no-platform   -            Don Roman [ 707/2051] no-platfo[ 707/2051] fetch-failed  -         [ 708/2051] fetch-failed  -            Pazzos Italian
[ 709/2051] fetch-failed  -            Bar Kamon
[ 710/2051] no-platform   -            Blue Pepper Asian Cuisine
[ 711/2051] fetch-failed  -            Memo's Golden Bagel
[ 712/2051] [ 712/2051] no-platform   -            Main Street Donuts & Deli
[ 713/2051] fetch-failed  -            The Reu[ 714/2051] fetch-failed  -            Cuppa Juice Cold Pressed[ 715/205[ 715/2051] fetch-failed  -            The Reunion
[ 716/2051] [ 716/2051] no-platform   -            Taconora Pa[ 717/2051] needs-browser order.online Le Macaron French Pastries
[ 718/2051] [ 718/2051] no-platform   -            Comstock [ 719/2051] [ 719/2051] no-platform   -            [ 720/2051] [ 720/2051] needs-browser SpotOn       Kalei's Ki[ 721/2051[ 721/2051] fetch-failed  -            Eat Your H[ 722/2051] no-platform   -            Lime in the Coconut
[ 723/2051] filed         slice        Pizza & More
[ 724/2051] needs-browser -            Naseem's Bakery & Kabob
[ 725/2051] [ 725/2051] needs-browser MealKeyWay[ 726/2051] needs-browser order.online Häagen-Dazs
[ 727/2051] no-platform   -            The Henry
[ 728/2051] needs-browser toast        Origen
[ 729/2051] no-platform   -            Baja Rick's Cantina
[ 730/2051] no-platform   -            Hanna's Creamery & Cafe
[ 731/2051] [ 731/2051] no-platform   -            Graziano's Pizz[ 732/2051] [ 732/2051] filed         slice        Pa[ 733/2051] needs-browser toast        Tahini Authentic Middle Eastern Street[ 734/2051] needs-brows[ 734/2051] screened-out  spothopper   The Cottage Encinitas
[ 735/2051] filed         slice        Papanani's Deli
[ 736/2051] no-platform   -            Ichitaru Ramen Carlsbad
[ 737/2051] wrong-branch  clover       Kettle On Main
[ 738/2051] screened-out  shopify      Salt & Straw
[ 739/2051] [ 739/2051] no-platform   -            San Diego Blenders[[ 740/2051] no-platform   -            Quality Taste Pot
[ 741/2051] no-platform   -            Victor's Kafe - Poway
[ 742/2051] no-platform   -            Quality Taste Pot
[ 743/2051] needs-browser slice        Rock On Pizza
[ 744/2051] no-platform   -            Masala house Indian Restaurant & Catering
[ 745/2051] filed         own-jsonld   Yumi Sushi
[ 746/2051] needs-browser Square Online storefront Sue's Korean Kitchen
[ 747/2051] no-platform   -            Nanay's Best BBQ
[ 748/2051] needs-browser order.online See's Candies
[ 749/2051] fetch-failed  -            Al Teatro Panini Grill
[ 750/2051] fetch-failed  -            Fruttos Yogurt
[ 751/2051] filed         clover       HYDERABAD CAFE INDIAN CUSINE- CARLSBAD
[ 752/2051] no-platform   -            Simply Fresh Thai
[ 753/2051] [ 753/2051] no-platform   -            [ 754/2051] no-platform   -            Frankie's
[ 755/2051] no-platform   -            Delah Coffee - North Park
[ 756/2051] no-platform   -            Black Radish
[ 757/2051] no-platform   -            Little Ceasar's
[ 758/2051] no-platform   -            Moniker General
[ 759/2051] no-platform   -            The Original Kebab
[ 760/2051] fetch-failed  -            Idego Coffee Roasters
[ 761/2051] filed         shopify      Jeni's Splendid Ice Creams
[ 762/2051] no-platform   -            Doc Holliday's
[ 763/2051] [ 763/2051] no-platform   -            Jali[ 764/2051] [ 764/2051] gated         chownow      Handel’s Homemade Ice Cream Hillcrest
[ 765/2051] no-platform   -       [ 766/2051] needs-browser Square Online storefront Tacoman
[ 767/2051] no-platform   -            Explorers Café
[ 768/2051] screened-out  shopify      Ignite Coffee Company
[ 769/2051] fetch-f[ 769/2051] no-platform   -            Criscito[ 770/2051] no-platform   -            Criscito Pizza
[ 771/2051] no-platform   -            Saco's Tacos
[ 772/2051] filed         menufy       BFF Burgers, Fish And Fries
[ 773/2051] too-few       netwaiter    Nolberto's Taco Shop
[ 774/2051] fetch-failed  -            Nory's Donut & Bakery
[ 775/2051] [ 775/2051] no-platform   -            Thai Thae Cuisine
[ 776/2051] fetch-failed  -            Crispy's Donuts
[ 777/2051] no-platform   -            NuYo Frozen Yogu[ 778/2051] wrong-branch  toast        Lucha Libre Taco Shop
[ 779/2051] no-platform   -            Great Khan's Mongolian Grill Carlsbad
[ 780/2051] no-platform   -            Sweet Revenge Bakery
[ 781/2051] no-platform [ 781/2051] no-platform   -       [ 782/2051] no-platform [ 782/2051] fetch-failed  -     [ 783/2051] fetch-failed  -       [ 783/2051] needs-browser order.[ 784/2051] needs-brow[ 784/2051] no-platform   -            Insomnia Cookies
[ 785/2051] no-platform   -            Kaffa Coffee
[ 786/2051] fetch-failed  -            Sideways Bar
[ 787/2051] no-platform   -        [ 788/2051] fetch-failed  -            Thai Fresh
[ 789/2051] screened-out  spothopper   Luna's LUNpias Filipino Fusion Eatery
[ 790/2051] no-platform   -            The Luau
[ 791/2051] no-platform [ 791/2051] needs-br[ 792/2051] needs-browser Square Online storefront [ 792/2051] needs-browser Square Online storefront Fan-Fan
[ 793/2051] no-platform   -            The Grill and Deli
[ 794/2051] no-platform   -            Coral Tree Tea House
[ 795/2051] no-platform   -            Hino
[ 796/2051] needs-brow[ 797/2051] needs-browser spothopper  [ 797/2051] no-platform   -            World Famous I Bar
[ 798/2051] fetch-failed  -            Prince Hookah Cafe
[ 799/2051] filed         menufy       Com Tam Nhu Y Restaurant
[ 800/2051] fetch-failed  -            P B Pub
[ 801/2051] needs-browser Square Online storefront Prager Brothers Artisan Bread
[ 802/2051] no-platform   -            Christophe Rull Patisserie
[ 803/2051] no-platform   -            Red Ribbon Bakeshop
[ 804/2051] no-platform   -            Paseo RSF (formerly bistro)
[ 805/2051] no-platform   -            Dolce Aroma Italian Bakery
[ 806/2051] no-platfor[ 807/2051] no-platform   -        [ 807/2051] filed         order.online Bisbas Restaurant
[ 808/2051] no-platform   -            Nothing Bundt Cakes
[ 809/2051] needs-browser toast        La Jollita
[ 810/2051] no-platform   -            Thai Style
[ 811/2051] no-platform   -            Mother's Kitchen
[ 812/2051] no-platform   -            JOEHNS Coffee
[ 813/2051] wrong-branch  toast        Stella Jean's Ice Cream Carlsbad
[ 814/2051] no-platform   -            The Halal Shack
[ 815/2051] needs-browser order.online Chin's Szechwan - Point Loma
[ 816/2051] no-platform   -            ZZan Sushi & Soju
[ 817/2051] no-platform   -            ZZan Sushi & Soju
[ 818/2051] no-platform   -            Brown Bag Deli
[ 819/2051] needs-browser order.online Mr. Charlie's
[ 820/2051] no-platform   -            Tandoori Guys - Oceanside - Restaurant & Catering
[ 821/2051] no-platform   -            Aztec Food Hub
[ 822/2051] no-platform   -            Ticca Tikka Indian Cuisine
[ 823/2051] no-platform   -            Shabu Shabu house
[ 824/2051] needs-browser MealKeyWay   One More Bite Dumpling--San Marcos
[ 825/2051] no-platform   -            Penguin Yogurt Factory
[ 826/2051] no-platform   -            Corner Cafe | Chinese
[ 827/2051] no-platform   -            Crispy Chicken n' Tomato
[ 828/2051] no-platform   -            Tony’s Newport Cafe
[ 829/2051] no-platform   -            Lupillozz Pizza
[ 830/2051] needs-browser spothopper   Enzo's BBQ Ale House
[ 831/2051] filed         shopify      Bump Coffee
[ 832/2051] no-platform   -            Zhang Liang Malatang
[ 833/2051] no-platform   -            Gotcha
[ 834/2051] no-platform   -            Tacos de Birria El Chinito Jr
[ 835/2051] needs-browser plain-html   Donut Stop
[ 836/2051] no-platform   -            Gong Cha
[ 837/2051] no-platform   -            Taco Time Food Truck
[ 838/2051] needs-browser toast        Prey Brewing Company
[ 839/2051] screened-out  clover       OB Quik Stop Liquor & OB Deli
[ 840/2051] needs-browser Square Online storefront Prager Brothers Artisan Breads
[ 841/2051] no-platform   -            Kona Coffee
[ 842/2051] no-platform   -            Firangi Restaurant & Bar
[ 843/2051] needs-browser Square Online (own domain) Beach City Smoothies - Oceanside
[ 844/2051] needs-browser SpotOn       D Wings & Ribs
[ 845/2051] filed         clover       DORI BOBA
[ 846/2051] no-platform   -            Shancheng Lameizi Hot Pot
[ 847/2051] no-platform   -        [ 848/2051] needs-browse[ 848/2051] no-platform   -            Yard House
[ 849/20[ 849/2051] no-platform   -            ThirsTea - Boba, Rolled Ice Cream
[[ 850/2051] no-platform   -            ThirsTea -[ 851/2051] needs-browse[ 851/2051] needs-browser Square Online (own[ 852/2051] needs-browser -            SHAKA Coffee
[ 853/2051] fetch-failed  -            Stagecoach Inn
[ 854/2051] no-platform   -            Millport
[ 855/2051] no-platform   -            Nothing Bundt Cakes
[ 856/2051] needs-browser -   [ 856/2051] fetch-failed  -   [ 857/2051] no-platform [ 857/2051] no-platform   -            [ 858/2051] fetch-failed  -            Pier Pizza
[ 859/2051] no-platform [ 859/2051] no-platform   -    [ 860/2051] needs-browse[ 860/2051] wrong-branch  toast        The Crac[ 861/2051] needs-browser toast        Bonehead Burger Co.
[ 862/2051] no-platform   -            Matoi
[ 863/2051] needs-browser order.online Chin's Szechwan - Del Mar
[ 864/2051] filed         shopify      Yipao Coffee
[ 865/2051] no-platform   -            The Deli Stop
[ 866/2051] fetch-failed  -            Gordy's Bakery and Coffeehouse
[ 867/2051] needs-browser slice        Lakes Market & Deli[[ 868/2051] fetch-failed  -            Gordy's Bakery and Coffeehouse
[ 869/2051] no-platform   -            Ichifuji Sushi
[ 870/2051][ 870/2051] fetch-failed  -            Gor[ 871/2051] no-platform   - [ 871/2051] no-platform   -            MOTW Coffee and Pastries
[ 872/2051] fetch-failed  -            Gordy's Bakery and Coffeehouse
[ 873/2051] fetch-failed  -           [ 874/2051] fetch-f[ 874/2051] no-platform   -            Streets Pho & Grill
[ 875/2051] needs-browser Square Online s[ 876/2051] needs-browser order.online Poki Poki - Encinitas
[ 877/2051] no-platform   -            Concepto Pizza Co.
[ 878/2051] no-platform   -            Same Same
[ 879/2051] fetch-failed  -            Taqueria Morelos
[ 880/2051] wrong-branch  toast        Corner Pizza Oceanside
[ 881/2051] filed         menufy       Aroyd Thai Kitchen 2
[ 882/2051] filed         shopify      High Tide Coffee Oceanside
[ 883/2051] needs-browser toast        Tsunami Modern Cuisine
[ 884/2051] fetch-failed  -            Jets Espresso
[ 885/2051] no-platform   -            The ViNam Cafe
[ 886/2051] needs-browser MealKeyWay   Dumplings N More
[ 887/2051] needs-browser HungerRush   Trining's Bakery & Cafe
[ 888/2051] no-platform   -            Dalu Hawaiian BBQ
[ 889/2051] [ 889/2051] no-platform   -       [ 890/2051] needs-br[ 890/2051] no-platform   -            Dal[ 891/2051] fil[ 891/2051] filed         toast        Harbor Greek Cafe
[ 892/2051] no-platform   -            Shanghai Cuisine
[ 893/2051] fetch-failed  -            Topside Terrace Kitchen & Bar
[ 894/2051] needs-browser HungerRush   Trining's Bakery & Cafe
[ 895/2051] no-platform   -      [ 896/2051] needs-browse[ 896/2051] needs-browser Square Online (own doma[ 897/2051] needs-browser Square Online storefront Sul & Beans
[ 898/2051] no-platform   -            Docent Brewing
[ 899/2051] needs-browser cho[ 899/2051] needs-browser toas[ 900/2051] filed       [ 900/2051] filed         own-jsonld   Greek Palace / Happy Chef Restaurant [ 901/2051] no-platform [ 901/2051] needs-browser order.online Darunee Thai Cuisine
[ 902/2051] needs-browser MealKeyWay   Ten Gu Ramen
[ 903/2051] fetch-failed  -            Pho Olala
[ 904/2051] screened-out  order.online La Fresita Y Mas
[ 905/2051] no-platform   -       [ 906/2051] needs-browser S[ 906/2051] needs-browser Square Online storefr[ 907/2051] no-platform   -[ 907/2051] no-platform   -            Mr. Pulpo Sea Food
[ 908/2051] no-platform   -            China Express
[ 909/2051] no-platform  [ 910/2051] needs-browser -            Ha[ 910/2051] no-platform   -            Chins Gourmet
[ 911/2051] needs-browser toast        Tita's Taco Shop
[ 912/2051] no-platform   -            Finca
[ 913/2051] fetch-failed  -        [ 914/2051] fetch-failed  [ 914/2051] no-platform   -            Hancock Street Cafe
[ 915/2051] no-platform   -            Good Source Coffee
[ 916/2051] needs-browser MealKeyWay   Hi!Dumplings
[ 917/2051] screened-out  clover       Fresh Café
[ 918/2051] no-platform   -            Fuzziwig's Candy Factory
[ 919/2051] no-platform   -            The Peruvian Spot
[ 920/2051] filed         own-jsonld   P[ 921/205[ 921/2051] no-platform   -            Paraná[ 922/2051][ 922/2051] needs-browser olo          Sweetfin
[ 923/2051] screened-out  clover       Hooked On Pokè
[ 924/2051] no-platform   -            Colosseo Cucina Italiana
[ 925/2051] needs-browser toast        Colosseo Cucina Italiana
[ 926/2051] wrong-branch  order.online Saffron and Rose Persian Ice Crea[ 927/2051] needs-browser order.online Saffron and Rose Pe[ 928/2051] needs-browse[ 928/2051] needs-browser order.online EsKiNiTa
[ 929/2051] filed         toast        Groundsw[ 930/2051] needs-browser order.onli[ 930/2051] no-platfor[ 931/2051] no-platform [ 931/2051] no-platform [ 932/2051] no-platform [ 932/2051] needs-brow[ 933/2051] filed         toast        Groundswell Brew Tasting Room (Chula Vista)
[ 934/2051] fetch-failed  -            Roots Bowls
[ 935/2051] filed         shopify      LuckyBolt Kitchen + Bakery
[ 936/2051] needs-browser toast        Four Tunas Fish & Bar Oceanside
[ 937/2051] no-platform   -            Chee-Chee Club
[ 938/2051] no-platform   -            Sunday Ice Cream
[ 939/2051] needs-browser SpotOn       Crest Taco
[ 940/2051] no-platform   -       [ 940/2051] fetch-failed  [ 941/2051] no-platform  [ 941/2051] needs-browser toast        Four Tunas Fish & Bar Oceanside
[ 942/2051] fetch-failed  -            Deano's Pub
[ 943/2051] no-platform   -            El Culichi - Birriería y Cenaduría
[ 944/2051] no-platform   -            Borrego Rooftop
[ 945/2051] needs-browser Square Online (own domain) JAVA GARDEN
[ 946/2051] no-platform   -            Paris En Rose [ 947/2051] fe[ 947/2051] filed         shopify      IT'SUGAR Plaza Bonita
[ 948/2051] no-platform   -            Chen Golden Palace
[ 949/2051] filed         wix          Sushi n' Gone Teriyaki & Noodles
[ 950/2051] needs-browser SpotOn       Hot or Not Thai
[ 951/2051] fetch-failed  -            Better Buzz Coffee Vista Commons
[ 952/2051] fetch-failed  -            Le Rendez-Vous French Bakery
[ 953/2051] no-platform   -            T&T Tacos & Tequila Grill & Cantina
[ 954/2051] needs-browser Paytronix    Pure G[ 955/2051] needs-browser Paytronix    Pure Green Carlsbad - smoothies + acai + cold-pressed juice
[ 956/2051] filed    [ 956/2051] needs-browser MealKeyWay   Szechu[ 957/2051] filed       [ 957/2051] filed      [ 958/2051] no-platform   -            Bistro Kaz
[ 959/2051] no-platform   -            Rosa's Ice Cream and Fruit Bar
[ 960/2051] needs-browser HungerRush   Flippin Pizza Encinitas
[ 961/2051] fetch-failed  -            The Landing Strip Restaurant and Bar
[ 962/2051] wrong-branch[ 962/2051] wrong-branch  own-json[ 963/2051] needs-browse[ 963/2051] needs-browser or[ 964/2051] filed       [ 964/2051] filed         toast        Harumama Ramen + Sushi (Encinitas)
[ 965/2051] filed         own-jsonld   Donut Star
[ 966/2051] fetch-failed  -            Rosaria's Pizza 4
[ 967/2051] filed         clover       Mi Ranchito Mexican Food
[ 968/2051] no-platform   -            La Central
[ 969/2051] no-platform   -[ 970/2051] fetch-failed  -            Rosaria's Pizza 4
[ 971/2051] no-platform   -            Jugosh
[ 972/2051] needs-browser toast        Hilltop Deli (Amy's)
[ 973/2051] needs-browser -            Elote Restaurant
[ 974/2051] fetch-failed  -            El Bronco Mexican Food
[ 975/2051] screened-out  shopify      Casa De Otay
[ 976/2051] fetch-failed  -            Tulum Seafood
[ 977/2051] fetch-failed  -  [ 977/2051] fetch-failed  -            Tulum Seafood
[ 978/2051] needs-browser plain-html   Chef’s Wok & Dumplings
[ 979/2051] fetch-failed  -            Long Story[ 980/2051][ 980/2051] no-platform   -            Thai2You Resta[ 981/2051] no-platform   -            Vitality Bowls
[ 982/2051] fetch-failed  -            Long Story Irish Pub
[ 983/2051] no-platform   -            Boba Love
[ 984/2051] no-platform   -            Cherry Blossom Burmese Cafe & Sushi
[ 985/2051] no-platform   -            Thai2You Restaurant
[ 986/2051] needs-browser toast        Wine Girl San Diego
[ 987/2051] no-platform   -            City Dragon
[ 988/2051] no-platform   -            Stella Jean's Ice Cream Kensington
[ 989/2051] no-platform   -            24 Suns
[ 990/2051] no-platform   -            It's A Piece A Cake
[ 991/2051] no-platform   -            Musashiya
[ 992/2051] no-platform   -            The Brass Rail
[ 993/2051] no-platform   -            San Diego Eagle
[ 994/2051] needs-browser -            Forchettina
[ 995/2051] no-platform   -            C's Ice Cream & Deli
[ 996/2051] no-platform   -            Sidny's Bagels & Deli
[ 997/2051] too-few       netwaiter    Goyo's Bakery
[ 998/2051] needs-browser toast        Upper East
[ 999/2051] filed         wix          Phin Coffee House
[1000/2051] no-platform   -            Viva Pizza
[1001/2051] no-platform   -            CAFE 160
[1002/2051] fetch-failed  -            Canyon Vista Restaurant
[1003/2051] no-platform   -            Okavango Outpost
[1004/2051] no-platform   -            Kaki Sushi
[1005/2051] needs-browser slice        Pizza Union
[1006/2051] filed         wix          Go Get Yogurt
[1007/2051] fetch-failed[1007/2051] no-platform   -[1008/2051] no-platform   -            Next Door Craft Beer & Wine Bar
[1009/2051] needs-browser Square Online storefront The Point Crêperie Café
[1010/2051] no-platform   -            Tender Hooligan
[1011/2051] needs-browser toast        Big City Bagels-(BCB Cafe)-North Park
[101[1012/2051] needs-browser toast        Big City Bagel[1013/2051] no-platform [1013/2051] no-platform [1014/2051] needs-browse[1014/2051] needs-browser chownow [1015/2051] no-platform [1015/2051] fetch-failed  -  [1016/2051] fetch-failed  -            Kinchana
[1017/2051] needs-browser toast        Cala La Jolla Café
[1018/2051] no-platf[1018/2051] no-platform   -            Bal[1019/2051] needs-browser toast        Grandson Steaks
[1020/2051] no-platform   -            Somisomi
[1021/2051] no-platform   -            Dark Horse Coffee Roasters
[1022/2051] needs-browser order.online Taste of Thai
[1023/2051] no-platform   -            Kin Saep
[1024/2051] no-platform   -            Karihan Filipino Food
[1025/2051] fetch-failed  -            Qué Sazón Deli
[1026/2051] fetch-failed  -            Spoon House
[1027/2051] fetch-failed  -            Good Belly Deli (Previously Yogurt Giant)
[1028/2051] needs-browser order.online Elsa's Kitchen
[1029/205[1029/2051] screened-out  toast        Agave Taco Shop
[1030/2051] needs-browser order.online Elsa's Kitchen
[1031/2051] fetch-failed  -            Spoon House
[1032/2051] [1032/2051] needs-browser Square Online (own domain) Cowles Mountain [1033/2[1033/2051] needs-browser Square Online storefront House of Pho
[1034/2051] needs-browser Square Online storefront Copa Vida
[1035/2051] no-platform   -            African Spices
[1036/2051] filed         menufy       TEKIPOKE RAMEN & BOBA
[1037/2051] no-platform   -            Mrs Rice's Oriental Restaurant
[1038/2051] filed         toast        Craft House Fashion Valley
[1039/2051] no-platform   -            Juice Alchemy
[1040/2051] no-platform   -            Hoffer's Cigar Bar
[1041/2051] no-platform   -            Agave Taco Shop
[1042/2051] needs-browser Square Online storefront Mad Munch Grilled Cheezer Co.
[1043/2051] no-platform   -            Dorothy's Wine Bar
[1044/2051] no-platform   -            Gelato 101 Solana Beach
[1045/2051] no-platform   -            Gloria's Taco Shop
[1046/2051] needs-browser toast        Boxing Crab
[1047/2051] screened-out  slice        Mike's Giant New York Pizza
[1048/2051] needs-browser plain-html   JNC Pinoy Foodmart
[1049/2051] wrong-branch  toast        Achilles Coffee Roasters
[1050/2051] needs-browse[1050/2051] no-platf[1051/2051] screened-out  order.online Frida's Taqueria
[1052/2051] no-platform   -            Bacio di Latte | La Jolla, SD
[1053/2051] no-platform   -            Novecientos Grados by Tony Hawk
[1054/2051] no-platform   -            Pizza Guys
[1055/2051] no-platform   -            Nobu
[1056/2051] no-platform   -            Teriyaki Madness
[1057/2051] no-platform   -            Bopomofo Cafe
[1058/2051] no-platform   -            Cool Down Coffee
[1059/2051] needs-browse[1059/2051] fetch-failed  -            Fish With You ｜Spicy & Sour Fish Soup �[1061/2051] fetch-failed  -            Fish With You ｜Spicy & Sour Fish Soup 鱼你在一起酸菜鱼
[1062/2051] filed         order.online Great Wall Express
[1063/2051] needs-browser toast        Junction Bar & Grill
[1064/2051] fetch-failed  -            Ju-ichi
[1065/2051] filed         shopify      Parabola Coffee Roasting Co.
[1066/2051] needs-browser chownow      Leos Kitchen
[1067/2051] needs-browser chownow      Juice Kaboose
[1068/2051] filed         spothopper   Tony Pepperoni Pizzeria
[1069/2051] needs-browser toast        Thai Ladle
[1070/2051] no-platform   -            Smittys Downtown
[1071/2051] no-platform   -            Rachel's Cafe and Eatery
[1072/2051] fetch-failed  -            Two Hands Corn Dog San Marcos
[1073/2051] no-platform   -            ROBATA-X Sushi & Izakaya
[1074/2051] filed         me[1074/2051] no-platform   -            O[1075/2051] no-platform   -  [1075/2051] needs-browser order.online S[1076/2051] wrong-branch  clover       Manzanita Roasting Co
[1077/2051] f[1077/2051] filed         own-jsonld [1078/2051] n[1078/2051] needs-browser toast  [1079/2051] needs-browser[1079/2051] needs-browser pl[1080/2051] needs-browser toast        Taco Lounge Escaya
[1081/2051] fetch-failed  -            Godfather's Diner
[1082/2051] no-platform   -            Liquid Bean Cafe
[1083/2051] no-platform   -            The Elwood
[1084/2051] needs-browse[1084/2051] no-platform   -            Tom's [1085/2051] no-platform   -            Tom's Chinese BBQ
[1086/2051] needs-browser order.online Donut Bros
[1087/2051] no-platform   -            Urban Bubble
[1088/2051] needs-browser order.online See's Candies
[1089/2051] fetch-failed  -            Top of the Bagel
[1090/2051] no-platform   -            La Nacional
[1091/2051] no-platform   -            Pizzabilities - Alpine
[1092/2051] no-platform   -            JJANG Korean bbq
[1093/2051] needs-browser order.online Deli Belly
[1094/2051] no-platform   -            Choice Juicery
[1095/2051] fetch-failed  -            Las Brazas Mexican Food
[1096/2051] no-platform   -            2N1 Korean BBQ
[1097/2051] no-platform   -            Nothing Bundt Cakes
[1098/2051] needs-browser order.online Eggies
[1099/2051] no-platform   -            Bobboi Natural Gelato
[1100/2051] wro[1100/2051] wrong-branch  clover       [1101/2051] nee[1101/2051] no-platform   -        [1102/2051] too-few       netwaiter    Roma's Pizza
[1103/2051] no-platform [1103/2051] no-platform   -            C[1104/2051] needs-browser Square Online storefront Tasty Pizza Escondido LLC
[1105/2051] no-platform   -            CABETOS Pops
[1106/2051] fetch-failed  -            DoughBoy's Grill
[1107/2051] no-platform   -            Juice Stop Encinitas
[1108/2051] no-platform   -            El[1108/2051] fetch-failed  -            Chocolate Haus
[1109/2051] fetch-failed  -            Daisy Deli
[1110/2051] no-platform   -            Agave Bar and[1111/2[1111/2051] no-platform   -            Juice Stop Encinitas
[1112/2051] no-platfo[1112/2051] fetch-failed  -            El Mun[1113/2051] no-platform   - [1113/2051] no-platform   -            Agave Bar and Grill
[1114/2051] no-platform   -            Nómade Tapas and Records
[1115/2051] needs-browser SpotOn     [1116/2051] needs-browser Spot[1116/2051] no-platform   -          [1117/2051] ne[1117/2051] filed         order.online Urban Sweet Cafe
[1118/2051] fetch-failed  -            Daisy Deli
[1119/2051] no-platform   -            Picasso's Naturals
[1120/2051] screened-out  shopify      Fuzz Coffee and Records
[1121/2051] fetch-failed  -            Deano's Pub East
[1122/2051] no-platform   -            Pokeport Oceanside
[1123/2051] too-few       netwaiter    Star Express
[1124/2051] no-platform   -            Nova Easy Kombucha
[1125/2051] no-platform   -            Understory Bar
[1126/2051] needs-browser Square Online (own domain) Slurp
[1127/2051] filed         own-jsonld   Shepherds Coffee Company | Coffee Cart Catering
[1128/2051] no-platform   -            Easy Does It
[1129/2051] needs-browser Square Online (own domain) Rad Habits Juice
[1130/2051] wrong-branch  order.online The Coffee Corner
[1131/2051] needs-browser toast        Angry Petes Pizza Point Loma
[1132/2051] filed         clover       Euphoria Lounge
[1133/2051] filed         slice        Cusimano's Pizzeria
[1134/2051] needs-browser Square Online storefront Mama Made Thai
[1135/2051] no-platform   -            La Corriente Coronado
[1136/2051] no-platform   -            Ernie's Craft Deli and Wine Bar
[1137/2051] no-platform   -            BNS Brewing and Distillery.
[1138/2051] fetch-failed  -            Quarter Deck Inn Cocktails
[1139/2051] fetch-failed  -            Bonchon Chicken
[1140/2051] screened-out  menufy       Sushi Monster
[1141/2051] needs-browser MealKeyWay   Spicy Noodle
[1142/2051] no-platform   -            Greek Gyros II
[1143/2051] fetch-failed  -            Pressed Juicery
[1144/2051] needs-browser SpotOn       Starvin Marvins
[1145/2051] needs-browser Square Online storefront PB Poke House Oceanside
[1146/2051] no-platform   -            Ellie's Wood Fired Pizza
[1147/2051] wrong-branch  popmenu      Alohana Acai Bowls and Smoothies - Vista
[1148/2051] no-platform   -            Vista Bean Coffee
[1149/2051] fetch-failed  -            Linda's Donuts
[1150/2051] needs-browser order.online Bowls N Brews
[1151/2051] no-platform   -            Village Pub
[1152/2051] no-platform   -            Del Sushi
[1153/2051] filed         spothopper   Los Tacos
[1154/2051] no-platform   -            Alpine Chill
[1155/2051] no-platform [1155/2051] no-platform   -     [1156/2051] no-platform   -            SusieCakes - Carlsbad Forum
[1157/2051] fetch-failed  -            Harvey's
[1158/2051] needs-browser slice        Fiori’s Pizza
[1159/2051] needs-browser Square Online (own domain) Aloha Ice Co
[1160/2051] needs-browser chownow      Juice Caboose
[1161/2051] filed         toast        Mission Bagel | NY Style Bagel [1162[1162/2051] fetch-failed  -            Immersion Coffee
[1163/2051] ne[1163/2051] no-platform   -            Fleurette
[1164/2051] no-platform   -            Coffee Wave
[1165/2051] no-platform   -            One WorldBeat Cafe
[1166/2051] needs-browser GloriaFood widget Fuego Mediterranean Grill
[1167/2051] needs-browser order.online Bag of Beans Cafe & Restaurant
[1168/2051] no-platform   -            Tutti Frutti
[1169/2051] fetch-failed  -            Tierra Mia Coffee Drive Thru
[1170/2051] needs-browser chownow      Juice Caboose
[1171/2051] fetch-failed  -            Immersion Coffee
[1172/2051] needs-browser SpotOn       Mariscos y Miches El Patron
[1173/2051] no-platform   -            KYODAI 23 SUSHI
[1174/2051] no-platform   -            Tolin's Tacos
[1175/2051] no-platform   -            Hometown Taste
[1176/2051] no-platform   -            Pizza 22
[1177/2051] screened-out  shopify      Vigilante Coffee Vista
[1178/2051] no-platform   -   [1179/2051] screened-o[1179/2051] no-platform   -            S[1180/2051] filed         shopify      Red White and Badass Brew
[1181/2051] no-platform   -            Granny's Apple Fries
[1182/2051] no-platform   -            Little While
[1183/2051] wrong-branch  toast        Pizza 22
[1184/2051] no-platform   -            Golden Donuts
[1185/2051] needs-browser chownow      Parakeet Cafe - Carlsbad
[1186/2051] no-platform   -            Heat Bistro
[1187/2051] needs-browser Square Online storefront Tea Monks Escondido
[1188/2051] screened-out  shopify      Seven Seas Roasting
[1189/2051] fetch-failed  -            The Cafe at Casino Pauma
[1190/2051] filed         own-jsonld   Gen Thai Street Food
[1191/2051] no-platform   -            Marathon Coffee
[1192/2051] wrong-branch  clover       Filipino Desserts Plus
[1193/2051] no-platform   -            Unique Sandwiches
[1194/2051] no-platform   -            Bowl To Go
[1195/2051] needs-browser S[1195/2051] needs-browser toast        Burekas Box
[1196/2051] filed         clover       Tadian Cafe
[1197/2051] no-platform   -            Bowl To Go
[1198/2051] no-platform   -            Unique Sandwiches
[1199/2051] wrong-branch  clover       Filipino Desserts Plus
[1200/2051] no-platform   -            Red Cup Yogurt
[1201/2051] no-platform   -            Gihon Ethiopian Kitchen
[1202/2051] no-platform   -            Star Dust Donut Shop
[1203/2051] no-platform   -            Java Earth Coffee
[1204/2051] no-platform   -            Mi Amigo Mexican Food & Sea
[1205[1206/2051] fetch-failed  -            Vica’s Cafe
[1207/2051] fetch-failed  -            Gem Coffee
[1208/2051] no-platform   -            Mi Amigo Mexican Food & Sea
[1209/2051] no-platform   -            Star Dust Donut Shop
[1210/2051] no-platform   -            Las Michoacanas
[1211/2051] no-platform   -            Cj Lounge
[1212/2051] no-platform   -            Carruth Cellars Tasting Room
[1213/2051] no-platform   -            Jolie
[1214/2051] needs-browser order.online Sunny Scoops
[1215/2051] no-platform   -            Latitude 32 Pub House & Grill
[1216/2051] needs-browser -            Tutti Frutti Frozen Yogurt
[1217/2051] no-platform   -            Good News Bar
[1218/2051] fetch-failed  -            El Taco Rico
[1219/2051] no-platform   -            Vega Caffe
[1220/2051] no-platform   -            Los Cucos Mexican Food
[1221/2051] fetch-failed  -            Juice Adventure
[1222/2051] wrong-branch  order.[1222/2051] fetch-failed  -            Cheers
[1223/2051] no-platform   [1224/2051] no-platform   -            Frid[1224/2051] fetch-failed  [1225/2051] no-platform   -            Kinme Omakase
[1226/2051] no-platform   -            Crispy's Donuts
[1227/2051] fetch-failed  -            Orient Valley Filipino Cuisine
[1228/2051] needs-browser MealKeyWay   Ten Seconds Yunnan Rice Noodle
[1229/2051] needs-browser Square [1229/2051] no-platform   -            Erika's[1230/2051] no-platform [1230/2051] needs-browser MealKeyWay   Ten Sec[1231/2051] needs-browse[1231/2051] needs-browser Square Online storefront[1232/2051] no-platform [1232/2051] no-platform   -            Social hookah lounge
[1233/2051] needs-brows[1234/2051] fetch-failed  -            Bang Bang
[1235/2051] fetch-failed  -            Jungle Tea
[1236/2051] needs-browser MealKeyWay   Pho Luu Escondido - Vietnamese Cuisine
[1237/2051] needs-browser -            Golden Spoon Carlsbad Plaza
[1238/2051] fetch-failed  -     [1238/2051] fetch-failed [1239/2051] needs-browser Square Online (own domain) Castelli & Pizarro Fam[1240/2051] needs-brows[1240/2051] no-platform   -            Sarku Japan
[1241/2051] needs-browser -            Flora Cafe
[1242/2051] wrong-branch  clover       Burros and Fries
[1243/2051] filed         toast        Gusto Deli & Bistro
[1244/2051] no-platform   -            Mendoza’s Mexican Food
[1245/2051] [1245/2051] filed         order.online V[1246/2051] filed         order.online Vega Restaurant Mexican & Seafood
[1247/2051] needs-browser Square Online (own domain) Pho Ever Carlsbad
[1248/2051] needs-browser -            BOPJO Korean-Mexican Grill
[1249/2051] no-platform   -            Chai Waii Chinese Food
[1250/2051] no-platform   -            Cup of Yo
[1251/2051] no-platform [1251/2051] no-platform   -            Midnight Anim[1252/2051] filed         toast        The Kitchen @mcasd
[1253/2051] no-platform   - [1253/2051] no-platform   -            Chen's Kitchen
[1254/2051] no-platform   -            The Kitchen @mcasd
[1255/2051] no-platform   -            Hongyuan Kebab
[1256/2051] no-platform   -            Sam's Farm Fresh
[1257/2051] no-platform   -            Crab City (La Jolla Cove)
[1258/2051] no-platform   -            Nékter Juice Bar
[1259/2051] no-platform   -            Rise + Shine Coffee Shop
[1260/2051] fetch-failed  -            Bobalicious
[1261/2051] no-platform   -            [1262/2051] n[1262/2051] no-platform   -            China Fun
[1263/2051] needs-browser Square Online storefront Empanada Kitchen
[1264/2051] screened-out  shopify      James Coffee Co.
[1265/2051] no-platform   -            SusieCakes - Carlsbad
[1266/2051] no-platform   -            Pha Khao Lao Cuisine
[1267/2051] fetch-failed  -            Colima's Mexican Foods
[1268/2051] no-platform   -            Mamma Pinsa
[1269/2051] needs-browser -            Coastal Cantina
[1270/2051] needs-browser slice        Little Sisters Pizza
[1271/2051] no-platform   -            Emiliana's Mexican & Deli Food
[1272/2051] wrong-branch  order.online[1273/2051] no-platform   -      [1273/2051] no-platform [1274/2051] needs-browser spothopper   Brites Soft Serve
[1275/2051] too-few       netwaiter    K & K Orient Valley Food Center
[1276/2051] needs-browser slice        Little Sisters Pizza
[1277/2051] too-few       netwaiter    Kim's Bar-B-Que
[1278/2051] needs-browser toast        Grab & Go - Mission Hills
[1279/2051] no-platform   -            Arteazen Handcraft[1280/2051] no-platform   -            Merenda
[1281/2051] too-few       netwaiter    K & K Orient Valley Food Center
[1282/2051] needs-browser toast        Gr[1283/2051] no-platform   -            Mantra Raja
[1284/2051] no-platform   -            Carne & Hueso
[1285/2051] no-platform   -            PKI Sushi
[1286/2051] no-platform   -            Insomnia Cookies
[1287/2051] no-platform [1287/2051] no-platform   -            Sai Japanese Bistro
[1288/2051] no-platform   -            Sam's Donuts Shop
[1289/2051] no-platform   -            Landshark Bar & Grill
[1290/2051] fetch-failed  -    [1291/2051] needs-browser S[1291/2051] needs-browser Square Online storefron[1292/2051] fetch-failed  -[1292/2051] needs-browser -    [1293/2051] no-platform   - [1293/2051] no-platform   -      [1294/2051] needs-browse[1294/2051] needs-browser slice[1295/2051] no-platform   -            Leucadia Pizza
[1296/2051] no-platform [1296/2051] no-platform   -  [1297/2051] needs-browse[1297/2051] no-platform   -            Zoom Hookah Lounge
[1298/2051] needs-browser Square Online storefront Lucc[1299/2051] no-platform   -            Uncle Feras Middle Eastern Restaurant
[1300/2051] fetch-failed  -            Himalayan Chulo
[1301/2051] filed         menufy       Farm Fresh Juice Smoothie
[1302/2051] filed         toast        Fluster Cluck Hot Chicken
[1303/2051] needs-browser MealKeyWay   Tasty house 味来
[1304/2051] no-platform   -            Rocko's Family Restaurant
[1305/2051] no-platform [1305/2051] needs-browser toast   [1306/2051] filed         clover       Soda Pop'n
[1307/2051] no-platform   -            Skyline Cafe
[1308/2051] needs-browser toast        Go Greek Authentic Yogurteria
[1309/2051] no-platform   -            Pizza Guys
[1310/2051] needs-browser order.online Tous les Jours
[1311/2051] filed         spothopper   Mainstream Bar & Grill West
[1312/2051] needs-browser toast        Dark Horse Japanese Nikkei Cuisine
[1313/2051] no-platform   -            Bubbles & Brews Cafe
[1314/2051] needs-browser -            Canton Bakery by Meta Sweets
[1315/2051] no-pl[1315/2051] filed         spothopper   Mai[1316/2051] gated        [1316/2051] no-platform   -            Cherry Bomb
[1317/2051] no-platform   -            Sieu Sieu BB[1318/2051] no-platform   -            Cherry Bomb
[1319/205[1319/2051] needs-browser order.online Häagen-Dazs
[1320/2051] no-platform   -            Giovanetti’s Italian Cuisine
[1321/2051] needs-browser -            Puff Hookah Lounge
[1322/2051] no-platform   -            MAKE Cafe
[1323/2051] no-platform   -            PanPan Wok[1324/2051] fetch-failed  -            Mariscos La Morena
[[1325/2051] no-platform   -            The Pearl Restaurant
[1326/2051] no-platform   -            For The Wi[1327/2051] needs-browser MealKeyWay   Pho Tan
[1328/2051] ne[1328/2051] needs-browser Square Online storefront Flour Atelier
[1329/2051] needs-browser toast        Canton Bakery by Meta Sweets
[1330/2051] needs-browser Square Online (own domain) CUPPA CUPPA COFFEE LAB
[1331/2051] needs-browser -            Y[1332/2051] needs-browse[1332/2051] needs-browser chownow      Donburi Rice Bowls
[1333/2051] no-platform   -[1334/2051] no-platform [1334/2051] no-platform   -            Buffalo Wild Wings GO
[1335/2051] no-platfo[1336/2051] no-platform [1336/2051] no-platform  [1337/2051] no-platform   -            Lapper Kitchen + Tap
[1338/2051] no-platform   -            Imperial Palace
[1339/2051] needs-browser Square Online storefront Nobibi Convoy
[1340/2051] n[1340/2051] no-platform   -         [1341/2051] needs-browse[1341/2051] needs-browse[1342/2051] no-platform [1342/2051] no-platform   -         [1343/2051] no-pla[1343/2051] no-platform   -         [1344/2051] no-platform   -            PanPan wok
[1345/2051] no-platform [1345/2051] no-platform   - [1346/2051] no-platform   -            Nothing Bundt Cakes
[1347/2051] no-platform   -            Kim's Deli
[1348/2051] no-platform   -            Kiku Room
[1349/2051] no-platform   -            Robeks Fresh Juices & Smoothies
[1350/2051[1350/2051] no-platform   -            Robeks F[1351/2051] fetch-failed[1351/2051] fetch-failed  -            Happytime Tea
[1352/2051] needs-browser order.online Qi[1353/2[1353/2051] no-platform   -            Pa[1354/2051] filed       [1354/2051] no-platform   -     [1355/2051] no-platform   -        [1355/2051] too-few       ow[1356/2051] no-platform   -            Bambinos Pizzeria & Deli #4
[1357/2051] filed         wix          Origen Coffee Roasters
[1358/2051] no-platform   -            CTZN
[1359/2051] filed         spothopper   China Gourmet
[1360/2051] too-few       own-jsonld   Vinh Long Food To Go
[1361/2051] fetch-failed  -            Coffee Culture
[1362/2051] needs-browser toast        Mary's Salads
[1363/2051] needs-browser SpotOn       Claire's Too
[1364/2051] needs-browser toast        Taco Loco
[1365/2051] no-platform   -    [1365/2051] no-platform   -  [1366/2051] screened-out  shopify[1366/2051] screened-out  shopify [1367/2051] needs-browser order.online See's Candies
[1368/2051] no-platform   -            C[1368/2051] needs-br[1369/2051] fetch-failed  -      [1369/2051] needs-b[1370/2051] no-platform   -            Tacos el Niño Santana
[1371/2051] no-platform   -            Campus Cafe
[1372/2051] no-platform   -            LJ Crafted Wines - Wines & Tastings
[1373/2051] needs-browser Square[1373/2051] no-platform   -            Fiesta Mexican Grille
[1374/2051] no-platform   -            LJ Crafted Wines - Wines & Tastings
[1375/2051] no-platform   -            Cafe Aero
[1376/2051] fetch-failed  -            Tengu Ramen
[1377/2051] no-platform   -            Sabroso taco savor a mi tierra
[1378/2051] needs-browser order.online El Rinconcito Fruteria
[1379/2051] needs-browser order.online Sr. Taquito
[1380/2051] no-platform   -            Valerio's 1979
[1381/2051] no-platform   -            Necter Juice Bar
[1382/2051] no-platform   -            Gather
[1383/2051] no-platform   -            Josie's Hideout Saloon
[1384/2051] wrong-branch  order.online The Pad Thai Stand
[1385/2051] no-platform   -            Presotea
[1386/2051] no-platform   -            Dark Horse Coffee Roasters
[1387/2051] needs-browser chownow      Parakeet Cafe - Nautilus
[1388/2051] no-platform   -            KOMATSUYA Japanese cuisine & sushi
[1389/2051] filed         clover       Habaneros Mexican Food
[1390/2051] no-platform   -            D'liteful Chocolat
[1391/2051] no-platform   -            De Kotija Taco Shop LLC
[1392/2051] fetch-failed  -            Mission Donut House
[1393/2051] fetch-failed  -            Oakberry Açaí bowls
[1394/2051] no-platform   -            Imperial Beach Kitchen
[1395/2051] no-platform   -            Panpan wok
[1396/2051] needs-browser order.online Mochinut
[1397/2051] fetch-failed  -            Bonita Donuts
[1398/2051] no-platform   -            Fat Tuesday
[1399/2051] no-platform   -            Chocolate Bash
[1400/2051] no-platform   -            Creperie Antoinette
[1401/2051] fetch-failed  -            Yas Lounge
[1402/2051] no-platform   -            12 HRS MATCHA CAFE
[1403/2051] no-platform   -            Choice Juicery
[1404/2051] no-platform   -            Tree House
[1405/2051] wrong-branch  own-jsonld   Mia's
[1406/2051] filed         shopify      Infusion Lab Coffee
[1407/2051] no-platform   -            Trevi Hills Winery
[1408/2051] no-platform   -            Pastiamo
[1409/2051] no-platform   -            Tasty Donuts
[1410/2051] no-platform   -            Ono Hawaiian BBQ
[1411/2051] no-platform   -            R&B Tea Terra Nova
[1412/2051] filed         spothopper   Cecilia's Taqueria
[1413/2051] filed         toast        Rose Hill Purveyors
[1414/2051] fetch-failed  -            The Nutrition Place
[1415/2051] no-platform   -            Board & Brew - Encinitas
[1416/2051] filed         order.online Kura Revolving Sushi Bar
[1417/2051] needs-browser order.online Poke One N Half
[1418/2051] no-platform   -            NuY[1419/2051] filed         order.online The Morning Good Good
[1420/2051] needs-browser order.online Poke One N Half
[1421/2051] no-platform   -            Old Town Eatery
[1422/2051] fetch-failed  -            The Nutrition Place
[1423/2051][1423/2051] no-platform   -          [1424/2051] no-platform [1424/2051] no-platform   -          [1425/2051] no-pla[1425/2051] filed         order.onlin[1426/2051] needs-browse[1426/2051] needs-browser [1427/2051] no-platform [1427/2051] needs-browser toast        Nomada
[1428/2051] no-platform   -            Nothing Bundt Cakes
[1429/2051] no-platform   -            Paradis
[1430/2051] no-platform   -            Tres Hermanos Locos Tacos
[1431/2051] needs-browser Square Online (own domain) Cafe Pascale Grill & Deli
[1432/2051] no-platform   -            Sydney's
[1433/2051] no-platform   -            Sunny Dumpling House
[1434/2051] no-platform   -            Cha Cha Tea Spot
[1435/2051] fetch-failed  -            Chile Tacos N beer
[1436/2051] fetch-failed  -            Hooked on Poke
[1437/2051] too-few       netwaiter    Guerrero Taco Shop
[1438/2051] needs-browser s[1438/2051] too-few       netwaiter    Guerrero Taco Shop
[1439/2051] fetch-failed  -            Hooked on Poke
[1440/2051] needs-browser chownow      Off the Vine Gardens Deli And Catering
[1441/2051] filed       [1441/2051] filed         wix  [1442/2051] no-platform   -            GOLDEN DRAGON ASIAN CUISINE
[1443/2051] no-platform   -            SINTA
[1444/2051] no-platform   -            La Costa Wine
[1445/2051] needs-browser toast        Kai Ola Sushi
[1446/2051] no-platform   -            Taqueria El Patron
[1447/2051] no-platform   -            CHERRIES & BATTER BREAKFAST CAFE
[1448/2051] needs-browser Square Online storefront Bean Box
[1449/2051] needs-browser Square Online storefront Golden Dragon
[1450/2051] no-platform   -            Burtech Family Vineyard Tasting Room
[1451/2051] no-platform   -            Lambers Chinese [1452/2051] filed         toast        The Pig's Gig BBQ
[1453[1453/2051] filed         toast        The Pig's Gig BBQ
[1454/2051] needs-browser -            Cluck N Sip
[1455/2051] filed         toast        RAD Burger
[1456/2051] no-platform   -            Hannegan’s House Beer Co & Creamery
[1457/2051] needs-browser -            Pure Squeeze
[1458/2051] no-platform   -            Lotho Deli
[1459/2051] no-platform   -            DaYung's Tea
[1460/2051] needs-browser Square Online storefront Manor Coffee Bar
[1461/2051] needs-browser order.online Torta Time
[1462/2051] no-platform   -            Divina Matcha
[1463/2051] no-platform   -            Cosmic Bloom Coffee
[1464/2051] no-platform   -            SUGARFISH Little Italy
[1465/2051] no-platform   -            Nothing Bundt Cakes
[1466/2051] too-few       netwaiter    Playa Azul Mariscos Restaurant
[1467/2051] no-platform[1467/2051] filed         u[1468/2051] no-platform   -            Golden Donut
[1469/2051] no-platform   -            Ohana Nutrition
[1470/2051] fetch-failed  -            Honey Cafe & Store
[1471/2051] no-platform   -            The Coop | Bakehouse & Pantry
[1472/2051] no-platform   -            Jax Chibugan
[1473/2051] filed         ubereats     Albertaco's Mexican Food
[1474/2051] fetch-failed  -            Grubz
[1475/2051] no-platform   -            Pasta Design
[1476/2051] no-platform   -            Qualcomm Cafe Q
[1477/2051] no-platform   -            Market St Pizzeria
[1478/2051] fetch-failed  -            Warner Springs Golf Shop & Grill
[1479/2051] screened-out  shopify      James Coffee Co.
[1480/2051] fetch-failed  -            Halo Halo Cafe
[1481/2051] filed         own-jsonld   Curry Express Indian Cuisine Restaurant
[1482/2051] needs-browser toast        56 Thai Cafe
[1483/2051] no-platform   -            Asia Wok Teppanyaki & Chinese Food
[1484/2051] no-platform   -            All That Shabu
[1485/2051] no-platform   -            High Marea
[1486/2051] no-platform   -            Linda's Yogurt & Deli
[1487/2051] fetch-failed  -            Delicia's Taco Shop
[1488/2051] no-platform   -            Bivouac Adventure Lodge Coffee Shop
[1489/2051] needs-browser Square Online (ow[1489/2051] screened-out  toast  [1490/2051] no-platform   -            Papa Bambino's
[1491/2051] no-platform   -            Cake
[1492/2051] needs-browser order.online Fatboy's Deli & Spirits
[1493/2051] no-platform   -            Michael's in Borrego
[1494/2051] wrong-branch  toast        Tajima Ramen Plaza Bonita
[1495/2051] no-platform [1495/2051] wrong-branch  toast        Selva Coffee House
[1496/2051] no-platform   -            Love Letters Pizza
[1497/2051] wrong-branch  toast        Cosmos Burger Carlsbad
[1498/2051] no-platform   -            Barrel Riot
[1499/2051] no-platform   -            Una Mas on Adams
[1500/2051] no-platform   -            Iceskimo
[1501/2051] no-platform   -            Chris' Ono Grinds Island Grill - Liberty Station
[1502/2051] no-platform   -            TACO CENTRO
[1503/2051] no-platform   -            Red Ribbon Bakeshop
[1504/2051] needs-browser Square Online (own domain) Barrio Donas - Old Town
[1505/2051] no-platform   -            Pizzabilities Santee - Powered by Nicolosis
[1506/2051] fetch-failed  -            Panaderia Fuentes
[1507/2051] needs-browser toast        Boba Tea Spot
[1508/2051] needs-browser Square Online storefront Moniker Coffee Co. at The Craft Creamery
[1509/2051] needs-browser Square Online storefront Cargo Cafe - Sorrento Valley
[1510/2051] no-platform   -            Napatini Bistro and Wine Bar
[15[1512/2051] filed         order.online blue pokē
[1513/2051] filed         toast        Napa[1513/2051] needs-browser toast        One of Us
[1514/2051] fetch-failed  -            L55
[1515/2051] filed         shopify      Ilustre Specialty Cof[1516[1516/2051] filed         slice        N Y Giant Pizza Oceanside , CA
[1517/2051] needs-browser slice  [1518/2051] no-platform   -            Cali Banh Mi
[1519/2051] no-platform   -            sweetgreen - Healthy Salads, Wraps, and Bowls
[1520/2051] no-platform   -            UT-HO Boba & Baguette
[1521/2051] no-platform   -            Botellos Fruit Bar
[1522/2051] needs-browser Square Online storefront Montebello
[1523/2051] no-platform   -            Culture Craft Coffee & Espresso
[1524/2051] filed         spothopper   The Duke Cocktails & Grub
[1525/2051] no-platform   -            The Golf Bar
[1526/2051] needs-browse[1526/2051] wrong-branch  clover       Tappi Sushi Lounge
[1527/2051] filed         own-jsonld   A Lo Fresco
[1528/2051] needs-browser chownow      Parakeet Juicery - La Jolla
[1529/2051] no-platform   -            Culture Craft Coffee & Espresso
[1530/2051] needs-browser toast        Gold Coffee Shop
[1531/2051] no-platform   -            The Grillery
[1532/2051] no-platform   -            Nova Boba and Coffee shop
[1533/2051] filed         order.online The Mesa Bar & Grill
[1534/2051] too-few       netwaiter    Ba Le French Sandwich Shop
[1535/2051] no-platform   -            CHERRYBOMB EC
[1536/2051] no-platform   -            Bread & Cheese Sandwich Shop
[1537/2051] no-platform   -            Milonga Empanadas
[1538/2051] screened-out  shopify      Ascend Coffee Roasters
[1539/2051] needs-browser order.online See's Candies
[1540/2051] fetch-failed  -            Tazza D'Oro
[1541/2051] fetch-failed  -            Dream Fountain Catering
[1542/2051] needs-browser Square Online storefront Cargo Cafe - Paseo Del Mar
[1543/2051] needs-browser -            Pita Pit
[1544/2051] no-platform   -            El Torito Foods
[1545/2051] filed         spothopper   Hongdae Dakgalbi
[1546/2051] filed         shopify      Maya's[1547/2051] no-platform   -            Pub 1795
[1548/2051] fetch-failed  -            Nutrition Solution
[1549/2051] filed         slice        Shinar's Pizza Market
[1550/2051] no-platform   -            Milonga Empanadas Fashion Valley
[1551/2051] no-platform   -            Las Ricas Tortas
[1552/2051] needs-browser Square Online (own domain) Balboa Candy
[1553/2051] needs-browser toast        Pita Pit
[1554/2051] filed         shopify      Morning Lavender Boutique & Cafe
[1555/2051] needs-browser toast        Communal Coffee
[1556/20[1556/2051] needs-browser toast        Pompe[1557/20[1557/2051] filed         shopify      Comm[1558/2051] [1558/2051] fetch-failed  -            Capriotti[1559/2051] fetch[1559/2051] filed         shopify      Morning Lavender Boutique & Cafe
[1560/2051] no-platform   -   [1561/2051] needs-browse[1561/2051] fetch-failed  -          [1562/2051] fetch-failed  -          [1562/2051] no-platform   -          [1563/2051] no-platform   -            5 O'Clock Somewhere Rooftop Bar
[1564/2051] filed         order.online Buon Cibo Italian Specialties
[1565/2051] no-platform   -            Al Umaraa Restaurant & Market
[1566/2051] needs-browser Square Online storefront BoBaPoP Tea Bar
[1567/2051] needs-browser MealKeyWay   Suki Hana
[1568/2051] needs-browser order.online Beard Papa’s San Diego
[1569/2051] fetch-failed  -            Route 6 Coffee & Smoothies
[1570/2051] wrong-branch  popmenu      Alohana Açaí Bowls
[1571/2051] screened-out  shopify      Party Time Liquor
[1572/2051] no-platform   -            Krak Boba
[1573/2051] needs-browser olo          Better Buzz Coffee Santee
[1574/2051] filed         wix          Sourpuss Donuts
[1575/2051] no-platform   -            Urban Skillet San Diego
[1576/2051] no-platform [1576/2051] no-platform   -            Scena Fusion Kitchen & Bar
[1577/2051] no-platform   -            Elote
[1578/2051] needs-browser order.o[1579/2051] needs-browser olo          Panini Kabob Grill - Park 12
[1580/2051] no-platform   -            Mike Hess Brewing - Seaport Village Taphouse
[1581/2051] needs-browser order.online Einstein Bros. Bagels
[1582/2051] no-p[1582/2051] no-platform   -            El Flako's Wr[1583/2051] fetc[1583/2051] no-platform   -           [1584/2051] no-platform   -   [1584/2051] no-platform   -            The Loft at UC San Diego
[1585/2051] no-platform   -           [1586/2051] needs-browser Squ[1586/2051] needs-browser toast        Johnny Radz Pizza
[1587/2051] needs-browser Paytronix    Ziggi's Coffee
[1588/2051] fetch-failed  -            Birria el Chavita
[1589/2051] needs-browser Square Online (own domain) The Cakery Cafe
[1590/2051] needs-browser olo         [1591/2051] wrong-branch  popm[1591/2051] wrong-b[1592/2051] no-platform   -   [1592/2051] fetch-failed  -          [1593/2051] n[1593/2051] needs-browser Square Online storefront[1594/2051][1594/2051] no-platform   -            La Michoacana Elite
[1595/2051] needs-browser Square Online (own domain) Le Charc[1596/2051][1596/2051] fetch-failed  -            [1597/2051] fetch-fa[1597/2051] filed         order.online Surf City Deli
[1598/2051] needs-browser order.online La Pizzeria Arrivederci
[1599/2051] no-platform   -            KD`S Donuts
[1600/2051] no-platform   -            Sunright Tea Studio
[1601/2051] no-platform   -            Teaspoon Escondido
[1602/2051] filed         wix          Tacos Tortas & More
[1603/2051] filed         toast        John's Market & Cafe
[1604/2051] no-platform   -            Nick The Greek
[1605/2051] needs-browser slice        Nel Forno Pasta & Pizza
[1606/2051] too-few       netwaiter    J & J's Mexican Food
[1607/2051] no-platform   -            Zodiac Boba
[1608/2051] fetch-failed  -            Christine's Coffee
[1609/2051] fetch-failed  -            Christine's Coffee
[1610/2051] no-platform   -            Nutmeg Bakery & Cafe
[1611/2051] no-platform   -            Huy Ky Bakery
[1612/2051] no-platform   -            The Hono[1613/2051] filed         clover       Señor Mangos
[1614/2051] needs-browser toast        ALOHA GRILL
[1615/2051] wrong-branch  ubereats     SugarBears Sweet Provisions
[1616/2051] fetch-failed  -    [1616/2051] no-plat[1617/2051] no-platform   -     [1617/2051] wrong-branch  ubereats     S[1618/2051] filed         own-jsonld   Hong Kong Kitchen & Dimsum
[1619/2051] no-platform   -            Huy Ky Bakery
[1620/2051] no-platform   -            Nothing Bundt Cakes
[1621/2051] needs-browser -            Knead Artisan Bakery
[1622/2051] no-plat[1622/2051] no-platform   -         [1623/2051] no-platform   -            F Street Cafe
[1624/2051] needs-browser Square Online storefront Its Cafe Thai
[1625/2051] no-platform   [1625/2051] no-platform   -      [1626/2051] wrong-br[1626/2051] no-platform   -            Enoteca Buona Forchetta
[1627/2051] needs-browser olo          Epic Wings
[1628/2051] too-few       netwaiter    Pizza Grande
[1629/2051] no-platform   -            Dockside Casual Seafood Counter
[1630/2051] no-platform   -            Zoo Brew
[1631/2051] needs-browser Square Online storefront Landini's Pizzeria
[1632/2051] fetch-failed  -            85°C Bakery Cafe-Santee
[1633/2051] wrong-branch  toast        Knead Artisan Bakery
[1634/2051] no-platform   -            Mitri's Delights
[1635/2051] no-platform   -            Corner Office Pizza and Craft Bar
[1636/2051] no-platform   -            The Morning Grove
[1637/2051] no-platform   -            Zest Wine Bistro
[1638/2051] no-platform   -            356 Korean BBQ & BAR
[1639/2051] no-platform   -            The MRKT
[1640/2051] no-platform   -            Citrus Station
[1641/2051] no-platform   -            [1642/2051] fetch-failed  -            Phology Noodle House - Pho Vietnamese C[1643/2051] no-platform   -            Khao San Thai Kitchen - Santee
[1644/2051] needs-browser MealKeyWay   Yuki Yuki
[1645/2051] fetch-failed  -            Phology Noodle House - Pho Vietnamese Chula Vista CA
[1646/2051] no-platform   -            Surf City Squeeze
[1647/2051] fetch-failed  -            Suki Hana
[1648/2051] no-platform   -            62 Area Chow Hall
[1649/2051] fetch-failed  -            Subte[1650/2051] no-platform   -            Sun Gold Point Diner
[1651/2051] no-platform   -            Craft Pizza
[1652/2051] needs-browser chownow      Sunset Thai Ocean Beach
[1653/2051] no-platform   -            Ground Up Cafe
[1654/2051] no-platform   -            Forum Deli
[1655/2051] no-platform   -            Royal Pearl Tea
[1656/2051] no-platform   -            Three Boys Coffee
[1657/2051] no-platform   -            Thai Thai Melrose Restaurant
[1658/2051] needs-browser -            Sammy's Restaurant & Bar
[1659/2051] no-platform   -            Board & Brew - Downtown San Diego
[1660/2051] fetch-failed  -            Healthy Grill Mediterranean
[1661/2051] no-platform   -            Tiny Giant Taproom
[1662/2051] fetch-failed  -            El Santo Remedio Cantina
[1663/2051] no-platform   -            Mission Brewing - Kensington[1664/2051] no-platform   -            Mission Brewing - Kensington
[1665/2051] needs-browser GloriaFood widget Maria's Coffee Shop
[1666/2051] needs-browser Square Online storefront Bao Bar
[1667/2051] needs-browser Square Online storefront Mission Brew Coffee
[1668/2051] no-platform   -            Marzul Coastal Cuisine
[1669/2051] no-platform   -            Last Spot Bar
[1670/2051] no-platform   -            664
[1671/2051] fetch-failed  -            El Santo Remedio Cantina
[1672/2051] no-platform   -            Panadería González
[1673/2051] fetch-failed  -            Surf Up Chicken
[1674/2051] no-platform   -            Gintaro Sushi
[1675/2051] filed         shopify   [1676/2051] no-platform   -            El After Social Club
[1677/2051] fetch-f[1677/2051] needs-browser order.onli[1678/2051] needs-browser ord[1678/2051] no-platform   -            Test Kitchen
[1679/2051] wrong-branch  popmenu      Alohana Acai Bowls and Smoothies - North Park
[1680/2051] fetch-failed  -         [1681/2051] no-platfo[1681/2051] no-platform   -     [1682/2051] fetch-fai[1682/2051] no-platform   -            ABC Market & Deli
[1683/2051] no-platform   -            El After Social Club
[1684/2051] filed         wix          Paris Sandwiches
[1685/2051] wrong-branch  toast        Kai Ola Sushi
[1686/2051] filed         clover       Executive Deli & Cafe
[1687/2051] needs-browser order.online Solana Frosty
[1688/2051] wrong-branch  order.online Sushi Yorimichi 2
[1689/2051] no-platform   -            Super Express Chinese Food
[1690/2051] filed         clover       Sear and Stem Kitchen and Bar
[1691/2051] no-platform   -            Campland Cantina
[1692/2051] needs-browser Square Online (own domain) Sea Ridge Cafe
[1693/2051] fetch-failed  -            Casa Del Marisco Rafaelas
[1694/2051] filed         shopify      Harland - 4S Ranch
[1695/2051] needs-browser order.online Sourdough & Co - Carlsbad
[1696/2051] no-platform   -            Playground Art + Coffee
[1697/2051] filed         spothopper   Cafe California Poppy
[1698/2051] no-platform   -            Tommy's Pizza & Subs
[1699/2051] needs-browser MenuSifu     Joyee Noodle House(UTC)
[1700/2051] needs-browser HungerRush   Pop Pops Paleta
[1701/2051] no-platform   -            Mimi’s Panini Italian Deli
[1702/2051] no-platform   -            everbowl
[1703/2051] no-platform   -            Madina Market Halal Fast Food
[1704/2051] no-platform   -            Manta Pizza
[1705/2051] needs-browser spothopper   Agave Birrieria
[1706/2051] no-platform   -            CHINA CHEF 1
[1707/2051] no-platform   -            Michoacana Mia - SDSU
[1708/2051] no-platform   -  [1709/2051] no-platform   -            CHINA CHEF 1
[1710/2051] fetch-failed  -            Taqueria Los Famosos
[1711/2051] no-platform   -            Pure Green
[1712/2051] no-platform   -            EXCELSA
[1713/2051] no-platform [1713/2051] needs-browser toast        Amalfi Enoteca Italiana
[1714/2051] no-platform   -           [1715/2051] no-platform [1715/2051] fetch-failed  -           [1716/2051] needs-browser Square Online (own domain) KAFE'SITO
[1717/2051] no-platform   -            everbowl
[1718/2051] no-platform   -            Blue Bowl [1718/2051] no-platform   -            everbowl
[1719/2051] needs-browser Square Online storefront LA Jolla 76 Roadside Grill
[1720/2051] no-platform   -            Shaka Java
[1721/2051] fetch-failed  -            Cork N Brew
[1722/2051] no-platform   -            longball cocktail
[1723/2051] needs-browser -            Market One
[1724/2051] no-platform   -            everbowl
[1725/2051] no-platform   -            Blue Bowl Superfoods
[1726/2051] no-platform   -            Surf City Squeeze
[1727/2051] no-platform   -            Sweet Factory
[1728/2051] needs-browser Square Online storefront Secret Sauce Wok & Grill
[1729/2051] fetch-failed  -            Tacos Locos Tasty Mexican Food
[1730/2051] no-platform   -            The Poke Tea House
[1731/2051] [1732/2051] no-platform   -          [1732/2051] no-platform   -            La Paloma
[1733/2051] no-platform   -            Chula Tacos
[1734/2051] needs-browser -            Fresca Deli .[[1735/2051] no-platform   -            Dalu Hawaiian BBQ[[1736/2051] no-platform   -            Famous Wok
[1737/2051] no-platform   -            Katy’s Di[173[1738/2051] no-platform   -            Ambiance Kitchen + Lounge
[1739/2051] needs-browser -            Harry's Taco Club + Juice Bar
[1740/2051] no-platform   -            Great American Cookies - Otay Ranch Town Center
[1741/2051] filed         shopify      Pressed Juicery
[1742/2051] no-platform   -            Showa Ramen
[1743/2051] fetch-failed  -            Cocina de Tamales
[1744/2051] no-platform   -            The Lookout at Lake Poway
[1745/2051] no-platform   -            Chester's
[1746/2051] fetch-failed  -            Mister G Salsa
[1747/2051] needs-browser order.online WUHU TEA & DELI
[1748/2051] no-platform   -            Prado Perk
[1749/2051] no-platform   -            Mombasa Cooker
[1750/2051] no-platform   -            Seaside BBQ
[1751/2051] needs-browser order.online Poki One N Half San Marcos
[1752/2051] no-platform   -            Surf City Squeeze
[1753/2051] no-platform   -            Rumi
[1754/2051] needs-browser order.online Poki One N Half San Marcos
[1755/2051] no-platform   -            Little Hidden Bakery
[1756/2051] needs-browser toast        WetStone Wine Bar Solana Beach
[1757/2051] no-platform   -            Collette’s Collaborative Collective Cuisine
[1758/2051] no-platform   -            FiveO3 Pupusas
[1759/2051] no-platform   -            Immersion Express / Coffee and Matcha
[1760/2051] no-platform   -            Mia Sorella Chimney Cakes - San Diego
[1761/2051] fetch-failed  -            Unico Juice Shop
[1762/2051] no-platform   -            Thérapie Bistro
[1763/2051] no-platform   -            El Cilantro Mexican Grill
[1764/2051] needs-browser order.online See's Candies
[1765/2051] no-platform   -            Topo's Tacos
[1766/2051] no-platform   -            Fred's Lunch Bag Deli
[1767/2051] needs-browser -            Oakberry Acai
[1768/2051] needs-browser Square Online storefront The Bean Box 7[1769/2051] fetch-failed  -            Fujiyame Ramen
[1770/20[1770/2051] fetch-failed  -            Fujiyame Ram[17[1771/2051] fetch-failed  -            Figaro Dessert Caf[1772/2051] fetch-failed  -            Cowboy Coffee
[1773/2051][1773/2051] needs-browser MealKeyWay   Mid[1774/2051] needs-browser [1774/2051] gated         chownow      Handel's Homemade Ice Cream Little Italy
[1775/2051] needs-browser plain-html   Caffe Di Talya Veloce
[1776/2051] no-platform   - [1777/2051] filed         order.online Churros El Tigre
[1778/2051] no-platform   -            Juice Holler
[1779/2051] fetch-failed  -            Fiesta Pinoy
[1780/2051] no-platform   -            Chagee
[1781/2051] needs-browser plain-html   Caffe Di Talya Veloce
[1782/2051] needs-browser SpotOn       Oriste Fairway Cafe
[1783/2051] filed         order.online L&L Hawaiian Barbecue
[1784/2051] filed         shopify      Desserts by Clement
[1785/2051] too-few       netwaiter    LA PLACE DELI
[1786/2051] no-platform   -            Board & Brew - Mission Valley
[1787/2051] no-platform   -            La Vida
[1788/2051] no-platform   -            Sip Fresh
[1789/2051] wrong-branch  toast        Higher Grounds Coffee and Cafe
[1790/2051] no-platform   -            Lò Bánh Cuốn Tân Định
[1791/2051] needs-browser Square Online storefront Ramen Station
[1792/2051] no-platform   -            Bueno Wine & Goods
[1793/2051] needs-browser plain-html   Caffe Di Talya Veloce
[1794/2051] no-platform   -            Kazukii Sushi & Japanese Cuisine
[1795/2[1795/2051] no-platform   -            Queenstown Del Mar
[1796/2051] no-platform   -            Kazukii Sushi & Japanese Cuisine
[1797/2051] needs-browser order.online Le Macaron French Pastries Westfield UTC
[1798/2051] needs-browser Square Online storefront Pho N More
[1799/2051] no-platform   -            Vanilla Oasis
[1800/2051] needs-browser slice        Pizza On Pearl North Park
[1801/2051] needs-browser plain-html   Caffe Di Talya Veloce
[1802/2051] needs-browser olo          Dimassi's Mediterranean Buffet
[1803/2051] no-platform   -            Bag O Crab
[1804/2051] no-platform   -            Ono Hawaiian BBQ
[1805/2051] no-platform   -            Läderach
[1806/2051] no-platform   -            Finca Casa Blanca
[1807/2051] fetch-failed  -            Banzai Bowls
[1808/2051] needs-browser Square Online storefront Cargo Cafe - Wateridge
[1809/2051] no-platform  [1810/2051] no-platform   [1810/2051] no-platform[1811/2051] no-platform   -            Side Street Bowls & Smoothies
[1812/2051] fetch-failed  -            Banzai Bowls
[1813/2051] fetch-failed  -            Cafe 477 La Jolla
[1814/2051] needs-browser Square Online storefront Cargo Cafe - Wateridge
[1815/2051] needs-browser Square Online storefr[1815/2051] screened-out [1816/2051] no-platform   -            Cocinita Express
[1817/2051] screened-out  shopify      Surje Coffee at The Gallery
[1818/2051] no-platform   -         [1818/2051] no-pl[1819/2051] no-platform   -            La Central
[1820/2051] no-platform   -         [1820/2051] no-platform   -            Bosley Cafe
[1821/2051[1822/2051] no-platform   -            Bosley Cafe
[1823/2051] fetch-failed  -         [1823/2051] needs-browser Square Online ([1824/2051] needs-brows[1824/2051] no-platform   [1825/2051] no-platform   - [1825/2051] no-platfor[1826/2051] fetch-failed  -            Kona Craft Cafe
[1827/2051] no-platform   -            Fairbanks
[1828/2051] no-platform   -            Calypso Cocktails
[1829/2051] no-platform   -            The Caddyshack
[1830/2051] wrong-branch  toast       [1830/2051] no-platform   -            Coin Toss
[1831/2051] fetch-failed  -           [1832/2051] no-pl[1832/2051] no-platform   -            M[1833/2051] no-plat[1833/2051] filed         s[1834/2051] fetch-failed  -          [1834/2051] fe[1835/2051] no-platform   -            ZENSHI Handcrafted Sushi
[1836/2051] no-platform   -            Villa Fresh Italian Kitchen
[1837/2051] no-platform   -            Fiesta Mexicana Bakery
[1838/2051] fetch-failed  -            Griffin Grind
[1839/2051] no-platform   -            Veladora
[1840/2051] no-pl[1840/2051] needs-browser order.online Hummus Mediterranean Kitchen
[1841/2051] no-platform   -            Noodles
[1842/2051] no-platform   -            Dumonts
[1843/2051] fetch-failed  -            Monserrate Pastries
[1844/2051] fetch-failed  -          [1845/2051] no-platform   -            Lindo Valle Mexican Grill
[1846/2051] no-platform   -            Kava Lou[184[1847/2051] needs-browser Square Online (own domain) Crepe[1[1848/2051] no-platform   -            MeloMelo Coconut Dessert
[1849/2051] needs-browser toast        S[1850/2051] no-platform   -    [1850/2051] needs-browser Square Online (own domain) The Mighty Bean Coffee Co.
[1851/2051] needs-browser toast        bcb Cafe
[1852/2051] no-platform   -            The Market
[1853/2051] no-platform   -            Deja Vu
[1854/2051] screened-out  shopify      Tito Ricks Cafe
[1855/2051] fetch-failed  -            Kellys Pub
[1856/2051] no-platform   -            tiger!tiger!
[1857/2051] no-platform   -            Shake Smart
[1858/2051] no-platform   -            Village Inn
[1859/2051] needs-browser Square Online storefront Sushi Freak
[1860/2051] no-platform   -            HOB on Park
[1861/2051] too-few       netwaiter    Thai Pasta
[1862/2051] no-platform   -            Fairbanks
[1863/2051] filed         wix          El Tio's Restaurant
[1864/2051] fetch-failed  -            Cafe 477 Encinitas
[1865/2051] needs-browser slice        Allen's New York Pizza
[1866/2051] no-platform   -            Rhino Cake and Coffee Company
[1867/2051] no-platform   -            Avo & Ocha
[1868/2051] no-platform   -            Thai Basil
[1869/2051] fetch-failed  -            OB Kebab
[1870/2051] needs-browser -            Naked Pizza
[1871/2051] no-platform   -         [1873/2051] no[1872/2051] no-platform   -            Jor[1874/2051] no-platform   -            Rush Bowls
[1875/2051] needs-browser Square Online (own domain) The Little Sugarplum Bakery
[1876/2051] no-platform   -            Don Ramon Méxican and sea food
[1877/2051] no-platform   -            The Neighborhood Cafe
[1878/2051] no-platform   -            Safari Coffee Outpost
[1879/2051] wrong-branch  toast        Cozy Corner
[1880/2051] needs-browser -            Makai
[1881/2051] no-platform   -            Cent'Anni Café
[1882/2051] fetch-failed  -            The Macaron Shop SD
[1883/2051] fetch-failed  -            Rancho Cafe
[1884/2051] screened-out  shopify      Lofty Coffee
[1885/2051] screened-out  shopify      Tito Ricks Cafe
[1886/2051] needs-browser Square Online (own domain) The Mighty Bean Coffee Co.
[1887/2051] needs-browser order.online Sabor a Vida Cafe & Deli
[1888/2051] filed         shopify      Earthbar
[1889/2051] needs-browser -            Blue Water Grill
[1890/2051] no-platform   -            Kiko’s Seafood
[1891/2051] needs-browser order.online Deli Belly
[1892/2051] no-platform   -            Original Mariscos German
[1893/2051] no-platform   -            Joes on the Nose
[1894/2051] no-platform   -            Soda & Swine
[1895/2051] no-platform   -            Baba's Pizza
[1896/2051] no-platform   -            Fairbanks
[1897/2051] needs-browser order.online Fish Restaurant
[1898/2051] needs-browser Square Online (own domain) Carls Tavern
[1899/2051] needs-browser order.online The Poke Co. - Linda Vista
[1900/2051] no-platform   -            Cafe Fresh
[1901/2051] no-platform   -            Saigon Alley Kitchen & Bar
[1902/2051] no-platform   -            Badas burgers
[1903/2051] no-platform   -            Canyon Inn
[1904/2051] no-platform   -            Dark Horse Coffee Roasters
[1905/2051] no-platform   -            Coin Toss
[1906/2051] no-platform   -            Sweet Munchies
[1907/2051] filed [1906/2051] needs-browser order.online Deli Belly
[1907/2051] no-platform   -            Valerio's Finest Bake Shop
[1908/2051] no-platform   -            Kiko’s Seafood
[1909/2051] needs-browser -            Blue Water Grill
[1910/2051] no-platform   -            Baja Fresh
[1911/2051] fetch-failed  -            Yonny Mini Hotpot
[1912/2051] no-platform   -            The Divers Cup
[1913/2051] no-platform   -            I Love Pho
[1914/2051] no-platform   -            The Caddyshack
[1915/2051] needs-browser Square Online storefront Cafecito 1806
[1916/2051] needs-browser order.online Fish Restaurant
[1917/2051] no-platform   -            Mawazo Kitchen
[1918/2051] no-platform   -            La Salsa
[1919/2051] no-platform   -            Soda & Swine
[1920/2051] fetch-failed  -            Truluck's
[1921/2051] no-platform   -            Calypso Cocktails
[1922/2051] needs-browser slice        Dad’s pizza
[1923/2051] no-platform   -            Baba's Pizza
[1924/2051] no-platform   -            Pei Wei
[1925/2051] no-platform   -            Badas burgers
[1926/2051] no-platform   -            Monster Snacks
[1927/2051] no-platform   -            Airport Lounge
[1928/2051] no-platform   -            Time Out Café
[1929/2051] no-platform   -            Cafe Fresh
[1930/2051] needs-browser olo          Coffee Bean
[1931/2051] no-platform   -          [1933/2051] no-platform   -            The Market
[1934/2051] needs-browser Square Online storefront Copa Vida
[1935/2051] fetch-failed  -            Fruteria el Manguito
[1936/2051] wrong-branch  order.online Bubba’s Smokehouse BBQ
[1937/2051] no-platform   -            De Los Altos Restaurant
[1938/2051] no-platform   -            Mission Brewing (fka Rough Draft)
[1939/2051] filed         shopify      J.Sweets San Diego Store
[1940/2051] no-platform   -            Pei Wei
[1941/2051] no-platform   -            Diego's Taco Shop
[1942/2051] needs-browser Square Online storefront Eat Your Feelings Burger
[1943/2051] no-platform   -            Deli & Go
[1944/2051] no-platform   -            Terrace Lounge
[1945/2051] no-platform   -            Necessity Coffee
[1946/2051] no-platform   -            HOB on Park
[1947/2051] no-platform   -            Photo House
[1948/2051] filed         shopify      Better Than Honey
[1949/2051] fetch-failed  -            The Banshee Bar
[1950/2051] no-platform   -            Alborz Restaurant
[1951/2051] no-platform   -            tiger!tiger!
[1952/2051] fetch-failed  -            The Waterfront
[1953/2051] needs-browser Square Online storefront Petite Perk Cafe
[1954/2051] no-platform   -            Valerio's Finest Bake Shop
[1955/2051] no-platform   -            Baja Fresh
[1956/2051] no-platform   -            Herb[1955/2051] fetch-failed  -            All Fried Up
[1956/2051] fetch-failed  -            The Banshee Bar
[1957/2051] no-platform   -            Sushi Cafe + Deli
[1958/2051] needs-browser -            The Hamlett
[1959/2051] no-platform   -            Old World Meat Company
[1960/2051] no-platform   -            Beer Company
[1961/2051] wrong-branch  order.online Bubba’s Smokehouse BBQ
[1962/2051] fetch-failed  -            Fruteria el Manguito
[1963/2051] no-platform   -            U31
[1964/2051] no-platform   -            Nrgize
[1965/2051] needs-browser chownow      Su Pan Bakery Escondido
[1966/2051] no-platform   -            Filibertos
[1967/2051] fetch-failed  -            Coco's Bakery
[1968/2051] no-platform   -            Safari Coffee Outpost
[1969/2051] no-platform   -            Vella Brasserie
[1970/2051] no-platform   -            Chicken & Crown
[1971/2051] wrong-branch  toast        The Coffee Spot
[1972/2051] wrong-branch  toast        Saigon Alley Kitchen & Bar
[1973/2051] no-platform   -            Tu Taco Taco Shop #2
[1974/2051] no-platform   -            Jaws Topokki
[1975/2051] fetch-failed  -            The Macaron Shop SD
[1976/2051] no-platform   -            Humphrey Nutrición club herbalife
[1977/2051] no-platform   -            Health Center Deli
[1978/2051] no-platform   -            Coast Coffee Co
[1979/2051] no-platform   -            Crave
[1980/2051] no-platform   -            Blue Wave Bistro
[1981/2051] no-platform   -            Rush Bowls
[1982/2051] needs-browser Square Online storefront Eat Your Feelings Burger
[1983/2051] no-platform   -            Stone Oven
[1984/2051] no-platform   -            Necessity Coffee
[1985/2051] no-platform   -            Lindo Valle Mexican Grill
[1986/2051] no-platform   -            El Dorado
[1987/2051] no-platform   -            The Neighborhood Cafe
[1988/2051] no-platform   -            Fairbanks
[1989/2051] no-platform   -            Joes on the Nose
[1990/2051] fetch-failed  -            Dryer's Ice Cream Parlor
[1991/2051] no-platform   -            Terrace Lounge
[1992/2051] no-platform   -            Cork Oak Cafe
[1993/2051] no-platform   -            University Towers Kitchen
[1994/2051] no-platform   -            TEC Cafe
[1995/2051] no-platform   -            Cent'Anni Café
[1996/2051] no-platform   -            Crave & Feast
[1997/2051] no-platform   -            The Quay Cafe
[1998/2051] no-platform   -            The Village Mission Valley Cafe
[1999/2051] no-platform   -            Bean Sprouts
[2000/2051] no-platform   -            Mexico City Cuisine LLC
[2001/2051] no-platform   -            Stony Mountain Bar & Grill
[2002/2051] fetch-failed  -            Chandelier BY G
[2003/2051] no-platform   -            Michoacana Mia - Escondido
[2004/2051] no-platform   -            Egg Tuck
[2005/2051] no-platform   -            Mielimon Bakery
[2006/2051] no-platform   -            The Santaluz Club Dining Room and Events
[2007/2051] fetch-failed  -            Filo
[2008/2051] no-platform   -            Heritage
[2009/2051] no-platform   -            HACIENDITA BAKERY
[2010/2051] no-platform   -            Nothing Bundt Cakes
[2011/2051] no-platform   -            Blank Slate
[2012/2051] no-platform   -            Afghan Table
[2013/2051] no-platform   -            The Encore Sushi
[2014/2051] no-platform   -            Pinsarella Ancient Roman Pizza
[2015/2051] no-platform   -            Mexico City Cuisine-CoLab
[2016/2051] no-platform   -            Tocumbo Ice Cream National City
[2017/2051] no-platform   -            The Reading Club
[2018/2051] no-platform   -            NM Cafe
[2019/2051] no-platform   -            Rock Steady
[2020/2051] no-platform   -            Mama Kat's Restaurant and Pie Shop
[2021/2051] no-platform   -            Buka - Taste of Nigeria
[2022/2051] screened-out  shopify      OTAY CAFE
[2023/2051] fetch-failed  -            Negro Durazo
[2024/2051] no-platform   -            The Grand Tradition
[2025/2051] no-platform   -            Country Waffles
[2026/2051] wrong-branch  slice        Famous Famiglia
[2027/2051] no-platform   -            High Seas Bar
[2028/2051] no-platform   -            Masa Madre
[2029/2051] no-platform   -            Rocko's Modern Taphouse
[2030/2051] no-platform   -            Hui Hua
[2031/2051] fetch-failed  -            SALT N SAVOR DELI & CAFE
[2032/2051] fetch-failed  -            By The Sea
[2033/2051] no-platform   -            Oliva
[2034/2051] no-platform   -            Ono Hawaiian BBQ
[2035/2051] filed         wix          Happy Healthy Food
[2036/2051] filed         clover       El Rincon Salvadoreno restaurant de mary
[2037/2051] no-platform   -            Inland Tavern
[2038/2051] no-platform   -            Gaslamp Coffee Bar
[2039/2051] needs-browser Square Online storefront Rancho Sandwich & Creamery
[2040/2051] no-platform   -            Lone Pine Eatery
[2041/2051] needs-browser order.online Sangucheria PSF Hillcrest
[2042/2051] no-platform   -            Hilltop Cafe
[2043/2051] no-platform   -            The brew inn tavern
[2044/2051] no-platform   -            Thum SD
[2045/2051] no-platform   -            Nono José Empanadas
[2046/2051] no-platform   -            Nicolosi's Pizza (Mira Lee Way)
[2047/2051] fetch-failed  -            In Between
[2048/2051] screened-out  menufy       Sara's Mexican Food (Pacific Beach)
[2049/2051] needs-brows[2050/2051] fetch-failed  -         [2050/2051] fetc[2051/2051] fetch-failed  -            Fallbrook [2051/2051] fetch-failed  -            Banzai Bowls

platform                       attempted         filed       too-few         gated  wrong-branch needs-browser   no-platform  fetch-failed  screened-out
none                                1266             0             0             0             0            56           986           224             0
toast                                151            30             0             9            26            83             0             0             3
order.online                         122            23             1             0             8            85             0             0             5
Square Online storefront              75             0             0             0             0            75             0             0             0
shopify                               63            34             2             0             0             0             0             0            27
Square Online (own domain)            44             0             0             0             0            44             0             0             0
spothopper                            43            25             1             0             0            15             0             0             2
clover                                42            22             0             0             9             4             0             0             7
chownow                               38             1             0            12             0            25             0             0             0
slice                                 33             6             0             0             1            25             0             0             1
own-jsonld                            25            21             2             0             2             0             0             0             0
netwaiter                             20             0            20             0             0             0             0             0             0
MealKeyWay                            20             0             0             0             0            20             0             0             0
wix                                   19            18             1             0             0             0             0             0             0
plain-html                            18             0             0             0             0            18             0             0             0
olo                                   17             0             0             0             0            17             0             0             0
SpotOn                                15             0             0             0             0            15             0             0             0
menufy                                12             8             0             0             0             0             0             0             4
popmenu                                9             3             0             0             6             0             0             0             0
HungerRush                             7             0             0             0             0             7             0             0             0
Paytronix                              5             0             0             0             0             5             0             0             0
GloriaFood widget                      3             0             0             0             0             3             0             0             0
MenuSifu                               2             0             0             0             0             2             0             0             0
ubereats                               2             1             0             0             1             0             0             0             0
TOTAL                               2051           192            27            21            53           499           986           224            49

192 menus, 19381 dishes
wrote menus/wip/router-20260905-033754.json
wrote menus/wip/router-20260905-033754.notes.json
