queue 3063 (2053 with a website, 1010 via serper fallback only); routing 3063 at concurrency 4

[   1/3063] no-platform   -            Oceanside Harb[   2/3063][   2/3063] no-platform   -            Westfield UTC
[   3/3063] no-platform   -            Crumbl Cookies
[   4/3063] no-platform   -            Ghirardelli Ice Cream & Chocolate Shop
[   5/3063] [   5/3063] needs-browser toast        Liberty Pu[   6/3063] no-platform   -            Sessions by the Bay Cannabis Dispensary and Lounge
[   7/3063] filed         own-jsonld   Peterson's Donut Corner
[   8/3063] no-platform   -            Mitsuwa Marketplace - San Diego
[   9/3063] needs-browser chownow      Burger Bench Escondido
[  10/3063] screened-out  order.online Wood Ranch Mission Valley
[  11/3063] no-platform   -            Kaelin's Market
[  12/3063] needs-browser -            Casa de Freds
[  13/3063] no-platform   -            IZOLA
[  14/3063] no-platform   -            Mimi's Cafe
[  15/3063] no-platform   -            Mama Kat's Restaurant
[  16/3063] no-platform   -            Draft South Mission
[  17/3063] no-platform   -            Somisomi
[  18/3063] no-platform   -            Taquería Im[  19/3063] needs-browser order.online Rodizio Grill Brazilian Steakhouse San Diego
[  20/3[  20/3063] no-platform   -            El Super
[  [  21/3063] no-platform   -            El Super
[  22/3063] no-platform   -            Twin Peaks
[  23/3063] no-platform   -            Sally's Waterfront Dining
[  24/3063] no-platform   -            Crumbl Cookies
[  25/3063] no-platform   -            Windmill Food Hall
[  26/3063] no-platform   -            Acai Republic - Oceanside
[  27/3063] no-platform   -            VG Donut & Bakery
[  28/3063] no-platform   -            Public Square Coffee House
[  29/3063] no-platform   -            Original Pancake House Vista
[  30/3063] needs-browser chownow      Brigantine Seafood
[  31/3063] wrong-branch  toast        Lucha Libre Taco Shop
[  32/3063] no-platform   -            Portside Pier
[  33/3063] no-platform   -            Crumbl Cookies
[  34/3063] no-platform   -            Otay Farms Market & Mexican Food
[  35/3063] no-platform   -            Khyber Pass Zarparan Restaurant | Afghan
[  36/3063] no-platform   -            Lake Cuyamaca Restaurant & S[  37[  37/3063] screened-out  order.online Al Toque | Peruvian Kitchen
[  38/3063] needs-browser toast        Barrio Star
[  39/3063] no-platform   -            Con Pane Rustic Breads & Cafe
[  40/3063] no-platform   -            Menudería Don Vicente
[  41/3063] no-platform   -            Cardiff Seaside Market
[  42/3063] needs-browser olo          Dog Haus Biergarten
[  43/3063] needs-browser order.online Tom's Famous Family Restaurant 24
[  44/3063] no-platform   -            Prohibition Lounge
[  45/3063] no-platform   -            Islands Restaurant Chula Vista
[  46/3063] wrong-branch  own-jsonld   FIT Social
[  47/3063] needs-browser Square Online storefront Wayfarer Bread & Pastry
[  48/3063] no-platform   -            Saigon Restaurant
[  49/3063] needs-browser olo          Better Buzz Coffe[  50/3063] n[  50/3063] no-platform   -            Crumbl Cookies
[  51/3063] needs-browser toast        MooTime Creamery
[  52/3063] no-platform   -            Quartyard
[  53/3063] no-platform   -            Rubio's Coastal Gril[ [  54/3063] no-platform   -            Kiko's Place-The Seafood King
[  55/3063] wrong-branch  toast        Good Night John Boy
[  56/3063] no-platform   -            Huckleberry's Breakfast & Lunch
[  57/3063] no-platform   -            Fridas Street Tacos
[  58/3063] no-platform   -            Phở Vân Restaurant
[  59[  59/3063] no-platform   -            Phở Vân Restaurant
[  60/3063] needs-browser order.online Primos Mexican Food & Cantina
[  61/3063] no-platform   -            Crumbl Cookies
[  62/3063] needs-browser order.online TOM's Famous Family Restaurant 22
[  63/3063] no-platform   -            Hong Kong Restaurant
[  64/3063] no-platform   -            Sweet Spot Real Jamaican Restaurant
[  65/3063] no-platform   -            Crumbl Cookies
[  66/3063] no-platform   -            Crumbl Cookies
[  67/3063] needs-browser -            Noble Experiment
[  68/3063] needs-browser plain-html   Por Favor El Cajon
[  69/3063] needs-browser slice        Massachusetts Mike's Pizzeria
[  70/3063] no-platform   -            Loreto's Taco Shop
[  71/3063] too-few       netwaiter    Su Pan Bakery El Cajon
[  72/3063] needs-browser toast        Tom's Watch Bar - Petco Park
[  73/3063] no-platform   -            Taco Bar
[  74/3063] needs-browser plain-html   Papas & Tacos Mexican Food
[  75/3063] needs-browser chownow      Parakeet Cafe - Little Italy
[  76/3063] no-platform   -            Carnitas Las Michoacánas
[  77/3063] no-platform   -            Plazas Mexican Food
[  78/3063] no-platform   -            MOOYAH Burgers, Fries & Shakes
[  79/3063] no-platform   -            Deiberto's Mexican Restaurant
[  80/3063] needs-browser plain-html   Nick's on State
[  81/3063] no-platform   -            Los Reyes Mexican Restaurant & Cantina
[  82/3063] no-platform   -         [  83/3063] no-pl[  83/3063] no-platform   -            The Shores Restaurant
[  84/3063] needs-browser toast        Lanna Thai Cuisine
[  85/3063] needs-browser GloriaFood widget That Mexican Place
[  86/3063] no-platform   -            Todo Sushi
[  87/3063] needs-browser order.online Jimbo's - Escondido
[  88/3063] too-few       spothopper   Kebab Craft
[  89/3063] no-platform   -            Los Garcia's Taco Shop
[  90/3063] no-platform   -            Fallbrook Cafe
[  91/3063] needs-browser toast        Coya Peruvian Secret
[  92/3063] no-platform   -            Stone Brewing Tap Room - Oceanside
[  93/3063] no-platform   -            El Real Mexican Food
[  94/3063] needs-browser olo          Better Buzz Coffee Escondido
[  95/3063] needs-browser olo          DQ GRILL & CHILL, OCEANSIDE
[  96/3063] no-platform   -            Red Fox Room and Steakhouse
[  97/3063] screened-out  order.online Grandma Tofu & BBQ
[  98/3063] no-platform   -            Round1 Bowling & Arcade - National City
[  99/3063] needs-browser order.online Jimbo’s - Carmel Valley
[ 100/3063] needs-browser order.online Vaqueros Carne Asada
[ 101/3063] no-platform   -            Los Junior's Mex[ 102/3063[ 102/3063] no-platform   -            Barrio [ 103/306[ 103/3063] needs-browser Square Online storefront Empan[ 104/3063] [ 104/3063] needs-browser slice        Pastalini
[ 105/3063] needs-browser slice        Pastalini
[ 106/3063] no-platform   -            I Love Bagels
[ 107/3063] no-platform   -            BunZ
[ 108/3063] no-platform   -            Newtopia Cyder
[ 109/3063] no-platform   -            Hanu Korean BBQ
[ 110/3063] no-platform   -            Rubio's Coastal Grill
[ 111/3063] no-platform   -            Tiajuana Food Court
[ 112/3063] screened-out  shopify      4th Ave Lounge
[ 113/3063] no-platform   -            Paradise Lounge & Grill - San Diego's Best Sports Bar
[ 114/3063] needs-browser toast        The Asian Bistro
[ 115/3063] no-platform   -            Tocumbo Ice Cream
[ 116/3063] needs-browser Square Online storefront skybound coffee + dessert lounge
[ 117/3063] no-platform   -            Tacotarian San Diego
[ 118/3063] no-platform   -            Palomino's Mexican & Seafood
[ 119/3063] needs-browser olo          Panini Kabob Grill - Mission Valley
[ 120/3063] no-platform   -            It's Raw Poke Shop
[ 121/3063] needs-browser Square Online (own domain) Up2You Cafe
[ 122/3063] needs-browser order.online Sancho's Tacos
[ 123/3063] no-platform   -            Antonio's Mexican Food
[ 124/3063] needs-browser plain-html   Nick's Del Mar
[ 125/3063] needs-browser olo          Better Buzz Coffee Coronado
[ 126/3063] no-platform   -            Crumbl Cookies
[ 127/3063] no-platform   -            Iceskimo
[ 128/3063] needs-browser Square Online storefront Sunny Side Kitchen
[ 129/3063] no-platform   -            Urban Crave
[ 130/3063] no-platform   -            Urban Crave
[ 131/3063] needs-browser olo          Better Buzz Coffee Pacific Beach Grand
[ 132/3063] no-platform   -            EQ San Diego
[ 133/3063] no-platform   -            El Primo Birriería
[ 134/3063] no-platform   -            Cute Cakes Bakery & Café
[ 135/3063] needs-browser plain-html   Pancho's Mexican Restaurant
[ 136/3063] no-platform   -            La Concha Bakery
[ 137/3063] needs-browser toast        Galpão Gaucho Brazilian Steakhouse
[ 138/3063] needs-browser SpotOn       allmine pizza and pasta
[ 139/3063] no-platform   -            Thai Thai Oceanside Restaurant
[ 140/3063] no-platform   -            Lucy's Bakery
[ 141/3063] no-platform   -            O'side Bakery
[ 142/3063] no-platform   -            VAGA Restaurant & Bar
[ 143/3063] needs-browser spothopper   Village Pizza
[ 144/3063] needs-browser toast        1022 Cafe & Gelateria
[ 145/3063] needs-browser -            Sammy's Woodfire Pizza and Grille
[ 146/3063] needs-browser toast        Risers Pizza
[ 147/3063] no-platform   -            Zarlitos Family Restaurant
[ 148/3063] no-platform   -            Eppig Brewing Co. Waterfront Biergarten
[ 149/3063] needs-browser order.online Robertito's Mexican Food
[ 150/3063] no-platform   -            Baci Restaurant | Italian
[ 151/3063] needs-browser toast        Shaks Mediterranean Bistro
[ 152/3063] no-platform   -            Golden Mandarin
[ 153/3063] needs-browser Square Online (own domain) Camp Coffee Company
[ 154/3063] needs-browser -            Beyer Deli[ 155/3063] needs-browser toast        Shaks Mediterranean Bistro
[ 156/3063] needs-browser Square Online (own domain) Beach City Smoothies
[ 157/3063] needs-browser Square Online (own domain) Portal Coffee
[ 158/3063] no-platform   -            Golden Donut
[ 159/3063] no-platform   -            Frida’s Taqueria Oceanside
[ 160/3063] needs-browser SpotOn       Souplantation
[ 161/3063] needs-browser Square Online storefront Prager Brothers Artisan Breads
[ 162/3063] needs-browser spothopper   Los Panchos Mexican Grill & Seafood
[ 163/3063] no-platform   -            The Bella Lounge
[ 164/3063] no-platform   -            Mi Ranchito Taco Shop
[ 165/3063] no-platform   -            Niederfrank's Ice Cream
[ 166/3063] no-platform   -            Edelweiss Bakery
[ 167/3063] no-platform   -            Rubio's Coastal Grill
[ 168/3063] needs-browser MealKeyWay   Dumplings N More
[ 169/3063] needs-browser spothopper   Penelopes Mexican Food
[ 170/3063] needs-browser -            California Pizza Kitchen at Solana Beach
[ 171/3063] no-platform   -            Superbloom Coffee & Juice
[ 172/3063] no-platform   -            Market on 8th
[ 173/3063] no-platform   -            Konito's Cafe
[ 174/3063] needs-browser Square Online storefront Maan's Mediterranean Grill
[ 175/3063] screened-out  shopify      Ascend Coffee [ 176/3063] needs-browser toast        The Remy
[ 177/3063] no-platform   -            GelatoLove Carlsbad Village
[ 178/306[ 178/3063] no-platform   -            Panda Imperial Re[ 179/3063] no-platform   -            Quixote
[ 180/3063] no-platform   -            Mariscos Mar Y Tierra
[ 181/3063] too-few       order.online Ben & Jerry's
[ 182/3063] screened-out  shopify      Ascend Coffee Roasters
[ 183/3063] no-platform   -            The Cowshed
[ 184/3063] no-platform   -            Manna Heaven BBQ - National City
[ 185/3063] needs-browser order.online Rise Southern Biscuits & Righteous Chicken - San Diego
[ 186/3063] no-platform   -            The Cowshed
[ 187/3063] no-platform   -            Crumbl Cookies
[ 188/3063] needs-browser toast        Sultan Baklava
[ 189/3063] no-platform   -            Bonchon Chicken
[ 190/3063] no-platform   -            Yingli Restaurant | Chula Vista
[ 191/3063] no-platform   -            Chiroys Cafe
[ 192/3063] needs-browser -            The Invigatorium
[ 193/3063] no-platform   -            Red Lobster
[ 194/3063] needs-browser HungerRush   Flippin' Pizza NY Pies and Sl[ 195/3063] needs-browser HungerRush   Flippin' Pizza NY Pies and Slices
[ 196/3063] needs-browser spothopper   3N1 Sports Bar & Grill
[ 197/3063] no-platform   -            Señor Taquero
[ 198/3063] no-platform   -            The Vibe
[ 199/3063] needs-browser toast        Smokin J's BBQ & Taphouse
[ 200/3063] no-platform   -            Mi Asador Mexican & Seafood Restaurant
[ 201/3063] no-platform   -            Green Vine Delicatessen
[ 202/3063] screened-out  clover       Royal Sweets
[ 203/3063] no-platform   -            Jts Clubhouse Pub and Grill
[ 204/3063] too-few       netwaiter    Aiberto's Taco Shop
[ 205/3063] no-platform   -            Marina Kitchen
[ 206/3[ 206/3063] no-platform   -            Marina Kitchen
[ 207/3063] no-platform   -            Pacific Beach Ice Cream Co.
[ 208/3063] no-platform   -            Manna Heaven BBQ Downtown
[ 209/3063] no-platform   -            Curbside Eatery & Drinkery
[ 210/3063] needs-browser spothopper   Julian Hard Cider
[ 21[ 211/3063] needs-browser spothopper   Julian Hard Cider
[ 212/3063] needs-browser -            The Rooftop by STK
[ 213/3063] no-platform   -            Arizona Chines[ 214/3063] no-platform   -            ICHIBAN RAMEN AND SUSHI
[ 215/3063] no-platform   -            Arizona Chinese Restaurant
[ 216/3063] no-platform   -            China Fun
[ 217/3063] needs-browser toast        Tabu Sushi Bar & Grill Santee
[ 218/3063] no-platform   -            SOMISOMI
[ 219/3063] no-platform   -            Lighthouse Ice Cream
[ 220/3063] no-platform   -            The Buffet
[ 221/3063] wrong-branch  toast        Beeside Balcony La Jolla
[ 222/3063] no-platform   -            Savory Thai Restaurant
[ 223/3063] no-platform   -            Ami Sushi
[ 224/3063] no-platform   -            Seafood La 57
[ 225/3063] no-platform   -            Hidden Fish
[ 226/3063] no-platform   -            Coffee by Malibu Farm
[ 227/3063] needs-browser Square Online storefront Bay Park Coffee
[ 228/3063] needs-browser Square Online storefront Portinos Restaurant
[ 229/3063] no-platform   -            Draft Republic San Marcos
[ 230/3063] too-few       shopify      Mr. Coconut CA
[ 231/3063] needs-browser toast        QUICK BITES CAFE / Best Sandwiches
[ 232/3063] needs-browser Square Online storefront Sandwich Em[ 233/3063] needs-browser Square Online storefront Sandwich Emporium
[ 234/3063] no-platform   -            Hurricane Grill & Wings
[ 235/3063] no-platform   -            Black Cat Bar
[ 2[ 236/3063] no-platform   -            Black Cat Bar
[ 237/3063] no-platform   -            La Sabrosita
[ 238/3063] no-platform   -            Duck Foot Brewing[[ 239/3063] needs-browser MealKeyWay   大鼓米线Dagu Miishien
[ 240/3063] no-platform   -            Emma's Mexican Food
[ 241/3063] no-platform   -            La Central - Birrieria y Menuderia
[ 242/3063] no-platform   -            Rise and Dine
[ 243/3063] no-platform   -            Divo Diva Cafe
[ 244/3063] needs-browser -            Truckstop Saloon
[ 245/3063] screened-out  toast        Agave Birrieria
[ 246/3063] no-platform   -            Mariscos La Perla Negra
[ 247/3063] needs-browser spothopper   il Sogno Italiano
[ 248/3063] no-platform   -            Spitz Mediterranean Street Food
[ 249/3063] no-platform   -            Rancho Las Palmas Mexican Grill & Seafood
[ 250/3063] no-platform   -            Helix Brewing Co.
[ 251/3063] no-platform   -            Camel's Bar and Grill
[ 252/3063] needs-browser toast        Healthy Creations Cafe
[ 253/3063] no-platform   -            New York Buffal[ 254/30[ 254/3063] no-platform   -            Paris Baguette
[ 255/3[ 255/3063] needs-browser toast        Valentina
[ 256/3063] no-platform   -            Fortuna Ristorante Italiano
[ 257/3063] no-platform   -            Compadres Grilled Chicken
[ 258/3063] needs-browser toast        Healthy Creations Cafe
[ 259/3063] gated         chownow      Finney's Crafthouse
[ 260/3063] needs-browser Square Online storefront El Cajon Elks Lodge 1812
[ 261/3063] no-platform   -            Phở Carlsbad
[ 262/3063] no-platform   -            Phở Carlsbad
[ 263/3063] no-platform   -            Kinaly Thai Restaurant
[ 264/3063] no-platform   -            SanSai Japanese Grill
[ 265/3063] no-platform   -            Handel's Homemade Ice Cream Vista
[ 266/3063] no-platform   -            Fugu
[ 267/3063] needs-browser Square Online storefront Genteel Coffee Roasters
[ 268/3063] needs-browser order.online TOUS les JOURS Bakery Café - La Jolla
[ 269/3063] needs-browser toast        Novo Brazil Brewing Mission Valley
[ 270/3063] no-platform   -            The Par Lounge and Deck
[ 271/3063] no-platform   -            Hopnonymous Brewing Company
[ 272/3063] no-platform   -            Marisco's German
[ 273/3063] no-platform   -            Flora
[ 274/3063] needs-browser toast        NOIR Sushi and Sake Fusion Lounge
[ 275/3063] no-platform   -            Tocumbo Ice Cream CV
[ 276/3063] needs-browser order.online Burrito Leo's Mexican Food
[ 277/3063] needs-browser slice        HillCrust Pizza
[ 278/3063] screened-out  order.online Yogurt Heaven
[ 279/3063] no-platform   -            Zen 5
[ 280/3063] no-platform   -            Ramones Cantina
[ 281/3063] no-platform   -            Kelly's Pub, El Cajon
[ 282/3063] gated         chownow      Bob's Steak & Chop House
[ 283/3063] needs-browser Square Online (own domain) CUPPA CUPPA COFFEE COMPANY
[ 284/3063] needs-browser slice        Italia Pizza
[ 285/3063] no-platform   -            1St Street Bar
[ 286/3063] needs-browser toast        Angry Chickz - Oceanside
[ 287/3063] needs-browser toast        Burgeon Beer Company
[ 288/3063] needs-browser Square Online storefront New English Brewing - San Diego Brewery
[ 289/3063] no-platform   -            Catalina Offshore Products
[ 290/3063] no-platform   -            A.R. Valentien
[ 291/3063] needs-browser -            NuYo Frozen Yogurt Telegraph Canyon
[ 292/3063] no-platform   -            Lucy's Bakery
[ 293/3063] wrong-branch  toast        Pure Project Vista
[ 294/3063] no-platform   -            Aztec Brewing Company
[ 295/3063] no-platform   -            Sweet Bakery Mexico Lindo
[ 296/3063] no-platform   -            Off The 8 Café
[ 297/3063] no-platform   -            Cafe Bella Drive Thru
[ 298/3063] no-platform   -            Booze Brothers Brewing Co.
[ 299/3063] needs-browser olo          Randy's Donuts
[ 300/3063] needs-browser olo          Luna Grill Millenia
[ 301/3063] no-platform   -            Sushi On San Marcos - Japanese Restaurant
[ 302/3063] needs-browser Square Online (own domain) Solana Sumptuous Cookies
[ 303/3063] needs-browser HungerRush   Buonasera New York P[ 304/30[ 304/3063] needs-browser MealKeyWay   Surfing Crab Escondi[ 3[ 305/3063] screened-out  menufy       Ginza Sushi
[ 306/3063] no-platform   -            We Olive & Wine Bar
[ 307/3063] wrong-branch  toast        Belching Beaver Brewery Oceanside
[ 308/3063] no-platform   -            The Confessional by The Lost Abbey
[ 309/3063] no-platform   -            Royal India Express
[ 310/3063] no-platform   -            California Mountain Bakery
[ 311/3063] no-platform   -            Dragon Express
[ 312/3063] no-platform   -            The Craft Creamery
[ 313/3063] no-platform   -            Tacos Alex
[ 314/3063] needs-browser toast        Tacaliente Mexican Grill
[ 315/3063] needs-browser order.online bb.q Chicken Chula Vista
[ 316/3063] no-platform   -            Ike's Love & Sandwiches
[ 317/3063] needs-browser Square Online (own domain) BattleMage Brewing Company
[ 318/3063] needs-browser HungerRush   Pop Pops Paleta
[ 319/3063] needs-browser toast        Rosemonts Cafe
[ 320/3063] no-platform   -            The Art of Espresso
[ 321/3063] no-platform   -            Thai Is[ 322/3063] no-platform   -            BKK THAI KITCHEN
[ 323/3063] no-platform   -            The Art of Espresso
[ 324/3063] no-platform   -            North Bar
[ 325/3063] no-platform   -            Palomino's Mexican & Seafood
[ 326/3063] wrong-branch  popmenu      Max's Restaurant Chula Vista, Cuisine of the Philippines
[ 327/3063] no-platform   -            Crumbl Cookies
[ 328/3063] no-platform   -            Los Armando's Mexican Food
[ 329/3063] no-platform   -            Deft Brewing
[ 330/3063] no-platform   -            Mesa Pizza
[ 331/3063] no-platform   -            Rolling-Out
[ 332/3063] screened-out  shopify      La Colombe Coffee Roasters
[ 333/3063] needs-browser order.online bb.q Chicken National City
[ 334/3063] wrong-branch  toast        Madi Pacific Beach
[ 335/3063] no-platform   -            Athens Market Taverna
[ 336/3063] no-platform   -            Teriyaki Sun
[ 337/3063] needs-browser order.online San Diego Sandwich Co
[ 338/3063] no-platform   -            PGA Tour Grill
[ 339/3063] needs-browser MealKeyWay   Ocean Buffet
[ 340/3063] no-platform   -            TapShack Kombucha & Coffee
[ 341/3063] no-platform   -            Avenue Subs Coronado
[ 342/3063] needs-browser Square Online (own domain) Matcha Cafe Maiko - Escondido
[ 343/3063] no-platform   -            Kaka Rawand - كباب كاكه روند (ملحمة أنوار)
[ 344/3063] no-platform   -            Botani Breakfast & Pizzeria
[ 345/3063] needs-browser olo          Better Buzz Coffee Oceanside South
[ 346/3063] needs-browser HungerRush   Flippin' Pizza La Costa
[ 347/3063] wrong-branch  order.online Lourdes Mexican Food San Elijo
[ 348/3063] needs-browser -            Marieta's Mexican Food
[ 349/3063] needs-browser spothopper   Johnny Mañanas Ocean Beach
[ 350/3063] no-platform   -            Sky Deck at Del Mar Highlands Town Center
[ 351/3063] no-platform   -            Eugenio Italian Ristorante & More
[ 352/3063] no-platform   -            Mi Barra Bar
[ 353/3063] no-platform   -            Little Fox Cups + Cones
[ 354/3063] needs-browser order.online Poki Poki - Oceanside # 1
[ 355/3063] no-platform   -            Cake de Partie
[ 356/3063] no-platform   -            The Library Tavern
[ 357/3063] screened-out  own-jsonld   Hanna Garden
[ 358/3063] no-platform   -            Thai Garden
[ 359/3063] needs-browser toast        Novo Brazil Brewing - L[ 360/30[ 360/3063] no-platform   -            Valerio[ 361/30[ 361/3063] no-platform   -            Saigon Star Restaurant
[ 362/3063] no-platform   -            Kababayan Bakery
[ 363/3063] no-platform   -            Mama G’s Kitchen & Sauces Peruvian Cuisine
[ 364/3063] no-platform   -            chikita cafe
[ 365/3063] no-platform   -            Paris Baguette
[ 366/3063] no-platform   -            La Mixteca
[ 367/3063] no-platform   -            the Koffie Co
[ 368/3063] screened-out  own-jsonld   Hanna Garden
[ 369/3063] no-platform   -            Donuts Plus
[ 370/3063] needs-browser -            Galu Café and Delicatessen
[ 371/3063] no-platform   -            Relic Bakery & Kitchen
[ 372/3063] no-platform   -            The Camp Store
[ 373/3063] no-platform   -            Continent Delicatessen
[ 374/3063] no-platform   -            Surf City Squeeze
[ 375/3063] screened-out  shopify      Barefoot Coffee Roasters
[ 376/3063] no-platform   -            Bravo Cafe
[ 377/3063] no-platform   -            Pizza Mania
[ 378/3063] needs-browser SpotOn       Porky's Lechon Barbecue
[ 379/3063] no-platform   -            Backdraft Bar & Grill
[ 380/3063] needs-browser Square Online storefront Crossroads Deli
[ 381/3063] needs-browser spothopper   Isabelle Briens French Pastry Cafe
[ 382/3063] filed         shopify      Flor and Seed Coffee Roasters
[ 383/3063] needs-browser order.online Primos Mexican Food & Cantina
[ 384/3063] needs-browser Square Online (own domain) Elixir Espresso & Wine Bar
[ 385/3063] no-platform   -            Wisteria Candy Cottage
[ 386/3063] needs-browser plain-html   South of Nick's Del Mar | Mexican Kitchen + Bar
[ 387/3063] too-few       netwaiter    Opa Greek Restaurant & Grill
[ 388/3063] no-platform   -            KD's Donuts
[ 389/3063] no-platform   -            Famous Oasis Ice Cream Parlor
[ 390/3063] no-platform   -            P.L. Bagels
[ 391/3063] needs-browser MenuSifu     Sizzling Pot King
[ 392/3063] needs-browser SpotOn       Lupe's Cafe Mexican Restaurant
[ 393/3063] no-platform   -            Imperial Express
[ 394/3063] no-platform   -            Ginza Sushi
[ 395/3063] no-platform   -            Taste of Denmark
[ 396/3063] needs-browser order.online Halal Burger Co.
[ 397/3063] no-platform   -            Bica Coffee Shop
[ 398/3063] gated         chownow      CinKuni (Italian & Japanese Cuisine)
[ 399/3063] needs-browser SpotOn       Tasty Pho
[ 400/3063] needs-browser olo          Tocaya Modern Mexican
[ 401/3063] no-platform   -            Potato Corner
[ 402/3063] needs-browser Square Online (own domain) Tyne Coffee Co.
[ 403/3063] needs-browser olo          Better Buzz Coffee Imperial Beach
[ 404/3063] needs-browser toast        The Outpost by Valley Farm
[ 405/3063] no-platform   -            Cielo Rooftop
[ 406/3063] no-platform   -            El Original Mariscos German
[ 407/3063] no-platform   -            California B[ 40[ 408/3063] wrong-branch  order.online Ciné Café
[ 409/3063] no-platform   -            Beginners Diner
[ 410/3063] needs-browser -            Swami's
[ 411/3063] no-platform   -            Alibi
[ 412/3063] needs-browser Square Online (own domain) Chef Budda Blasian Soul Food LLC
[ 413/3063] no-platform   -            Calico Cidery
[ 414/3063] too-few       shopify      Culture Brewing
[ 415/3063] filed         order.online The Pad Thai Stand
[ 416/3063] no-platform   -            KM BBQ
[ 417/3063] no-platform   -            Glazed Coffee & Creamery
[ 418/3063] no-platform   -            Kaffee Meister
[ 419/3063] no-platform   -            The Shack Kitchen + Coffee
[ 420/3063] no-platform   -            Mariscos Gonzalez
[ 421/3063] needs-browser olo          Luna Grill Encinitas
[ 422/3063] no-platform   -            East Village Brewing Company
[ 423/3063] no-platform   -            Piedra Santa
[ 424/3063] no-platform   -            Live Oak Market & restaurant @ gas station
[ 425/3063] no-platform   -            The Leucadian
[ 426/3063] too-few       netwaiter    Wings mix
[ 427/3063] no-platform   -            Beach + Taco Shack
[ 428/3063] no-platform   -            Hill Street Donut House
[ 429/3063] no-platform   -            Mariscos La Bola
[ 430/3063] no-platform   -            Menuderia y mariscos GDL
[ 431/3063] needs-browser toast        Na Tart
[ 432/3063] no-platform   -            Gyrogrill
[ 433/3063] no-platform   -            Brewjería Taproom & Kitchen
[ 434/3063] needs-browser Square Online storefront Garden Coffee
[ 435/3063] wrong-branch  popmenu      Cocina de Barrio North Park
[ 436/3063] needs-browser toast        Okama Ramen and Grill
[ 437/3063] no-platform   -            Fridas Taqueria
[ 438/3063] no-platform   -            ENO Market & Pizzeria
[ 439/3063] needs-browser Square Online storefront Thyme for Lunch Cafe & Grill
[ 440/3063] no-platform   -            Nickel Beer Company
[ 441/3063] wrong-branch  toast        Stir It Up CoffeeHouse & Cafe
[ 442/3063] needs-browser clover       Himalayan Bistro Oceanside
[ 443/3063] needs-browser -            Olala Crepes
[ 444/3063] needs-browser slice        Giant Pizza King Linda Vista
[ 445/3063] screened-out  clover       PorchLight Coffee
[ 446/3063] screened-out  menufy       IB Thai
[ 447/3063] no-platform   -            SoCal Sushi
[ 448/3063] no-platform   -            Phở Hòa Restaurant | Vietnamese
[ 449/3063] needs-browser order.online Fatboy's Deli & Spirits
[ 450/3063] no-platform   -            Ko-Li Bar
[ 451/3063] no-platform   -            Mujeres Brew House
[ 452/3063] no-platform   -            Fusion Bar & Lounge
[ 453/3063] needs-browser Square Online storefront Mesa Agricola
[ 454/3063] no-platform   -            Gooseberries kafe
[ 455/3063] no-platform   -            Paris Baguette
[ 456/3063] needs-browser toast        Chula Vista Brewery
[ 457/3063] needs-browser Square Online (own domain) Industrial Grind Coffee
[ 458/3063] needs-browser chownow      Ironsmith Coffee Roasters
[ 459/3063] no-platform   -            The Grounds Bean Bar
[ 460/3063] no-platform   -            Home Coffee
[ 461/3063] needs-browser order.online Memo's Bagel Café
[ 462/3063] no-platform   -            Caffé Adesso
[ 463/3063] needs-browser chownow      Pho Hiep & Grill
[ 464/3063] screened-out  shopify      Seven Sea[ 465/3063] screene[ 465/3063] no-platform   -            Gelabong
[ 466/3063] needs-browser slice        West Coast [ 467/3063] needs-browser slice        West Coast Pizza Company
[ 468/3063] needs-browser Square Online storefront iWok Chinese Kitchen
[ 469/3063] needs-browser order.online L&L Hawaiian Barbecue - San Marcos (Inside Walmart)
[ 470/3063] no-platfor[ 471/3063] needs-browser Squar[ 471/3063] needs-browser Square Onl[ 472/3063] needs-browser order[ 472/3063] no-platform   -            Chopsticks Chinese Cu[ 473/[ 473/3063] needs-browser toast        Fat Joe’s O’side
[ 474/3063] no-platform   -            Charli's Landing
[ 475/3063] no-platform   -            La Moreliana
[ 476/3063] gated         toast        Convoy Music Bar
[ 477/3063] no-platform   -            Tea Pavilion
[ 478/3063] needs-browser -            Banh Mi Blvd
[ 479/3063] needs-browser toast        SOBREMESA
[ 480/3063] no-platform   -            Pick Up Stix Fresh Asian Flavors
[ 481/3063] no-platform   -            Mutual Friend Ice Cream
[ 482/3063] needs-browser toast        Paradisaea
[ 483/3063] no-platform   -            Poki Poki - Escondido
[ 484/3063] no-platform   -            The BLVD Bar
[ 485/3063] no-platform   -            Katsuya Ko
[ 486/3063] needs-browser Square Online (own domain) Dot Cafe
[ 487/3063] needs-browser order.online BB's Deli
[ 488/3063] no-platform   -            Bronze Bird
[ 489/3063] no-platform   -            Bistro Pazzo
[ 490/3063] no-platform   -            Valentinas Taco Shop
[ 491/3063] no-platform   -            Paris Baguette
[ 492/3063] no-platform   -            Blue Pepper Asian Cuisine
[ 493/3063] no-platform   -            Memo's Golden Bagel
[ 494/3063] no-platform   -            YGF Malatang
[ 495/3063] needs-browser slice        Pop's Pizza
[ 496/3063] needs-browser order.online Le Macaron French Pastries
[ 497/3063] needs-browser -            Seaview Restaurant
[ 498/3063] no-platform   -            The Reunion
[ 499/3063] needs-browser order.online bb.q Chicken Vista
[ 500/3063] no-platform   -            The Lean Bean
[ 501/3063] no-platform   -            Cali Cafe
[ 502/3063] no-platform   -            Premier Pub
[ 503/3063] needs-browser SpotOn       Kalei's Kitchenette
[ 504/3063] needs-browser MealKeyWay   Iron Wok
[ 505/3063] no-platform   -            Eat Your Heart Out II
[ 506/3063] no-platform   -            Side Chick - Chicken & Fries
[ 507/3063] needs-browser order.online Häagen-Dazs
[ 508/3063] filed         toast        Baja Rick's Cantina
[ 509/3063] needs-browser toast        Origen
[ 510/3063] needs-browser toast        Tahini Authenti[ 510/3063] needs-browser toast        Origen
[ 511/3063] no-platform   -            Julian Station
[ 512/3063] no-platform   -            EL ENCANTO SD
[ 513/3063] no-platform   -            San Diego Blenders
[ 514/3063] no-platform   -            Pazzos Italian
[ 515/3063] no-platform   -            Quality Taste Pot
[ 516/3063] needs-browser slice        Rock On Pizza
[ 517/3063] no-platform   -            Victor's Kafe - Poway
[ 518/3063] no-platform   -            Masala house Indian Restaurant & Catering
[ 519/3063] needs-browser Square Online storefront Sue's Korean Kitchen
[ 520/3063] no-platform   -            Bar Kamon
[ 521/3063] no-platform   -            Fruttos Yogurt
[ 522/3063] no-platform   -            Al Teatro Panini Grill
[ 523/3063] no-platform   -            Nanay's Best BBQ
[ 524/3063] no-platform   -            Delah Coffee - North Park
[ 525/3063] screened-out  shopify      BEAURISTA COFFEE
[ 526/3063] no-platform   -            Idego Coffee Roasters
[ 527/3063] no-platform   -            Black Radish
[ 528/3063] no-platform   -            Jalisco Cantina
[ 529/3063] no-platform   -            Frutas
[ 530/3063] no-platform   -            Explorers Café
[ 531/3063] needs-browser Square Online storefront Tacoman
[ 532/3063] no-platform   -            Criscito Pizza
[ 533/3063] too-few       netwaiter    Nolberto's Taco Shop
[ 534/3063] needs-browser Square Online storefront La Ola Seafood
[ 535/3063] no-platform   -            43 Area Mess Hall
[ 536/3063] needs-browser olo          Panini Kabob Grill - Westfield UTC
[ 537/3063] no-platform   -            NuYo Frozen Yogurt Eastlake
[ 538/3063] no-platform   -            Nory's Donut & Bakery
[ 539/3063] wrong-branch  toast        Lucha Libre Taco Shop
[ 540/3063] no-platform   -            Great Khan's Mongolian Grill Carlsbad
[ 541/3063] needs-browser spothopper   Liberty Wing Co
[ 542/3063] no-platform   -            Sweet Revenge Bakery
[ 543/3063] no-platform   -            SHELTER Encinitas
[ 544/3063] no-platform   -            Sideways Bar
[ 545/3063] no-platform   -            Red Ribbon Bakeshop
[ 546/3063] no-platform   -            Hino
[ 547/3063] no-platform   -            Crispy Cones - Carlsbad
[ 548/3063] no-platform   -            The Luau
[ 549/3063] no-platform   -            Coral Tree Tea House
[ 550/3063] no-platform   -            Captain's Quarters
[ 551/3063] needs-browser olo          Better Buzz Coffee Del Mar
[ 552/3063] needs-browser spothopper   N City Sports Lounge
[ 553/3063] no-platform   -            World Famous I Bar
[ 554/3063] no-platform   -            P B Pub
[ 555/3063] no-platform   -            Prince Hookah Cafe
[ 556/3063] no-platform   -            Christophe Rull Patisserie
[ 557/3063] needs-browser Square Online storefront Prager Brothers Artisan Bread
[ 558/3063] no-platform   -            Red Ribbon Bakeshop
[ 559/3063] no-platform   -            Cafe Bella Midway
[ 560/3063] no-platform   -            Coco & Jules Cookies
[ 561/3063] no-platform   -            Nana's and Pops Sweet Shop
[ 562/3063] no-platform   -            Thai Style
[ 563/3063] no-platform   -            JOEHNS Coffee
[ 564/3063] needs-browser toast        La Jollita
[ 565/3063] no-platform   -            The Halal Shack
[ 566/3063] no-platform   -            Brown Bag Deli
[ 567/3063] needs-browser toast        Mr. Charlie's
[ 568/3063] wrong-branch  toast        Chin's Szechwan - Point Loma
[ 569/3063] no-platform   -            Aztec Food Hub
[ 570/3063] needs-browser -            Sammy's Restaurant & Bar
[ 571/3063] needs-browser MealKeyWay   One More Bite Dumpling--San Marcos
[ 572/3063] no-platform   -            Tony’s Newport Cafe
[ 573/3063] no-platform   -            Penguin Yogurt Factory
[ 574/3063] no-platform   -            Tacos de Birria El Chinito Jr
[ 575/3063] needs-browser plain-html   Donut Stop
[ 576/3063] no-platform   -            Dos Vaqueros Mexican Food
[ 577/3063] needs-browser Square Online storefront Fan-Fan
[ 578/3063] no-platform   -            Taco Time Food Truck
[ 579/3063] needs-browser toast        Prey Brewing Company
[ 580/3063] no-platform   -            Fairplay
[ 581/3063] screened-out  clover       OB Quik Stop Liquor & OB Deli
[ 582/3063] needs-browser Square Online storefront Prager Brothers Artisan Breads
[ 583/3063] no-platform   -            Kona Coffee
[ 584/3063] no-platform   -            The Elegant Truffle
[ 585/3063] no-platform   -            Gong Cha
[ 586/3063] needs-browser SpotOn       D Wings & Ribs
[ 587/3063] needs-browser Square Online (own domain) Beach City Smoothies - Oceanside
[ 588/3063] wrong-branch  order.online Party Burgers by Booze Brothers Brewing Co
[ 589/3063] needs-browser -            SHAKA Coffee
[ 590/3063] no-platform   -            ThirsTea - Boba, Rolled Ice Cream
[ 591/3063] no-platform   -            Stagecoach Inn
[ 592/3063] needs-browser Square Online (own domain) Interim Coffee
[ 593/3063] no-platform   -            Millport
[ 594/3063] needs-browser -            Panorama Bar & Grill
[ 595/3063] no-platform   -            The Saloon
[ 596/3063] no-platform   -            Dreamwave Coffee
[ 597/3063] no-platform   -            Seahorse Coffee
[ 598/3063] no-platform   -            The Deli Stop
[ 599/3063] no-platform   -            Pier Pizza
[ 600/3063] needs-browser toast        Matoi
[ 601/3063] no-platform   -            Ichifuji Sushi
[ 602/3063] needs-browser slice        Lakes Market & Deli
[ 603/3063] no-platform   -            Michi Michi Baking Collective
[ 604/3063] needs-browser order.online Poki Poki - Encinitas
[ 605/3063] needs-browser Square Online storefront Cargo Cafe
[ 606/3063] no-platform   -            Streets Pho & Grill
[ 607/3063] needs-browser MealKeyWay   JCK Asia Kitchen & Bar
[ 608/3063] needs-browser toast        Bonehead Burger Co.
[ 609/3063] no-platform   -            Parkys
[ 610/3063] wrong-branch  toast        Corner Pizza Oceanside
[ 611/3063] needs-browser MealKeyWay   Dumplings N More
[ 612/3063] needs-browser MealKeyWay   Zhengxin Chicken Steak
[ 613/3063] needs-browser toast        Tsunami Modern Cuisine
[ 614/3063] no-platform   -            Poor House Brewing Company
[ 615/3063] needs-browser HungerRush   Trining's Bakery & Cafe
[ 616/3063] needs-browser Square Online (own domain) Elixir Espresso Bar
[ 617/3063] no-platform   -            Shanghai Cuisine
[ 618/3063] needs-browser Square Online storefront Sul & Beans
[ 619/3063] needs-browser toast        Docent Brewing
[ 620/3063] needs-browser MealKeyWay   Ten Gu Ramen
[ 621/3063] no-platform   -            Little Joy Coffee Bar
[ 622/3063] no-platform   -            China Express
[ 623/3063] no-platform   -            Mr. Pulpo Sea Food
[ 624/3063] needs-browser Square Online storefront ZzanG Hotdog & Chicken
[ 625/3063] no-platform   -            CoLab Public House
[ 626/3063] screened-out  order.online La Fresita Y Mas
[ 627/3063] no-platform   -            The Lean Machine Meal Prep
[ 628/3063] no-platform   -            Reds Whites and Brews
[ 629/3063] no-platform   -            Finca
[ 630/3063] needs-browser MealKeyWay   Hi!Dumplings
[ 631/3063] screened-out  clover       Fresh Café
[ 632/3063] needs-browser toast        Tita's Taco Shop
[ 633/3063] screened-out  clover       Hooked On Pokè
[ 634/3063] no-platform   -            Good Source Coffee
[ 635/3063] no-platform   -            The Modern Churro mexican food
[ 636/3063] needs-browser olo          Sweetfin
[ 637/3063] no-platform   -            Fuzziwig's Candy Factory
[ 638/3063] wrong-branch  order.online Saffron and Rose Persian Ice Cream Del Mar
[ 639/3063] too-few       shopify      Culture Brewing
[ 640/3063] no-platform   -            Chee-Chee Club
[ 641/3063] no-platform   -            Sunday Ice Cream
[ 642/3063] no-platform   -            Channel 2 Sports Bar
[ 643/3063] needs-browser SpotOn       Crest Taco
[ 644/3063] needs-browser order.online EsKiNiTa
[ 645/3063] needs-browser order.online Daniel's Taco Shop
[ 646/3063] needs-browser Square Online (own domain) JAVA GARDEN
[ 647/3063] no-platform   -            El Culichi - Birriería y Cenaduría
[ 648/3063] no-platform   -            Pick Up Stix Fresh Asian Flavors
[ 649/3063] wrong-branch  toast        Stella Jean's Ice Cream Pacific Beach
[ 650/3063] no-platform   -            Borrego Rooftop
[ 651/3063] needs-browser SpotOn       Hot or Not Thai
[ 652/3063] no-platform   -            858 Burger
[ 653/3063] no-platform   -            Pina Smoothies Twin Peaks
[ 654/3063] needs-browser Paytronix    Pure Green Carlsbad - smoothies + acai + cold-pressed juice
[ 655/3063] needs-browser MealKeyWay   Szechuan Chef Chinese Cuisine
[ 656/3063] no-platform   -            8th & B Poke
[ 657/3063] no-platform   -            Carino's Restaurant
[ 658/3063] no-platform   -            Rosa's Ice Cream and Fruit Bar
[ 659/3063] screened-out  shopify      Mcilhenney Brewing Co.
[ 660/3063] no-platform   -            The Landing Strip Restaurant and Bar
[ 661/3063] no-platform   -            Bistro Kaz
[ 662/3063] no-platform   -            Vanessa's Cocina Mexicana
[ 663/3063] needs-browser HungerRush   Flippin Pizza Encinitas
[ 664/3063] needs-browser order.online DaYung's Tea
[ 665/3063] filed         own-jsonld   Donut Star
[ 666/3063] no-platform   -            Chen Golden Palace
[ 667/3063] no-platform   -            Sweet Spot
[ 668/3063] no-platform   -            La Central
[ 669/3063] no-platform   -            Deano's Pub
[ 670/3063] no-platform   -            Danny's Deli - Jacumba
[ 671/3063] needs-browser -            Elote Restaurant
[ 672/3063] no-platform   -            Yummy Spoon
[ 673/3063] no-platform   -            Thai2You Restaurant
[ 674/3063] needs-browser toast        Mess Hall
[ 675/3063] needs-browser toast        Between Us
[ 676/3063] needs-browser toast        Wine Girl San Diego
[ 677/3063][ 677/3063] needs-browser -            Stella Jean's [ 678/3063] no-platform   -            Mike Hess Brewing Tasting Room
[ 679/3063] wrong-branch  toast        Hilltop Deli (Amy's)
[ 680/3063] no[ 680/3063] no-platform   -            It's A[ 681/3063] no[ 681/3063] no-platform   -            Sa[ 682/3063] no-platform   -            24 Suns
[ 683/3063] no-platform   -            City Dragon
[ 684/3063] no-platform   -            Sundaes at The Del
[ 685/3063] needs-browser toast        Stella Jean's Ice Cream Kensington
[ 686/3063] no-platform   -            The Island at Carlsbad
[ 687/3063] no-platform   -            Kaki Sushi
[ 688/3063] no-platform   -            Canyon Vista Restaurant
[ 689/3063] no-platform   -            Okavango Outpost
[ 690/3063] no-platform   -            Tender Hooligan
[ 691/3063] no-platform   -            Yakumi Sushi SD
[ 692/3063] needs-browser toast        Upper East
[ 693/3063] needs-browser toast        Perfect Pizza
[ 694/3063] no-platform   -            Bighorn Fudge LLC
[ 695/3063] needs-browser order.online Poki Poki
[ 696/3063] no-platform   -            Silver Gate Yacht Club
[ 697/3063] needs-browser chownow      The Boochyard
[ 698/3063] needs-browser chownow      Burger Bench Vista
[ 699/3063] no-platform   -            Mikara Cafe
[ 700/3063] needs-browser toast        Big City Bagels-(BCB Cafe)-North Park
[ 701/3063] no-platform   -            Somisomi
[ 702/3063] no-platform   -            Karihan Filipino Food
[ 703/3063] no-platform   -            Intazza Coffee Mug & Grub
[ 704/3063] needs-browser clover       Ryan Bros Coffee City Heights
[ 705/3063] needs-browser order.online Taste of Thai
[ 706/3063] no-platform   -            Kinchana
[ 707/3063] no-platform   -            Spoon House
[ 708/3063] needs-browser order.online Elsa's Kitchen
[ 709/3063] no-platform   -            The Mission Bay Beach Club
[ 710/3063] needs-browser Square Online storefront House of Pho
[ 711/3063] screened-out  toast        Agave Taco Shop
[ 712/3063] no-platform   -            Hoffer's Cigar Bar
[ 713/3063] wrong-branch  toast        Cala La Jolla Café
[ 714/3063] needs-browser Square Online storefront Copa Vida
[ 715/3063] no-platform   -            Juice Alchemy
[ 716/3063] no-platform   -            Gloria's Taco Shop
[ 717/3063] needs-browser Square Online storefront Mad Munch Grilled Cheezer Co.
[ 718/3063] wrong-branch  toast        Achilles Coffee Roasters
[ 719/3063] screened-out  slice        Mike's Giant New York Pizza
[ 720/3063] needs-browser plain-html   JNC Pinoy Foodmart
[ 721/3063] screened-out  order.online Carbonaro's
[ 722/3063] needs-browser MealKeyWay   Fish With You ｜Spicy & Sour Fish Soup 鱼你在一起酸菜鱼
[ 723/3063] no-platform   -            Pure Meal Prep SD
[ 724/3063] needs-browser Square Online storefront Goli
[ 725/3063] no-platform   -            Teriyaki Madness
[ 726/3063] no-platform   -            Novecientos Grados by Tony Hawk
[ 727/3063] no-platform   -            Cool Down Coffee
[ 728/3063] screened-out  order.online Frida's Taqueria
[ 729/3063] needs-browser spothopper   Bear Roots Brewing Co.
[ 730/3063] needs-browser chownow      Juice Kaboose
[ 731/3063] no-platform   -            The Gärten
[ 732/3063] needs-browser chownow      Leos Kitchen
[ 733/3063] wrong-branch  toast        Common Theo[ 734/3063] needs-browser toast        Junction Bar & Grill
[ 735/3063] no-platform   -            Smittys Downtown
[ 736/3063] wrong-branch  toast        Common Theory Chula Vista
[ 737/3063] no-platform   -            Two Hands Corn Dog San Marcos
[ 738/3063] no-platform   -            The Elwood
[ 739/3063] filed         own-jsonld   Chiim Thai
[ 740/3063] no-platform   -            Godfather's Diner
[ 741/3063] no-platform   -            Arcana Brewing Company
[ 742/3063] no-platform   -            SD Cookie Guru
[ 743/3063] no-platform   -            Tom's Chinese BBQ
[ 744/3063] no-platform   -            Juan Jasper Kitchen & Wine
[ 745/3063] needs-browser toast        Sultan Baklava Medi[ 746/3063] need[ 746/3063] needs-browser spothopper   Bear Roots Tavern
[ 747/3063] wrong-branch  toast        Taco Lounge Escaya
[ 748/3063] no-platform   -            La Nacional
[ 749/3063] no-platform   -            Las Brazas Mexican Food
[ 750/3063] needs-browser order.online Deli Belly
[ 751/3063] no-platform   -            Forbidden Cove
[ 752/3063] no-platform   -            2N1 Korean BBQ
[ 753/3063] no-platform   -            JJANG Korean bbq
[ 754/3063] needs-browser order.online Eggies
[ 755/3063] no-platform   -            All Stars Sports Bar & Grill
[ 756/3063] needs-browser Square Online storefront Tasty Pizza Escondido LLC
[ 757/3063] no-platform   -            DoughBoy's Grill
[ 758/3063] needs-browser SpotOn       The Wine Pub & Restaurant (Now Juno's)
[ 759/3063] needs-browser toast        Barley & Sword Brewing Company
[ 760/3063] no-platform   -            Agave Bar and Grill
[ 761/3063] no-platform   -            Angela's Eccentric Kitchen
[ 762/3063] no-platform   -            Juice Stop Encinitas
[ 763/3063] no-platform   -            Brew Wave Coffee
[ 764/3063] no-platform   -            Brew Wave Coffee
[ 765/3063] needs-browser Square Online storefront The Brewers Tap Room
[ 766/3063] no-platform   -            Kind Coffee
[ 767/3063] needs-browser SpotOn       La Banana Fruits - Fruteria
[ 768/3063] no-platform   -            Filipino Grill
[ 769/3063] too-few       netwaiter    Star Express
[ 770/3063] screened-out  shopify      Fuzz Coffee and Records
[ 771/3063] no-platform   -            Ma's House
[ 772/3063] needs-browser toast        Understory Bar
[ 773/3063] no-platform   -            Picasso's Naturals
[ 774/3063] needs-browser Square Online (own domain) Slurp
[ 775/3063] no-platform   -            Hill Top Winery
[ 776/3063] needs-browser Square Online (own domain) Rad Habits Juice
[ 777/3063] no-platform   -            Taqueria Campos
[ 778/3063] no-platform   -            Nova Easy Kombucha
[ 779/3063[ 779/3063] no-platform   -            Nova Easy Kombucha
[ 780/3063] needs-browser Square Online storefront Mama Made T[ 78[ 781/3063] needs-browser -            Torreyana
[ 782/3063] no-platform   -            La Corriente Coronado
[ 783/3063] no-platform   -            Raging Cider & Mead Co
[ 784/3063] no-platform   -            Quarter Deck Inn Cocktails
[ 785/3063] no-platform   -            Bonchon Chicken
[ 786/3063] needs-browser MealKeyWay   Spicy Noodle
[ 787/3063] screened-out  menufy       Sushi Monster
[ 788/3063] needs-browser Square Online storefront PB Poke House Oceanside
[ 789/3063] no-platform   -            Dragon's Den
[ 790/3063] no-platform   -            Vista Bean Coffee
[ 791/3063] no-platform   -            The Story C[ 792/3063] no-platform   -            Vista Bean Coffee
[ [ 793/3063] no-platform   -            Linda's Donuts
[ 794/3063] no-platform   -            Village Pub
[ 795/3063] needs-browser order.online Bowls N Brews
[ 796/3063] no-platform   -            Ellie's Wood Fired Pizza
[ 797/3063] no-platform   -            Alpine Chill
[ 798/3063] no-platform   -            Main Street Pour House - Vista
[ 799/3063] no-platform   -            SusieCakes - Carlsbad Forum
[ 800/3063] needs-browser Square Online (own domain) Mirin Kitchen
[ 801/3063] no-platform   -            Tastea
[ 802/3063] needs-browser slice        Fiori’s Pizza
[ 803/3063] needs-browser chownow      Juice Caboo[ 8[ 804/3063] no-platform   -            Harvey's
[ 805/3063] needs-browser Square Online (own domai[ 806/3063] need[ 806/3063] no-platform   -            Rush Bowls
[ 807/3063] no-platform   -            Thovo Mariscos & Birria
[ 808/3063] needs-browser SpotOn       Mariscos y Miches El Patron
[ 809/3063] wrong-branch  popmenu      Alohana Acai Bowls and Smoothies - Vista
[ 810/3063] no-platform   -            Tierra Mia Coffee Drive Thru
[ 811/3063] needs-browser GloriaFood widget Fuego Mediterranean Grill
[ 812/3063] no-platform   -            Tutti Frutti
[ 813/3063] no-platform   -            KJ Chinese Restaurant
[ 814/3063] needs-browser chownow      Juice Caboose
[ 815/3063] no-platform   -            Immersion Coffee
[ 816/3063] no-platform   -            KYODAI 23 SUSHI
[ 817/3063] no-platform   -            Hometown Tas[ 8[ 818/3063] needs-browser order.online Bag of Beans[ 819/3063] needs-b[ 819/3063] no-platform   -            Coffee Wave
[ 820/3063] screened-out  shopify      Vigilante Coffee Vista
[ 821/3063] no-platform   -            Litas Fish Market - Oceanside
[ 822/3063] needs-browser -            Odysea Lounge
[ 823/3063] no-platform   -            Granny's Apple Fries
[ 824/3063] screened-out  shopify      Seven Seas Roasting
[ 825/3063] no-platform   -            Growlers Sports Bar & Taproom
[ 826/3063] wrong-branch  toast        Pizza 22
[ 827/3063] needs-browser chownow      Parakeet Cafe - Carlsbad
[ 828/3063] needs-browser Square Online storefront Kilowatt Craft Beer & Cocktails Oceanside
[ 829/3063] no-platform   -            Unique Sandwiches
[ 830/3063] no-platform   -            El Mercadito
[ 831/3063] no-platform   -            Galata Turkish Ice Cream
[ 832/3063] needs-browser Square Online storefront Dog Leg Brewing
[ 833/3063] no-platform   -            Marathon Coffee
[ 834/3063] no-platform   -            Bowl To Go
[ 835/3063] no-platform   -            Star Dust Donut Shop
[ 836/3063] no-platform   -            Marta
[ 837/3063] no-platform   -            Mi Amigo Mexican Food & Sea
[ 838/3063] no-platform   -            Vica’s Cafe
[ 839/3063] no-platform   -            Snow Pops San Diego - Snow Pops SD
[ 840/3063] no-platform   -            Java Earth Coffee
[ 841/3063] no-platform   -            Frank's Bakery - Gibaldi's Italian Bread
[ 842/3063] no-platform   -            Volcan Mountain Winery
[ 843/3063] no-platform   -            Cj Lounge
[ 844/3063] no-platform   -            Juice Adventure
[ 845/3063] no-platform   -            Las Michoacanas
[ 846/3063] no-platform   -            Carruth Cellars Tasting Room
[ 847/3063] needs-browser order.online Sunny Scoops
[ 848/3063] no-platform   -            Taqueria Daily Fresh
[ 849/3063] no-platform   -            Fall Brewing Company South Park Taproom
[ 850/3063] no-platform   -            Los Cucos Mexican Food
[ 851/3063] gated         order.online Tutti Frutti Frozen Yogurt
[ 852/3063] wrong-branch  order.online The Pad Thai Stand
[ 853/3063] needs-browser Square Online (own domain) The Craft Taco at The Nat
[ 854/3063] no-platform   -            Meadiocrity Mead
[ 855/3063] needs-browser toast        Leu Leu
[ 856/3063] no-platform   -            Cheers
[ 857/3063] no-platform   -            Ocean View Bar & Grill
[ 858/3063] needs-browser slice        Papa's Pizza
[ 859/3063] needs-browser -            Golden Spoon Carlsbad Plaza
[ 860/3063] needs-browser Square Online storefront Mein St. Asian Kitchen
[ 861/3063] no-platform   -            Social hookah lounge
[ 862/3063] no-platform   -            Jungle Tea
[ 863/3063] needs-browser Square Online (own domain) Castelli & Pizarro Family Vineyards & Winery
[ 864/3063] no-platform   -            Bang Bang
[ 865/3063] wrong-branch  clover       Burros and Fries
[ 866/3063] no-platform   -            Ten Seconds Yunnan Rice Noodle
[ 867/3063] no-platform   -            Belinda's Familia Mexican Food Truck
[ 868/3063] needs-browser Square Online (own domain) Pho Ever Carlsbad
[ 869/3063] no-platform   -            Latchkey Brewing Company
[ 870/3063] no-platform   -            Ferlini Coffee
[ 871/3063] no-platform   -            Saki Saki [ 872/3063] no-pla[ 872/3063] no-platform   -            Chen's Kitchen
[ 873/3063] no-platform   -            Bar Traza
[ 874/3063] no-platform   -            Cup of Yo
[ 875/3063] no-platform   -            Midnight Animal Coffee
[ 876/3063] no-platform   -            Hongyuan Kebab
[ 877/3063] no-platform   -            Park Commons
[ 878/3063] no-platform   -            OB Smoothies Bar & Subs
[ 879/3063] no-platform   -            Café Ventanas
[ 880/3063] no-platform   -            Bobalicious
[ 881/3063] no-platform   -            Rise + Shine Coffee Shop
[ 882/3063] no-platform   -            Badas Burgers Food Truck
[ 883/3063] no-platform   -            South O Brewing Company & Kitchen
[ 884/3063] no-platform   -            Crab City (La Jolla Cove)
[ 885/3063] needs-browser Square Online storefront Empanada Kitchen
[ 886/3063] needs-browser chownow      moonbowls (Healthy Korean Bowls- Boston Ave)
[ 887/3063] no-platform   -            Nékter Juice Bar
[ 888/3063] no-platform   -            Zodiak Hookah Lounge
[ 889/3063] needs-browser slice        Little Sisters Pizza
[ 890/3063] no-platform   -            China Fun
[ 891/3063] no-platform   -            Colima's Mexican Foods
[ 892/3063] no-platform   -            Mamma Pinsa
[ 893/3063] no-platform   -            Pure Fruit Bar &[ 894/3063[ 894/3063] needs-browser -            Coastal Cantina
[ 895/3063] no-platform   -            Rumorosa
[ 896/3063] wrong-branch  order.online La michoacana Plus San Diego #2
[ 897/3063] no-platform   -            Brunch at Hotel del Coronado
[ 898/3063] no-platform   -            Señor Taquero Taco Shop
[ 899/3063] no-platform   -            Sher the love of cooking
[ 900/3063] no-platform   -            Ibis Market
[ 901/3063] no-platform   -            Sourdough & moore
[ 902/3063] no-platform   -            Crown Landing
[ 903/3063] no-platform   -            Inzane Brewing Co.
[ 904/3063] too-few       netwaiter    K & K Orient Valley Food Center
[ 905/3063] no-platform   -            Arteazen Handcrafted Tea
[ 906/3063] needs-browser toast        Lilo
[ 907/3063] needs-browser toast        Brites Soft Serve
[ 908/3063] too-few       netwaiter    Kim's Bar-B-Que
[ 909/3063] needs-browser order.online The Coffee Cart Café & Espresso Catering
[ 910/3063] no-platform   -            Sunny Grove Brewing Company
[ 911/3063] no-platform   -            Harissa Mediterranean Kitchen
[ 912/3063] needs-browser Square Online storefront Ululani's San Diego
[ 913/3063] no-platform   -            Uncle Feras Middle Eastern Restaurant
[ 914/3063] no-platform   -            Elite Baking
[ 915/3063] no-platform   -            Merenda
[ 916/3063] no-platform   -            PB Oriental
[ 917/3063] needs-browser GloriaFood widget Jamul Meat Market
[ 918/3063] no-platform   -            Himalayan Chulo
[ 919/3063] no-platform   -            Xolotacos
[ 920/3063] no-platform   -            Carne & Hueso
[ 921/3063] no-platform   -            Mantra Raja
[ 922/3063] no-platform   -            Embolden Beer Co.
[ 923/3063] no-platform   -            La Cocina De Anita
[ 924/3063] no-platform   -            PKI Sushi
[ 925/3063] needs-browser slice        Del Cerro Pizza
[ 926/3063] no-platform   -            Landshark Bar & Grill
[ 927/3063] no-platform   -            Spicy Lao Kitchen
[ 928/3063] needs-browser -            Modern Times Coffee
[ 929/3063] needs-browser Square Online storefront Pho Ha Noi Asian Cuisine
[ 930/3063] no-platform   -            Sai Japanese Bistro
[ 931/3063] no-platform   -            Sam's Donuts Shop
[ 932/3063] no-platform   -            Leucadia Pizza
[ 933/3063] no-platform   -            The Oasis Pati[ 934/3063] needs-browser SpotOn       Mexican & Seafood Re[ 935/306[ 935/3063] no-platform   -            Dang Brother Camp Pendleton 22 Area
[ 936/3063] no-platform   -            The Oasis Patio Bar
[ 937/3063] no-platform   -            Rocko's Family Rest[ 938/3063] no-platform   -            Tacos La Chorreada
[ 939/3063] no-platform   -            Rocko's Family Restaurant
[ 940/3063] no-platform   -            Mariscos La Chalupa #1 - Seafood Truck
[ 941/3063] no-platform   -            Lilian's
[ 942/3063] no-platform   -            VUE
[ 943/3063] needs-browser order.online Tous les Jours
[ 944/3063] no-platform   -            Bubbles & Brews Cafe
[ 945/3063] needs-browser toast        Go Greek Authentic Yogurteria
[ 946/3063] no-platform   -            Skyline Cafe
[ 947/3063] no-platform   -            Bayside Bar & Grill
[ 948/3063] no-platform   -            24 Area Messhall
[ 949/3063] no-platform   -            Sieu Sieu BBQ
[ 950/3063] no-platform   -            Cherry Bomb
[ 951/3063] filed         shopify      Kyoto Coast Matcha
[ 952/3063] needs-browser chownow      JRs Grill / G Street Deli
[ 953/3063] needs-browser toast        Dark Horse Japanese Nikkei Cuisine
[ 954/3063] no-platform   -            AMICIBAR
[ 955/3063] needs-browser order.online Häagen-Dazs
[ 956/3063] no-platform   -            Giovanetti’s Italian Cuisine
[ 957/3063] no-platform   -            RomBomb Burger
[ 958/3063] no-platform   -            Mariscos La Morena
[ 959/3063] no-platform   -            For The Win - San Diego
[ 960/3063] no-platform   -            MAKE Cafe
[ 961/3063] no-platform   -            The Pearl Restaurant
[ 962/3063] no-platform   -            Tap That
[ 963/3063] no-platform   -            Beach wolf
[ 964/3063] needs-browser toast        Canton Bakery by Me[ 965/3063] needs-browser Square Online storefront Flour Atelier
[ 966/3063] needs-browser MealKeyWay   Pho Tan
[ 967/3063] no-platform   -            Mother Earth Brew Co.
[ 968/3063] needs-browser Square Online (own domain) CUPPA CUPPA COF[ 969/30[ 969/3063] needs-browser chownow      Donburi Rice Bowls
[ 970/3063] needs-browser -            Yogurt Lounge Serra Mesa
[ 971/3063] no-platform   -            Truva
[ 972/3063] needs-browser toast        Canton Bakery by Meta Sweets
[ 973/3063] no-platform   -            ALBACA
[ 974/3063] no-platform   -            Pizza Kaiju
[ 975/3063] no-platform   -            Witherby Bar & Restaurant
[ 976/3063] no-platform   -            Imperial Palace
[ 977/3063] needs-browser Square Online storefront Nobibi Convoy
[ 978/3063] no-platform   -            Lapper Kitchen + Tap
[ 979/3063] no-platform   -            Easy Thai
[ 980/3063] no-platform   -            Zuma San Diego
[ 981/3063] no-platform   -            Easy Thai
[ 982/3063] needs-browser order.online Lady M Cake Boutique - San Diego
[ 983/3063] no-platform   -            Theresa's Italian Steakhouse
[ 984/3063] no-platform   -            Tina's Baking Addiction
[ 985/3063] needs-browser plain-html   Roppongi
[ 986/3063] no-platform   -            Happytime Tea
[ 987/3063] no-platform   -            Over The Tap
[ 988/3063] no-platform   -            Mr. Buffalo Fries
[ 989/3063] no-platform   -            Kiku Room
[ 990/3063] no-platform   -            The Cove Bar & Grill
[ 991/3063] no-platform   -            Kim's Deli
[ 992/3063] needs-browser toast        Swagyu Burger Bar
[ 993/3063] filed         wix          Origen Coffee Roasters
[ 994/3063] needs-browser order.online Qin West
[ 995/3063] too-few       own-jsonld   Vinh Long Food To Go
[ 996/3063] no-platform   -            TP TEA – San Diego
[ 997/3063] no-platform   -            Vinya Yoga and W[ 998/30[ 998/3063] no-platform   -            The Sushi Stand
[ 999/3063] needs-browser toast        Mary's Salads
[1000/3063] no-platform   -            Coffee Culture
[1001/3063] needs-browser MealKeyWay   Tengu Ramen
[1002/3063] no-platform   -            Treo Kitchen + Bar
[1003/3063] needs-browser order.online Poki Poki Carlsbad - Boba & Brewski
[1004/3063] needs-browser toast        Taco Loco
[1005/3063] no-platform   -            Ching's Famous Hopia
[1006/3063] no-platform   -            Campus Cafe
[1007/3063] needs-browser -            Kaluú Upscale Mexican & Lounge
[1008/3063] no-platform   -            Tacos el Niño Santana
[1009/3063] needs-browser toast        Fiesta Mexican Grille
[1010/3063] needs-browser Square Online storefront Muse Cheesecakes & Bakery
[1011/3063] no-platform   -            Suspiros Cakes Chula Vista
[1012/3063] no-platform   -            My Vegan Pie
[1013/3063] no-platform   -            Sabroso taco savor a mi tierra
[1014/3063] needs-browser order.online El Rinconcito Fruteria
[1015/3063] too-few       wix          Dame Más Cafeina
[1016/3063] needs-browser Square Online (own domain) Teuscher Chocolates San Diego
[1017/3063] needs-browser order.online Sr. Taquito
[1018/3063] no-platform   -            LJ Crafted Wines - Wines & Tastings
[1019/3063] no-platform   -            Valerio's 1979
[1020/3063] no-platform   -            Brain Freeze Premium Frozen Yogurt & Ice Cream of Bonsall
[1021/3063] no-platform   -            Cafe Aero
[1022/3063] no-platform   -            Necter Juice Bar
[1023/3063] no-platform   -            Gather
[1024/3063] no-platform   -            Josie's Hideout Saloon
[1025/3063] needs-browser chownow      Parakeet Cafe - Nautilus
[1026/3063] wrong-branch  order.online The Pad Thai Stand
[1027/3063] no-platform   -            Buttery Bakes
[1028/3063] no-platform   -            Imperial Beach Kitchen
[1029/3063] no-platform   -            Presotea
[1030/3063] no-platform   -            The Coffee Bar at Foothills Church
[1031/3063] no-platform   -            Oakberry Açaí bowls
[1032/3063] needs-browser slice        Milo’s Pizza & Deli
[1033/3063] no-platform   -            Old Hickory Steakhouse
[1034/3063] no-platform   -            Fat Tuesday
[1035/3063] no-platform   -            Mission Donut House
[1036/3063] no-platform   -            D'liteful Chocolat
[1037/3063] no-platform   -            Yas Lounge
[1038/3063] no-platform   -            Baklava King
[1039/3063] needs-browser Square Online storefront Societe Brewing Company
[1040/3063] no-platform   -            CRAVE Mediterranean Grill
[1041/3063] no-platform   -            J Crepe & Cafe
[1042/3063] no-platform   -            12 HRS MATCHA CAFE
[1043/3063] no-platform   -            Tasty Donuts
[1044/3063] needs-browser Square Online storefront Common Grounds Cafe - MCRD Base
[1045/3063] no-platform   -            Fall Brewing Company
[1046/3063] screened-out  toast        Asado Gaucho - Argentinian Meat Dining Experience
[1047/3063] no-platform   -            Trevi Hills Winer[1048/3063] no-platform   -            Old Town Eatery
[1049/3063] needs-browser Square Online storefront Loma Salad Bar
[1050/3063] no-platform   -            Arevalo's Bakery
[1051/3063] needs-browser order.online Lezat Indonesian Kitchen
[1052/3063] no-platform   -            Trevi Hills Winery
[1053/3063] no-platform   -            NuYo Frozen Yogurt Encinitas
[1054/3063] no-platform   -            The Nutrition Place
[1055/3063] needs-browser Square Online storefront Teziutacos
[1056/3063] no-platform   -            Arevalo's Bakery
[1057/3063] needs-browser order.online Poke One N Half
[1058/3063] needs-browser clover       Blendees
[1059/3063] no-platform   -            Jamal's Chicken
[1060/3063] needs-browser clover       Bruster's Real Ice Cream
[1061/3063] no-platform   -            Charade Speakeasy
[1062/3063] no-platform   -            Killer Whale Creamery
[1063/3063] no-platform   -            Carruth Cellars Urban Winegarden & Cheese Shop: Liberty Station
[1064/3063] needs-browser order.online Mamamia Pizza Kitchen
[1065/3063] needs-browser Square Online (own domain) Cafe Pascale Grill & Deli
[1066/3063] needs-browser chownow      Off the[1067/3063] needs-browser chowno[1067/3063] no-platform   -            Alona’s Caketots
[1068/3063] wrong-branch  toast        Bros Kabob
[1069/3063] no-platform   -            Cha Cha Tea Spot
[1070/3063] needs-browser toast        Nomada
[1071/3063] no-platform   -            Tres Hermanos Locos Tacos
[1072/3063[1072/3063] no-platform   -            chance's coffee
[1073/3063] no-platform   -            S T U D I O Restaurant + Bar
[1074/3063] wrong-branch  toast        Bros Kabob[[1075/3063] no-platform   -            GOLDEN DRAGON ASIAN CUISINE
[1076/3063] no-platform   -            Taqueria El Patron
[1077/3063] needs-browser Square Online storefront Golden Dragon
[1078/3063] no-platform   -            SINTA
[1079/3063] needs-browser order.online TOUS les JOURS Bakery Café - National City
[1080/3063] needs-browser Square Online storefront Bean Box
[1081/3063] needs-browser olo          Randy’s Donuts
[1082/3063] needs-browser -            Cluck N Sip
[1083/3063] no-platform   -            Shake Smart
[1084/3063] no-platform   -            Italian Cucina
[1085/3063] no-platform   -            Cleopatra's Lounge
[1086/3063] no-platform   -            Burtech Family Vineyard Tasting Room
[1087/3063] needs-browser order.online Torta Time
[1088/3063] needs-browser -            Pure Squeeze
[1089/3063] needs-browser -            Divina Matcha[[1090/3063] no-platform   -            DaYung's Tea
[1091/3063] no-platform   -            Lambers Chinese Bakery
[1092/3063] no-platform [1092/3063] no-platform   -            La Clochette
[1093/3063] no-platform   -            Brewery X
[1094/3063] needs-browser Square Online storefront Manor Coffee Bar
[1095/3063] no-platform   -            Izakaya Maíze[[1096/3063] no-platform   -            Golden Donut
[1097/3063] no-platform   -            Tower39 Rooftop Lounge
[1098/3063] no-platform   -            Amuse Lounge and Patio
[1099/3063] no-platform   -            Momo Sando&Omakase
[1100/3063] no-platform   -            SciEats (Nonprofit Eatery)
[1101/3063] needs-browser olo          McConnell's Fine Ice Creams - Carlsbad
[1102/3063] no-platform   -            Mama’s Boy Cookies
[1103/3063] too-few       netwaiter    Playa Azul Mariscos Restaurant
[1104/3063] no-platform   -            102 Scone Co.
[1105/3063] needs-browser Square Online (own domain) Chefs Cafe
[1106/3063] no-platform   -            Honey Cafe & Store
[1107/3063] no-platform   -            Jaguar Paw
[1108/3063] no-platform   -            Ohana Nutrition
[1109/3063] no-platform   -            Qualcomm Cafe Q
[1110/3063] no-platform   -            Pasta Design
[1111/3063] no-platform   -            Cocina De Ledezma LLC
[1112/3063] no-platform   -            Smoking Cannon Brewery
[1113/3063] needs-browser toast        Divina Matcha
[1114/3063] no-platform   -            TJ BURRITO Co.
[1115/3063] no-platform   -            Linda's Yogurt & Deli
[1116/3063] screened-out  shopify      Farm Fresh Meals
[1117/3063] no-platform   -            The Sanctuary by The Lost Abbey
[1118/3063] no-platform   -            Delicia's Taco Shop
[1119/3063] needs-browser Square Online (own domain) Inka'fe SD Coffee Shop
[1120/3063] no-platform   -            All That Shabu
[1121/3063] no-platform   -            Backstreet Brewery
[1122/3063] no-platform   -            Bivouac Adv[1123/3063] no-platform  [1123/3063] screened-out  toast        High Marea
[1124/3063] no-platform   -            Papa Bambino's
[1125/3063] needs-browser toast        Market St Pizzeria
[1126/3063] no-platform   -            Cake
[1127/3063] needs-browser order.online Fatboy's Deli & Spirits
[1128/3063] no-platform   -            Warner Springs Golf Shop & Grill
[1129/3063] no-platform   -            Michael's in Borrego
[1130/3063] no-platform   -            The Bar at Moniker General
[1131/3063] wrong-branch  toast        Cosmos Burger Carlsbad
[1132/3063] no-platform   -            Veranda
[1133/3063] no-platform   -            Lemon City Taphouse
[1134/3063] no-platform   -            Una Mas on Adams
[1135/3063] no-platform   -            Backyard Brewery
[1136/3063] no-platform   -            Weir Beer
[1137/3063] needs-browser Square Online storefront Cargo Cafe - Sorrento Valley
[1138/3063] no-platform   -            Red Ribbon Bakeshop
[1139/3063] no-platform   -            Noodles - Authentic Asian Cuisine
[1140/3063] no-platform   -            Michi Brew Co.
[1141/3063] no-platform   -            Honney Doffee Coffee
[1142/3063] no-platform   -            Panaderia Fuentes
[1143/3063] no-platform   -            Iceskimo
[1144/3063] needs-browser Square Online storefront Moniker Coffee Co. at The Craft Creamery
[1145/3063] needs-browser toast        One of Us
[1146/3063] wrong-branch  toast        Boba Tea Spot
[1147/3063] no-platform   -            LUCIEN
[1148/3063] no-platform   -            The Coffee House at North Coast Church
[1149/3063] needs-browser Square Online storefront Montebello
[1150/3063] no-platform   -            Cali Banh Mi
[1151/3063] fil[1151/3063] wrong-branch  toast        Boba Tea Spot
[1152/3063] no-platform   -            The Grillery
[1153/3063] no-platform   -            Culture Craft Coffee & Espresso
[1154/3063] no-platform   -            The Golf Bar
[1155/3063] no-platform   -            Nova Boba and Coffee shop
[1156/3063] filed         own-jsonld   The San Diego Taco Truck
[1157/3063] needs-browser chownow      Parakeet Juicery - La Jolla
[1158/3063] needs-browser Square Online storefront Purl Tea San Marcos
[1159/3063] no-platform   -            Milonga Empanadas
[1160/3063] too-few       netwaiter    Ba Le French Sandwich Shop
[1161/3063] screened-out  shopify      Ascend Coffee Roasters
[1162/3063] no-platform   -            Little Fawn
[1163/3063] wrong-branch  toast        Gold Coffee Shop
[1164/3063] no-platform   -            Tazza D'Oro
[1165/3063] no-platform   -            CHERRYBOMB EC
[1166/3063] needs-browser Square Online storefront Cargo Cafe - Paseo Del Mar
[1167/3063] no-platform   -            Cakey Bakey
[1168/3063] no-platform   -            Dream Fountain Catering
[1169/3063] needs-browser Square Online (own domain) Balboa Candy
[1170/3063] no-platform   -            All Things Ube Desserts
[1171/3063] no-platform   -            Milonga Empan[1172/3063] no-platf[1172/3063] no-platform   -            Las Ricas Tortas
[1173/3063] wrong-branch  toast        Pompei Pizza
[1174/3063] no-platform   -            Ho Wan Noodle Shop
[1175/3063] no-platform   -            Los Primos Panaderia
[1176/3063] no-platform   -            Pub 1795
[1177/3063] no-platform   -            Drinky Promise
[1178/3063] no-platform   -            OMG Crêpes
[1179/3063] wrong-branch  toast        Pita Pit
[1180/3063] no-platform   -            Elegance On Display
[1181/3063] needs-browser order.online Bird-N-Bun
[1182/3063] no-platform   -            Hopnonymous Brewing - Normal Heights
[1183/3063] no-platform   -            Poki Poki & Dragonitea - Fallbrook
[1184/3063] no-platform   -            Lakeside Social
[1185/3063] no-platform   -            Plant Power Fast Food Digital Kitchen
[1186/3063] no-platform   -            Al Umaraa Restaurant & Market
[1187/3063] needs-browser Square Online storefront Copa Vida Torrey Ridge
[1188/3063] screened-out  shopify      Party Time Liquor
[1189/3063] needs-browser olo          Better Buzz Coffee Santee
[1190/3063] no-platform   -            Route 6 Coffee & Smoothies
[1191/3063] no-platform   -            5 O'Clock Somewhere Rooftop Bar
[1192/3063] no-platform   -            Krak Boba
[1193/3063] needs-browser order.online Beard Papa’s San Diego
[1194/3063] no-platform   -            Scena Fusion Kitchen & Bar
[1195/3063] no-platform   -            Pink Buddha
[1196/3063] no-platform   -            Urban Skillet San Diego
[1197/3063] no-platform   -            Feisty Kate's Burgers and Malts
[1198/3063] needs-browser spothopper   Tipping Pint Brewi[1199/3[1199/3063] no-platform   -            Elote
[1200/3063] no-platform   -            Red Eye Saloon
[1201/3063] filed         wix          Sourpuss Donuts
[1202/3063] no-platform   -            Little Fox Cups + Cones
[1203/3063] no-platform   -            Mike Hess Brewing - Seaport Village Taphouse
[1204/3063] no-platform   -            Ramones Mexican BBQ
[1205/3063] no-platform   -            FLAVORFUL Dessert [1206/30[1206/3063] no-platform   -            Guadalupe Brewery [1207/3063[1207/3063] no-platform   -            El Flako's Wrangler Barbecue
[1208/3063] needs-browser Paytronix    Ziggi's Coffee
[1209/3063] no-platform   -            El Flako's Wrangler Barbecue
[1210/3063] needs-browser toast        Johnny Radz Pizza
[1211/3063] needs-browser Square Online storefront Copa Vida
[1212/3063] needs-browser toast        Duck Foot Brewing
[1213/3063] needs-browser olo          Panini Kabob Grill - Park 12
[1214/3063] no-platform   -            The Loft at UC San Diego
[1215/3063] no-platform   -            Pala Cafe
[1216/3063] needs-browser toast        Grab & Go
[1217/3063] no-platform   -            Citizen Brewers
[1218/3063] no-platform   -            Dole Whip
[1219/3063] no-platform   -            Dulzura Vineyard and Winery
[1220/3063] no-platform   -            Birria el Chavita
[1221/3063] needs-browser Square Online (own domain) The Cakery Cafe
[1222/3063] no-platform   -            Plant Power Fast Food
[1223/3063] no-platform   -            French Secret Pastry (Pre-Order Only)
[1224/3063] needs-browser Square Online (own domain) The Cakery
[1225/3063] needs-browser toast        Clara's Kitchen ( Soul [1226/3063] needs-browser toast        Clara's Kitchen ( Soul Food) Micro-enterprise Home Kitchen
[1227/3063] no-platform   -            Blue Bowl Superfoods - Oceanside
[1228/3063] no-platform   -            La Michoacan[1229/30[1229/3063] no-platform   -            KD`S Donuts
[1230/3063] no-platform   -            Rank & File
[1231/3063] needs-browser Square Online (own domain) Le Charcuterie Bar
[1232/3063] no-platform   -            The Trap Shack
[1233/3063] needs-browser -            Pelican's on the Bay
[1234/3063] no-platform   -            Lonchera Mariscos El Gordo
[1235/3063] no-platform   -            Salt & Fin
[1236/3063] no-platform   -            We Cookn
[1237/3063] screened-out  shopify      Seven Seas Roasting Co.
[1238/3063] no-platform   -            Silver Hoof Creamery
[1239/3063] no-platform   -            Shabu Spot
[1240/3063] no-platform   -            Teaspoon Escondido
[1241/3063] no-platform   -            La Mesa Wine Works
[1242/3063] screened-out  shopify      Come Back Coffee Co.
[1243/3063] no-platform   -            Sunright Tea Studio
[1244/3063] no-platform   -            Side Chick - Chicken & Fries
[1245/3063] no-platform   -            Jaybird Superette
[1246/3063] no-platform   -            Starbread Bakery
[1247/3063] no-platform   -            Tamales Oaxaquenos
[1248/3063] no-platform   -            El Cajon taco shop
[1249/3063] no-platform   -            La Rikura Mexican Food
[1250/3063] no-platform   -            Emerald Chinese Cuisine
[1251/3063] no-platform   -            Zodiac Boba
[1252/3063] no-platform   -            California Bean
[1253/3063] too-few       netwaiter    J & J's Mexican Food
[1254/3063] wrong-branch  own-jsonld   Tako
[1255/3063] no-platform   -            The Cafe
[1256/3063] no-platform   -            Dr Boochart
[1257/3063] no-platform   -            Super Smoothies
[1258/3063] no-platform   -            The Honor Bar
[1259/3063] needs-browser -            85°C Bakery Cafe-Santee
[1260/3063] no-platform   -            Tamales Escondido
[1261/3063] no-platform   -            Fres.Co
[1262/3063] no-platform   -            Beach Sweets
[1263/3063] no-platform   -            NuYo Frozen Yogurt Solana Beach
[1264/3063] no-platform   -            Huy Ky Bakery
[1265/3063] no-platform   -            Claudia’s Tea House
[1266/3063] no-platform   -            Subterranean Coffee Drive thru
[1267/3063] filed         own-jsonld   Hong Kong Kitchen & Dimsum
[1268/3063] no-platform   -            Candy Land
[1269/3063] no-platform   -            Bistro at the Pier
[1270/3063] no-platform   -            The Funky Frenchie (Lemon Grove)
[1271/3063] needs-browser -            ALOHA GRILL
[1272/3063] needs-browser Square Online storefront Its Cafe Thai
[1273/3063] no-platform   -            Devil and Angel
[1274/3063] no-platform   -            Viewpoint Kitchen + Bar
[1275/3063] no-platform   -            Shake Bar & Lounge
[1276/3063] no-platform   -            Bücha Hard Kombucha
[1277/3063] no-platform   -            Olive Branch Eate[1278/3063] no-platform   -            Olive Branch Eatery
[1279/3063] no-platform   -            6 7 Deli & Pizza
[1280/3063] no-platform   -            F Street Cafe
[1281/3063] no-platform   -            Dockside Casual Seafood Counter
[1282/3063] no-platform   -            Jery's Pizza
[1283/3063] no-platform   -            The Red Barn
[1284/3063] no-platform   -            Zoo Brew
[1285/3063] too-few       netwaiter    Pizza Grande
[1286/3063] no-platform   -            Corner Office Pizza and Craft Bar
[1287/3063] no-platform   -            Phology Noodle House - Pho Vietnamese Chula Vista CA
[1288/3063] no-platform   -            Cafe Nordstrom
[1289/3063] needs-browser toast        Knead Artisan Bakery
[1290/3063] no-platform   -            Golden Grill
[1291/3063] no-platform   -            Stratus Restaurant & Bar
[1292/3063] no-platform   -            Little Victory Wine Bar
[1293/3063] no-platform   -            The MRKT
[1294/3063] needs-browser toast        Zest Wine Bistro
[1295/3063] no-platform   -            Ground Up Cafe
[1296/3063] no-platform   -            The Morning Grove
[1297/3063] no-platform   -            Bianchi Pizza & Pasta
[1298/3063] no-platform   -            Craft Pizza
[1299/3063] no-platform   -            Diego's Taco Shop
[1300/3063] no-platform   -            SAKE BAR GAGA
[1301/3063] no-platform   -            Surf City Squeeze
[1302/3063] too-few       netwaiter    Sandwich Place
[1303/3063] no-platform   -            Shake Smart
[1304/3063] needs-browser MealKeyWay   Yuki Yuki
[1305/3063] no-platform   -            Oscar's Meat pies
[1306/3063] no-platform   -            Thai Thai Melrose Restaurant
[1307/3063] no-platform   -            Board & Brew - Downtown San Diego
[1308/3063] no-platform   -            Forum Deli
[1309/3063] no-platform   -            Three Boys Coffee
[1310/3063] needs-browser chownow      Sunset Thai Ocean Beach
[1311/3063] no-platform   -            Dirty Dough - Oceanside
[1312/3063] needs-browser -            Sammy's Restaurant & Bar
[1313/3063] wrong-branch  toast        Tapas Bar
[1314/3063] no-platform   -            Mission Brewing - Kensington
[1315/3063] no-platform   -            Healthy Grill Mediterranean
[1316/3063] no-platform   -            PAPA GU[1317/3063] [1317/3063] needs-browser GloriaFood widget Maria's Coffee Shop
[1318/3063] needs-browser toast        Bao Bar
[1319/3063] no-platform   -            The Guild Bar
[1320/3063] needs-browser Square Online storefront Whatever Forever Coffee
[1321/3063] no-platform   -            Cherrie Blossom Tea & Boba
[1322/3063] no-platform   -            Royal Pearl Tea
[1323/3063] no-platform   -            Mantra Sukha Tea Lounge
[1324/3063] no-platform   -            Marzul Coastal Cuisine
[1325/3063] no-platform   -            Last Spot Bar
[1326/3063] no-platform   -            Panadería González
[1327/3063] no-platform   -            664
[1328/3063] no-platform   -            Koobrew
[1329/3063] no-platform   -            Carnitas Paracho Garibay
[1330/3063] no-platform   -            Crafted Coastal Bakery
[1331/3063] no-platform   -            El Santo Remedio Cantina
[1332/3063] no-platform   -            Test Kitchen
[1333/3063] no-platform   -            The Mudbar
[1334/3063] needs-browser Square Online storefront Petite Paleo Bakery
[1335/3063] no-platform   -            Drunk Confections
[1336/3063] no-platform   -            Barbeer
[1337/3063] no-platform   -            The Boarding Home
[1338/3063] no-platform   -            117⁰ West Spirits Speakeasy
[1339/3063] no-platform   -            Candy Land Caf[1340/3063] n[1340/3063] needs-browser order.online Solana Frosty
[1341/3063] no-platform   -            ABC Market & Deli
[1342/3063] no-platform   -            Super Express Chinese Food
[1343/3063] no-platform   -            Casa Del Maris[1344/3063] [1344/3063] no-platform   -            Gintaro Sushi
[1345/3063] no-platform   -            Hillside Ranch Vineyard
[1346/3063] needs-browser Square Online (own domain) Sea Ridge Cafe
[1347/3063] needs-browser HungerRush   Pop Pops Paleta
[1348/3063] no-platform   -            Tommy's Pizza & Subs
[1349/3063] wrong-branch  popmenu      Alohana Acai Bowls and Smoothies - North Park
[1350/3063] screened-out  toast        Agave Birrieria
[1351/3063] no-platform   -            Get Baked Cookie Co.
[1352/3063] no-platform   -            MCX Food & Service Plaza, Camp Pendleton, CA
[1353/3063] no-platform   -            CHINA CHEF 1
[1354/3063] needs-browser MenuSifu     Joyee Noodle House(UTC)
[1355/3063] no-platform   -            Manta Pizza
[1356/3063] no-platform   -            Plaza Deli
[1357/3063] wrong-branch  toast        Zonkey
[1358/3063] no-platform   -            Taqueria Los Famosos
[1359/3063] no-platform   -            Oasis Breads
[1360/3063] wrong-branch  toast        Amalfi Enoteca Italiana
[1361/3063] needs-browser Square Online (own domain) KAFE'SITO
[1362/3063] no-platform   -            Tacos Locos Tasty Mexican Food
[1363/3063] no-platform   -            Street Corner
[1364/3063] no-platform   -            New Motion Beverages
[1365/3063] needs-browser -            Market One
[1366/3063] needs-browser Square Online (own domain) The Salty Cookie
[1367/3063] no-platform   -            Middy's Pizza
[1368/3063] no-platform   -            Surf City Squeeze
[1369/3063] no-platform   -            Tortas Ahogadas El Gallito
[1370/3063] no-platform   -            Cork N Brew
[1371/3063] no-platform   -            Shaka Java
[1372/3063] needs-browser Square Online storefront 86d (inside Coin-Op)
[1373/3063] no-platform   -            Sip Fresh
[1374/3063] no-platform   -            Boo Boo's sweet Potato Pies
[1375/3063] no-platform   -            Blue Bowl Superfoods
[1376/3063] no-platform   -            longball cocktail
[1377/3063] no-platform   -            Hotdogs Sonora
[1378/3063] needs-browser Square Online storefront Cargo Cafe - Torrey Pines
[1379/3063] no-platform   -            Sweet Story Company LLC
[1380/3063] no-platform   -            Tacos El Jalón
[1381/3063] no-platform   -            The Poke Tea House
[1382/3063] no-platform   -            La Paloma
[1383/3063] needs-browser Square Online storefront Secret Sauce Wok & Grill
[1384/3063] no-platform   -            Heftyboy BBQ dba 716 BBQ & more....
[1385/3063] needs-browser -            Fresca Deli .
[1386/3063] no-platform   -            Sweet Factory
[1387/3063] needs-browser toast        Katy’s Diner
[1388/3063] no-platform   -            Ambiance Kitchen + Lounge
[1389/3063] no-platform   -            La Cucina
[1390/3063] no-platform   -            Tejedas' Peruvian Kitchen
[1391/3063] no-platform   -            Great American Cookies - Otay Ranch Town Center
[1392/3063] no-platform   -            Chester's
[1393/3063] no-platform   -            Cocina de Tamales
[1394/3063] no-platform   -            The Lookout at Lake Poway
[1395/3063] no-platform   -            Tortillas de Harina Elice, Flour Tortillas
[1396/3063] needs-browser Square Online (own domain) Cafe Pascale
[1397/3063] needs-browser order.online WUHU TEA & DELI
[1398/3063] no-platform   -            Barona Coffee Company
[1399/3063] no-platform   -            Prado Perk
[1400/3063] no-platform   -            Seaside BBQ
[1401/3063] needs-browser order.online Poki One N Half San Marcos
[1402/3063] no-platform   -            Mister G Salsa
[1403/3063] no-platform   -            Rumi
[1404/3063] no-platform   -            Surf City Squeeze
[1405/3063] no-platform   -            Sugared Cookie Company
[1406/3063] no-platform   -            Sweets by Victoria
[1407/3063] no-platform   -            Mombasa Cooker
[1408/3063] needs-browser Square Online (own domain) Juliantla Chocolate Boutique
[1409/3063] no-platform   -            FiveO3 Pupusas
[1410/3063] needs-browser order.online Poki One N Half San Marcos
[1411/3063] no-platform   -            Immersion Express / Coffee and Matcha
[1412/3063] no-platform   -            Burgers & Shakes
[1413/3063] wrong-branch  popmenu      Max's Restaurant National City
[1414/3063] no-platform   -            Soleil @k
[1415/3063] no-platform   -            KayeSimplyBakes
[1416/3063] no-platform   -            So Cal Famous Beach Ice
[1417/3063] no-platform   -            Thérapie Bistro
[1418/3063] no-platform   -            Wild Child Ice Cream
[1419/3063] no-platform   -            Mariposa Ice Cream Oceanside
[1420/3063] no-platform   -            Mason Ale Works Tasting Room
[1421/3063] no-platform   -            DEN
[1422/3063] no-platform   -            My O My Coffee and More
[1423/3063] no-platform   -            Unico Juice Shop
[1424/3063] needs-browser Square Online storefront The Bean Box 701
[1425/3063] no-platform   -            Carlo
[1426/3063] no-platform   -            The Boss Crepas
[1427/3063] needs-browser Square Online (own domain) Slurp
[1428/3063] no-platform   -            FLAVORS EXPRESS SDSU
[1429/3063] wrong-branch  toast        Saigon Alley Kitchen & Bar
[1430/3063] no-platform   -            Michoacana M[1431/3063][1431/3063] needs-browser ubereats     FallbrkEats
[1432/3063] no-platform   -            Ocean Rainbow
[1433/3063] needs-browser MealKeyWay   Midnight Skewer 深夜酒馆
[1434/3063] no-platform   -            Juice Holler
[1435/3063] no-platform   -            Frutti Mas
[1436/3063] no-platform   -            Netta's Bakery
[1437/3063] no-platform   -            Beach Street Tacos
[1438/3063] no-platform   -            Chagee
[1439/3063] needs-browser SpotOn       Oriste Fairway Cafe
[1440/3063] no-platform   -            Lori's Custom Cakes
[1441/3063] no-platform   -            Boardwalk Pizza
[1442/3063] wrong-branch  toast        Oto Sushi Encinitas
[1443/3063] no-platform   -            Pacific Point
[1444/3063] needs-browser toast        La Vida
[1445/3063] gated         toast        Higher Grounds Coffee and Cafe
[1446/3063] no-platform   -            Board & Brew - Mission Valley
[1447/3063] no-platform   -            Fatburger
[1448/3063] no-platform   -            Delicious Treats
[1449/3063] no-platform   -            Numbskulls Shave Ice
[1450/3063] needs-browser toast        The Tavern at Barley & Sword Brewing Company
[1451/3063] no-platform   -            Lò Bánh Cuốn Tân Định
[1452/3063] no-platform   -            Dele[1453[1453/3063] no-platform   -            MyPo[1454/3063] no-platform   -            IB Espresso
[1455/306[1455/3063] needs-browser Square Online storefront [1456/3063] ne[1456/3063] no-platform   -            IB Espresso
[1457/3063] no-platform   -            Bueno Win[1458/3063[1458/3063] no-platform   -            Cutwater
[1459/3063] no-platform   -            Ramen Inn - San Diego
[1460/3063] filed         shopify      LA PETITE BAKERY
[1461/3063] no-platform   -            Colibri Cafe
[1462/3063] no-platform   -            Kazukii Sushi & Japanese Cui[1463/3063] no-platform   -            Sip Fresh
[1464/3063] no-platform   -            EL CAMARON FELIZ TACOS Y BIRRIA
[1465/3063] no-platform   -            Cold Smoke BBQ
[1466/3063] needs-browser -            Mosaic Restaurant & Bar
[1467/3063] no-platform   -            Street Tacos El Camino Food Truck
[1468/3063] no-platform   -            Blade Shanghai
[1469/3063] needs-browser order.online Le Macaron French Pastries Westfield UTC
[1470/3063] no-platform   -            Queenstown Del Mar
[1471/3063] no-platform   -            Vanilla Oasis
[1472/3063] no-platform   -            The Bistro - Eat. Drink. Connect.®
[1473/3063] no-platform   -            Dalu Hawaiian BBQ Oceanside
[1474/3063] needs-browser slice        Pizza On Pearl North Park
[1475/3063] no-platform   -            Fiesta Pinoy
[1476/3063] needs-browser MealKeyWay   Suki Hana Japan
[1477/3063] needs-browser -            seaglass restaurant
[1478/3063] no-platform   -            Kazukii Sushi & Japanese Cuisine
[1479/3063] no-platform   -            Ono Hawaiian BBQ
[1480/3063] needs-browser olo          Dimassi's Mediterranean Buffet
[1481/3063] needs-browser toast        Hydout Cafe Hillcrest
[1482/3063] needs-browser Square Online storefront Dulce Tentación
[1483/3063] no-platform   -            BREANS
[1484/3063] no-platform   -            Harborside Cuisine
[1485/3063] no-platform   -            The Grub Station (South African )
[1486/3063] no-platform   -            Finca Casa Blanca
[1487/3063] no-platform   -            Julian Food Truck
[1488/3063] needs-browser -            Windows Cafe
[1489/3063] no-platform   -            Side Piece
[1490/3063] no-platform   -            Punkers Cafe
[1491/3063] needs-browser Square Online storefront Copa Vida
[1492/3063] no-platform   -            Golf Grill
[1493/3063] no-platform   -            La Michoacana San Diego
[1494/3063] screened-out  shopify      Steady State Roasting
[1495/3063] needs-browser Square Online storefront Copa Vida - Del Mar
[1496/3063] no-platform   -            Boba n More
[1497/3063] needs-browser Square Online storefront Cargo Cafe - Wateridge
[1498/3063] no-platform   -            The Victorian at Hill Street
[1499/3063] no-platform   -            Common Good Coffee
[1500/3063] no-platform   -            California Ice Cream
[1501/3063] no-platform   -            Cali BBQ- NEX (base access required)
[1502/3063] no-platform   -            Trifecta Tavern
[1503/3063] no-platform   -            Living Room Bar
[1504/3063] wrong-branch  toast        Grand Ole BBQ PETCO PARK
[1505/3063] no-platform   -            Tu Madres Bakery
[1506/3063] no-platform   -            Side Street Bowls & Smoothies
[1507/3063] needs-browser toast        Super Creamery
[1508/3063] no-platform   -            El huevo estrellado # 2
[1509/3063] no-platform   -            Aryana Restaurant & Bar
[1510/3063] no-platform   -            Lulu’s Buns Wholesale Bakery
[1511/3063] needs-browser Square Online storefront Cargo Cafe - Gateway
[1512/3063] no-platform   -            Crispy Fish Tacos
[1513/3063] needs-browser order.online The Meltdown
[1514/3063] needs-brow[1514/3063] no-platform   -            ZENTRL Kitchen + B[1515/3063] no-platform   -            ICE POPS
[1516/3063] no-platform   -            ZENTRL Kitchen + Bar - Liberty Station
[1517/3063] no-platform   -            Windmill Canyon Restaurant
[1518/3063] no-platform   -            La Tienda Lounge
[1519/3063] no-platform   -            The Darling Dough Co.
[1520/3063] no-platform   -            Cafe 477 La Jolla
[1521/3063] screened-out  shopify      Surje Coffee at The Gallery
[1522/3063] no-platform   -            Noel's Cookies
[1523/3063] needs-browser olo          MOTO Pizza San Diego
[1524/3063] no-platform   -            Kona Craft Cafe
[1525/3063] needs-browser order.online Häagen-Dazs
[1526/3063] no-platform   -            ZENTRL Kitchen + Bar
[1527/3063] no-platform   -            Seven Seas Cafe
[1528/3063] no-platform   -            La Central
[1529/3063] w[1529/3063] no-platform   -            La Central
[1530/3063] no-platform   -            Bambucha Kombucha
[1531/3063] no-platform   -            La Botana Loca
[1532/3063] no-platform   -            Pizza Trolley
[1533/3063] no-platform   -            Corner Deli & Pizza
[1534/3063] no-platform   -            Cocinita Express
[1535/3063] no-platform   -            Sun Coast Pizza
[1536/3063] no-platform   -            Dyno Bar
[1537/3063] no-platform   -            Mission Brewing - Sky Deck
[1538/3063] needs-browser -            Indulge Restaurant and Bar
[1539/3063] no-platform   -            BLAH Brewing
[1540/3063] no-platform   -            Mission Brewing - Miramar
[1541/3063] screened-out  shopify      THRONE ROOM
[1542/3063] no-platform   -            Matcha On Ice Cafe
[1543/3063] no-platform   -            The Hidden Gazebo Eatery
[1544/3063] no-platform   -            Ocean Journey Cafe
[1545/3063] no-platform   -            ETNA DULCIS
[1546/3063] no-platform   -            Zephyr Café
[1547/3063] no-platform   -            Alebrije Food Truck Twin Oaks
[1548/3063] no-platform   -            Tres Fuegos Cocina
[1549/3063] no-platform   -            Three Amigos World Famous Street Tacos
[1550/3063] no-platform   -            Don Maguro
[1551/3063] no-platform   -            Carnitas La Bendicion Market St
[1552/3063] no-platform   -            NandosHotBox
[1553/3063] no-platform   -            Vie Café
[1554/3063] needs-browser order.online The Meltdown
[1555/3063] needs-browser order.online The Meltdown
[1556/3063] filed         wix          Scorched Earth- Fire Sandwiches
[1557/3063] no-platform   -            The Bean
[1558/3063] no-platform   -            Cafe Carlsbad
[1559/3063] needs-browser order.online The Burger Den
[1560/3063] needs-browser order.online The Meltdown
[1561/3063] no-platform   -            Lobby Lounge[1562/3063] no-platfo[1562/3063] no-platform   -            Double Down [1563/[1563/3063] needs-browser -            Lounge 72
[1564/3063] too-few       shopify      Five Pillars Coffee
[1565/3063] no-platform   -            Mama’s Bowl
[1566/3063] no-platform   -            Bulldog Tave[15[1567/3063] no-platform   -            The Monastery by The Lost Abbey (Miramar Area)
[1568/3063] no-platform   -            On the Rocks[[1569/3063] no-platform   -            Julian Wine & Chocolate
[1570/3063] no-platform   -            Plaza Grill
[1571/3063] no-platform   -            TOCHO MOROCHO
[1572/3063] no-platform   -            Anigma
[1573/3063] no-platform   -            El Clamatazo
[1574/3063] no-platform   -            El Ranchero Foo[1575/3063] no-platform   -            Coatl Coffee
[1576/30[1576/3063] no-platform   -            Tacos El Chris
[1577/3063] needs-browser chownow      GgoolBap, Korean BBQ Bowls
[1578/3063] no-platform   -            The Café at Rady Ch[1579/3063] no-platf[1579/3063] no-platform   -            El Rincon del sabor
[1580/3063] no-platform   -            Limon Mexican food
[1581/3063] needs-browser -            Temporarily Closed - Garlic and Tahini Egyptian Kitchen - Delivery & Carry Out Only
[1582/3063] no-platform   -            Little Thai Cottage (Mobile Vendor)
[1583/3063] no-platform   -            J. Brix Wines Tasting Room
[1584/3063] gated         chownow      Abuelita's Birria & Mexican Food
[1585/3063] no-platform   -            The Westgate Room's Plaza Bar
[1586/3063] no-platform   -            Xtravaganza and Sinbad Restaurant
[1587/3063] wrong-branch  toast        Rock N’ Roost Rotisserie
[1588/3063] needs-browser order.online The Meltdown
[1589/3063] no-platform   -            Freshly Prepped
[1590/3063] no-platform   -            Kona Kai Club
[1591/3063] no-platform   -            Turtle Rock Ridge Wine Bar
[1592/3063] no-platform   -            ‘ritas Taco Truck
[1593/3063] no-platform   -            Colors Gourmet Pizza
[1594/3063] no-platform   -            Blu Temple | Blu Cabana
[[1595/3063] no-platform   -            Colors Gourmet Pizza
[1596/3063] no-platform   -            Emilio's Food Truck
[1597/3063] no-platform   -            Bholat's
[1598/3063] needs-browser -            Sammy's Woodfired Pizza and Grill
[1599/3063] needs-browser Square Online (own domain) Slurp
[1600/3063] needs-browser order.online The Meltdown
[1601/3063] needs-browser order.online The Meltdown
[1602/3063] needs-browser order.online lulubowls (Hawaiian-Inspired Bowls- Boston Ave.)
[1603/3063] needs-browser order.online The Meltdown
[1604/3063] no-platform   -            Huerta Taco Stand[[1605/3063] no-platform   -            Victorious Pizza
[1606/3063] no-platform   -            North County Food Hub
[1607/3063] needs-browser order.online Mar & Ember
[1608/3063] needs-browser order.online The Meltdown
[1609/3063] no-platform   -            JIVe Lounge
[1610/3063] screened-out  shopify      Inflection Point Coff[1611/3063] screened-out  shopify      Inflection Point Coffee
[1612/3063] no-platform   -            Namino (Tahchin)
[1613/3063] no-platform   -            Breakwater Brewing Co.
[1614/3063] no-platform   -            The Bistro - Eat. Drink. Connect.®
[1615/3063] no-platform   -            Belinda's Familia Mexican Food Truck
[1616/3063] no-platform   -            Manny's Bar & Grill
[1617/3063] needs-browser order.online The Burger Den
[1618/3063] no-platform   -            GRAB & GO Viejas
[1619/3063] needs-browser order.online The Meltdown
[1620/3063] needs-browser order.online The Burger Den
[1621/3063] needs-browser toast        Georgette's
[1622/3063] no-platform   -            Bert's Bistro
[1623/3063] no-platform   -            SDSU Faculty Staff Club
[1624/3063] no-platform   -            The Fountains Restaurant
[1625/3063] no-platform   -            El Patron Mexican Food
[1626/3063] needs-browser order.online The Burger Den
[1627/3063] needs-browser Square Online storefront Hommunli[1628/3[1628/3063] needs-browser -            Wing SZN - El Cajon
[1629/3063] no-platform   -            Ta’ Corn Madre
[1630/3063] no-platform   -            The SoCal Vegan
[1631/3063] no-platform   -            Mkutano House
[1632/3063] no-platform   -            Staxx Burg[1633/3063] no-platform   -            Staxx Burger House
[1634/3063] no-platform   -            Casa Campus Point
[1635/3063] no-platform   -            MexiBowls By Cali Craft Tacos- 2707 Boston Avenue Sa Diego CA 92113
[1636/3063] no-platform   -            Tacos Berlin
[1637/3063] no-platform   -            Sushi @ Commissary
[1638/3063] no-platform   -            Jamul Indian Village
[1639/3063] no-platform   -            SHIO Japanese Dining
[1640/3063] no-platform   -            Cataleya’s Cafe & Sweets
[1641/3063] needs-browser order.online The Meltdown
[1642/3063] no-platform   -            El Más Chingón SD
[1643/3063] no-platform   -            Daymar Select Fine Coffees
[1644/3063] no-platform   -            El Camino
[1645/3063] needs-browser order.online The Meltdown
[1646/3063] no-platform   -            Sang Dao Kitchen
[1647/3063] needs-browser -            Fireside Bar & Grill
[1648/3063] no-platform   -            Element 8 Cafe
[1649/3063] no-platform   -            Angie's Place
[1650/3063] no-platform   -            Grinds & Grooves
[1651/3063] needs-browser slice        Hollywood Market and Giant Pizza
[1652/3063] needs-browser order.online The Meltdown
[1653/3063] needs-browser order.online The Meltdown
[1654/3063] no-platform   -            Solrisa
[1655/3063] no-platform   -            Med Cafe
[1656/3063] no-platform   -            Bosley Cafe
[1657/3063] no-platform   -            Santaluz Bistro
[1658/3063] no-platform   -            ZENSHI Handcrafted Sushi
[1659/3063] no-platform   -            ZENSHI Handcrafted Sushi
[1660/3063] needs-browser -            Market La Jolla
[1661/3063] no-platform   -            Dharma Bread Co
[1662/3063] no-platform   -            Coin Toss
[1663/3063] no-platform   -            The Caddyshack
[1664/3063] no-platform   -            The Caddyshack
[1665/3063] needs-browser order.online Poki Poki
[1666/3063] no-platform   -            Airport Lounge
[1667/3063] no-platform   -            Fairbanks
[1668/3063] no-platform   -            Calypso[1669/3063] no-platform   -            Calypso Cocktails
[1670/3063] no-platform   -            Hacienda De Vega
[1671/3063] no-platform   -            Skewers Grill
[1672/3063] no-platform   -            ZENSHI Handcrafted Sushi
[1673/3063] no-platform   -            Fruteria el Manguito
[1674/3063] needs-browser Square Online storefront Sushi Freak
[1675/3063] no-platform   -            Veronica's Goodies
[1676/3063] no-platform   -            Old World Meat Company
[1677/3063] no-platform   -            Thai Basil
[1678/3063] needs-browser Square Online (own domain) Crepes
[1679/3063] needs-browser order.online Hummus Mediterranean Kitchen
[1680/3063] needs-browser order.online El Ranchero
[1681/3063] too-few       netwaiter    Thai Pasta
[1682/3063] no-platform   -            Carbon Angela’s Kitchen
[1683/3063] needs-browser order.online Sabor a Vida Cafe & Deli
[1684/3063] no-platform   -            Baja Fresh
[1685/3063] no-platform   -            I Love Pho
[1686/3063] no-platform   -            Beer Company
[1687/3063] wrong-branch  toast        Bubba’s Smokehouse BBQ
[1688/3063] no-platform   -            Stone Oven
[1689/3063] needs-browser olo          Coffee Bean
[1690/3063] no-platform   -            Terrace Lounge
[1691/3063] no-platform   -            Herb & Eatery
[1692/3063] no-platform   -            HOB on Park
[1693/3063] no-platform   -            Valerio's Finest Bake Shop
[1694/3063] no-platform   -            Crave
[1695/3063] no-platform   -            Deli & Go
[1696/3063] needs-browser Square Online (own domain) Veggyjess
[1697/3063] no-platform   -            Fairbanks
[1698/3063] no-platform   -            Boston Market
[1699/3063] no-platform   -            Breakwater Brewing Co.
[1700/3063] no-platform   -            Truluck's
[1701/3063] no-platform   -            Pei Wei
[1702/3063] needs-browser toast        bcb Cafe
[1703/3063] no-platform   -            Diego's Taco[1704/3063] no-platform   -            Diego's Taco Shop
[1705/3063] no-platform   -            Bacio di[1706/3063] no-platform  [1706/3063] no-platform   -            tiger!tiger!
[1707/3063] no-platform   -            Alborz Restaurant
[1708/3063] no-platform   -            Antique Thai
[1709/3063] no-platform   -            Pei Wei
[1710/3063] needs-browser Square Online (own domain) Sweet Escape Homemade Treats
[1711/3063] no-platform   -            Native Foods
[1712/3063] no-platform   -            The Shop _ Coffee + Thrift
[1713/3063] needs-browser order.online La Pizza del Barrio
[1714/3063] no-platform   -            Sweets
[1715/3063] needs-browser order.online Mexicana Lab 2707 Boston Avenue
[1716/3063] no-platform   -            K1 Paddock Lounge - Sports Bar & Restaurant - San Diego, CA
[1717/3063] needs-browser Square Online storefront Copa Vida
[1718/3063] no-platform   -            Bake and beach
[1719/3063] no-platform   -            Blessed by Cake
[1720/3063] needs-browser order.online Big Daddy's Hawaiian BBQ (San Diego)
[1721/3063] no-platform   -            Stacy's SUGAR Shop
[1722/3063] no-platform   -            Kasi
[1723/3063] no-platform   -            El Dorado
[1724/3063] no-platform   -            LUNAS
[1725/3063] no-platform   -            Blue Wave Bistro
[1726/3063] no-platform   -            Cork Oak Cafe
[1727/3063] no-platform   -            The Gold Reserve Kitchen & Bar
[1728/3063] no-platform   -            ZENSHI Handcraf[1729/3063[1729/3063] no-platform   -            Big Oven Tacos
[1730/3063] needs-browser Square Online storefront Em[1731/3063] needs-browser Square Online storefront Emjaye's Coffee
[1732/3063] needs-browser Square Online (own domain) Annabel Cohen Gourmet
[1733/3063] no-platform   -            Pavilions Bakery
[1734/3063] no-platform   -            ZENSHI Handcr[1735/3063] [1735/3063] no-platform   -            Baba's Pizza
[1736/3063] screened-out  order.online Fish Restaurant
[1737/3063] no-platform   -            CARAVAN
[1738/3063] wrong-branch  toast        Blue Water Grill
[1739/3063] no-platform   -            Cafe Fresh
[1740/3063] no-platform   -            Soda & Swine
[1741/3063] no-platform   -            Lang's Bakery
[1742/3063] needs-browser order.online Deli Belly
[[1743/3063] no-platform   -            Rancho Cafe
[1744/3063] needs-browser order.online Deli Belly
[1745/3063] no-platform   -            Original Mariscos German
[1746/3063] no-platform   -            Cali Cream Bakery
[1747/3063] no-platform   -            Gelato 101 Temporary store
[1748/3063] no-platform   -            Scoopy Scoopy Ice Cream
[1749/3063] needs-browser Square Online (own domain) Mayari Coffee
[1750/3063] screened-out  shopify      Lofty Coffee
[1751/3063] no-platform   -            The Heritage Steakhouse
[1752/3063] no-platform   -            Island Market
[1753/3063] filed         wix          The Malt House
[1754/3063] needs-browser -            Makai
[1755/3063] no-platform   -            The Neighborhood Cafe
[1756/3063] no-platform   -            Chuck's Wagon Deli
[1757/3063] no-platform   -            Dana Andrew Celebrations
[1758/3063] needs-browser Square Online storefront Stuffed Ice Cream
[1759/3063] no-platform   -            ZENSHI Handcrafted Sushi
[1760/3063] no-platform   -            Roadtrip Bowls Made by Lazy Dog
[1761/3063] no-platform   -            Vintage Rose Sourdough
[1762/3063] no-platform   -            Jammy Toast Bakery
[1763/3063] no-platform   -            TOAST & T[1764[1764/3063] no-platform   -            Taqueria
[1765/3063] no-platform   -            Elena’s Pastry
[1766/3063] no-platform   -            Bing's Bar
[1767/3063] needs-browser toast        Klatch Coffee - Santee
[1768/3063] no-platform   -            SD Custom Cakes
[1769/3063] no-platform   -            Calzone Life Escondido
[1770/3063] no-platform   -            Fouet & Co.
[1771/3063] no-platform   -            Copper Kings Oceanside
[1772/3063] needs-browser chownow      Wanderlust Creamery
[1773/3063] no-platform   -            Sabor Al Gusto
[1774/3063] no-platform   -            Más Veggies Vegan Taqueria
[1775/3063] no-platform   -            Twist New Zealand Style Real Fruit Ice Cream
[1776/3063] screened-out  shopify      Bird Rock Coffee Roasters - Park & Market
[1777/3063] needs-browser Square Online storefront Muse Cheesecake
[1778/3063] no-platform   -            Café Rhône
[1779/3063] no-platform   -            Tortuga Bar and Grill
[1780/3063] no-platform   -            The Warehouse
[1781/3063] no-platform   -            Topwater Grill
[1782/3063] no-platform   -            Lobster Lab - Sky Deck at Del Mar Highlands Town Center
[1783/3063] no-platform   -            ZENSHI Handcrafted Sushi
[1784/3063] needs-browser order.online Pavilions Bakery
[1785/3063] no-platform   -            Old Fashioned Creamery at Barona
[1786/3063] no-platform   -            La Cantina
[1787/3063] wrong-branch  toast        Sextons Pizza
[1788/3063] no-platform   -            Dainty Dessert
[1789/3063] no-platform   -            Snout & Scone
[1790/3063] no-platform   -            SAN DIEGO FRIES
[1791/3063] no-platform   -            Tide and Treats
[1792/3063] no-platform   -            Rush Bowls
[1793/3063] no-platform   -            Lovely Creations Co
[1794/3063] no-platform   -            The Palma Bar & Grill
[1795/3063] no-platform   -            Goats Rose Sourdough
[1796/3063] no-platform   -            Baked Babe Cakes & Bakes
[1797/3063] no-platform   -            Bobby B's
[1798/3063] no-platform   -            ZENSHI Handcrafted Sushi
[1799/3063] no-platform   -            Weapon Ramen
[1800/3063] no-platform   -            La Gordita
[1801/3063] needs-browser -            Sweet Treats by Thick
[1802/3063] no-platform   -            Sprinkles Ice Cream Shop And Bakery
[1803/3063] no-platform   -            Olly's Baked Assortments
[1804/3063] no-platform   -            ZENSHI Handcrafted Sushi
[1805/3063] no-platform   -            Daily Roast
[1806/3063] no-platform   -            DELISTRABERRY
[1807/3063] no-platform   -            Coco's Bakery
[1808/3063] needs-browser order.online Taquizas Maria
[1809/3063] too-few       wix          Bocas Del Sol. (MissShelly's Shack )
[1810/3063] no-platform   -            Daisy’s Amazing Cakes
[1811/3063] wrong-branch  toast        The Coffee Spot
[1812/3063] no-platform   -            ZENSHI Handcrafted Sushi
[1813/3063] no-platform   -            Pizza Place
[1814/3063] no-platform   -            King Kream Ice Cream
[1815/3063] no-platform   -            little Estrella bakes
[1816/3063] no-platform   -            Farmer's Fridge
[1817/3063] no-platform   -            Marisco's Sabor A Mexico
[1818/3063] no-platform   -            Terra Cafe
[1819/3063] no-platform   -            The Hamlett
[1820/3063] no-platform   -            Mama Dukes Roadside
[1821/3063] needs-browser order.online The Meltdown
[1822/3063] no-platform   -            Kae’s Kreations
[1823/3063] no-platform   -            Filibertos
[1824/3063] needs-browser order.online The Meltdown
[1825/3063] no-platform   -            Ruthii's Coffee
[1826/3063] no-platform   -            Casa Ocho
[1827/3063] no-platform   -            Bridget Bakery
[1828/3063] no-platform   -            Shallow End Grill
[1829/3063] no-platform   -            PCH Café & Market
[1830/3063] no-platform   -            Mariscos la Baja mar y fuego
[1831/3063] no-platform   -            UrbanLife Cafe
[1832/3063] no-platform   -            Sweet Cheeks Homestead
[1833/3063] no-platform   -            Seaside Cowboy Coffee
[1834/3063] no-platform   -            ZENSHI Handcrafted Sushi
[1835/3063] no-platform   -            India Princess
[1836/3063] no-platform   -            Anila's Cucina Rustica
[1837/3063] no-platform   -            Coffee Amore
[1838/3063] no-platform   -            E. Lee's Sweets
[1839/3063] needs-browser Square Online storefront Mindy’s Bakery
[1840/3063] no-platform   -            1022 Cafe & Gelateria
[1841/3063] no-platform   -            Sierra's Baking Corner
[1842/3063] no-platform   -            Grand Social
[1843/3063] no-platform   -            Pastry Pedaler - Bakery Delivery in Pacific Beach, San Diego
[1844/3063] needs-browser order.online The Meltdown
[1845/3063] no-platform   -            CaMau Bakery & Deli
[1846/3063] no-platform   -            Spinnaker Coffee
[1847/3063] no-platform   -            Soy Leaf Juice Bar & Healthy Grill
[1848/3063] no-platform   -            Sabor a Mi Kitchen (Birrieria)
[1849/3063] wrong-branch  clover       Manzanita Roasting Company and Coffee House
[1850/3063] no-platform   -            Thyme Of Essence
[1851/3063] no-platform   -            That Girl Can Bake
[1852/3063] no-platform   -            Rancho Bakers
[1853/3063] no-platform   -            Coffee Shop at the Lullabar
[1854/3063] no-platform   -            Rancho Bakers
[1855/3063] needs-browser -            Carlsbad Cookie Company
[1856/3063] no-platform   -            Slice House by Tony Gemignani
[1857/3063] too-few       shopify      Taste & Sea Cakery
[1858/3063] needs-browser order.online The Meltdown
[1859/3063] no-platform   -            Give Us This Day LLC Micro-Bakery
[1860/3063] wrong-branch  own-jsonld   Shibuya Nights
[1861/3063] no-platform   -            IMPE Bar
[1862/3063] no-platform   -            Linden Crust Bakehouse
[1863/3063] no-platform   -            Javelina Craft Barbecue
[1864/3063] no-platform   -            Sugar Treats n Cakes
[1865/3063] needs-browser order.online Puesto Taco Bar
[1866/3063] no-platform   -            Sifted and Sugared
[1867/3063] no-platform   -            ZENSHI Handcrafted Sushi
[1868/3063] no-platform   -            SugarWater BakeHouse
[1869/3063] no-platform   -            Hectors pizza
[1870/3063] no-platform   -            Center Bar
[1871/3063] no-platform   -            Iron Brew Coffee
[1872/3063] no-platform   -            elementa
[1873/3063] no-platform   -            Stix
[1874/3063] no-platform   -            Sweet Maison Bakery
[1875/3063] no-platform   -            My O My Coffee and Deli
[1876/3063] no-platform   -            Snax
[1877/3063] no-platform   -            Corner Market
[1878/3063] no-platform   -            Marquesitas Liah
[1879/3063] no-platform   -            ZENSHI Handcrafted Sushi
[1880/3063] no-platform   -            ZENSHI Handcrafted Sushi
[1881/3063] no-platform   -            Five Corners Coffee & Bakery Co.
[1882/3063] no-platform   -            Buttery Bakes
[1883/3063] no-platform   -            Nat Sweet Treats
[1884/3063] no-platform   -            Maderas Golf Club
[1885/3063] no-platform   -            Haven Cafe
[1886/3063] no-platform   -            Pacific Seafood
[1887/3063] no-platform   -            The TriTiperia
[1888/3063] no-platform   -            Uumbal
[1889/3063] no-platform   -            ZENSHI Handcrafted Sushi
[1890/3063] no-platform   -            The Coyote Den
[1891/3063] needs-browser order.online HapiVegan
[1892/3063] no-platform   -            Casa Café & Market
[1893/3063] no-platform   -            The Dive Bar
[1894/3063] no-platform   -            Fox Den Bar
[1895/3063] needs-browser -            The Landing
[1896/3063] no-platform   -            Sweet land ice cream truck
[1897/3063] needs-browser toast        Brigitte's Bakery
[1898/3063] no-platform   -            Cali Craft Tacos
[1899/3063] needs-browser Square Online storefront Sushi Heights
[1900/3063] no-platform   -            Lilac Heights Bakery
[1901/3063] no-platform   -            RASPARSWEET
[1902/3063] no-platform   -            M & M Patisserie
[1903/3063] no-platform   -            Pavilions Bakery
[1904/3063] no-platform   -            Papi Tacos
[1905/3063] no-platform   -            Chow Hall
[1906/3063] no-platform   -            Calvins' Sportsbar
[1907/3063] no-platform   -            Café Sand Castle
[1908/3063] no-platform   -            Simply Baked Box
[1909/3063] no-platform   -            ZENSHI Handcrafted Sushi
[1910/3063] no-platform   -            Island Girl Bakes
[1911/3063] no-platform   -            Sunny Bunny Bakes
[1912/3063] needs-browser -            Barcino Grill
[1913/3063] no-platform   -            Krispy Krunchy Chicken
[1914/3063] no-platform   -            Marketplace
[1915/3063] no-platform   -            Gourmet Tamales
[1916/3063] no-platform   -            Promised Goods
[1917/3063] no-platform   -            Village Inn
[1918/3063] no-platform   -            Farmer's Fridge
[1919/3063] no-platform   -            Cent'Anni Café
[1920/3063] no-platform   -            Deja Vu
[1921/3063] no-platform   -            Diamond Jims
[1922/3063] no-platform   -            Kava Lounge
[1923/3063] no-platform   -            Fundant Cookies
[1924/3063] needs-browser chownow      Mr Gs Tavern
[1925/3063] no-platform   -            Dumonts
[1926/3063] no-platform   -            Veladora
[1927/3063] no-platform   -            Villa Fresh Italian Kitchen
[1928/3063] no-platform   -            Jordan
[1929/3063] no-platform   -            Freedom Carts
[1930/3063] no-platform   -            Trinacria Pizza Co.
[1931/3063] no-platform   -            Blue Bayou
[1932/3063] no-platform   -            Brick & Bell Plus
[1933/3063] no-platform   -            Fairbanks
[1934/3063] no-platform   -            Mis Dos Gallos Taqueria, Fruit & Deli
[1935/3063] no-platform   -            Fiesta Mexicana Bakery
[1936/3063] no-platform   -            Sushi Cafe + Deli
[1937/3063] no-platform   -            Corner Counter
[1938/3063] no-platform   -            BBQUSION
[1939/3063] no-platform   -            Jungle Cart
[1940/3063] no-platform   -            Lefty's Cheesesteaks
[1941/3063] no-platform   -            La Salsa
[1942/3063] needs-browser order.online Coffee Cart
[1943/3063] needs-browser toast        Carls Tavern
[1944/3063] no-platform   -            Shake Smart
[1945/3063] no-platform   -            Safari Coffee Outpost
[1946/3063] no-platform   -            Monster Snacks
[1947/3063] no-platform   -            Canyon Inn
[1948/3063] filed         spothopper   Cabo Cantina
[1949/3063] no-platform   -            OB Kebab
[1950/3063] no-platform   -            Time Out Café
[1951/3063] no-platform   -            Dryer's Ice Cream Parlor
[1952/3063] no-platform   -            Kellys Pub
[1953/3063] no-platform   -            House of Black
[1954/3063] no-platform   -            The Market
[1955/3063] no-platform   -            Grover's Grill
[1956/3063] needs-browser toast        BCB Coffee Company
[1957/3063] no-platform   -            Taco Villa
[1958/3063] no-platform   -            Border X Brewing
[1959/3063] no-platform   -            Noodles
[1960/3063] no-platform   -            University Towers Kitchen
[1961/3063] no-platform   -            TEC Cafe
[1962/3063] no-platform   -            Chicken & Crown
[1963/3063] no-platform   -            Mission Brewing (fka Rough Draft)
[1964/3063] no-platform   -            Trade Restaurant & Lounge
[1965/3063] no-platform   -            Sweet Labors
[1966/3063] no-platform   -            Café de Anza
[1967/3063] needs-browser Square Online storefront Cafecito 1806
[1968/3063] no-platform   -            Mawazo Kitchen
[1969/3063] no-platform   -            The Waterfront
[1970/3063] needs-browser MealKeyWay   Yonny Mini Hotpot
[1971/3063] no-platform   -            Mexico City Cuisine LLC
[1972/3063] no-platform   -            Mi Pan Bakery
[1973/3063] no-platform   -            NM Cafe
[1974/3063] no-platform   -            Monserrate Pastries
[1975/3063] no-platform   -            Michoacana Mia - Escondido
[1976/3063] screened-out  shopify      OTAY CAFE
[1977/3063] no-platform   -            Pinsarella Ancient Roman Pizza
[1978/3063] no-platform   -            Kabul West Mediterranean Grill
[1979/3063] needs-browser Square Online storefront Rancho Sandwich & Creamery
[1980/3063] no-platform   -            MeloMelo Coconut Dessert
[1981/3063] no-platform   -            Oliva
[1982/3063] needs-browser Square Online storefront Petite Perk Cafe
[1983/3063] no-platform   -            All Fried Up
[1984/3063] no-platform   -            De Los Altos Restaurant
[1985/3063] no-platform   -            SALT N SAVOR DELI & CAFE
[1986/3063] no-platform   -            Fallbrook Kitchen Rentals
[1987/3063] wrong-branch  slice        Famous Famiglia
[1988/3063] no-platform   -            Bean Sprouts
[1989/3063] no-platform   -            Don Ramon Méxican and sea food
[1990/3063] wrong-branch  toast        Sangucheria PSF Liberty Station
[1991/3063] no-platform   -            The Village Mission Valley Cafe
[1992/3063] no-platform   -            Vella Brasserie
[1993/3063] no-platform   -            Health Center Deli
[1994/3063] no-platform   -            Nrgize
[1995/3063] no-platform   -            Coast Coffee Co
[1996/3063] no-platform   -            Negro Durazo
[1997/3063] no-platform   -            The Banshee Bar
[1998/3063] no-platform   -            Humphrey Nutrición club herbalife
[1999/3063] no-platform   -            Cafe 477 Encinitas
[2000/3063] no-platform   -            Nono José Empanadas
[2001/3063] no-platform   -            Rhino Cake and Coffee Company
[2002/3063] no-platform   -            Mama Kat's Rest[2003/3063] no-platf[2003/3063] no-platform   -            Mielimon Bakery
[2004/3063] no-platform   -            The Divers Cup
[2005/3063] no-platform   -            Griffin Grind
[2006/3063] no-platform   -            Ono Hawaiian BBQ
[2007/3063] no-platform   -            Amalfi Cucina Italiana at Orfila Vineyards
[2008/3063] no-platform   -            Egg Tuck
[2009/3063] no-platform   -            Modern Times Coffee
[2010/3063] needs-browser Square Online (own domain) The Mighty Bean Coffee Co.
[2011/3063] no-platform   -            Gaslamp Coffee Bar
[2012/3063] no-platform   -            Sweet Munchies
[2013/3063] no-platform   -            30Z Dive Club (Three Ounce)
[2014/3063] no-platform   -            Joes on the Nose
[2015/3063] no-platform   -            Tocumbo Ice Cream National City
[2016/3063] no-platform   -            In Between
[2017/3063] no-platform   -            ZENSHI Handcrafted Sushi
[2018/3063] no-platform   -            Inland Tavern
[2019/3063] no-platform   -            Avo & Ocha
[2020/3063] no-platform   -            Deli and Pizzeria
[2021/3063] no-platform   -            Lindo Valle Mexican Grill
[2022/3063] no-platform   -            The brew inn tavern
[2023/3063] no-platform   -            Masa Madre
[2024/3063] no-platform   -            The Encore Sushi
[2025/3063] no-platform   -            Crave & Feast
[2026/3063] wrong-branch  order.online The Poke Co. - Linda Vista
[2027/3063] no-platform   -            The Grand Tradition
[2028/3063] wrong-branch  toast        Blank Slate
[2029/3063] no-platform   -            Chandelier BY G
[2030/3063] no-platform   -            Nicolosi's Pizza (Mira Lee Way)
[2031/3063] no-platform   -            Buka - Taste of Nigeria
[2032/3063] no-platform   -            Hilltop Cafe
[2033/3063] no-platform   -            High Seas Bar
[2034/3063] no-platform   -            The Reading Club
[2035/3063] no-platform   -            Tu Taco Taco Shop #2
[2036/3063] needs-browser -            Verde Kitchen & Bar
[2037/3063] no-platform   -            Stony Mountain Bar & Grill
[2038/3063] no-platform   -            The Santaluz Club Dining Room and Events
[2039/3063] no-platform   -            The Quay Cafe
[2040/3063] no-platform   -            Rock Steady
[2041/3063] no-platform   -            Afghan Table
[2042/3063] no-platform   -            Country Waffles
[2043/3063] no-platform   -            By The Sea
[2044/3063] no-platform   -            Mexico City Cuisine-CoLab
[2045/3063] wrong-branch  toast        Sangucheria PSF Hillcrest
[2046/3063] no-platform   -            Lone Pine Eatery
[2047/3063] no-platform   -            Rocko's Modern Taphouse
[2048/3063] no-platform   -            HACIENDITA BAKERY
[2049/3063] no-platform   -            Hui Hua
[2050/3063] no-platform   -            Thum SD
[2051/3063] no-platform   -            Buffet House
[2052/3063] no-platform   -            El Puerto Taco Shop
[2053/3063] no-platform   -            La Sierra Cafe
[2054/3063] no-platform   -            Bonny's Cafe
[2055/3063] no-platform   -            Por Vida
[2056/3063] no-platform   -            Fasia Buffet
[2057/3063] no-platform   -            The Best Donuts
[2058/3063] no-platform   -            Paul's Place
[2059/3063] no-platform   -            Señor Pancho Mexican Grill
[2060/3063] no-platform   -            Jeong Won BBQ Buffet
[2061/3063] no-platform   -            VanDough French Bakery
[2062/3063] no-platform   -            Hilberto's Mexican Food
[2063/3063] no-platform   -            Saray Restaurant Charcoal Grill
[2064/3063] no-platform   -            El Ranchero Taco Shop
[2065/3063] no-platform   -            Germán Seafood Food Truck
[2066/3063] no-platform   -            Mr Pho
[2067/3063] no-platform   -            Niban Japanese Restaurant
[2068/3063] no-platform   -            Franks Mexican Grill
[2069/3063] no-platform   -            Birrieria y menuderia Guadalajara
[2070/3063] no-platform   -            Mi Rancho Market
[2071/3063] no-platform   -            Plaza Donuts
[2072/3063] no-platform   -            Triple Crown Pub
[2073/3063] no-platform   -            Kesling's Kitchen
[2074/3063] no-platform   -            La India Bonita
[2075/3063] no-platform   -            Kotija Taco Shop Mexican Food
[2076/3063] no-platform   -            Tavos Tacos n Beer
[2077/3063] no-platform   -            D-K-Che Fruteria
[2078/3063] no-platform   -            LA MALCRIADA BIRRIERIA
[2079/3063] no-platform   -            Mariscos Fili La Carreta
[2080/3063] no-platform   -            Dolche cafe/ Mexifood
[2081/3063] no-platform   -            Beijing Express
[2082/3063] no-platform   -            Pho46 & Banh Mi
[2083/3063] no-platform   -            Estrada's Taco Shop
[2084/3063] no-platform   -            O B Donuts
[2085/3063] no-platform   -            Tekila Cocina Mexicana
[2086/3063] no-platform   -            Mr Holy Gao
[2087/3063] no-platform   -            Nice Food Restaurant
[2088/3063] no-platform   -            Terzo Bakery & Cafe
[2089/3063] no-platform   -            Chitos Taco Shop
[2090/3063] no-platform   -            Veronica's Kitchen
[2091/3063] no-platform   -            Taqueria Revolución
[2092/3063] no-platform   -            Arrieros
[2093/3063] no-platform   -            Dannys Palm Bar and Grill
[2094/3063] no-platform   -            Cafecito on Palm
[2095/3063] no-platform   -            Juan Bertos Mexican Food
[2096/3063] no-platform   -            Margarita’s
[2097/3063] no-platform   -            Pho 4 Queen
[2098/3063] no-platform   -            The Salty Frog Bar
[2099/3063] no-platform   -            Yogurt Barn
[2100/3063] no-platform   -            Meshuggah Shack
[2101/3063] no-platform   -            Elena's French Crepes Cafe & Peet's Coffee
[2102/3063] no-platform   -            Bravo's Taco Shop
[2103/3063] no-platform   -            LAS UVAS TEJUINO LA DONA
[2104/3063] no-platform   -            Wicked Poke
[2105/3063] no-platform   -            Cow Shed Bar and Grill
[2106/3063] no-platform   -            Pho Anh & Grill
[2107/3063] no-platform   -            Chico's Restaurant
[2108/3063] no-platform   -            Wahine Kai Shave Ice
[2109/3063] no-platform   -            Orlando's Taco Shop
[2110/3063] no-platform   -            Mikki's Cafe
[2111/3063] no-platform   -            Filo
[2112/3063] no-platform   -            Los Reyes Mexican Food
[2113/3063] no-platform   -            Apple Country Restaurants
[2114/3063] no-platform   -            The Break Room
[2115/3063] no-platform   -            Tacos Oasis
[2116/3063] no-platform   -            PHOnomenal
[2117/3063] no-platform   -            La Rosa Giant Pizza
[2118/3063] no-platform   -            Jilberto's
[2119/3063] no-platform   -            Sunrise Deli & Grill
[2120/3063] no-platform   -            Tacos El Gordo
[2121/3063] no-platform   -            Faridas
[2122/3063] no-platform   -            Chung Hing
[2123/3063] no-platform   -            Poncho Villa's Mexican Food
[2124/3063] no-platform   -            Don Lucio's Mexican Grill
[2125/3063] no-platform   -            Sub-marine
[2126/3063] no-platform   -            The Latin Chef Liberty Station
[2127/3063] no-platform   -            Lisa's Filipino Cuisine
[2128/3063] no-platform   -            Hilda's Mexican Bakery
[2129/3063] no-platform   -            Swan Bar
[2130/3063] no-platform   -            664 TJ Birriería
[2131/3063] no-platform   -            One More Thats It
[2132/3063] no-platform   -            Mis Cuates Taco Shop
[2133/3063] no-platform   -            Panda Chef
[2134/3063] no-platform   -            San Diego Blenders
[2135/3063] no-platform   -            Super Donuts
[2136/3063] no-platform   -            Starbread Bakery
[2137/3063] no-platform   -            Tj Tortas & Tacos
[2138/3063] no-platform   -            Original Yogurt Shack
[2139/3063] no-platform   -            R&B Filipino Cuisine
[2140/3063] no-platform   -            Pam's Donuts and Frozen Yogurt
[2141/3063] no-platform   -            Lucky Donuts & Deli
[2142/3063] no-platform   -            Rock N Roll Scoops
[2143/3063] no-platform   -            S K's Donuts
[2144/3063] no-platform   -            El Primo Birrieria Mexican cuisine
[2145/3063] no-platform   -            Birriería Y Menudería Guadalajara
[2146/3063] no-platform   -            BLUE NILE Ethiopian market and restaurant
[2147/3063] no-platform   -            Rising Dragon Chinese Restaurant
[2148/3063] no-platform   -            Rosemary & Thyme Cafe
[2149/3063] no-platform   -            The Keep Coffee
[2150/3063] no-platform   -            California Mexican Food
[2151/3063] no-platform   -            6 Grados Coffee
[2152/3063] no-platform   -            Sammy's Mexican Bakery
[2153/3063] no-platform   -            Sawaya Brothers Jr/ Pollo Mex
[2154/3063] no-platform   -            Dia Del Cafe
[2155/3063] no-platform   -            Taquería Imperial Taco Shop
[2156/3063] no-platform   -            Desi's Bar & Grill
[2157/3063] no-platform   -            Sky Hookah Lounge
[2158/3063] no-platform   -            Yogurt Express
[2159/3063] no-platform   -            Ringers Cocktails
[2160/3063] no-platform   -            Mi Reyna Tortilleria
[2161/3063] no-platform   -            Heavenly Donuts
[2162/3063] no-platform   -            Tacos El Flaco
[2163/3063] no-platform   -            George's Cafe
[2164/3063] no-platform   -            Scotland Yard Restaurant
[2165/3063] no-platform   -            Tans Donuts
[2166/3063] no-platform   -            Golden Donut
[2167/3063] no-platform   -            R&B Tea San Carlos
[2168/3063] no-platform   -            Chico Club
[2169/3063] no-platform   -            The Vybe Lounge
[2170/3063] no-platform   -            Hello Deli
[2171/3063] no-platform   -            El Tigre Churros Y Platanos
[2172/3063] no-platform   -            Don Jilberto's Mexican Food
[2173/3063] no-platform   -            La Dama y [2174/3063] no-platform   -            Crafted Culture
[2175/3063] no-platform   -            La Dama y Sus Takonez
[2176/3063] no-platform   -            Cesar's Taco Shop
[2177/3063] no-platform   -            Raymundo's Taco Shop
[2178/3063] no-platform   -            La Cresta Restaurant and Caffé
[2179/3063] no-platform   -            Sorianas Mexican Food
[2180/3063] no-platform   -            Gonzales Mess Hall
[2181/3063] no-platform   -            Candied Apple Cafe
[2182/3063] no-platform   -            Chamango Mango
[2183/3063] no-platform   -            The Whet Noodle
[2184/3063] no-platform   -            Maxdon's
[2185/3063] no-platform   -            Marvelous Muffins
[2186/3063] no-platform   -            China Fun
[2187/3063] no-platform   -            Manna Restaurant Pancake House And Chinese Fast Food
[2188/3063] no-platform   -            Yogurt Lounge III
[2189/3063] no-platform   -            Caffe Positano, Village
[2190/3063] no-platform   -            Panaderia La Buena
[2191/3063] no-platform   -            Mike's Cocktails
[2192/3063] no-platform   -            Donut Factory
[2193/3063] no-platform   -            garage.79
[2194/3063] no-platform   -            Savoy Donuts
[2195/3063] no-platform   -            Yogurt Palace
[2196/3063] no-platform   -            Formosa Club
[2197/3063] no-platform   -            The Watering Hole
[219[2198/3063] no-platform   -            Happy Lemon D[2199/3[2199/3063] no-platform   -            Formosa Club
[2200/3063] no-platform   -            Fatte's Pizza
[2201/3063] no-platform   -            Steph's Donut Hole
[2202/3063] no-platform   -            Nice Food Restaurant
[2203/3063] no-platform   -            14 Area Chow Hall
[2204/3063] no-platform   -            Plantology Cafe
[2205/3063] no-platform   -            Best Donuts
[2206/3063] no-platform   -            Sweet Shoppe
[2207/3063] no-platform   -            Manila Fastfood and Desserts
[2208/3063] no-platform   -            BALBOA PERK, Coffee & Tea
[2209/3063] no-platform   -            Banh Mi Express
[2210/3063] no-platform   -            21 Area Mess Hall
[2211/3063] no-platform   -            Express Pizza 'N Wings
[2212/3063] no-platform   -            Chico's Panaderia
[2213/3063] no-platform   -            Ujin
[2214/3063] no-platform   -            Tijuanero By Tijuanazo - Little Italy
[2215/3063] no-platform   -            Mi Taco Shop
[2216/3063] no-platform   -            Las Morelias
[2217/3063] no-platform   -            Spring Valley Inn
[2218/3063] no-platform   -            Gualberto's Taco Shop
[2219/3063] no-platform   -            El Huarache Taco Shop
[2220/3063] no-platform   -            Coal Bros Taqueria
[2221/3063] no-platform   -            Growing Edge Coffee & Community
[2222/3063] no-platform   -            Mike's Giant New York Pizza
[2223/3063] no-platform   -            33 Area Chow Hall
[2224/3063] no-platform   -            BaBa Ice Cream
[2225/3063] no-platform   -            Bonsall Donut House
[2226/3063] no-platform   -            e•'lo•te
[2227/3063] no-platform   -            Manka Peruvian Cuisine
[2228/3063] no-platform   -            Circus Ma'am Ice Cream
[2229/3063] no-platform   -            The Cardiff Office
[2230/3063] no-platform   -            Supreme Donuts
[2231/3063] no-platform   -            Tuétano Taquería
[2232/3063] no-platform   -            Bakery Corner Donuts
[2233/3063] no-platform   -            On the Rocks Cocktails
[2234/3063] no-platform   -            A1 sports Bar
[2235/3063] no-platform   -            Calico's
[2236/3063] no-platform   -            La Pesca Cevichería Baja
[2237/3063] no-platform   -            Heritage
[2238/3063] no-platform   -            Paleteria La Michoacana
[2239/3063] no-platform   -            Muir Coffee House
[2240/3063] no-platform   -            Dcs Across The Street
[2241/3063] no[2241/3063] no-platform   -            La Mexica[2242/306[2242/3063] no-platform   -            Panda Res[2243/30[2243/3063] no-platform   -            Martini Hall 53
[2244/3063] no-platform   -            Deli Mart
[2245/3063] no-platform   -            Foster's Family Donouts
[2246/3063] no-platform   -            Heritage
[2247/3063] no-platform   -            Plume & Brew Coffee
[2248/3063] no-platform   -            Immersion Coffee
[2249/3063] no-platform   -            Judy's Deli
[2250/3063] no-platform   -            Sportsmans Pub
[2251/3063] no-platform   -            Morada Restaurant Rancho Santa Fe
[2252/3063] no-platform   -            Lollicup Tea Zone
[2253/3063] no-platform   -            Hilberto's Mexican Food
[2254/3063] no-platform   -            YOHED COFFEE
[2255/3063] no-platform   -            Julian Pit Stop
[2256/3063] no-platform   -            The coffee machine
[2257/3063] no-platform   -            Chico's Bakery
[2258/3063] no-platform   -            Taste of African Cuisine
[2259/3063] no-platform   -            The Round Up Grill
[2260/3063] no-platform   -            Papayas Juice Bar
[2261/3063] no-platform   -            Yogurt Barn
[2262/3063] no-platform   -            Euros Hookah Lounge
[2263/3063] no-platform   -            Oceanside Donut
[2264/3063] no-platform   -            West Pac Noodle Bar
[2265/3063] no-platform   -            Donut star
[2266/3063] no-platform   -            Super Donuts #2
[2267/3063] no-platform   -            Fresh Donuts
[2268/3063] no-platform   -            DJ's Pizza Express
[2269/3063] no-platform   -            Donut Stop
[2270/3063] no-platform   -            La Nueva Mexican Bakery
[2271/3063] no-platform   -            mammys coffee
[2272/3063] no-platform   -            Jessie's Bake Shop
[2273/3063] no-platform   -            664 TJ Birriería
[2274/3063] no-platform   -            Mi Amigo Restaurant and bakery
[2275/3063] no-platform   -            Summer's Deli & Catering
[2276/3063] no-platform   -            La Especial
[2277/3063] no-platform   -            TJ birrierria 664 #4
[2278/3063] no-platform   -            Wild Wooly's Saloon
[2279/3063] no-platform   -            La Barca - Mexican Seafood and Craft Cocktails
[2280/3063] no-platform   -            Pansang's Filipino Cuisine
[2281/3063] no-platform   -            Lycha Tea, Coffee & Desserts
[2282/3063] no-platform   -            SeaTaco
[2283/3063] no-platform   -            Sunset Café
[2284/3063] no-platform   -            Bakery
[2285/3063] no-platform   -            Vegan Tacos SD
[2286/3063] no-platform   -            California Kumpir
[2287/3063] no-platform   -            La Cochinita
[2288/3063] no-platform   -            TJ Birrieria
[2289/3063] no-platform   -            Pearson Deli
[2290/3063] no-platform   -            The Shop Cafe Barrio Logan
[2291/3063] no-platform   -            Hacienda Jamul
[2292/3063] no-platform   -            Purebowl
[2293/3063] no-platform   -            Cardiff By The Sea Buisness District
[2294/3063] no-platform   -            It's in the Filling!
[2295/3063] no-platform   -            Java Shack
[2296/3063] no-platform   -            La Michoacana Ice Cream Shop
[2297/3063] no-platform   -            Tasty Bakery
[2298/3063] no-platform   -            TORI CAFE
[2299/3063] no-platform   -            Feliz Coffee Club
[2300/3063] no-platform   -            Chief's Da Tiki Bar
[2301/3063] no-platform   -            Taqueria y mariscos el kiki
[2302/3063] no-platform   -            Queenstage Coffee House
[2303/3063] no-platform   -            Fresh Catch Fish Market & Grill
[2304/3063] no-platform   -            Seaside Yogurt
[2305/3063] no-platform   -            Stadium Club
[2306/3063] no-platform   -            PARA
[2307/3063] no-platform   -            Yomie's Rice x Yogurt
[2308/3063] no-platform   -            Donuts N Things
[2309/3063] no-platform   -            Birrieria la Loteria
[2310/3063] no-platform   -            Danish & Donuts
[2311/3063] no-platform   -            Olive Oil Cafe
[2312/3063] no-platform   -            Nahomie's Cafe & Deli
[2313/3063] no-platform   -            Asian Kitchen
[2314/3063] no-platform   -            Club 13
[2315/3063] no-platform   -            Cafe des Artistes
[2316/3063] no-platform   -            Executive Friendship Deli
[2317/3063] no-platform   -            Mayra's Bakery
[2318/3063] no-platform   -            Jitters Espresso
[2319/3063] no-platform   -            Plaza Donuts & Yogurt
[2320/3063] no-platform   -            Cafecito on Seacoast
[2321/3063] no-platform   -            Lemon Grove Bakery
[2322/3063] no-platform   -            Cilantro's Mexican Food,
[2323/3063] no-platform   -            Donut Pantry
[2324/3063] no-platform   -            Dubai Cafe
[2325/3063] no-platform   -            ESSNTL Coffee
[2326/3063] no-platform   -            Donut World
[2327/3063] no-platform   -            Chiquibaby's Bar
[2328/3063] no-platform   -            Mr Donuts
[2329/3063] no-platform   -            Burritos Luna
[2330/3063] no-platform   -            Raspados Michoacan
[2331/3063] no-platform   -            Great Happiness
[2332/3063] no-platform   -            Brick 95
[2333/3063] no-platform   -            Tamales Brenda's
[2334/3063] no-platform   -            El Cevichero PB
[2335/3063] no-platform   -            Wasa Sushi Bar
[2336/3063] no-platform   -            Champs Korean Bbq
[2337/3063] no-platform   -            The Iconic Coffee Club
[2338/3063] no-platform   -            Pacific lounge
[2339/3063] no-platform   -            SweetLife on 3rd
[2340/3063] no-platform   -            Cristallo Cafe
[2341/3063] no-platform   -            Los Tapatios Mexican Food
[2342/3063] no-platform   -            Ho Won Express
[2343/3063] no-platform   -            San Diego Bakery & Café
[2344/3063] no-platform   -            Bakin' it Up Collective - An Artisan Bakery
[2345/3063] no-platform   -            Tommy V's Pizzeria
[2346/3063] no-platform   -            Don Munchies SD
[2347/3063] no-platform   -            Mango Mania Frutas & More
[2348/3063] no-platform   -            E.S.B. Cafe
[2349/3063] no-platform   -            Tram Chim - Live King Crab
[2350/3063] no-platform   -            Audrey's Café
[2351/3063] no-platform   -            El Rinconcito Taco Shop
[2352/3063] no-platform   -            Mariscos La Reyna del Sur
[2353/3063] no-platform   -            CORAL SPORTS BAR
[2354/3063] no-platform   -            Dr. Juice
[2355/3063] no-platform   -            Yum Yum Yo Frozen Yogurt/Sandwiches/Boba
[2356/3063] no-platform   -            Trining’s Bakery & Cafe National City
[2357/3063] no-platform   -            Cup 'n Go
[2358/3063] no-platform   -            Tacos AlPastor Spring Valley
[2359/3063] no-platform   -            Birria Blvd
[2360/3063] no-platform   -            Tacos El Orejas
[2361/3063] no-platform   -            Gold Soul Coffee
[2362/3063] no-platform   -            Java Time
[2363/3063] no-platform   -            Camden Food Co.
[2364/3063] no-platform   -            Barrio Street Tacos
[2365/3063] no-platform   -            El Jefes Taco Shop
[2366/3063] no-platform   -            Family Golden Palace
[2367/3063] no-platform   -            Cui Daore
[2368/3063] no-platform   -            The Parks Cafe
[2369/3063] no-platform   -            Vinum Locus
[2370/3063] no-platform   -            Harbor Island Deli & Spirits
[2371/3063] no-platform   -            AWOL
[2372/3063] no-platform   -            Bedda
[2373/3063] no-platform   -            Okayama Steakhouse
[2374/3063] no-platform   -            Layali nights lounge
[2375/3063] no-platform   -            Layali nights lounge
[2376/3063] no-platform   -            Da Nang Restaurant and Cafe
[2377/3063] no-platform   -            Rancho Roasters
[2378/3063] no-platform   -            My Cup of Tea Unique Gifts
[2379/3063] no-platform   -            La Isla Neveria
[2380/3063] no-platform   -            Very Tasty Coffee
[2381/3063] no-platform   -            La Barbacoa Autentica De Borrego
[2382/3063] no-platform   -            Bean Me Up Coffee
[2383/3063] no-platform   -            Heavy's Smokehouse
[2384/3063] no-platform   -            Carnitas La Caldera
[2385/3063] no-platform   -            Arc & Kin
[2386/3063] no-platform   -            Village Tacos
[2387/3063] no-platform   -            Frutas Frescas
[2388/3063] no-platform   -            Encinitas Donut House
[2389/3063] no-platform   -            The Tin Scoop
[2390/3063] no-platform   -            Yakitori Tsuta
[2391/3063] no-platform   -            Locally Toasted Delicatessen
[2392/3063] no-platform   -            ESB Coffee
[2393/3063] no-platform   -            Stage stop pizza
[2394/3063] no-platform   -            Viche Marina Deli & Coffee
[2395/3063] no-platform   -            Blend & Bite Cafe
[2396/3063] no-platform   -            Marcella June's Coffee Lounge
[2397/3063] no-platform   -            Saigon Corner
[2398/3063] no-platform   -            The Yogo, Handcrafted Ice Cream & Desserts
[2399/3063] no-platform   -            Sinbad Restaurant And Lounge
[2400/3063] no-platform   -            Pepita's Cafe
[2401/3063] no-platform   -            Los sushi lovers
[2402/3063] no-platform   -            Honey Banana
[2403/3063] no-platform   -            Awesome Jamaican Jerk Wings by Laylahs
[2404/3063] no-platform   -            Cafe Dawny
[2405/3063] no-platform   -            Taqueria Don Chamango
[2406/3063] no-platform   -            Tokyo Express
[2407/3063] no-platform   -            Pan paulitas mexican bakery
[2408/3063] no-platform   -            Balboa Bakery
[2409/3063] no-platform   -            Polanco Kitchen & Bar
[2410/3063] no-platform   -            The Library Coffee Shop
[2411/3063] no-platform   -            Veterans of Foriegn Wars Post 9327
[2412/3063] no-platform   -            Linda Vista Market
[2413/3063] no-platform   -            Teo's Kitchen
[2414/3063] no-platform   -            Larisa's Mexican Bakery
[2415/3063] no-platform   -            KD's Donuts
[2416/3063] no-platform   -            Rancho's Taco Shop And Seafood
[2417/3063] no-platform   -            Green Light Cafe & Deli
[2418/3063] no-platform   -            El Primo Birrieria Taco Truck
[2419/3063] no-platform   -            Sandwich Co.
[2420/3063] no-platform   -            DACAFÉ
[2421/3063] no-platform   -            Jimmy's Cafe &[2422/3063] no-platform   -            Jimmy's Cafe & Pub[2423/3063] no-platform   -            Hector's Taco Shop & Fruteria
[2424/3063] no-platform   -            Aurora's Baker[2[2425/3063] no-platform   -            Roselys Eats and Sweets
[2426/3063] no-platform   -            Shelly's Deli
[2427/3063] no-platform   -            Menuderia Y Taqueria El Flako
[2428/3063] no-platform   -            Made in Chinaloa
[2429/3063] no-platform   -            Sandok Filipino Cuisine
[2430/3063] no-platform   -            Over The Border
[2431/3063] no-platform   -            1904 Street Dogs
[2432/3063] no-platform   -            BARESSITO ANTRO BAR
[2433/3063] no-platform   -            Old Town Ice C[2434[2434/3063] no-platform   -            Akari Sush[2435/3063] no-platform   -            Caffe Positano, F[2436/306[2436/3063] no-platform   -            1904 Street Dogs
[2437/3063] no-platform   -            Sea Ridge Coffee
[2438/3063] no-platform   -            Tortas Tj
[2439/3063] no-platform   -            Tacos Minali
[2440/3063] no-platform   -            The Cookie Opera
[2441/3063] no-platform   -            22 Area Galley
[2442/3063] no-platform   -            Golden Spoon Frozen Yogurt
[2443/3063] no-platform   -            Weapon Ramen Liberty Public Market
[2444/3063] no-platform   -            Isabela’s Mexican food
[2445/3063] no-platform   -            Autentica Comida Oaxaquena
[2446/3063] no-platform   -            Sonora Steak Asadero El Prieto #13
[2447/3063] no-platform   -            Mr. Manitas Taco Bar and Fruteria
[2448/3063] no-platform   -            LA MICHOACANA SON MEX OF POWAY
[2449/3063] no-platform   -            La Cucina di Silvana
[2450/3063] no-platform   -            Panadería El Trigal
[2451/3063] no-platform   -            Water Store
[2452/3063] no-platform   -            Logan Inn
[2453/3063] no-platform   -            The coffee machine
[2454/3063] no-platform   -            Notorious Barbecue
[2455/3063] no-platform   -            EL PASO TACO SHOP
[2456/3063] no-platform   -            El Uno Bar
[2457/3063] no-platform   -            Jason's Courtyard Cafe
[2458/3063] no-platform   -            Pink Donuts
[2459/3063] no-platform   -            Rancho Roasters
[2460/3063] no-platform   -            Boba Life La Mesa
[2461/3063] no-platform   -            Casa Del Lobo
[2462/3063] no-platform   -            Birrieria La Vaquita
[2463/3063] no-platform   -            Smoke and Salt Restaurant
[2464/3063] no-platform   -            Javier’s Mexican Food
[2465/3063] no-platform   -            TG Cafe
[2466/3063] no-platform   -            The Pocket Pool & Bar
[2467/3063] no-platform   -            Franco's Flapjack
[2468/3063] no-platform   -            La Michoacana Ice Cream
[2469/3063] no-platform   -            Sara's Bakery
[2470/3063] no-platform   -            Mood ALsham restaurant
[2471/3063] no-platform   -            Aalami Restaurant - Somali Cuisine
[2472/3063] no-platform   -            Mariscos Guille
[2473/3063] no-platform   -            De La Torre Cenaduria
[2474/3063] no-platform   -            Ramen Girl
[2475/3063] no-platform   -            Acai Roots
[2476/3063] no-platform   -            Cafecito at EPOCA
[2477/3063] no-platform   -            Ortiz Bakery
[2478/3063] no-platform   -            La Cocina De Chata
[2479/3063] no-platform   -            Tasty Buds LLC
[2480/3063] no-platform   -            Lizs Cocina
[2481/3063] no-platform   -            Cafe Del Mar
[2482/3063] no-platform   -            Ana’s Fruit & Deli
[2483/3063] no-platform   -            Las Delicias de Alicia
[2484/3063] no-platform   -            Taquería Imperial Taco Shop
[2485/3063] no-platform   -            Pines
[2486/3063] no-platform   -            The Galley
[2487/3063] no-platform   -            Las Ranas Lonchera Mariscos
[2488/3063] no-platform   -            Coastal Coffee - Scripps Memorial Hospital
[2489/3063] no-platform   -            La Espiga de Oro Mexican Bakery
[2490/3063] no-platform   -            El Camaron Negro
[2491/3063] no-platform   -            Tacos el uzzi
[2492/3063] no-platform   -            Black Sea Cafe & Market
[2493/3063] no-platform   -            Wow Donuts
[2494/3063] no-platform   -            Hot Blend Café
[2495/3063] no-platform   -            Dubu San Diego Tofu Company
[2496/3063] no-platform   -            Taco de Ojo Sports Cantina
[2497/3063] no-platform   -            Rising Sun Sushi
[2498/3063] no-platform   -            Cacio
[2499/3063] no-platform   -            Koakai Brewing Co.
[2500/3063] no-platform   -            San Diego Beer House
[2501/3063] no-platform   -            Tus Chefs Favoritas
[2502/3063] no-platform   -            Erlene's Family Style Cuisine
[2503/3063] no-platform   -            Al Chile Mexican Food
[2504/3063] no-platform   -            Family Tacos
[2505/3063] no-platform   -            Manila Bistro
[2506/3063] no-platform   -            Tlaloc Deli
[2507/3063] no-platform   -            EL SAZON DE MAMA
[2508/3063] no-platform   -            FENIX LOUNGE
[2509/3063] no-platform   -            Tortillas De Harina El Trigal
[2510/3063] no-platform   -            The Other Side Bar and Grill
[2511/3063] no-platform   -            Rey Tj Burger's San Diego
[2512/3063] no-platform   -            Pinoy Express Fastfood
[2513/3063] no-platform   -            Kikos Place cantina
[2514/3063] no-platform   -            Downtown cafe pizza
[2515/3063] no-platform   -            Fruit
[2516/3063] no-platform   -            Lizzie's Cake Couture
[2517/3063] no-platform   -            La Chalupa Mariscos #2 Food Truck
[2518/3063] no-platform   -            Macy's Cafe at Fashion Valley
[2519/3063] no-platform   -            Xicanitos
[2520/3063] no-platform   -            Maple Tree Coffee
[2521/3063] no-platform   -            Perk Social
[2522/3063] no-platform   -            Marina Kitchen at Mariott Marquis
[2523/3063] no-platform   -            The Café at Alma San Diego
[2524/3063] no-platform   -            Chula Tacos Taquerias
[2525/3063] no-platform   -            Korean Bingsoo Cafe
[2526/3063] no-platform   -            Beaudevin
[2527/3063] no-platform   -            Smash’d Burgers
[2528/3063] no-platform   -            Juicers
[2529/3063] no-platform   -            El Kafecito
[2530/3063] no-platform   -            Rita's of Mission Hills
[2531/3063] no-platform   -            J-Town Grab and Go
[2532/3063] no-platform   -            Cali Cafe
[2533/3063] no-platform   -            Louisiana Banana Pudding
[2534/3063] no-platform   -            La Flor Bakery
[2535/3063] no-platform   -            Verde Kitchen & Bar
[2536/3063] no-platform   -            Pho On The Go
[2537/3063] no-platform   -            Star Gazer Club
[2538/3063] no-platform   -            Clayton's Galley
[2539/3063] no-platform   -            Rapido Y Sabroso Taco Truck
[2540/3063] no-platform   -            Noodle Bowl and dumplings
[2541/3063] no-platform   -            D's Coffee
[2542/3063] no-platform   -            Uphori Cafe
[2543/3063] no-platform   -            Coffee Shop
[2544/3063] no-platform   -            The Propeller Bar and Grill
[2545/3063] no-platform   -            Valerio's Bakehouse
[2546/3063] no-platform   -            Smash Bacon
[2547/3063] no-platform   -            La Patrona
[2548/3063] no-platform   -            Jue Wei food
[2549/3063] no-platform   -            Goodspot
[2550/3063] no-platform   -            Taiyo
[2551/3063] no-platform   -            Burritos Salomè
[2552/3063] no-platform   -            Skinny Jake Smokehouse
[2553/3063] no-platform   -            Candy's Boom Boom Room
[2554/3063] no-platform   -            Bethlehem Baking Co.
[2555/3063] no-platform   -            Meal and Munch
[2556/3063] no-platform   -            Tacos la Guera
[2557/3063] no-platform   -            Cedar Rose
[2558/3063] no-platform   -            Ranas Hotdogs & Hamburgers
[2559/3063] no-platform   -            Chupacabras taco shop
[2560/3063] no-platform   -            The Meantime
[2561/3063] no-platform   -            Daniel's West
[2562/3063] no-platform   -            SWEET & SPICY SD LLC
[2563/3063] no-platform   -            Burger Kitchen
[2564/3063] no-platform   -            La Perla del Pacífico
[2565/3063] no-platform   -            Front Street Sweet Shack
[2566/3063] no-platform   -            Bayside Bar
[2567/3063] no-platform   -            Cup of Bloom La Jolla
[2568/3063] no-platform   -            Freeze Gourmet
[2569/3063] no-platform   -            Bailey House
[2570/3063] no-platform   -            Rapha Tea
[2571/3063] no-platform   -            Guau Guau Taza de Cafe
[2572/3063] no-platform   -            Marina Market and Café
[2573/3063] no-platform   -            Miguel’s Street Tacos
[2574/3063] no-platform   -            Alberto's
[2575/3063] no-platform   -            Barbas Mexican Food
[2576/3063] no-platform   -            La Creperia Nutilda
[2577/3063] no-platform   -            Tacos El Unico
[2578/3063] no-platform   -            Chinese Cuisine
[2579/3063] no-platform   -            El Rinconcito Sinaloense Antojitos
[2580/3063] no-platform   -            Yesenia’s Mexican Food
[2581/3063] no-platform   -            Thai Style Kitchen Oceanside
[2582/3063] no-platform   -            The Honey Pot
[2583/3063] no-platform   -            MJ's Eatery Philly Cheesesteaks and more
[2584/3063] no-platform   -            The Macaron Shop SD
[2585/3063] no-platform   -            Grill chicken Li[2586/3063[2586/3063] no-platform   -            Pikolinas
[2587/3063] no-platform   -            Authentic Mexican Bakery
[2588/3063] no-platform   -            Puerta Del Cielo Mexican Foods-Food Tru[2589/3063] no-platform   -            Island Style Sushi
[[2590/3063] no-platform   -            Island Style[2591/3063] no-platform   -            El Chile pelais del [2592/[2592/3063] no-platform   -            The Macaron Shop SD
[2593/3063] no-platform   -            Taco truck
[2594/3063] no-platform   -            La Morena del Fuego
[2595/3063] no-platform   -            New Name Club
[2596/3063] no-platform   -            Soulsip
[2597/3063] no-platform   -            Nori Japan
[2598/3063] no-platform   -            7 Marcelos Mexican Cafe
[2599/3063] no-platform   -            taco de ojo sports cantina
[2600/3063] no-platform   -            Shrimp on a Skateboard Mariscos
[2601/3063] no-platform   -            Da Good Vibes Eats
[2602/3063] no-platform   -            "LAS CAZUELITAS" Home made Mexican food
[2603/3063] no-platform   -            El Mejor Taco Avapor
[2604/3063] no-platform   -            Brunette Social Sports Bar
[2605/3063] no-platform   -            Bello’s Tacos and Burritos
[2606/3063] no-platform   -            AY MI MAZATLÁN
[2607/3063] no-platform   -            Vivant Bistro & Craft Bar
[2608/3063] no-platform   -            701 FOOD
[2609/3063] no-platform   -            Rodeó's Cocina Mexican Restaurant
[2610/3063] no-platform   -            117° West Spirits
[2611/3063] no-platform   -            Taco Stand
[2612/3063] no-platform   -            Filipino Lumpia
[2613/3063] no-platform   -            Mariscos y Birrieria El Compa Güero
[2614/3063] no-platform   -            Mariscos la baja mar y fuego
[2615/3063] no-platform   -            El Puerquito Hard Frescas
[2616/3063] no-platform   -            Food Truck
[2617/3063] no-platform   -            Comida China
[2618/3063] no-platform   -            El Sonorense Taco Shop
[2619/3063] no-platform   -            It's Raw Poke Truck
[2620/3063] no-platform   -            Quick Meal Deal Hunterz
[2621/3063] no-platform   -            9th Hole Snack Shop
[2622/3063] no-platform   -            HOTDOGS SINALOA 619
[2623/3063] no-platform   -            Balboa's Grill House
[2624/3063] no-platform   -            Sushi ki To
[2625/3063] no-platform   -            City Chopped Cheese
[2626/3063] no-platform   -            El Peruano Grill
[2627/3063] no-platform   -            Tacos delicioso
[2628/3063] no-platform   -            El Ostion Mariscos
[2629/3063] no-platform   -            Pollos Asados Goyos
[2630/3063] no-platform   -            FIFTEEN 360
[2631/3063] no-platform   -            Quel & Tito's Food Shack
[2632/3063] no-platform   -            Gourmet @ Culinary Outlook
[2633/3063] no-platform   -            Larry's Birria
[2634/3063] no-platform   -            Tacos Los Carnales
[2635/3063] no-platform   -            Taqueria Los Panchos
[2636/3063] no-platform   -            Sliderz & Mo'
[2637/3063] no-platform   -            HomeMeals
[2638/3063] no-platform   -            Premier Food Services
[2639/3063] no-platform   -            Kevin's Convenience Stand
[2640/3063] no-platform   -            Myung Ka Korean Food
[2641/3063] no-platform   -            Squishys619
[2642/3063] no-platform   -            La catrachita
[2643/3063] no-platform   -            Tacos "El Moy"
[2644/3063] no-platform   -            Galley
[2645/3063] no-platform   -            Tacos Loco's
[2646/3063] no-platform   -            El Taco Latino
[2647/3063] no-platform   -            La Casa de Don Juan
[2648/3063] no-platform   -            Kim's House
[2649/3063] no-platform   -            Marisol's Pie Shop
[2650/3063] no-platform   -            Cassara Kitchen & Bar
[2651/3063] no-platform   -            Sushi Love
[2652/3063] no-platform   -            Tamales Landa
[2653/3063] no-platform   -            Berta & Odina's Food Truck
[2654/3063] no-platform   -            Arrieros Tacos ¡Hecho está!
[2655/3063] no-platform   -            Food Pavilion
[2656/3063] no-platform   -            Oishii Sushi Bar
[2657/3063] no-platform   -            Mariscos La Baja Food Truck
[2658/3063] no-platform   -            Babylon Restaurant
[2659/3063] no-platform   -            Baba Coffee Mobile
[2660/3063] no-platform   -            YakiroSushi
[2661/3063] no-platform   -            McCozy
[2662/3063] no-platform   -            AVO Vegan Restaurant
[2663/3063] no-platform   -            Foundation X
[2664/3063] no-platform   -            Sunshine Poke & Sushi Rolls
[2665/3063] no-platform   -            Pizzaria, Etc.
[2666/3063] no-platform   -            Fifty 9 Fifty
[2667/3063] no-platform   -            Pop-up Tacos
[2668/3063] no-platform   -            Gilbeys Cocktail Lounge
[2669/3063] no-platform   -            Sapporo Rock & Roll Sushi
[2670/3063] no-platform   -            Zoe’s Place Bakery
[2671/3063] no-platform   -            Mama’s Cucina Italiana
[2672/3063] no-platform   -            Reef Lounge Poolside Bar & Grill
[2673/3063] no-platform   -            La Vuelta Club
[2674/3063] no-platform   -            Rancho Hookah Lounge
[2675/3063] no-platform   -            Bonnie's Bread Boutique
[2676/3063] no-platform   -            Tacos Los Carnales
[2677/3063] no-platform   -            Pizzeria
[2678/3063] no-platform   -            CHI
[2679/3063] no-platform   -            Mariscos El Prieto Express
[2680/3063] no-platform   -            Valencia Mexican Food
[2681/3063] no-platform   -            Bakery
[2682/3063] no-platform   -            Panaderia Rosarito
[2683/3063] no-platform   -            Tierra Mia Mariscos y Mas
[2684/3063] no-platform   -            The Fusion Bistro
[2685/3063] no-platform   -            (dba) The Wayfarer's Pantry - Cottage Kitchen
[2686/3063] no-platform   -            Wednesday Cake
[2687/3063] no-platform   -            Sushi In the Ranch
[2688/3063] no-platform   -            The Dining Room
[2689/3063] no-platform   -            Ximena
[2690/3063] no-platform   -            DAYGO Brunch’N
[2691/3063] no-platform   -            Tonkatsu Narikura - Coming Soon
[2692/3063] no-platform   -            Amanda Pandas Bakery
[2693/3063] no-platform   -            K-Bakery
[2694/3063] no-platform   -            Carniceria Taco Shop
[2695/3063] no-platform   -            SideYard Coffee
[2696/3063] no-platform   -            Jayda Marie's Bakery
[2697/3063] no-platform   -            Nooni’s Taco Shop
[2698/3063] no-platform   -            valarias
[2699/3063] no-platform   -            The Sourdough Sweetie
[2700/3063] no-platform   -            The Pagoda
[2701/3063] no-platform   -            The Taco Stop
[2702/3063] no-platform   -            MC's Kitchen
[2703/3063] no-platform   -            El Cuervo
[2704/3063] no-platform   -            Panderia Bakery
[2705/3063] no-platform   -            Ice Cream Parlor-Lemon Grove
[2706/3063] no-platform   -            Dieberto's
[2707/3063] no-platform   -            Mad Maui BBQ
[2708/3063] no-platform   -            Tlaxcala Hectoir's Taco Shop
[2709/3063] no-platform   -            Fronted
[2710/3063] no-platform   -            Six Degrees
[2711/3063] no-platform   -            Repostería Jexana
[2712/3063] no-platform   -            Donburi Kitchen
[2713/3063] no-platform   -            No excuse income
[2714/3063] no-platform   -            Mission Hills Coffee Company
[2715/3063] no-platform   -            Bavarian Inn
[2716/3063] no-platform   -            AZTECA SAN DIEGO TACO'S
[2717/3063] no-platform   -            Higher Grounds Coffee
[2718/3063] no-platform   -            C&C Barkery
[2719/3063] no-platform   -            College Sub Shop
[2720/3063] no-platform   -            Bakery 7
[2721/3063] no-platform   -            11th Marines Chow Hall
[2722/3063] no-platform   -            Frank’s Ice Cream Wholesale
[2723/3063] no-platform   -            Sweet By Saray
[2724/3063] no-platform   -            Marbella Oyster Bar
[2725/3063] no-platform   -            Jupiter Leucadia
[2726/3063] no-platform   -            Joe's Pizza and Bistro
[2727/3063] no-platform   -            Rds Log Cabin
[2728/3063] no-platform   -            Coral Market
[2729/3063] no-platform   -            Ball Three
[2730/3063] no-platform   -            Recognize Cocktails
[2731/3063] no-platform   -            Club Iguana
[2732/3063] no-platform   -            Heros
[2733/3063] no-platform   -            Romo Baker and general store
[2734/3063] no-platform   -            Lumière Café San Diego
[2735/3063] no-platform   -            Sports Lounge & Arcade Bar
[2736/3063] no-platform   -            Oasis Bar
[2737/3063] no-platform   -            Oscars Cocktail Bar
[2738/3063] no-platform   -            California Taco Club
[2739/3063] no-platform   -            The Coop
[2740/3063] no-platform   -            Porters Grille & BBQ
[2741/3063] no-platform   -            Elbo Rest
[2742/3063] no-platform   -            Molly Malones Sports Tavern
[2743/3063] no-platform   -            Blue Haven
[2744/3063] no-platform   -            P.B. Wellness Health & Nutrition
[2745/3063] no-platform   -            Luckyz Sports Pub
[2746/3063] no-platform   -            Mr. Jalepeno El Burrito Mexicano & more.
[2747/3063] no-platform   -            Desi N Friends
[2748/3063] no-platform   -            DeAnza Bar
[2749/3063] no-platform   -            The Cove
[2750/3063] no-platform   -            Embassy Room
[2751/3063] no-platform   -            OB Tamales and Taqueria
[2752/3063] no-platform   -            Walters Cafe and Trailer Pk
[2753/3063] no-platform   -            Birdies Bar and Grill
[2754/3063] no-platform   -            Oside Shave Ice
[2755/3063] no-platform   -            Miramar Fresh Kitchen
[2756/3063] no-platform   -            COFFEE CRATE
[2757/3063] no-platform   -            V/ Workout Bar
[2758/3063] no-platform   -            Yogen FrÃ¼z
[2759/3063] no-platform   -            Mariscos La Tia
[2760/3063] no-platform   -            Out of Towners Bar Grill Lounge
[2761/3063] no-platform   -            The Shine Shack
[2762/3063] no-platform   -            Ramones
[2763/3063] no-platform   -            Leading Edge Cafe
[2764/3063] no-platform   -            Rainbow Cafe
[2765/3063] no-platform   -            Yute Keto Bakery
[2766/3063] no-platform   -            Marla’s Coffee
[2767/3063] no-platform   -            El Cotixan Taco Shop
[2768/3063] no-platform   -            Boo Boo Sweetz
[2769/3063] no-platform   -            Sprinkles Cafe
[2770/3063] no-platform   -            Island Market
[2771/3063] no-platform   -            Tides
[2772/3063] no-platform   -            Gabriel's Taco Stand
[2773/3063] no-platform   -            The Stag Lion
[2774/3063] no-platform   -            Bincho taco
[2775/3063] no-platform   -            Spicy Duck
[2776/3063] no-platform   -            Little Owl Coffe & Tea
[2777/3063] no-platform   -            The Bridge Snacks and Refreshments
[2778/3063] no-platform   -            San Diego Creamery
[2779/3063] no-platform   -            La delicia
[2780/3063] no-platform   -            Seafood and pub
[2781/3063] no-platform   -            Roxie’s Sweet Bakes & Treats
[[2782/3063] no-platform   -            Seafood and pub
[2783/3063] no-platform   -            Ramone's
[2784/3063] no-platform   -            Mongus Grill
[2785/3063] no-platform   -            Bin Kheer Café
[2786/3063] no-platform   -            Raspados Aloha 2
[2787/3063] no-platform   -            A Piece of Cake
[2788/3063] no-platform   -            Windansea Bar and Grill
[2789/3063] no-platform   -            Kouklas Cafe
[2790/3063] no-platform   -            Barra 8
[2791/3063] no-platform   -            Techy Cafe Chula Vista
[2792/3063] no-platform   -            Club 42 Tequila Bar
[2793/3063] no-platform   -            Churro Con Chocolate
[2794/3063] no-platform   -            Tutu Taco
[2795/3063] no-platform   -            Vero's Sweet Bakeshop
[2796/3063] no-platform   -            Cafe Europe
[2797/3063] no-platform   -            Cultivated Greens
[2798/3063] no-platform   -            Lupita's Mexican Food
[2799/3063] no-platform   -            Galley
[2800/3063] no-platform   -            The Bistro Restaurant
[2801/3063] no-platform   -            Cafecito del Monte
[2802/3063] no-platform   -            Cozy Cat Bakehouse
[2803/3063] no-platform   -            Desayunos y Baguettes
[2804/3063] no-platform   -            Viva el Cafe
[2805/3063] no-platform   -            Fairbanks Coffee Stand
[2806/3063] no-platform   -            Mickies Suds Room
[2807/3063] no-platform   -            Izakaya En
[2808/3063] no-platform   -            Trolley
[2809/3063] no-platform   -            Dees Sports Tavern
[2810/3063] no-platform   -            49Er
[2811/3063] no-platform   -            Stone Brewing Company
[2812/3063] no-platform   -            Macan Market
[2813/3063] no-platform   -            Panniken
[2814/3063] no-platform   -            Robbie's Roadhouse
[2815/3063] no-platform   -            Raspabros
[2816/3063] no-platform   -            The Place
[2817/3063] no-platform   -            El Paso Bar
[2818/3063] no-platform   -            CC Bakehouse
[2819/3063] no-platform   -            Joshways Barbeque
[2820/3063] no-platform   -            Cups Coffee Cart
[2821/3063] no-platform   -            Regional My Place
[2822/3063][2822/3063] no-platform   -            Joshways Bar[2823/3063] no-platform   -            Mission Grounds Coff[2824/3063] no-platform   -            Mesa Cafe
[2825/3[2825/3063] no-platform   -            Mesa Cafe
[2826/3063] no-platform   -            Lush Lounge
[2827/3063] no-platform   -            El Picnic Tabel
[2828/3063] no-platform   -            Canela Bake
[2829/3063] no-platform   -            Oasis On The Rocks
[2830/3063] no-platform   -            House O[2831/3063] no-platform   -            House Of Draught No 2
[2832/3063] no-platform   -            Kneading Love Micro Bakery
[2833/3063] no-platform   -            La Michoacana Ice Cream
[2834/3063] no-platform   -            Steves Cabana
[2835/3063] no-platform   -            Taco’s El Chaparro
[2836/3063] no-platform   -            Poke Point
[2837/3063] no-platform   -            Ciccicotti’s
[2838/3063] no-platform   -            Nespresso Pop-Up
[2839/3063] no-platform   -            The Cow Shed Bar and Grill
[2840/3063] no-platform   -            Natural Delights Juice Bar
[2841/3063] no-platform   -            Bonitas Bar and Grill
[2842/3063] no-platform   -            Casa del Pane
[2843/3063] no-platform   -            Pikes Iron Wagon Real Pit BBQ
[2844/3063] no-platform   -            Captain's Seafood Gallery
[2845/3063] no-platform   -            NA
[2846/3063] no-platform   -            Indigo Pineapple Café
[2847/3063] no-platform   -            The Patch Coffee
[2848/3063] no-platform   -            The Hearth
[2849/3063] no-platform   -            Birria a Mi Gusto
[2850/3063] no-platform   -            HomemadebyNashae
[2851/3063] no-platform   -            Spreckels Sweets And Treats
[2852/3063] no-platform   -            Chimbita
[2853/3063] no-platform   -            Little Frosty’s
[2854/3063] no-platform   -            Wolftown
[2855/3063] no-platform   -            Porciones De Dulzura Bakery
[2856/3063] no-platform   -            Smoked Street Tacos
[2857/3063] no-platform   -            El Cajon Grand Cocktail Lounge
[2858/3063] no-platform   -            The Dulzura Cafe%2C
[2859/3063] no-platform   -            Palomar Ice Cream and Candy
[2860/3063] no-platform   -            Pannakin Coffee & Tea
[2861/3063] no-platform   -            jr sushi
[2862/3063] no-platform   -            Bella Bakery Boutique LLC
[2863/3063] no-platform   -            Birria & Mariscos el Zurdo
[2864/3063] no-platform   -            Sabor Michoacán
[2865/3063] no-platform   -            Donut Star
[2866/3063] no-platform   -            Hungarian bakery
[2867/3063] no-platform   -            Americana Restaurant
[2868/3063] no-platform   -            Tortilleria Bakery
[2869/3063] no-platform   -            Tacos Las Huesas
[2870/3063] no-platform   -            Carnitas y Chicharrones Los Marranitos SD #1
[2871/3063] no-platform   -            Mexican Seafood & Grill
[2872/3063] no-platform   -            Sabor A Cielo Sweets
[2873/3063] no-platform   -            Pine Valley Java
[2874/3063] no-platform   -            The Pony Express Coffee Bar & Drive Thru
[2875/3063] no-platform   -            Tacos de corazón
[2876/3063] no-platform   -            CaliTea
[2877/3063] no-platform   -            Koffeeing UP
[2878/3063] no-platform   -            Barking Deer Pizza & Beer
[2879/3063] no-platform   -            Old California Coffee House and Eatery
[2880/3063] no-platform   -            Sattellite Bites
[2881/3063] no-platform   -            Las Palmas
[2882/3063] no-platform   -            Wellspring Tea Room
[2883/3063] no-platform   -            Hawaiian Shaved Ice
[2884/3063] no-platform   -            Pretzel Market
[2885/3063] no-platform   -            La Cucharita
[2886/3063] no-platform   -            Cafe Zzo Coffee Shop and Mini Mart
[2887/3063] no-platform   -            DQ Orange Julius
[2888/3063] no-platform   -            Maggie’s Cake Shop
[2889/3063] no-platform   -            Sourworx
[2890/3063] no-platform   -            Ramen Goddess
[2891/3063] no-platform   -            Tacos el jefe
[2892/3063] no-platform   -            The Beekeeper's Oven - Julian
[2893/3063] no-platform   -            Ghost tacos downtown
[2894/3063] no-platform   -            Rusty Spur Cocktails and Dancing
[2895/3063] no-platform   -            Eppig Brewing North Park
[2896/3063] no-platform   -            Smokehouse Pizza & BBQ
[2897/3063] no-platform   -            Nimbus Bakery
[2898/3063] no-platform   -            Pho PB
[2899/3063] no-platform   -            Café VERA
[2900/3063] no-platform   -            1935 Artisan Desserts & Kitchen
[2901/3063] no-platform   -            iDessert
[2902/3063] no-platform   -            Arevalo's Raspados
[2903/3063] no-platform   -            Frost Me Gourmet Cupcakes
[2904/3063] no-platform   -            Cocina Tonalnan
[2905/3063] no-platform   -            Blooming Vegans
[2906/3063] no-platform   -            Cafe Pho
[2907/3063] no-platform   -            Bread of Life Bakes
[2908/3063] no-platform   -            Bien Hecho Coffee
[2909/3063] no-platform   -            Walking on Water Cafe
[2910/3063] no-platform   -            Southbay Cafe & Cantina
[2911/3063] no-platform   -            Bee's Bread Co
[2912/3063] no-platform   -            La Vendimia de María Tavares
[2913/3063] no-platform   -            Mariscos Seafood
[2914/3063] no-platform   -            KGP Pizza & Grill
[2915/3063] no-platform   -            Mike’s Sourdough Bakery
[2916/3063] no-platform   -            Takos El Michi
[2917/3063] no-platform   -            Nouvelle Latin Cuisine
[2918/3063] no-platform   -            Nature's emporumh
[2919/3063] no-platform   -            Pacific Taco Shop
[2920/3063] no-platform   -            Five Loaves Sourdough Co.
[2921/3063] no-platform   -            Cocinita La Michoacana
[2922/3063] no-platform   -            Wash mobile
[2923/3063] no-platform   -            On Point BBQ
[2924/3063] no-platform   -            Ettas Place
[2925/3063] no-platform   -            Sweet Robin's
[2926/3063] no-platform   -            La Michoacana Elite
[2927/3063] no-platform   -            Sunset by the Park
[2928/3063] no-platform   -            El Patrón Mar y Tierra
[2929/3063] no-platform   -            Sinaloa Fish
[2930/3063] no-platform   -            Mariscos El Paisa
[2931/3063] no-platform   -            Coffee & Smoothies
[2932/3063] no-platform   -            Little Vienna
[2933/3063] no-platform   -            Rise & Brew Coffee
[2934/3063] no-platform   -            Puffs SD- HomeBased
[2935/3063] no-platform   -            Teris East
[2936/3063] no-platform   -            Gallopin In
[2937/3063] no-platform   -            MIKAKU sushi and grill
[2938/3063] no-platform   -            Downtown BBQ
[2939/3063] no-platform   -            Seafood San Diego
[2940/3063] no-platform   -            Los hotchos del barrio
[2941/3063] no-platform   -            Men-ya Mufu - Coming Soon
[2942/3063] no-platform   -            Hajime Ramen
[2943/3063] no-platform   -            Bloomix studio
[2944/3063] no-platform   -            Shibari
[2945/3063] no-platform   -            CC Bakehouse
[2946/3063] no-platform   -            Taste of Home Cakes and Cupcakes
[2947/3063] no-platform   -            La Sheesh Bar & Grill
[2948/3063] no-platform   -            Parkway Social 619
[2949/3063] no-platform   -            Rooster Ramen
[2950/3063] no-platform   -            Cafe Pronto
[2951/3063] no-platform   -            Pizza
[2952/3063] no-platform   -            Rooster Ramen
[2953/3063] no-platform   -            SHOR
[2954/3063] no-platform   -            Bakery San Jorge
[2955/3063] no-platform   -            Lemonlade
[2956/3063] no-platform   -            Lina's Bakery
[2957/3063] no-platform   -            Nik's BBQ
[2958/3063] no-platform   -            Cozy Crumble Cottage Bakery
[2959/3063] no-platform   -            Fox Point Pizza
[2960/3063] no-platform   -            Chicanos Pastries
[2961/3063] no-platform   -            Mimosa
[2962/3063] no-platform   -            Caveman BBQ
[2963/3063] no-platform   -            Its Cafe Thai
[2964/3063] no-platform   -            College Corner Cafe
[2965/3063] no-platform   -            Powder Technology Laboratory Coffee
[2966/3063] no-platform   -            Coca Cola Market
[2967/3063] no-platform   -            An's Gelato
[2968/3063] no-platform   -            VAQUERO TJ GRILL
[2969/3063] no-platform   -            Mariscos villafaña
[2970/3063] no-platform   -            Taco Lovers
[2971/3063] no-platform   -            Speak Easy
[2972/3063] no-platform   -            Tacos
[2973/3063] no-platform   -            Incredibowl Cafe & Deli
[2974/3063] no-platform   -            Omas Delectables
[2975/3063] no-platform   -            Eryan Sweets
[2976/3063] no-platform   -            Fairbanks Coffee Company
[2977/3063] no-platform   -            Kaphe Muna
[2978/3063] no-platform   -            Sweetheart farms
[2979/3063] no-platform   -            El Rancho Grande Bar & Grill
[2980/3063] no-platform   -            The Beekeeper's Oven Farmstand - Santa Ysabel
[2981/3063] no-platform   -            Sweet Rose Cottage Bakery, LLC
[2982/3063] no-platform   -            CottageKitchen
[2983/3063] no-platform   -            Neat treats by Rachel
[2984/3063] no-platform   -            El Rancho Bar & Grill
[2985/3063] no-platform   -            Eds Cocktail Lounge
[2986/3063] no-platform   -            Lili antojitos and Mexican food Boulevard
[2987/3063] no-platform   -            JT Bros
[2988/3063] no-platform   -            Fruity Fruits
[2989/3063] no-platform   -            Beach Cuisine Inc
[2990/3063] no-platform   -            Sweet Bean Cafe
[2991/3063] no-platform   -            The Grove Bar & Grill
[2992/3063] no-platform   -            Julie's Desserts & Bakery
[2993/3063] no-platform   -            Fuego Mediterranean Grill
[2994/3063] no-platform   -            Muneca ice cream
[2995/3063] no-platform   -            Blue Star Cafe
[2996/3063] no-platform   -            Colors cafe
[2997/3063] no-platform   -            Shack-House
[2998/3063] no-platform   -            Café Bien
[2999/3063] no-platform   -            Cafe East by Eurest
[3000/3063] no-platform   -            Mission Burger
[3001/3063] no-platform   -            Dollshie Coffee
[3002/3063] no-platform   -            Mila's Ice cream & snacks
[3003/3063] no-platform   -            Cafe Rico & Catering LLC
[3004/3063] no-platform   -            Torpedo Grill
[3005/3063] no-platform   -            Olga's Food Place
[3006/3063] no-platform   -            Arevalo's Bakery
[3007/3063] no-platform   -            Prinkipia Frozen Yogurt
[3008/3063] no-platform   -            Cafe Bella Express
[3009/3063] no-platform   -            Super Mario's Mexican Food
[3010/3063] no-platform   -            Raymundos taco shop
[3011/3063] no-platform   -            Wynola Pizza Express
[3012/3063] no-platform   -            Paula Jean's Coffee Bean
[3013/3063] no-platform   -            Sushi Gaga
[3014/3063] no-platform   -            Tantuni Turkish Street Food
[3015/3063] no-platform   -            Dolce Cafe
[3016/3063] no-platform   -            Dalat Cafe
[3017/3063] no-platform   -            Modern Kabob - Grill & Smoothies
[3018/3063] no-platform   -            Café Noelle
[3019/3063] no-platform   -            Taste of egypt cafe
[3020/3063] no-platform   -            Las Muñecas tradicional desserts
[3021/3063] no-platform   -            La Sirena
[3022/3063] no-platform   -            BAKERY FUENTES
[3023/3063] no-platform   -            Yeeha Boba
[3024/3063] no-platform   -            AREA DE COMIDA
[3025/3063] no-platform   -            Latte By The Sea
[3026/3063] no-platform   -            Tacos De Birria Mayo
[3027/3063] no-platform   -            Moreliana Ice Cream & Restaurant
[3028/3063] no-platform   -            Madina Delicious Restaurant
[3029/3063] no-platform   -            Donas Bakery and Food to Go
[3030/3063] no-platform   -            Society featuring Bubbas BBQ
[3031/3063] no-platform   -            Smoothie Caffe
[3032/3063] no-platform   -            DONUTOPOLIS SCRIPPS RANCH VILLAGES
[3033/3063] no-platform   -            National Burrito
[3034/3063] no-platform   -            Santos Cafe Old Town
[3035/3063] no-platform   -            Muscle Bar
[3036/3063] no-platform   -            Cafecito on Park
[3037/3063] no-platform   -            Chandelier Lounge Cuisine
[3038/3063] no-platform   -            Eva's Bakery
[3039/3063] no-platform   -            Samba arena cafe
[3040/3063] no-platform   -            Machela
[3041/3063] no-platform   -            Zen Coffee & Deli
[3042/3063] no-platform   -            Duke's Hawaiian Coffee
[3043/3063] no-platform   -            Chimney Nation
[3044/3063] no-platform   -            Chimney Nation
[3045/3063] no-platform   -            Dalat Cafe
[3046/3063] no-platform   -            Los 3 Animales Taqueria
[3047/3063] no-platform   -            The Nutrition Checkpoint
[3048/3063] no-platform   -            Sweet Bee Desserts
[3049/3063] no-platform   -            Savioe
[3050/3063] no-platform   -            Mariscos Del Barrio
[3051/3063] no-platform   -            Denis’s Bakery
[3052/3063] no-platform   -            Baked & Blended
[3053/3063] no-platform   -            Michele’s Cafe & Galleria
[3054/3063] no-platform   -            Ben & Jerry's
[3055/3063] no-platform   -            Serina Pizza
[3056/3063] no-platform   -            Taqueria Mucho Toro
[3057/3063] no-platform   -            Blanco Rosso
[3058/3063] no-platform   -            Sweet city creamery
[3059/3063] no-platform   -            Hafla Platter Inc
[3060/3063] no-platform   -            Chamoyess
[3061/3063] no-platform   -            Mar & Fuego
[3062/3063] no-platform   -            Tacos la ocho
[3063/3063] no-platform   -            Nutrition Prime Spot

platform                       attempted         filed       too-few         gated  wrong-branch needs-browser   no-platform  fetch-failed  screened-out
none                                2465             0             0             0             0            61          2404             0             0
toast                                130             2             0             2            37            84             0             0             5
order.online                         114             1             1             0             8            97             0             0             7
Square Online storefront              82             0             0             0             0            82             0             0             0
Square Online (own domain)            46             0             0             0             0            46             0             0             0
shopify                               31             3             5             0             0             0             0             0            23
chownow                               26             0             0             4             0            22             0             0             0
olo                                   23             0             0             0             0            23             0             0             0
MealKeyWay                            21             0             0             0             0            21             0             0             0
slice                                 19             0             0             0             1            17             0             0             1
spothopper                            17             1             1             0             0            15             0             0             0
netwaiter                             14             0            14             0             0             0             0             0             0
SpotOn                                14             0             0             0             0            14             0             0             0
clover                                11             0             0             0             2             4             0             0             5
own-jsonld                            10             5             1             0             2             0             0             0             2
plain-html                            10             0             0             0             0            10             0             0             0
HungerRush                             7             0             0             0             0             7             0             0             0
wix                                    6             4             2             0             0             0             0             0             0
popmenu                                5             0             0             0             5             0             0             0             0
GloriaFood widget                      4             0             0             0             0             4             0             0             0
menufy                                 3             0             0             0             0             0             0             0             3
MenuSifu                               2             0             0             0             0             2             0             0             0
Paytronix                              2             0             0             0             0             2             0             0             0
ubereats                               1             0             0             0             0             1             0             0             0
TOTAL                               3063            16            24             6            55           512          2404             0            46

16 menus, 282 dishes
wrote menus/wip/router-20260906-023750.json
wrote menus/wip/router-20260906-023750.notes.json
