queue 2947 (1937 with a website, 1010 via serper fallback only); routing 2947 at concurrency 4

[   1/2947] no-platform   -            Oceanside Harbor Village
[   2/2947] no-platform   -            Crumbl Cookies[[   3/2947] no-platform   -            Westfield UTC
[   4/2947] no-platform   -            Ghirardelli Ice Cream & Chocolate Shop
[   5/2947] no-platform   -            Sessions by the Bay Cann[   6/2947] no-platform   -[   6/2947] filed         own-jsonld   Peterson's Donut Corner
[   7/2947] needs-browser toast        Liberty Public Market
[   8/2947] no-platform   -            Mitsuwa Marketplace - San Diego
[   9/2947] needs-browser chownow      Burger Bench Escondido
[  10/2947] needs-browser -            Casa de Freds
[  11/2947] no-platform   -            Kaelin's Market
[  12/2947] no-platform   -            Cardiff Seaside Market
[  13/2947] screened-out  order.online Wood Ranch Mission Valley
[  14/2947] no-platform   -            Mama Kat's Restaurant
[  15/2947] no-platform   -            Somisomi
[  16/2947] needs-browser order.online Rodizio Gril[  17/2947] needs-browser order.o[  17/2947] no-platform   -            Mimi's Cafe
[  18/2947] needs-browser toast        Draft South Mission
[  19/2947] no-platform   -            El Super
[  20/2947] no-platform   -            Yogurt Mill
[  21/2947] no-platform   -            Sally's Waterfront Dining
[  22/2947] no-platform   -            Crumbl Cookies
[  23/2947] no-platform   -            Twin Peaks
[  24/2947] no-platform   -            Taquería Imperial
[  25/2947] no-platform   -            Windmill Food Hall
[  26/2947] needs-browser chownow      Brigantine Seafood
[  27/2947] no-platform   -            Public Square Coffee House
[  28/2947] no-platform   -            VG Donut & Bakery
[  29/2947] no-platform   -            Original Pancake House Vista
[  30/2947] no-platform   -            Acai Republic - Oceanside
[  31/2947] no-platform   -            Portside Pier
[  32/2947] no-platform   -            Crumbl Cookies
[  33/2947] no-platform   -            Khyber Pass Zarparan Restaurant | Afghan
[  34/2947] no-platform   -            Lake Cuyamaca Restaurant & Store
[  35/2947] no-platform   -            Otay Farms Market & Mexican Food
[  36/2947] wrong-branch  toast        Lucha Libre Taco Shop
[  37/2947] no-platform   -            Menudería Don Vicente
[  38/2947] no-platform   -            Con Pane Rustic Breads & Cafe
[  39/2947] needs-browser order.online Tom's Famous Family Restaurant 24
[  40/2947] no-platform   -            Prohibition Lounge
[  41/2947] needs-browser olo          Dog Haus Biergarten
[  42/2947] needs-browser toast        Barrio Star
[  43/2947] no-platform   -            Islands Restaurant Chula Vista
[  44/2947] needs-browser toast        FIT Social
[  45/2947] needs-browser Square Online storefront Wayfarer Bread & Pastry
[  46/2947] no-platform   -            Saigon Restaurant
[  47/2947] needs-browser olo          Better Buzz Coffee San Marcos
[  48/2947] no-platform   -            Crumbl Cookies
[  49/2947] no-platform   -            Quartyard
[  50/2947] needs-browser toast        MooTime Creamery
[  51/2947] wrong-branch  toast        Good Night John Boy
[  52/2947] no-platform   -            Kiko's Place-The Seafood King
[  53/2947] no-platform   -            Huckleberry's Breakfast & Lunch
[  54/2947] no-platform   -            Fridas Street Tacos
[  55/2947] no-platform   -            Rubio's Coastal Grill
[  56/2947] no-platform   -            Phở Vân Restaurant
[  57/2947] needs-browser order.online Primos Mexican Food & Cantina
[  58/2947] no-platform   -            Crumbl Cookies
[  59/2947] needs-browser order.online TOM's Famous Family Restaurant 22
[  60/2947] no-platform   -            Hong Kong Restaurant
[  61/2947] no-platform   -            Sweet Spot Real Jamaican Restaurant
[  62/2947] no-platform   -            Crumbl Cookies
[  63/2947] no-platform   -            Crumbl Cookies
[  64/2947] needs-browser -            Noble Experiment
[  65/2947] needs-browser plain-html   Por Favor El Cajon
[  66/2947] needs-browser slice        Massachusetts Mike's Pizzeria
[  67/2947] no-platform   -            Loreto's Taco Shop
[  68/2947] too-few       netwaiter    Su Pan Bakery El Cajon
[  69/2947] needs-browser toast        Tom's Watch Bar - Petco Park
[  70/2947] no-platform   -            Taco Bar
[  71/2947] needs-browser plain-html   Papas & Tacos Mexican Food
[  72/2947] needs-browser chownow      Parakeet Cafe - Little Italy
[  73/2947] no-platform   -            Deiberto's Mexican Restaurant
[  74/2947] no-platform   -            Plazas Mexican Food
[  75/2947] no-platform   -            Carnitas Las Michoacánas
[  76/2947] no-platform   -            The Shores Restaurant
[  77/2947] needs-browser plain-html   Nick's on State
[  78/2947] no-platform   -            Red Fox Room and Steakhouse
[  79/2947] needs-browser toast        Lanna Thai Cuisine
[  80/2947] no-platform   -            Los Reyes Mexican Restau[  81/2947] no-platform   -            Los Reyes Mexican Restaurant & Cantina
[  82/2947] needs-browser order.online Jimbo's - Escondido
[  83/2947] too-few       spothopper   Kebab Craft
[  84/2947] no-platform   -            Los Garcia's Taco Shop
[  85/2947] no-platform   -            Fallbrook Cafe
[  86/2947] needs-browser toast        Coya Peruvian Secret
[  87/2947] no-platform   -            El Real Mexican Food
[  88/2947] needs-browser olo          Better Buzz Coffee Escondido
[  89/2947] no-platform   -            Stone Brewing Tap Room - Oceanside
[  90/2947] no-platform   -            Round1 Bowling & Arcade - National City
[  91/2947] needs-browser olo          DQ GRILL & CHILL, OCEANSIDE
[  92/2947] needs-browser order.online Vaqueros Carne Asada
[  93/2947] screened-out  order.online Grandma Tofu & BBQ
[  94/2947] no-platform   -            Barrio Food Hub
[  95/2947] no-platform   -            Los Junior's Mexican Food
[  96/2947] needs-browser order.online Jimbo’s - Carmel Valley
[  97/2947] needs-browser Square Online storefront Empanada Kitchen
[  98/2947] needs-browser slice        Pastalini
[  99/2947] needs-browser slice        Pastalini
[ 100/2947] no-platform   -            I Love Bagels
[ 101/2947] no-platform   -            BunZ
[ 102/2947] no-platform   -            Newtopia Cyder
[ 103/2947] no-platform   -            Rubio's Coastal Grill
[ 104/2947] no-platform   -            Tiajuana Food Court
[ 105/2947] needs-browser toast        The Asian Bistro
[ 106/2947] screened-out  shopify      4th Ave Lounge
[ 107/2947] no-platform   -            Tocumbo Ice Cream
[ 108/2947] no-platform   -            Tacotarian San Diego
[ 109/2947] no-platform   -            Paradise Lounge & Grill - San Diego's Best Sports Bar
[ 110/2947] needs-browser Square Online storefront skybound coffee + dessert lounge
[ 111/2947] needs-browser olo          Panini Kabob Grill - Mission Valley
[ 112/2947] no-platform   -            It's Raw Poke Shop
[ 113/2947] no-platform   -            Antonio's Mexican Food
[ 114/2947] needs-browser order.online Sancho's Tacos
[ 115/2947] needs-browser Square Online (own domain) Up2You Cafe
[ 116/2947] needs-browser plain-html   Nick's Del Mar
[ 117/2947] no-platform   -            Iceskimo
[ 118/2947] no-platform   -            Crumbl Cookies
[ 119/2947] needs-browser olo          Better Buzz Coffee Coronado
[ 120/2947] needs-browser Square Online storefront Sunny Side Kitchen
[ 121/2947] needs-browser olo          Better Buzz Coffee Pacific Beach Grand
[ 122/2947] no-platform   -            El Primo Birriería
[ 123/2947] no-platform   -            EQ San Diego
[ 124/2947] no-platform   -            Cute Cakes Bakery & Café
[ 125/2947] needs-browser plain-html   Pancho's Mexican Restaurant
[ 126/2947] no-platform   -            La Concha Bakery
[ 127/2947] needs-browser toast        Galpão Gaucho Brazilian Steakhouse
[ 128/2947] needs-browser SpotOn       allmine pizza and pasta
[ 129/2947] needs-browser toast        1022 Cafe & Gelateria
[ 130/2947] no-platform   -            Lucy's Bakery
[ 131/2947] needs-browser toast        Risers Pizza
[[ 132/2947] no-platform   -            VAGA Restaurant & Bar
[ 133/2947] needs-browser toast        Risers Pizza
[ 134/2947] needs-browser spothopper   Village Pizza
[ 135/2947] needs-browser -            Sammy's Woodfire Pizza and Grille
[ 136/2947] no-platform   -            Hanu Korean BBQ
[ 137/2947] no-platform   -            Zarlitos Family Restaurant
[ 138/2947] no-platform   -            Eppig Brewing Co. Waterfront Biergarten
[ 139/2947] needs-browser order.online Robertito's Mexican Food
[ 140/2947] no-platform   -            Baci Restaurant | Italian
[ 141/2947] needs-browser order.online Sukho Thai Extraordinaire
[ 142/2947] no-platform   -            Golden Mandarin
[ 143/2947] needs-browser Square Online (own domain) Camp Coffee Company
[ 144/2947] needs-browser toast        Shaks Mediterranean Bistro
[ 145/2947] needs-browser -            Beyer Deli
[ 146/2947] needs-browser Square Online (own domain) Beach City Smoothies
[ 147/2947] needs-browser Square Online (own domain) Portal Coffee
[ 148/2947] no-platform   -            Golden Donut
[ 149/2947] no-platform   -            Edelweiss Bakery
[ 150/2947] needs-browser SpotOn       Souplantation
[ 151/2947] no-platform   -            Frida’s Taqueria Oceanside
[ 152/2947] needs-browser spothopper   Los Panchos Mexican Grill & Seafood
[ 153/2947] needs-browser Square Online storefront Prager Brothers Artisan Breads
[ 154/2947] no-platform   -            The Bella Lounge
[ 155/2947] no-platform   -            Mi Ranchito Taco Shop
[ 156/2947] no-platform   -            Rubio's Coastal Grill
[ 157/2947] no-platform   -            Superbloom Coffee & Juice
[ 158/2947] needs-browser MealKeyWay   Dumplings N More
[ 159/2947] needs-browser spothopper   Penelopes Mexican Food
[ 160/2947] no-platform   -            Birria El Rey
[ 161/2947] no-platform   -            Market on 8th
[ 162/2947] needs-browser -            California Pizza Kitchen[ 163/2947] needs[ 163/2947] no-platform   -            Niederfrank's Ice Cream
[ 164/2947] no-platform   -            GelatoLove Car[ 165/2947] ne[ 165/2947] needs-browser Square Online storefront Maan's Mediterranean Grill
[ 166/2947] no-platform   -            Konito's Cafe
[ 167/2947] needs-browser toast        The Remy
[ 168/2947] screened-out  shopify      Ascend Coffee Roasters
[ 169/2947] no-platform   -            Panda Imperial Restaurant
[ 170/2947] no-platform   -            Quixote
[ 171/2947] no-platform   -            Mariscos Mar Y Tierra
[ 172/2947] too-few       order.online Ben & Jerry's
[ 173/2947] no-platform   -            The Cowshed
[ 174/2947] no-platform   -            Manna Heaven BBQ - National City
[ 175/2947] needs-browser order.online Rise Southern Biscuits & Righteous Chicken - San Diego
[ 176/2947] no-platform   -            The Cowshed
[ 177/2947] no-platform   -            Bonchon Chicken
[ 178/2947] no-platform   -            Crumbl Cookies
[ 179/2947] needs-browser toast        Sultan Baklava
[ 180/2947] no-platform   -            Chiroys Cafe
[ 181/2947] no-platform   -            Yingli Restaurant | Chula Vista
[ 182/2947] needs-browser -            The Invigatorium
[ 183/2947] needs-browser HungerRush   Flippin' Pizza NY Pies and Slices
[ 184/2947] no-platform   -            Red Lobster
[ 185/2947] needs-browser spothopper   Curry & More - Indian Bistro
[ 186/2947] needs-browser spothopper   3N1 Sports Bar & Grill
[ 187/2947] no-platform   -            Green Vine Delicatessen
[ 188/2947] no-platform   -            Jts Clubhouse Pub and Grill
[ 189/2947] no-platform   -            The Vibe
[ 190/2947] too-few       netwaiter    Aiberto's Taco Shop
[ 191/2947] no-platform   -            Marina Kitchen
[ 192/2947] no-platform   -            Manna Heaven BBQ Downtown
[ 193/2947] no-platform   -            Pacific Beach Ice Cream Co.
[ 194/2947] needs-browser spothopper   Julian Hard Cider
[ 195/2947] no-platform   -            Curbside Eatery & Drinkery
[ 196/2947] no-platform   -            Leucadia Donut Shoppe
[ 197/2947] no-platform   -            Arizona Chinese Restaurant
[ 198/2947] needs-browser -            The Rooftop by STK
[ 199/2947] no-platform   -            ICHIBAN RAMEN AND SUSHI
[ 200/2947] needs-browser -            Canyon Grille
[ 201/2947] no-platform   -            Muri Coffee & Dessert
[ 202/2947] needs-browser toast        Tabu Sushi Bar & Grill Santee
[ 203/2947] no-platform   -            China Fun
[ 204/2947] no-platform   -            Lighthouse Ice Cream
[ 205/2947] no-platform   -            Savory Thai Restaurant
[ 206/2947] no-platform   -            SOMISOMI
[ 207/2947] no-platform   -            The Buffet
[ 208/2947] wrong-branch  toast        Beeside Balcony La Jolla
[ 209/2947] no-platform   -            Ami Sushi
[ 210/2947] no-platform   -            Seafood La 57
[ 211/2947] no-platform   -            Hidden Fish
[ 212/2947] no-platform   -            Coffee by Malibu Farm
[ 213/2947] needs-browser Square Online storefront Bay Park Coffee
[ 214/2947] no-platform   -            Draft Republic San Marcos
[ 215/2947] no-platform   -            Sandwich Emporium
[ 216/2947] needs-browser Square Online storefront Portinos Restaurant
[ 217/2947] too-few       shopify      Mr. Coconut CA
[ 218/2947] no-platform   -            El Charro Mexican Food
[ 219/2947] no-platform   -            Hurricane Grill & Wings
[ 220/2947] needs-browser toast        QUICK BITES CAFE / Best Sandwiches
[ 221/2947] no-platform   -            Black Cat Bar
[ 222/2947] no-platform   -            La Sabrosita
[ 223/2947] no-platform   -            Emma's Mexican Food
[ 224/2947] needs-browser -            Truckstop Saloon
[ 225/2947] no-platform   -            La Central - Birrieria y Menuderia
[ 226/2947] needs-browser MealKeyWay   大鼓米线Dagu Miishien
[ 227/2947] screened-out  toast        Agave Birrieria
[ 228/2947] needs-browser spothopper   il Sogno Italiano
[ 229/2947] no-platform   -            Duck Foot Brewing
[ 230/2947] no-platform   -            Mariscos La Perla Negra
[ 231/2947] no-platform   -            Spitz Mediterranean Street Food
[ 232/2947] no-platform   -            Rancho Las Palmas [ 233/2947] no-platform [ 233/2947] no-platform   -            Helix Brewing Co.
[ 234/2947] no-platform   -            Paris Baguette
[ 235/2947] no-platform   -            Angelito's Fruteria Y Neveria
[ 236/2947] no-platform   -            New York Buffalo[ 237/2[ 237/2947] needs-browser toast        Healthy Creations Cafe
[ 238/2947] needs-browser toast        Valentina
[ 239/2947] no-platform   -            Fortuna Ristorante Italiano
[ 240/2947] needs-browser Square Online storefront El Cajon Elks Lodge 1812
[ 241/2947] gated         chownow      Finney's Crafthouse
[ 242/2947] no-platform   -            Phở Carlsbad
[ 243/2947] no-platform   -            Camel's Bar and Grill
[ 244/2947] no-platform   -            Phở Carlsbad
[ 245/2947] no-platform   -            Kinaly Thai Restaurant
[ 246/2947] no-platform   -            SanSai Japanese Grill
[ 247/2947] no-platform   -            Handel's Homemade Ice Cream Vista
[ 248/2947] no-platform   -            Fugu
[ 249/2947] needs-browser Square Online storefront Genteel Coffee Roasters
[ 250/2947] needs-browser toast        Novo Brazil Brewing Mission Valley
[ 251/2947] needs-browser order.online TOUS les JOURS Bakery Café - La Jolla
[ 252/2947] needs-browser toast        NOIR Sushi and Sake Fusion Lounge
[ 253/2947] no-platform   -            The Par Lounge and Deck
[ 254/2947] no-platform   -            Hopnonymous Brewing Company
[ 255/2947] no-platform   -            Marisco's German
[ 256/2947] no-platform   -            Flora
[ 257/2947] no-platform   -            Tocumbo Ice Cream CV
[ 258/2947] needs-browser -            Yogurt Heaven
[ 259/2947][ 259/2947] needs-browser slice        HillCrust Pizz[ 260/2947] needs-browser slice        HillCrust Pizza
[ 261/2947] no-platform   -            Ramones Cantina
[ 262/2947] no-platform   -            Zen 5
[ 263/2947] gated         chownow      Bob's Steak & Chop House
[ 264/2947] needs-browser slice        Italia Pizza
[ 265/2947] needs-browser Square Online (own domain) CUPPA CUPPA COFFEE COMPANY
[ 266/2947] needs-browser order.online Burrito Leo's Mexican Food
[ 267/2947] no-platform   -            1St Street Bar
[ 268/2947] needs-browser toast        Burgeon Beer Company
[ 269/2947] needs-browser Square Online storefront New English Brewing - San Diego Brewery
[ 270/2947] no-platform   -            Catalina Offshore Products
[ 271/2947] no-platform   -            A.R. Valentien
[ 272/2947] wrong-branch  toast        Pure Project Vista
[ 273/2947] no-platform   -            Lucy's Bakery
[ 274/2947] no-platform   -            Aztec Brewing Company
[ 275/2947] no-platform   -            Sweet Bakery Mexico Lindo
[ 276/2947] no-platform   -            Cafe Bella Drive Thru
[ 277/2947] gated         order.online NuYo Frozen Yogurt Telegraph Canyon
[ 278/2947] no-platform   -            Off The 8 Café
[ 279/2947] needs-browser HungerRush   Buonasera New York Pizzeria
[ 280/2947] needs-browser olo          Randy's Donuts
[ 281/2947] no-platform   -            Booze Brothers Brewi[ 282/2[ 282/2947] no-platform   -            Sushi On San Marcos - Japanese Restaurant
[ 283/2947] needs-browser olo          Luna Grill Millenia
[ 284/2947] needs-browser Square Online (own domain) Solana[ 285/2947] needs-b[ 285/2947] no-platform   -            Royal India Express
[ 286/2947] needs-browser MealKeyWay   Surfing Crab Escondido
[ 287/2947] screened-out  menufy       Ginza Sushi
[ 288/2947] no-platform   -            We Olive & Wine Bar
[ 289/2947] no-platform   -            Dragon Express
[ 290/2947] wrong-branch  toast        Belching Beaver Brewery Oceanside
[ 291/2947] no-platform   -            The Confessional by The Lost Abbey
[ 292/2947] no-platform   -            California Mountain Bakery
[ 293/2947] no-platform   -            The Craft Creamery
[ 294/2947] needs-browser toast        Tacaliente Mexican Grill
[ 295/2947] needs-browser order.online bb.q Chicken Chula Vista
[ 296/2947] needs-browser HungerRush   Pop Pops Paleta
[ 297/2947] wrong-branch  popmenu      Max's Restaurant Chula Vista, Cuisine of the Philippines
[ 298/2947] needs-browser Square Online (own domain) BattleMage Brewing Company
[ 299/2947] needs-browser toast        Rosemonts Cafe
[ 300/2947] no-platform   -            Ike's Love & Sandwiches
[ 301/2947] no-platform   -            Thai Island@
[ 302/2947] no-platform   -            Crumbl Cookies
[ 303/2947] needs-browser spothopper   Santos Coffee
[ 304/2947] no-platform   -            Palomino's Mexican & Seafood
[ 305/2947] no-platform   -            BKK THAI KITCHEN
[ 306/2947] no-platform   -            Deft Brewing
[ 307/2947] no-platform   -            Los Armando's Mexican Food
[ 308/2947] no-platform   -            Rolling-Out
[ 309/2947] no-platform   -            The Art of Espresso
[ 310/2947] no-platform   -            Mesa Pizza
[ 311/2947] needs-browser order.online bb.q Chicken National City
[ 312/2947] wrong-branch  toast        Madi Pacific Beach
[ 313/2947] no-platform   -            Athens Market Taverna
[ 314/2947] needs-browser order.online San Diego Sandwich Co
[ 315/2947] no-platform   -            Teriyaki Sun
[ 316/2947] no-platform   -            TapShack Kombucha & Coffee
[ 317/2947] no-platform   -            Avenue Subs Coronado
[ 318/2947] needs-browser MealKeyWay   Ocean Buffet
[ 319/2947] needs-browser Square Online (own domain) Matcha Cafe Maiko - Escondido
[ 320/2947] no-platform   -            Kaka Rawand - كباب كاكه روند (ملحمة أنوار)
[ 321/2947] needs-browser olo          Better Buzz Coffee Oceanside South
[ 322/2947] wrong-branch  order.online Lourdes Mexican Food San Elijo
[ 323/2947] no-platform   -            Botani Breakfast & Pizzeria
[ 324/2947] needs-browser -            Marieta's Mexican Food
[ 325/2947] needs-browser -            Flippin' Pizza La Costa
[ 326/2947] no-platform   -            Eugenio Italian Ristorante & More
[ 327/2947] needs-browser spothopper   Johnny Mañanas Ocean Beach
[ 328/2947] no-platform   -            Sky Deck at Del Mar Highlands Town Center
[ 329/2947] no-platform   -            Mi Barra Bar
[ 330/2947] needs-browser order.online Poki Poki - Oceanside # 1
[ 331/2947] no-platform   -            Cake de Partie
[ 332/2947] no-platform   -            The Library Tavern
[ 333/2947] screened-out  own-jsonld   Hanna Garden
[ 334/2947] no-platform   -            Saigon Star Restaurant
[ 335/2947] needs-browser toast        Novo Brazil Brewing - Lane Ave
[ 336/2947] no-platform   -            Paris Baguette
[ 337/2947] no-platform   -            Kababayan Bakery
[ 338/2947] no-platform   -            Thai Garden
[ 339/2947] no-platform   -            Mama G’s Kitchen & Sauces Peruvian Cuisine
[ 340/2947] no-platform   -            Donuts Plus
[ 341/2947] no-platform   -            the Koffie Co
[ 342/2947] no-platform   -            Valerio's 1979
[ 343/2947] screened-out  own-jsonld   Hanna Garden
[ 344/2947] no-platform   -            Continent Delicatessen
[ 345/2947] needs-browser -            Galu Café and Delicatessen
[ 346/2947] no-platform   -            The Camp Store
[ 347/2947] no-platform   -            Relic Bakery & Kitchen
[ 348/2947] no-platform   -            Surf City Squeeze
[ 349/2947] no-platform   -            Pizza Mania
[ 350/2947] no-platform   -            Backdraft Bar & Grill
[ 351/2947] no-platform   -            Bravo Cafe
[ 352/2947] screened-out  shopify      Barefoot Coffee Roasters
[ 353/2947] needs-browser Square Online storefront Crossroads Deli
[ 354/2947] needs-browser spothopper   Isabelle Briens French Pastry Cafe
[ 355/2947] filed         shopify      Flor and Seed Coffee Roasters
[ 356/2947] needs-browser SpotOn       Porky's Lechon Barbecue
[ 357/2947] needs-browser order.online Primos Mexican Food & Cantina
[ 358/2947] no-platform   -            Wisteria Candy Cottage
[ 359/2947] needs-browser Square Online (own domain) Elixir Espresso & Wine Bar
[ 360/2947] needs-browser plain-html   South of Nick's Del Mar | Mexican Kitchen + Bar
[ 361/2947] too-few       netwaiter    Opa Greek Restaurant & Grill
[ 362/2947] no-platform   -            KD's Donuts
[ 363/2947] no-platform   -            Famous Oasis Ice Cream Parlor
[ 364/2947] no-platform   -            P.L. Bagels
[ 365/2947] needs-browser SpotOn       Lupe's Cafe Mexican Restaurant
[ 366/2947] no-platform   -            Imperial Express
[ 367/2947] no-platform   -            Ginza Sushi
[ 368/2947] needs-browser MenuSifu     Sizzling Pot King
[ 369/2947] no-platform   -            Bica Coffee Shop
[ 370/2947] gated         chownow      CinKuni (Italian & Japanese Cuisine)
[ 371/2947] needs-browser SpotOn       Tasty Pho
[ 372/2947] no-platform   -            Taste of Denmark
[ 373/2947] no-platform   -            Potato Corner
[ 374/2947] needs-browser olo          Tocaya Modern Mexican
[ 375/2947] needs-browser toast        The Outpost by Valley Farm
[ 376/2947] needs-browser olo          Better Buzz Coffee Imperial Beach
[ 377/2947] needs-browser Square Online (own domain) Tyne Coffee Co.
[ 378/2947] no-platform   -            California Bean
[ 379/2947] no-platform   -            Cielo Rooftop
[ 380/2947] no-platform   -            Beginners Diner
[ 381/2947] wrong-branch  order.online Ciné Café
[ 382/2947] no-platform   -            El Original Mariscos German
[ 383/2947] no-platform   -            Calico Cidery
[ 384/2947] needs-browser Square Online (own domain) Chef Budda Blasian Soul Food LLC
[ 385/2947] no-platform   -            Alibi
[ 386/2947] needs-browser order.online Swami's
[ 387/2947] too-few       shopify      Culture Brewing
[ 388/2947] filed         order.online The Pad Thai Stand
[ 389/2947] no-platform   -            KM BBQ
[ 390/2947] no-platform   -            Kaffee Meister
[ 391/2947] no-platform   -            Glazed Coffee & Creamery
[ 392/2947] no-platform   -            Mariscos Gonzalez
[ 393/2947] needs-browser olo          Luna Grill Encinitas
[ 394/2947] no-platform   -            East Village Brewing Company
[ 395/2947] no-platform   -            Piedra Santa
[ 396/2947] no-platform   -            The Leucadian
[ 397/2947] no-platform   -            Live Oak Market & restaurant @ gas station
[ 398/2947] too-few       netwaiter    Wings mix
[ 399/2947] no-platform   -            Beach + Taco Shack
[ 400/2947] no-platform   -            Hill Street Donut House
[ 401/2947] no-platform   -            Menuderia y mariscos GDL
[ 402/2947] no-platform   -            Mariscos La Bola
[ 403/2947] no-platform   -            Brewjería Taproom & Kitchen
[ 404/2947] needs-browser toast        Okama Ramen and Grill
[ 405/2947] no-platform   -            Gyrogrill
[ 406/2947] needs-browser Square Online storefront [ 407/2947] needs-browser toast        Okama Ramen and Grill
[ 408/2947] needs-browser Square Online storefront Thyme for Lunch Cafe & Grill
[ 409/2947] needs-browser slice        Giant Pizza King Linda Vista
[ 410/2947] wrong-branch  popmenu      Cocina de Barrio North Park
[ 411/2947] no-platform   -            ENO Market & Pizzeria
[ 412/2947] needs-browser -            Olala Crepes
[ 413/2947] needs-browser clover       Himalayan Bistro Oceanside
[ 414/2947] no-platform   -            Fridas Taqueria
[ 415/2947] no-platform   -            Phở Hòa Restaurant | Vietnamese
[ 416/2947] no-platform   -            SoCal Sushi
[ 417/2947] no-platform   -            Nickel Beer Company
[ 418/2947] screened-out  menufy       IB Thai
[ 419/2947] no-platform   -            Ko-Li Bar
[ 420/2947] no-platform   -            Fusion Bar & Lounge
[ 421/2947] needs-browser order.online Fatboy's Deli & Spirits
[ 422/2947] no-platform   -            Mujeres Brew House
[ 423/2947] needs-browser toast        Chula Vista Brewery
[ 424/2947] no-platform   -            Gooseberries kafe
[ 425/2947] needs-browser Square Online storefront Mesa Agricola
[ 426/2947] needs-browser Square Online (own domain) Industrial Grind Coffee
[ 427/2947] needs-browser chownow      Ironsmith Coffe[ 428/2947][ 428/2947] no-platform   -            The Grounds Bean Bar
[ 429/2947] no-platform   -            Paris Baguette
[ 430/2947] no-platform   -            Caffé Adesso
[ 431/2947] needs-browser chownow      Pho Hiep & Grill
[ 432/2947] needs-browser order.online Memo's Bagel Café
[ 433/2947] no-platform   -            Gelabong
[ 434/2947] screened-out  shopify      Seven Seas Roasting Company
[ 435/2947] needs-browser slice        West Coast Pizza Company
[ 436/2947] no-platform   -            Oculto 477
[ 437/2947] needs-browser Square Online storefront iWok Chinese Kitchen
[ 438/2947] needs-browser order.online L&L Hawaiian Barbecue - San Marcos (Inside Walmart)
[ 439/2947] needs-browser Square Online storefront Mnemonic Coffee
[ 440/2947] no-platform   -            Charli's Landing
[ 441/2947] no-platform   -            Donut Factory
[ 442/2947] no-platform   -            Home Coffee
[ 443/2947] no-platform   -            Fat Joe’s O’side
[ 444/2947] no-platform   -            Chopsticks Chinese Cuisine
[ 445/2947] needs-browser toast        SOBREMESA
[ 446/2947] no-platform   -            La Moreliana
[ 447/2947] gated         toast        Convoy Music Bar
[ 448/2947] no-platform   -            Poki Poki - Escondido
[ 449/2947] needs-browser -            Banh Mi Blvd
[ 450/2947] no-platform   -            Pick Up Stix Fresh Asian Flavors
[ 451/2947] needs-browser toast        Paradisaea
[ 452/2947] no-platform   -            Mutual Friend Ice Cream
[ 453/2947] no-platform   -            The BLVD Bar
[ 454/2947] no-platform   -            Katsuya Ko
[ 455/2947] needs-browser Square Online (own domain) Dot Cafe
[ 456/2947] needs-browser order.online BB's Deli
[ 457/2947] no-platform   -            Tea Pavilion
[ 458/2947] no-platform   -            Bronze Bird
[ 459/2947] no-platform   -            Bistro Pazzo
[ 460/2947] no-platform   -            Paris Baguette
[ 461/2947] no-platform   -            Valentinas Taco Shop
[ 462/2947] no-platform   -            Memo's Golden Bagel
[ 463/2947] no-platform   -            YGF Malatang
[ 464/2947] needs-browser slice        Pop's Pizza
[ 465/2947] no-platform   -            The Reunion
[ 466/2947] needs-browser -            Seaview Restaurant
[ 467/2947] needs-browser order.online bb.q Chicken Vista
[ 468/2947] needs-browser order.online Le Macaron French Pastries
[ 469/2947] no-platform   -            Premier Pub
[ 470/2947] no-platform   -            The Lean Bean
[ 471/2947] no-platform   -            Eat Your Heart Out II
[ 472/2947] no-platform   -            Side Chick - Chicken & Fries
[ 473/2947] needs-browser SpotOn       Kalei's Kitchenette
[ 474/2947] needs-browser MealKeyWay   Iron Wok
[ 475/2947] needs-browser order.online Häagen-Dazs
[ 476/2947] no-platform   -            Julian Station
[ 477/2947] needs-browser toast        Origen
[ 478/2947] no-platform   -            San Diego Blenders
[ 479/2947] needs-browser toast        Tahini Authentic Middle Eastern Street Food - Mission Valley
[ 480/2947] no-platform   -            EL ENCANTO SD
[ 481/2947] no-platform   -            Quality Taste Pot
[ 482/2947] no-platform   -            Pazzos Italian
[ 483/2947] no-platform   -            Masala house Indian Restaurant & Catering
[ 484/2947] needs-browser slice        Rock On Pizza
[ 485/2947] needs-browser Square Online storefront Sue's Korean Kitchen
[ 486/2947] no-platform   -            Nanay's Be[ 487/2[ 487/2947] no-platform   -            Bar Kamon
[ 488/2947] no-platform   -            Al Teatro Panini Grill
[ 489/2947] no-platform   -            Fruttos Yogurt
[ 490/2947] screened-out  shopify      BEAURISTA COFFEE
[ 491/2947] no-platform   -            Delah Coffee - North Park
[ 492/2947] no-platform   -            Idego Coffee Roasters
[ 493/2947] no-platform   -            Frutas
[ 494/2947] no-platform   -            Explorers Café
[ 495/2947] no-platform   -            Jalisco Cantina
[ 496/2947] no-platform   -            Criscito Pizza
[ 497/2947] needs-browser Square Online storefront Tacoman
[ 498/2947] too-few       netwaiter    Nolberto's Taco Shop
[ 499/2947] needs-browser Square Online storefront La Ola Seafood
[ 500/2947] needs-browser olo          Panini Kabob Grill - Westfield UTC
[ 501/2947] no-platform   -            Nory's Donut & Bakery
[ 502/2947] wrong-branch  toast        Lucha Libre Taco Shop
[ 503/2947] no-platform   -            Victor's Kafe - Poway
[ 504/2947] no-platform   -            NuYo Frozen Yogurt Eastlake
[ 505/2947] needs-browser spothopper   Liberty Wing Co
[ 506/2947] no-platform   -            Great Khan's Mongolian Grill Carls[ 50[ 507/2947] no-platform   -            Nana's and Pops Sweet Shop
[ 508/2947] no-platform   -            43 Area Mess Hall
[ 509/2947] no-platform   -            Red Ribbon Bakeshop
[ 510/2947] no-platform   -            SHELTER Encinit[ 5[ 511/2947] no-platform   -            Crispy Cones - Carlsbad
[ 512/2947] no-platform   -            Sideways Bar
[ 513/2947] no-platform   -            The Luau
[ 514/2947] needs-browser olo          Better Buzz Coffee Del Mar
[ 515/2947] no-platform   -            Hino
[ 516/2947] needs-browser spothopper   N City Sports Lounge
[ 517/2947] no-platform   -            Coral Tree Tea House
[ 518/2947] no-platform   -            P B Pub
[ 519/2947] no-platform   -            Captain's Quarters
[ 520/2947] needs-browser Square Online storefront Prager Brothers Artisan Bread
[ 521/2947] no-platform   -            Prince Hookah Cafe
[ 522/2947] no-platform   -            Christophe Rull Patisserie
[ 523/2947] no-platform   -            Red Ribbon Bakeshop
[ 524/2947] no-platform   -            Cafe Bella Midway
[ 525/2947] no-platform   -            World Famous I Bar
[ 526/2947] no-platform   -            JOEHNS Coffee
[ 527/2947] wrong-branch  toast        Chin's Szec[ 528/2947] needs-browser toast        La Jollita
[ 529/2947] no-platform   -            The Halal Shack
[ 530/2947] no-platform   -            Brown Bag Deli
[ 531/2947] needs-browser toast        Mr. Charlie's
[ 532/2947] wrong-branch  toast        Chin's Szechwan - Point Loma
[ 533/2947] no-platform   -            Aztec Food Hub
[ 534/2947] no-platform   -            Penguin Yogurt Factory
[ 535/2947] needs-browser -            Sammy's Restaurant & Bar
[ 536/2947] needs-browser MealKeyWay   One More Bite Dumpling--San Marcos
[ 537/2947] no-platform   -            Tacos de Birria El Chinito Jr
[ 538/2947] no-platform   -            Tony’s Newport Cafe
[ 539/2947] no-platform   -            Dos Vaqueros Mexican Food
[ 540/2947] needs-browser plain-html   Donut Stop
[ 541/2947] needs-browser Square Online storefront Fan-Fan
[ 542/2947] no-platform   -            Gong Cha
[ 543/2947] no-platform   -            Taco Time Food Truck
[ 544/2947] screened-out  clover       OB Quik Stop Liquor & OB Deli
[ 545/2947] no-platform   -            Kona Coffee
[ 546/2947] needs-browser Square Online storefront Prager Brothers Artisan Breads
[ 547/2947] needs-browser toast        Prey Brewing Company
[ 548/2947] needs-browser Square Online (own domain) Beach City Smoothies - Oceanside
[ 549/2947] needs-browser SpotOn       D Wings & Ribs
[ 550/2947] no-platform   -            The Elegant Truffle
[ 551/2947] wrong-branch  order.online Party Burgers by Booze Brothers Brewing Co
[ 552/2947] needs-browser -            SHAKA Coffee
[ 553/2947] no-platform   -            ThirsTea - Boba, Rolled Ice Cream
[ 554/2947] needs-browser Square Online (own domain) Interim Coffee
[ 555/2947] no-platform   -            Stagecoach Inn
[ 556/2947] no-platform   -            Dreamwave Coffee
[ 557/2947] needs-browser -            Panorama Bar & Grill
[ 558/2947] no-platform   -            The Saloon
[ 559/2947] no-platform   -            Millport
[ 560/2947] no-platform   -            Seahorse Coffee
[ 561/2947] needs-browser slice        Lakes Market & Deli
[ 562/2947] no-platform   -            The Deli Stop
[ 563/2947] no-platform   -            Ichifuji Su[ 56[ 564/2947] no-platform   -            Pier Pizza
[ 565/2947] needs-browser toast        Tsunami Modern Cuisine
[ 566/2947] no-platform   -            Michi Michi Baking Collective
[ 567/2947] needs-browser Square Online storefront Cargo Cafe
[ 568/2947] needs-browser MealKeyWay   JCK Asia Kitchen & Bar
[ 569/2947] needs-browser order.online Poki Poki - Encinitas
[ 570/2947] needs-browser toast        Matoi
[ 571/2947] needs-browser toast        Docent [ 572/29[ 572/2947] needs-browser MealKeyWay   Dumplings N More
[ 573/2947] no-platform   -            Parkys
[ 574/2947] needs-browser HungerRush   Trining's Bakery & Cafe
[ 575/2947] needs-browser MealKeyWay   Zhengxin Chicken Steak
[ 576/2947] needs-browser Square Online (own domain) Elixir Espresso Bar
[ 577/2947] no-platform   -            Shanghai Cuisine
[ 578/2947] needs-browser Square Online storefront Sul & Beans
[ 579/2947] needs-browser MealKeyWay   Ten Gu Ramen
[ 580/2947] needs-browser toast        Bonehead Burger Co.
[ 581/2947] screened-out  order.online La Fresita Y Mas
[ 582/2947] no-platform   -            Little Joy Coffee Bar
[ 583/2947] no-platform   -            China Express
[ 584/2947] needs-browser Square Online storefront ZzanG Hotdog & [ 585/2947] needs-browser Square Online storefront ZzanG Hotdog & Chicken
[ 586/2947] no-platform   -            Reds Whites and Brews
[ 587/2947] no-platform   -            Finca
[ 588/2947] no-platform   -            The Lean Machine Meal Prep
[ 589/2947] no-platform   -            CoLab Public House
[ 590/2947] no-platform   -            Mr. Pulpo Sea Foo[ [ 591/2947] needs-browser MealKeyWay   Hi!Dumpling[ [ 592/2947] wrong-branch  order.online Saffron and Rose Persian Ice Cream Del Mar
[ 593/2947] needs-browser olo          Sweetfin
[ 594/2947] no-platform   -            Fuzziwig's Candy Factory
[ 595/2947] screened-out  clover       Hooked On Pokè
[ 596/2947] needs-browser toast        Tita's Taco Shop
[ 597/2947] too-few       shopify      Culture Brewing
[ 598/2947] needs-browser order.online EsKiNiTa
[ 599/2947] needs-browser SpotOn       Crest Taco
[ 600/2947] no-platform   -            Chee-Chee Club
[ 601/2947] needs-browser order.online Daniel's Taco Shop
[ 602/2947] no-platform   -            Channel 2 Sports Bar
[ 603/2947] no-platform   -            El Culichi - Birriería y Cenaduría
[ 604/2947] no-platform   -            Pick Up Stix Fresh Asian Flavors
[ 605/2947] needs-browser Square Online (own domain) JAVA GARDEN
[ 606/2947] needs-browser SpotOn       Hot or Not Thai
[ 607/2947] no-platform   -            858 Burger
[ 608/2947] needs-browser Paytronix    Pure Green Carlsbad - smoothies + acai + cold-pressed juice
[ 609/2947] no-platform   -            Borrego Rooftop
[ 610/2947] needs-browser MealKeyWay   Szechuan Chef Chinese Cuisine
[ 611/2947] no-platform   -            Rosa's Ice Cream and Fruit Bar
[ 612/2947] no-platform   -            Bistro Kaz
[ 613/2947] no-platform   -            The Landing Strip Restaurant and Bar
[ 614/2947] no-platform   -            8th & B Poke
[ 615/2947] needs-browser HungerRush   Flippin Pizza Encinitas
[ 616/2947] screened-out  shopify      Mcilhenney Brewing Co.
[ 617/2947] filed         own-jsonld   Donut Star
[ 618/2947] needs-browser order.online DaYung's Tea
[ 619/2947] no-platform   -            La Central
[ 620/2947] needs-browser toast        Mess Hall
[ 621/2947] needs-browser -            Elote Restaurant
[ 622/2947] no-platform   -            Danny's Deli - Jacumba
[ 623/2947] no-platform   -            Chen Golden Palace
[ 624/2947] needs-browser toast        Between Us
[ 625/2947] no-platform   -            Mike Hess Brewing Tasting Room
[ 626/2947] needs-browser plain-html   Chef’s Wok & Dumplings
[ 627/2947] needs-browser toast        Stella Jean's Ice Cream Kensington
[ 628/2947] needs-browser toast        Wine Girl San Diego
[ 629/2947] no-platform   -            Yummy Spoon
[ 630/2947] no-platform   -            It's A Piece A Cake
[ 631/2947] no-platform   -            City Dragon
[ 632/2947] no-platform   -            24 Suns
[ 633/2947] no-platform   -            Deano's Pub
[ 634/2947] no-platform   -            The Island at Carlsbad
[ 635/2947] no-platform   -            Sundaes at The Del
[ 636/2947] needs-browser toast        Upper East
[ 637/2947] no-platform   -            Canyon Vista Restaurant
[ 638/2947] no-platform   -            Okavango Outpost
[ 639/2947] no-platform   -            Kaki Sushi
[ 640/2947] no-platform   -            Yakumi Sushi SD
[ 641/2947] no-platform   -            Tender Hooligan
[ 642/2947] needs-browser chownow      The Boochyard
[ 643/2947] wrong-branch  toast        Perfect Pizza
[ 644/2947] no-platform   -            Bighorn Fudge LLC
[ 645/2947] no-platform   -            San Diego Eagle
[ 646/2947] no-platform   -            Kinchana
[ 647/2947] needs-browser toast        Big City Bagels-(BCB Cafe)-North Park
[ 648/2947] needs-browser chownow      Burger Bench Vista
[ 649/2947] needs-browser order.online Poki Poki
[ 650/2947] no-platform   -            Mikara Cafe
[ 651/2947] no-platform   -            Somisomi
[ 652/2947] no-platform   -            Karihan Filipino Food
[ 653/2947] no-platform   -            Intazza Coffee Mug & Grub
[ 654/2947] needs-browser clover       Ryan Bros Coffee City Heights
[ 655/2947] no-platform   -            Silver Gate Yacht Clu[ 656/2947] needs-browser toast        Cala La Jolla Ca[ 65[ 657/2947] needs-browser Square Online storefront Copa Vida
[ 658/2947] no-platform   -            Spoon House
[ 659/2947] needs-browser Square Online storefront House of Pho
[ 660/2947] needs-browser order.online Elsa's Kitchen
[ 661/2947] no-platform   -            The Mission Bay Beach Club
[ 662/2947] no-platform   -            Hoffer's Cigar Bar
[ 663/2947] no-platform   -            Juice Alchemy
[ 664/2947] needs-browser Square Online storefront Mad Munch Grilled Cheezer Co.
[ 665/2947] no-platform   -            Gloria's Taco Shop
[ 666/2947] needs-browser plain-html   JNC Pinoy Foodmart
[ 667/2947] screened-out  slice        Mike's Giant New York Pizza
[ 668/2947] screened-out  order.online Carbonaro's
[ 669/2947] screened-out  toast        Agave Taco Shop
[ 670/2947] wrong-branch  toast        Achilles Coffee Roasters
[ 671/2947] no-platform   -            San Diego Eagle
[ 672/2947] needs-browser MealKeyWay   Fish With You ｜Spicy & Sour Fish Soup 鱼你在一起酸菜鱼
[ 673/2947] screened-out  order.online Frida's Taqueria
[ 674/2947] no-platform   -            Cool Down Coffee
[ 675/2947] no-platform   -            Pure Meal Prep SD
[ 676/2947] no-platform   -            Teriyaki Madness
[ 677/2947] needs-browser toast        Thai Ladle
[ 678/2947] [ 678/2947] needs-browser toast        Thai Ladle
[ 679/2947] wrong-branch  toast        Common Theory Chula Vista
[ 680/2947] needs-browser chownow      Juice Kaboose
[ 681/2947] no-platform   -            The Gärten
[ 682/2947] needs-browser chownow      Leos Kitchen
[ 683/2947] no-platform   -            Smittys Downtown
[ 684/2947] no-platform   -            SD Cookie Guru
[ 685/2947] no-platform   -            Two Hands Corn Dog San Marcos
[ 686/2947] needs-browser toast        Junction Bar & Grill
[ 687/2947] filed         own-jsonld   Chiim Thai
[ 688/2947] no-platform   -            The Elwood
[ 689/2947] no-platform   -            Arcana Brewing Company
[ 690/2947] no-platform   -            Tom's Chinese BBQ
[ 691/2947] no-platform   -            Godfather's Diner
[ 692/2947] needs-browser toast        Sultan Baklava Medi[ 693/2947] need[ 693/2947] wrong-branch  toast        Taco Lounge Escaya
[ 694/2947] no-platform   -            Juan Jasper Kitchen & Wine
[ 695/2947] needs-browser spothopper   Bear Roots Tavern
[ 696/2947] needs-browser order.online Deli Belly
[ 697/2947] no-platform   -            La Nacional
[ 698/2947] no-platform   -            2N1 Korean BBQ
[ 699/2947] no-platform   -            JJANG Korean bbq
[ 700/2947] needs-browser order.online Eggies
[ 701/2947] no-platform   -            Las Brazas Mexican Food
[ 702/2947] no-platform   -            All Stars Sports Bar & Grill
[ 703/2947] needs-browser Square Online storefront Tasty Pizza Escondido LLC
[ 704/2947] no-platform   -            Forbidden Cove
[ 705/2947] no-platform   -            Deano's Pub East
[ 706/2947] no-platform   -            DoughBoy's Grill
[ 707/2947] needs-browser MealKeyWay   Ma's House
[ 708/2947] no-platform   -            Brew Wave Coffee
[ 709/2947] needs-browser toast        Barley & Sword Brewing Company
[ 710/2947] no-platform   -            Kind Coffee
[ 711/2947] needs-browser SpotOn       La Banana Fruits - Fruteria
[ 712/2947] needs-browser Square Online storefront The Brewers Tap Room
[ 713/2947] no-platform   -            Picasso's Naturals
[ 714/2947] no-platform   -            Agave Bar and Grill
[ 715/2947] no-platform   -            Filipino Grill
[ 716/2947] too-few       netwaiter    Star Express
[ 717/2947] needs-browser toast        Understory Bar
[ 718/2947] screened-out  shopify      Fuzz Coffee and Records
[ 719/2947] needs-browser Square Online (own domain) Slurp
[ 720/2947] no-platform   -            Hill Top Winery
[ 721/2947] no-platform   -            Nova Easy Kombucha
[ 722/2947] no-platform   -            Taqueria Campos
[ 723/2947] needs-browser Square Online (own domain) Rad Habits Juice
[ 724/2947] needs-browser Square Online storefront Mama Made Thai
[ 725/2947] needs-browser -            Torreyana
[ 726/2947] no-platform   -            Raging Cider & Mead Co
[ 727/2947] screened-out  menufy       Sushi Monster
[ 728/2947] needs-browser toast        Angry Petes Pizza Point Loma
[ 729/2947] no-platform   -            La Corriente Coronado
[ 730/2947] no-platform   -            Quarter Deck Inn Cocktails
[ 731/2947] no-platform   -            Bonchon Chicken
[ 732/2947] no-platform   -            The Space Pad
[ 733/2947] needs-browser MealKeyWay   Spicy Noodle
[ 734/2947] needs-browser Square Online storefront PB Poke House Oceanside
[ 735/2947] no-platform   -            Linda's Donuts
[ 736/2947] no-platform   -            Vista Bean Coffee
[ 737/2947] no-platform   -            Ellie's Wood Fired Pizza
[ 738/2947] no-platform   -            The Story Caffè
[ 739/2947] no-platform   -            Dragon's Den
[ 740/2947] needs-browser order.online Bowls N Brews
[ 741/2947] no-platform   -            Village Pub
[ 742/2947] no-platform   -            Main Street Pour House - Vista
[ 743/2947] no-platform   -            Alpine Chill
[ 744/2947] needs-browser Square Online (own domain) Mirin Kitchen
[ 745/2947] no-platform   -            SusieCakes - Carlsbad Forum
[ 746/2947] no-platform   -            Tastea
[ 747/2947] needs-browser slice        Fiori’s Pizza
[ 748/2947] needs-browser chownow      Juice Caboose
[ 749/2947] no-platform   -            Rush Bowl[ 750/2947] no-platform   -            Rush Bowls
[ 751/2947] needs-browser Square Online (own domain) Aloha Ice Co
[ 752/2947] no-platform   -            Coffee Wave
[ 753/2947] needs-browser chownow      Juice Caboose
[ 754/2947] no-platform   -            Immersion Coffee
[ 755/2947] needs-browser SpotOn       Mariscos y Miches El Patron
[ 756/2947] no-platform   -            Tutti Frutti
[ 757/2947] no-platform   -            Tierra Mia Coffee Drive Thru
[ 758/2947] needs-browser GloriaFood widget Fuego Mediterranean Grill
[ 759/2947] needs-browser order.online Bag of Beans Cafe & Restaurant
[ 760/2947] no-platform   -            Thovo Mariscos & Birria
[ 761/2947] no-platform   -            KYODAI 23 SUSHI
[ 762/2947] no-platform   -            Granny's Apple Fries
[ 763/2947] no-platform   -            Hometown Taste
[ 764/2947] needs-browser -            Odysea Lounge
[ 765/2947] no-platform   -            KJ Chinese Restaurant
[ 766/2947] no-platform   -            Litas Fish Market - Oceanside
[ 767/2947] no-platform   -            Growlers Sports Bar & Taproom
[ 768/2947] screened-out  shopify      Seven Seas Roasting
[ 769/2947] needs-browser Square Online storefro[ 770/2947] needs-browser Square Online store[ 770/2947] wrong-branch  toast        Pizza 22
[ 771/2947] needs-browser chownow      Parakeet Cafe - Carlsbad
[ 772/2947] no-platform   -            Vica’s Cafe
[ 773/2947] no-platform   -            Unique Sandwiches
[ 774/2947] no-platform   -            El Mercadito
[ 775/2947] needs-browser Square Online storefront Goli
[ 776/2947] no-platform   -            Bowl To Go
[ 777/2947] no-platform   -            Marathon Coffee
[ 778/2947] no-platform   -            Galata Turkish Ice Cream
[ 779/2947] needs-browser Square Online storefront Dog Leg Brewing
[ 780/2947] no-platform   -            Java Earth Coffee
[ 781/2947] no-platform   -            Frank's Bakery - Gibaldi's Italian Bread
[ 782/2947] no-platform   -            Mi Amigo Mexican Food & Sea
[ 783/2947] no-platform   -            Volcan Mountain Winery
[ 784/2947] no-platform   -            Star Dust Donut Shop
[ 785/2947] no-platform   -            Las Michoacanas
[ 786/2947] no-platform   -            Carruth Cellars Tasting Room
[ 787/2947] no-platform   -            Cj Lounge
[ 788/2947] no-platform   -            Taqueria Daily Fresh
[ 789/2947] needs-browser -            Tutti Frutti Frozen Yogurt
[ 790/2947] no-platform   -            Fall Brewing Company South Park Taproom
[ 791/2947] no-platform   -            Juice Adventure
[ 792/2947] wrong-branch  order.online The Pad Thai Stand
[ 793/2947] no-platform   -            Los Cucos Mexican Food
[ 794/2947] no-platform   -            Cheers
[ 795/2947] needs-browser Square Online (own domain) The Craft Taco at The Nat
[ 796/2947] no-platform   -            Meadiocrity Mead
[ 797/2947] needs-browser slice        Papa's Pizza
[ 798/2947] no-platform   -            Social hookah lounge
[ 799/2947] needs-browser Square Online (own domain) Castelli & Pizarro Family Vineyards & Winery
[ 800/2947] no-platform   -            Bang Bang
[ 801/2947] needs-browser -            Golden Spoon Carlsbad Plaza
[ 802/2947] needs-browser Square Online storefront Mein St. Asian Kitchen
[ 803/2947] no-platform   -            Jungle Tea
[ 804/2947] no-platform   -            Ferlini Coffee
[ 805/2947] no-platform   -            Ocean View Bar & Grill
[ 806/2947] wrong-branch  clover       Burros and Fries
[ 807/2947] no-platform   -            Ten Seconds Yunnan Rice Noodle
[ 808/2947] needs-browser Square Online (own domain) Pho Ever Carlsbad
[ 809/2947] no-platform   -            Bar Traza
[ 810/2947] no-platform   -            Cup of Yo
[ 811/2947] no-platform   -            Latchkey Brewing Company
[ 812/2947] no-platform   -            OB Smoothies Bar & Subs
[ 813/2947] no-platform   -            Midnight Animal Coffee
[ 814/2947] no-platform   -            Belinda's Familia Mexican Food Truck
[ 815/2947] no-platform   -            Crab City (La Jolla Cove)
[ 816/2947] no-platform   -            Park Commons
[ 817/2947] no-platform   -            Badas Burgers Food Truck
[ 818/2947] no-platform   -            Bobalicious
[ 819/2947] no-platform   -            Rise + Shine Coffe[ 820/2[ 820/2947] no-platform   -            Nékter Juice Bar
[ 821/2947] no-platform   -            Hongyuan Kebab
[ 822/2947] no-platform   -            Café Ventanas
[ 823/2947] no-platform   -            Saki Saki Sushi Bar & Grill
[ 824/2947] needs-browser Square Online storefront Empanada Kitchen
[ 825/2947] no-platform   -            Zodiak Hookah Lounge
[ 826/2947] needs-browser slice        Little Sisters Pizza
[ 827/2947] no-platform   -            China Fun
[ 828/2947] needs-browser chownow      moonbowls (Healthy Korean Bowls- Boston Ave)
[ 829/2947] no-platform   -            Mamma Pinsa
[ 830/2947] wrong-branch  order.online La michoacana Plus San Diego #2
[ 831/2947] no-platform   -            Colima's Mexican Foods
[ 832/2947] needs-browser -            Coastal Cantina
[ 833/2947] no-platform   -            Sourdough & moore
[ 834/2947] no-platform   -            Rumorosa
[ 835/2947] no-platform   -            Señor Taquero Taco Shop
[ 836/2947] no-platform   -            South O Brewing Company & Kitchen
[ 837/2947] too-few       netwaiter    Kim's Bar-B-Que
[ 838/2947] no-platform   -            Crown Landing
[ 839[ 839/2947] no-platform   -            Crown Landing
[ 840/2947] needs-browser order.online The Coffee Cart Café & Espresso Catering
[ 841/2947] too-few       netwaiter    K & K Orient Valley Food Center
[ 842/2947] no-platform   -            Arteazen Handcrafted Tea
[ 843/2947] needs-browser toast        Brites Soft Serve
[ 844/2947] needs-browser toast        Lilo
[ 845/2947] no-platform   -            PB Oriental
[ 846/2947] needs-browser Square Online storefront Ululani's San Diego
[ 847/2947] no-platform   -            Sher the love of cooking
[ 848/2947] no-platform   -            Merenda
[ 849/2947] no-platform   -            Harissa Mediterranean Kitchen
[ 850/2947] needs-browser GloriaFood widget Jamul Meat Market
[ 851/2947] no-platform   -            Elite Baking
[ 852/2947] no-platform   -            Xolotacos
[ 853/2947] no-platform   -            Uncle Feras Middle Eastern Restaurant
[ 854/2947] no-platform   -            Mantra Raja
[ 855/2947] no-platform   -            Sai Japanese Bistro
[ 856/2947] no-platform   -            Carne & Hueso
[ 857/2947] no-platform   -            Sunny Grove Brewing Company
[ 858/2947] no-platform   -            Himalayan Chulo
[ 859/2947] no-platform   -            PKI Sushi
[ 860/2947] needs-browser -            Modern Times Coffee
[ 861/2947] no-platform   -            Embolden Beer Co.
[ 862/2947] needs-browser slice        Del Cerro Pizza
[ 863/2947] no-platform   -            Landshark Bar & Grill
[ 864/2947] needs-browser Square Online storefront Pho Ha [ 865/2947] needs-[ 865/2947] no-platform   -            La Cocina De Anita
[ 866/2947] no-platform   -            Spicy Lao Kitchen
[ 867/2947] no-platform   -            Sam's Donuts Shop
[ 868/2947] needs-browser SpotOn       Mexican & Seafood Restaurant
[ 869/2947] no-platform   -            Leucadia Pizza
[ 870/2947] no-platform   -            Dang Brother Camp Pendleton 22 Area
[ 871/2947] no-platform   -            Barrio Coffee
[ 872/2947] needs-browser MealKeyWay   Tasty house 味来
[ 873/2947] no-platform   -            Rocko's Family Restaurant
[ 874/2947] no-platform   -            Tacos La Chorreada
[ 875/2947] no-platform   -            Mariscos La Chalupa #1 - Seafood Truck
[ 876/2947] no-platform   -            Lilian's
[ 877/2947] needs-browser toast        Go Greek Authentic Yogurteria
[ 878/2947] no-platform   -            VUE
[ 879/2947] needs-browser order.online Tous les Jours
[ 880/2947] no-platform   -            Bubbles & Brews Cafe
[ 881/2947] needs-browser chownow      JRs Grill / G Street Deli
[ 882/2947] no-platform   -            Bayside Bar & Grill
[ 883/2947] no-platform   -            Skyline Cafe
[ 884/2947] no-platform   -            24 Area Messhall
[ 885/2947] needs-browser order.online Häagen-Dazs
[ 886/2947] filed         shopify      Kyoto Coast Matcha
[ 887/2947] no-platform   -            Cherry Bomb
[ 888/2947] no-platform   -            Sieu Sieu BBQ
[ 889/2947] needs-browser toast        Dark Horse Japanese Nikkei Cuisine
[ 890/2947] no-platform   -            RomBomb Burger
[ 891/2947] no-platform   -            AMICIBAR
[ 892/2947] needs-browser toast        Canton Bakery by Meta Sweets
[ 893/2947] no-platform   -            Beach wolf
[ 894/2947] no-platform   -            Tacos El Villasana
[ 895/2947] no-platform   -            Tap That
[ 896/2947] no-platform   -            The Pearl Restaurant
[ 897/2947] no-platform   -            Mariscos La Morena
[ 898/2947] needs-browser MealKeyWay   Pho Tan
[ 899/2947] no-platform   -            Mother Earth Brew Co.
[ 900/2947] needs-browser Square Online (own domain) CUPPA CUPPA COFFEE LAB
[ 901/2947] needs-browser Square Online storefront Flour Atelier
[ 902/2947] needs-browser -            Yogurt Lounge Serra Mesa
[ 903/2947] needs-browser chownow      Donburi Rice Bowls
[ 904/2947] no-platform   -            Pizza Kaiju
[ 905/2947] no-platform   -            Truva
[ 906/2947] no-platform   -            ALBACA
[ 907/2947] no-platform   -            Witherby Bar & Restaurant
[ 908/2947] no-platform   -            Imperial Palace
[ 909/2947] needs-browser Square Online storefront Nobibi Convoy
[ 910/2947] no-platform   -            Easy Thai
[ 911/2947] no-platform   -            Easy Thai
[ 912/2947] needs-browser order.online Lady M Cake Boutique - San Diego
[ 913/2947] no-platform   -            Theresa's Italian Steakhouse
[ 914/2947] no-platform   -            Lapper Kitchen + Tap
[ 915/2947] no-platform   -            Zuma San Diego
[ 916/2947] no-platform   -            Tina's Baking Addiction
[ 917/2947] needs-browser toast        Swagyu Burger Bar
[ 918/2947] no-platform   -            The Cove Bar & Grill
[ 919/2947] no-platform   -            TP TEA – San Diego
[ 920/2947] no-platform   -            Kiku Room
[ 921/2947] needs-browser plain-html   Roppongi
[ 922/2947] no-platform   -            Kim's Deli
[ 923/2947] no-platform   -            Over The Tap
[ 924/2947] no-platform   -            Vinya Yoga and Wine Bar
[ 925/2947] no-platform   -            The Sushi Stan[ [ 926/2947] too-few       own-jsonld   Vinh Long Food To Go
[ 927/2947] needs-browser toast        Taco Loco
[ 928/2947] no-platform   -            Happytime Tea
[ 929/2947] needs-browser MealKeyWay   Tengu Ramen
[ 930/2947] no-platform   -            Treo Kitchen + Bar
[ 931/2947] needs-browser -            Kaluú Upscale Mexican & Lounge
[ 932/2947] no-platform   -            Campus Cafe
[ 933/2947] needs-browser order.online Poki Poki Carlsbad - Boba & Brewski
[ 934/2947] no-platform   -            Tacos el Niño Santana
[ 935/2947] needs-browser toast        Fiesta Mexican Grille
[ 936/2947] needs-browser Square Online storefront Muse Cheesecakes & Bakery
[ 937/2947] no-platform   -            Coffee Culture
[ 938/2947] no-platform   -            Ching's Famous Hopia
[ 939/2947] no-platform   -            Suspiros Cakes Chula Vista
[ 940/2947] needs-browser order.online Sr. Taquito
[ 941/2947] no-platform   -            My Vegan Pie
[ 942/2947] no-platform   -            Sabroso taco savor a mi tierra
[ 943/2947] no-platform   -            Josie's Hideout Saloon
[ 944/2947] no-platform   -            Necter Juice Bar
[ 945/2947] needs-browser order.online El Rinconcito Fruteria
[ 946/2947] no-platform   -            Brain Freeze Premium Frozen Yogurt & Ice Cream of Bonsall
[ 947/2947] no-platform   -            Cafe Aero
[ 948/2947] no-platform   -            LJ Crafted Wines - Wines & Tastings
[ 949/2947] needs-browser Square Online (own domain) Teuscher Chocolates San Diego
[ 950/2947] no-platform   -            Presotea
[ 951/2947] no-platform   -            The Coffee Bar at Foothills Church
[ 952/2947] no-platform   -            Buttery Bakes
[ 953/2947] needs-browser chownow      Parakeet Cafe - Nautilus
[ 954/2947] wrong-branch  order.online The Pad Thai Stand
[ 955/2947] no-platform   -            Old Hickory Steakhouse
[ 956/2947] no-platform   -            Fat Tuesday
[ 957/2947] no-platform   -            Valerio's 1979
[ 958/2947] no-platform   -            Mission Donut House
[ 959/2947] no-platform   -            D'liteful Chocolat
[ 960/2947] no-platform   -            Oakberry Açaí bowls
[ 961/2947] needs-browser slice        Milo’s Pizza & Deli
[ 962/2947] no-platform   -            Baklava King
[ 963/2947] needs-browser Square Online storefront Societe Brewing Company
[ 964/2947] no-platform   -            J Crepe & Cafe
[ 965/2947] no-platform   -            CRAVE Mediterranean Grill
[ 966/2947] needs-browser Square Online storefront Common Grounds Cafe - MCRD Base
[ 967/2947] no-platform   -            Tasty Donuts
[ 968/2947] no-platform   -            12 HRS MATCHA CAFE
[ 969/2947] no-platform   -            Yas Lounge
[ 970/2947] no-platform   -            Fall Brewing Company
[ 971/2947] needs-browser toast        Asado Gaucho - Argentinian Meat Dining Experience
[ 972/2947] no-platform   -            Trevi Hills Winery
[ 973/2947] no-platform   -            Ono Hawaiian BBQ
[ 974/2947] needs-browser clover       Blendees
[ 975/2947] no-platform   -            The Nutrition Pla[ 9[ 976/2947] no-platform   -            Arevalo's Bakery
[ 977/2947] no-platform   -            NuYo Frozen Yogurt Encinita[ [ 978/2947] needs-browser Square Online storefront Loma Salad Bar
[ 979/2947] no-platform   -            Arevalo's Bakery
[ 980/2947] no-platform   -            Killer Whale Creamery
[ 981/2947] no-platform   -            Charade Speakeasy
[ 982/2947] needs-browser order.online Poke One N Half
[ 983/2947] no-platform   -            Jamal's Chicken
[ 984/2947] needs-browser clover       Bruster's Real Ice Cream
[ 985/2947] no-platform   -            Lambers Chinese Bakery
[ 986/2947] needs-browser Square Online (own domain) Cafe Pascale Grill & Deli
[ 987/2947] no-platform   -            Alona’s Caketots
[ 988/2947] no-platform   -            Cha Cha Tea Spot
[ 989/2947] needs-browser chownow      Off the Vine Gardens Deli And Catering
[ 990/2947] no-platform   -            Carruth Cellars Urban Winegarden & Cheese Shop: Liberty Station
[ 991/2947] no-platform   -            Sunny Dumpling House
[ 992/2947] no-platform   -            S T U D I O Restaurant + Bar
[ 993/2947] needs-browser order.online TOUS les JOURS Bakery Café - National City
[ 994/2947] no-platform   -            SINTA
[ 995/2947] needs-browser Square Online storefront Golden Dragon
[ 996/2947] no-platform   -            Shake Smart
[ 997/2947] needs-browser toast        Nomada
[ 998/2947] needs-browser Square Online storefront Bean Box
[ 999/2947] no-platform   -            chance's coffee
[1000/2947] no-platform   -            GOLDEN DRAGON ASIAN CUISINE
[1001/2947] no-platform   -            Cleopatra's Lounge
[1002/2947] no-platform   -            Burtech Family Vineyard Tasting Room
[1003/2947] needs-browser -            Cluck N Sip[[1004/2947] no-platform   -            Hannegan’s House Beer Co & Creamery
[1005/2947] wrong-branch  toast        Bros Kabob
[1006/2947] needs-browser olo          Randy’s Donuts
[1007/2947] needs-browser order.online Torta Time
[1008/2947] needs-browser -            Pure Squeeze
[1009/2947] no-platform   -            Brewery X
[1010/2947] needs-browser Square Online storefront Manor Coffee Bar
[1011/2947] no-platform   -            La Clochette
[1012/2947] no-platform   -            Mama’s Boy Cookies
[1013/2947] no-platform   -            SciEats (Nonprofit Eatery)
[1014/2947] no-platform   -            Momo Sando&Omakase
[1015/2947] needs-browser olo          McConnell's Fin[1016/2947] needs-browse[1016/2947] no-platform   -            Izakaya Maíze
[1017/2947] needs-browser Square Online (own domain) Chefs Cafe
[1018/2947] no-platform   -            Golden Donut
[1019/2947] no-platform   -            Tower39 Rooftop Lounge
[1020/2947] needs-browser toast        Divina Matcha
[1021/2947] no-platform   -            102 Scone Co.
[1022/2947] too-few       netwaiter    Playa Azul Mariscos Restaurant
[1023/2947] no-platform   -            Smoking Cannon Brewery
[1024/2947] no-platform   -            Honey Cafe & Store
[1025/2947] no-platform   -            Pasta Design
[1026/2947] no-platform   -            Amuse Lounge and Patio
[1027/2947] no-platform   -            Cocina De Ledezma LLC
[1028/2947] no-platform   -            Qualcomm Cafe Q
[1029/2947] no-platform   -            Jaguar Paw
[1030/2947] no-platform   -            TJ BURRITO Co.
[1031/2947] no-platform   -            Ohana Nutrition
[1032/2947] no-platform   -            The Sanctuary by The Lost Abbey
[1033/2947] no-platform   -            Bivouac Adventure Lodge Coffee Shop
[1034/2947] no-platform   -            Linda's Yogurt & Deli
[1035/2947] needs-browser Square Online (own domain) Inka'fe SD Coffee Shop
[1036/2947] no-platform   -            Backstreet Brewery
[1037/2947] no-platform   -            Delicia's Taco Shop
[1038/2947] wrong-branch  toast        Cosmos Burger Carlsbad
[1039/2947] needs-browser toast        Market St Pizzeria
[1040/2947] no-platform   -            Papa Bambino's
[1041/2947] no-platform   -            Cake
[1042/2947] no-platform   -            Michael's in Borrego
[1043/2947] no-platform   -            Warner Springs Golf Shop & Grill
[1044/2947] no-platform   -            The Bar at Moniker General
[1045/2947] needs-browser order.online Fatboy's Deli & Spirits
[1046/2947] no-platform   -            Una Mas on Adams
[1047/2947] no-platform   -            Veranda
[1048/2947] no-platform   -            Weir Beer
[1049/2947] no-platform   -            Lemon City Taphouse
[1050/2947] no-platform   -            Iceskimo
[1051/2947] no-platform   -            Backyard Brewery
[1052/2947] needs-browser Square Online storefront Cargo Cafe - Sorrento Valley
[1053/2947] no-platform   -            Red Ribbon Bakeshop
[1054/2947] needs-browser Square Online storefront Moniker Coffee Co. at The Craft Creamery
[1055/2947] no-platform   -            Honney Doffee Coffee
[1056/2947] no-platform   -            Michi Brew Co.
[1057/2947] no-platform   -            Panaderia Fuentes
[1058/2947] no-platform   -            Noodles - Authentic Asian Cuisine
[1059/2947] needs-browser toast        One of Us
[1060/2947] filed         toast        Napatini Bistro and Wine Bar
[1061/2947] no-platform   -            LUCIEN
[1062/2947] needs-browser Square Online storefront Montebello
[1063/2947] no-platform   -            The Coffee House at North Coast Church
[1064/2947] no-platform   -            Cali Banh Mi
[1065/2947] wrong-branch  toast        Boba Tea Spot
[1066/2947] filed         own-jsonld   The San Diego Taco Truck
[1067/2947] no-platform   -            Nova Boba and Coffee shop
[1068/2947] needs-browser Square Online storefront Purl Tea San Marcos
[1069/2947] no-platform   -            The Golf Bar
[1070/2947] no-platform   -            Culture Craft Coffee & Espre[107[1071/2947] needs-browser chownow      Parakeet Juicery - La Jolla
[1072/2947] no-platform   -            CHERRYBOMB EC
[1073/2947] too-few       netwaiter    Ba Le French Sandwich Shop
[1074/2947] screened-out  shopify      Ascend Coffee Roasters
[1075/2947] no-platform   -            Little Fawn
[1076/2947] no-platform   -            Milonga Empanadas
[1077/2947] needs-browser Square Online storefront Cargo Cafe - Paseo Del Mar
[1078/2947] no-platform   -            Tazza D'Oro
[1079/2947] wrong-branch  toast        Gold Coffee Shop
[1080/2947] no-platform   -            Cakey Bakey
[1081/2947] no-platform   -            All Things Ube Desserts
[1082/2947] no-platform   -            Las Ricas Tortas
[1083/2947] no-platform   -            Milonga Empanadas Fashion Valley
[1084/2947] needs-browser -            Pompei Pizza
[1085/2947] needs-browser Square Online (own domain) Balboa Candy
[1[1086/2947] no-platform   -            Pub 1795
[1087/2947] no-platform   -            Drinky Promise
[1088/2947] no-platform   -            Dream Fountain Catering
[1089/2947] no-platform   -            Los Primos Panaderia
[1090/2947] no-platform   -            OMG Crêpes
[1091/2947] no-platform   -            Elegance On D[1092/2[1092/2947] needs-browser order.online Bird-N-Bun
[1093/2947] needs-browser toast        Pompei Pizza
[1094/2947] no-platform   -            Poki Poki & Dragonitea - Fallbrook
[1095/2947] no-platform   -            Plant Power Fast Food Digital Kitchen
[1096/2947] no-platform   -            Hopnonymous Brewing - Normal Heights
[1097/2947] needs-browser order.online Beard Pap[1098/2947] need[1098/2947] needs-browser Square Online storefro[1099/2947] needs-browser [1099/2947] needs-browser olo          [1100/2947] no-platform   [1100/2947] no-platform   -            R[1101/2947] needs-browser Square Online storefront Copa Vida Torrey Ridge
[1102/2947] no-platform   -            Elote
[1103/2947] needs-browser spothopper   Tipping Pint Brewing Co.
[1104/2947] no-platform   -            We Cookn
[1105/2947] no-platform   -            Scena Fusion Kitchen & Bar
[1106/2947] no-platform   -            Krak Boba
[1107/2947] no-platform   -            5 O'Clock Somewhere Rooftop Bar
[1108/2947] no-platform   -            Pink Buddha
[1109/2947] no-platform   -            Ramones Mexican BBQ
[1110/2947] no-platform   -            FLAVORFUL Dessert Atelier
[1111/2947] needs-browser Paytronix    Ziggi's Coffee
[1112/2947] no-platform   -            Guadalupe Brewery Tap House
[1113/2947] no-platform   -            El Flako's Wrangler Barbecue
[1114/2947] no-platform   -            Pala Cafe
[1115/2947] needs-browser toast        Grab & Go
[1116/2947] needs-browser Square Online storefront Copa Vida
[1117/2947] no-platform   -            El Flako's Wrangler Barbecue
[1118/2947] no-platform   -            Mike Hess Brewing - Seaport Village Taphouse
[1119/2947] needs-browser olo          Panini Kabob Grill[1120/2947][1120/2947] no-platform   -            Citizen Brewers
[1121/2947] no-platform   -            Birria el Chavita
[1122/2947] needs-browser Square Online (own domain) The Cakery
[1123/2947] wrong-branch  toast        Johnny Radz Pizza
[1124/2947] no-platform   -            Blue Bowl Superfoods - Oceanside
[1125/2947] needs-browser Square Online (own domain) The Cakery Cafe
[1126/2947] no-platform   -            Plant Power Fast Food
[1127/2947] no-platform   -            French Secret Pastry (Pre-Order Only)
[1128/2947] no-platform   -            Dulzura Vineyard and Winery
[1129/2947] wrong-branch  toast        Clara's Kitchen ( Soul Food) Micro-enterprise Home Kitchen
[1130/2947] no-platform   -            Carnitas la Bendición
[1131/2947] no-platform   -            Lonchera Mariscos El Gordo
[1132/2947] needs-browser -            Pelican's on the Bay
[1133/2947] no-platform   -            Dole Whip
[1134/2947] no-platform   -            Shabu Spot
[1135/2947] needs-browser toast        Duck Foot Brewing
[1136/2947] no-platform   -            The Trap Shack
[1137/2947] no-platform   -            La Michoacana Elite
[1138/2947] no-platform   -            Rank & File
[1139/2947] needs-browser Square Online (own domain) Le Charcuterie Bar
[1140/2947] no-platform   -            KD`S Donuts
[1141/2947] no-platform   -            Silver Hoof Creamery
[1142/2947] no-platform   -            Teaspoon Escondido
[1143/2947] no-platform   -            Salt & Fin
[1144/2947] screened-out  shopify      Seven Seas Roasting Co.
[1145/2947] no-platform   -            La Mesa Wine Works
[1146/2947] no-platform   -            Jaybird Superette
[1147/2947] no-platform   -            Side Chick - Chicken [1148/29[1148/2947] screened-out  shopify      Come Back Coffee Co.
[1149/2947] no-platform   -            El Cajon taco shop
[1150/2947] no-platform   -            La Rikura Mexican Food
[1151/2947] no-platform   -            Sunright Tea Studio
[1152/2947] no-platform   -            Tamales Oaxaquenos
[1153/2947] no-platform   -            Starbread Bakery
[1154/2947] no-platform   -            Emerald Chinese Cuisine
[1155/2947] wrong-branch  own-jsonld   Tako
[1156/2947] no-platform   -            Beach Sweets
[1157/2947] no-platform   -            The Cafe
[1158/2947] no-platform   -            Zodiac Boba
[1159/2947] too-few       netwaiter    J & J's Mexican Food
[1160/2947] no-platform   -            Super Smoothies
[1161/2947] no-platform   -            Bistro at the Pier
[1162/2947] no-platform   -            Dr Boochart
[1163/2947] no-platform   -            The Funky Frenchie (Lemon Grove)
[1164/2947] no-platform   -            Claudia’s Tea House
[1165/2947] no-platform   -            California B[116[1166/2947] no-platform   -            Huy Ky Bakery
[1167/2947] no-platform   -            Fres.Co
[1168/2947] no-platform   -            The Honor Bar
[1169/2947] no-platform   -            Tamales Escondido
[1170/2947] no-platform   -            NuYo Frozen Yogurt Solana Beach
[1171/2947] no-platform   -            Savvy Macs, Inc.
[1172/2947] filed         own-jsonld   Hong Kong Kitchen & Dimsum
[1173/2947] no-platform   -            Subterranean Coffee Drive thru
[1174/2947] no-platform   -            Candy Land
[1175/2947] needs-browser -            85°C Bakery Cafe-Santee
[1176/2947] no-platform   -            Shake Bar & Lounge
[1177/2947] needs-browser Square Online storefront Its Cafe Thai
[1178/2947] no-platform   -            6 7 Deli & Pizza
[1179/2947] no-platform   -            Bücha Hard Kombucha
[1180/2947] no-platform   -            Olive Branch Eatery
[1181/2947] no-platform   -            Viewpoint Kitchen + Bar
[1182/2947] no-platform   -            Devil and Angel
[1183/2947] wrong-branch  toast        ALOHA GRILL
[1184/2947] no-platform   -            Zoo Brew
[1185/2947] no-platform   -            The Red Barn
[1186/2947] no-platform   -            Jery's Pizza
[1187/2947] no-platform   -            Cafe Nordstrom
[1188/2947] no-platform   -            F Street Cafe
[1189/2947] no-platform   -            Corner Office Pizza and Craft Bar
[1190/2947] wrong-branch  toast        Knead Artisan Bakery
[1191/2947] no-platform   -            Golden Grill
[1192/2947] no-platform   -            Dockside Casual Seafood Counter
[1193/2947] needs-browser toast        Zest Wine Bistro
[1194/2947] no-platform   -            The MRKT
[1195/2947] no-platform   -            SAKE BAR GAGA
[1196/2947] no-platform   -            Pizza Grande
[1197/2947] no-platform   -            The Morning Grove
[1198/2947] no-platform   -            Phology Noodle House - P[1199/2947] no-platform   -  [1199/2947] no-platform   -            Little Victory Wine Bar
[1200/2947] no-platform   -            Stratus Restaurant & Bar
[1201/2947] no-platform   -            Craft Pizza
[1202/2947] no-platform   -            Bianchi Pizza & Pasta
[1203/2947] no-platform   -            Surf City Squeeze
[1204/2947] too-few       netwaiter    Sandwich Place
[1205/2947] no-platform   -            Shake Smart
[1206/2947] no-platform   -            Diego's Taco Shop
[1207/2947] no-platform   -            El Santo Remedio Cantina
[1208/2947] no-platform   -            Oscar's Meat pies
[1209/2947] needs-browser chownow      Sunset Thai Ocean Beach
[1210/2947] needs-browser MealKeyWay   Yuki Yuki
[1211/2947] no-platform   -            Three Boys Coffee
[1212/2947] no-platform   -            Forum Deli
[1213/2947] needs-browser -            Sammy's Restaurant & Bar
[1214/2947] no-platform   -            Board & Brew - Downtown San Diego
[1215/2947] no-platform   -            Thai Thai Melrose Restaurant
[1216/2947] no-platform   -            Royal Pearl Tea
[1217/2947] no-platform   -            Dirty Dough - Oceanside
[1218/2947] no-platform   -            Cherrie Blossom Tea & Boba
[1219/2947] no-platform   -            PAPA GUAPO CANTINA
[1220/2947] wrong-branch  toast        Tapas Bar
[1221/2947] needs-browser Square Online storefront Whatever Forever Coffee
[1222/2947] needs-browser GloriaFood widget Maria's Coffee Shop
[1223/2947] no-platform   -            The Guild Bar
[1224/2947] no-platform   -            Mission Brewing - Kensington
[1225/2947] no-platform   -            Ground Up Cafe
[1226/2947] no-platform   -            664
[1227/2947] no-platform   -            Mantra S[1228/2947] no-platform   -            Mantra Sukha Tea Lounge
[1229/2947] no-platform   -            Koobrew
[1230/2947] no-platform   -            Marzul Coastal Cuisine
[1231/2947] no-platform   -            Panadería González
[1232/2947] no-platform   -            Healthy Grill Mediterranean
[1233/2947] no-platform   -            Gintaro Sushi
[1234/2947] no-platform   -            The Mudbar
[1235/2947] no-platform   -            Crafted Coastal Bakery
[1236/2947] no-platform   -            Last Spot Bar
[1237/2947] no-platform   -            Test Kitchen
[1238/2947] needs-browser Square Online storefront Petite Paleo Bakery
[1239/2947] wrong-branch  popmenu      Alohana Acai Bowls and Smoothies - North Park
[1240/2947] no-platform   -            Barbeer
[1241/2947] no-platform   -            Carnitas Paracho Garibay
[1242/2947] no-platform   -            The Boarding Home
[1243/2947] needs-browser order.online Solana Frosty
[1244/2947] no-platform   -            117⁰ West Spirits Speakeasy
[1245/2947] no-platform   -            Candy Land Café San Diego
[1246/2947] no-platform   -            ABC Market & Deli
[1247/2947] no-platform   -            Super Express Chinese Food
[1248/2947] needs-browser HungerRush   Pop Pops Paleta
[1249/2947] no-platform   -            Hillside Ranch Vineyard
[1250/2947] no-platform   -            Casa Del Marisco Rafaelas
[1251/2947] needs-browser Square Online (own domain) Sea Ridge Cafe
[1252/2947] no-platform   -            Boo Boo's sweet Potato Pies
[1253/2947] no-platform   -            Tommy's Pizza & Subs
[1254/2947] screened-out  toast        Agave Birrieria
[1255/2947] no-platform   -            Get Baked Cookie Co.
[1256/2947] no-platform   -            P[1257/2947[1257/2947] no-platform   -            Manta Pizza
[1258/2947] needs-browser MenuSifu     Joyee Noodle H[1259/2947[1259/2947] no-platform   -            CHI[1260/2947[1260/2947] no-platform   -            MCX Food & Service Plaza, Camp Pendleton, CA
[1261/2947] no-platform   -            Taqueria Los Famosos
[1262/2947] wrong-branch  toast        Amalfi Enoteca Italiana
[1263/2947] wrong-branch  toast        Zonkey
[1264/2947] no-platform   -            Oasis Breads
[1265/2947] needs-browser Square Online (own domain) KAFE'SITO
[1266/2947] no-platform   -            New Motion Beverages
[1267/2947] no-platform   -            Tacos Locos Tasty Mexican Food
[1268/2947] no-platform   -            Blue Bowl Superfoods
[1269/2947] no-platform   -            Street Corner
[1270/2947] needs-browser Square Online storefront 86d (inside Coin-Op)
[1271/2947] no-platform   -            Middy's Pizza
[1272/2947] no-platform   -            Cork N Brew
[1273/2947] no-platform   -            Tortas Ahogadas El Gallito
[1274/2947] no-platform   -            Sweet Story Company LLC
[1275/2947] no-platform   -            Surf City Squeeze
[1276/2947] no-platform   -            longball cocktail
[1277/2947] needs-browser -            Market One
[1278/2947] no-platform   -            Shaka Java
[1279/2947] needs-browser Square Online (own domain) The Salty Cookie
[1280/2947] no-platform   -            Sip Fresh
[1281/2947] no-platform   -            La Paloma
[1282/2947] no-platform   -            Hotdogs Sonora
[1283/2947] no-platform   -            Tacos El Jalón
[1284/2947] needs-browser Square Online storefront Secret Sauce Wok & Grill
[1285/2947] no-platform   -            Sweet Factory
[1286/2947] needs-browser Square Online storefront Cargo Cafe - Torrey Pines
[1287/2947] no-platform   -            The Poke Tea House
[1288/2947] no-platform   -            Great American Cookies - Otay Ranch Town Center
[1289/2947] no-platform   -            La Cucina
[1290/2947] no-platform   -            Heftyboy BBQ dba 716 BBQ & more....
[1291/2947] no-platform   -            Ambiance Kitchen + Lounge
[1292/2947] no-platform   -            Tejedas' Peruvian Kitchen
[1293/2947] needs-browser -            Fresca Deli .
[1294/2947] no-platform   -            Chester's
[1295/2947] wrong-branch  toast        Katy’s Diner
[1296/2947] needs-browser Square Online (own domain) Cafe Pascale
[1297/2947] no-platform   -            Barona Coffee Company
[1298/2947] no-platform   -            Cocina de Tamales
[1299/2947] needs-browser order.online WUHU TEA & DELI
[1300/2947] no-platform   -            The Lookout at Lake Poway
[1301/2947] no-platform   -            Sugared Cookie Company
[1302/2947] no-platform   -            Prado Perk
[1303/2947] no-platform   -            Rumi
[1304/2947] needs-browser order.online Poki One N Half San Marcos
[1305/2947] no-platform   -            Mister G Salsa
[1306/2947] no-platform   -            Tortillas de Harina Elice, Flour Tortillas
[1307/2947] no-platform   -            Sweets by Victoria
[1308/2947] no-platform   -            Mombasa Cooker
[1309/2947] no-platform   -            Surf City Squeeze
[1310/2947] no-platform   -            Seaside BBQ
[1311/2947] wrong-branch  popmenu      Max's Restaurant National City
[1312/2947] no-platform   -            Thérapie Bistro
[1313/2947] needs-browser order.online Poki One N Half San Marcos
[1314/2947] no-platform   -            Burgers & Shakes
[1315/2947] no-platform   -            KayeSimplyBakes
[1316/2947] no-platform   -            Immersion Express / Coffee and Matcha
[1317/2947] needs-browser Square Online (own domain) Juliantla Chocolate Boutique
[1318/2947] no-platform   -            FiveO3 Pupusas
[1319/2947] no-platform   -            Carlo
[1320/2947] no-platform   -            Unico Juice Shop
[1321/2947] no-platform   -            DEN
[1322/2947] no-platform   -            Soleil @k
[1323/2947] no-platform   -            Mason Ale Works Tasting Room
[1324/2947] no-platform   -            Mariposa Ice Cream Oceanside
[1325/2947] no-platform   -            Wild Child Ice Cream
[1326/2947] no-platform   -            The Boss Crepas
[1327/2947] no-platform   -            My O My Coffee and More
[1328/2947] no-platform   -            So Cal Famous Beach Ice
[1329/2947] needs-browser Square Online storefront The Bean Box 701
[1330/2947] no-platform   -            FLAVORS EXPRESS SDSU
[1331/2947] needs-browser ubereats     FallbrkEats
[1332/2947] no-platform   -            Ocean Rainbow
[1333/2947] no-platform   -            Michoacana Mia - Vista
[1334/2947] no-platform   -            Beach Street Tacos
[1335/2947] wrong-branch  toast        Saigon Alley Kitchen & Bar
[1336/2947] needs-browser Square Online (own domain) Slurp
[1337/2947] no-platform   -            Drunk Confections
[1338/2947] needs-browser SpotOn       Oriste Fairway Cafe
[1339/2947] no-platform   -            Netta's Bakery
[1340/2947] no-platform   -            Juice Holler
[1341/2947] no-platform   -            Frutti Mas
[1342/2947] no-platform   -            Chagee
[1343/2947] no-platform   -            IB Espresso
[1344/2947] gated         toast        Higher Grounds Coffee and Cafe
[1345/2947] no-platform   -            Delicious Treats
[1346/2947] needs-browser toast        The Deck at 264
[1347/2947] no-platform   -            Deleitte
[1348/2947] no-platform   -            Fatburger
[1349/2947] no-platform   -            Boardwalk Pizza
[1350/2947] no-platform   -            Midnight Skewer 深夜酒馆
[1351/2947] needs-browser toast        The Tavern at Barley & Sword Brewing Company
[1352/2947] no-platform   -            Board & Brew - Mission Valley
[1353/2947] wrong-branch  toast        Oto Sushi Encinitas
[1354/2947] no-platform   -            Lori's Custom Cakes
[1355/2947] no-platform   -            Numbskulls Shave Ice
[1356/2947] no-platform   -            Lò Bánh Cuốn Tân Định
[1357/2947] no-platform   -            EL CAMARON FELIZ TACOS Y BIRRIA
[1358/2947] needs-browser toast        La Vida
[1359/2947] no-platform   -            Colibri Cafe
[1360/2947] filed         shopify      LA PETITE BAKERY
[1361/2947] needs-browser -            Mosaic Restaurant & Bar
[1362/2947] no-platform   -            Pacific Point
[1363/2947] no-platform   -            Cold Smoke BBQ
[1364/2947] no-platform   -            Street Tacos El Camino Food Truck
[1365/2947] no-platform   -            Bueno Wine & Goods
[1366/2947] no-platform   -            Ramen Inn - San Diego
[1367/2947] needs-browser Square Online storefront Ramen Station
[1368/2947] no-platform   -            Dolce Italia Desserts, Inc.
[1369/2947] no-platform   -            Cutwater
[1370/2947] no-platform   -            Kazukii Sushi & Japanese Cuisine
[1371/2947] no-platform   -            Sip Fresh
[1372/2947] no-platform   -            Dalu Hawaiian BBQ Oceanside
[1373/2947] no-platform   -            MyPozole
[1374/2947] no-platform   -            Queenstown Del Mar
[1375/2947] no-platform   -            Blade Shanghai
[1376/2947] no-platform   -            Vanilla Oasis
[1377/2947] needs-browser slice        Pizza On Pearl North Park
[1378/2947] needs-browser order.online Le Macaron French Pastries Westfield UTC
[1379/2947] no-platform   -            The Bistro - Eat. Drink. Connect.®
[1380/2947] no-platform   -            Fiesta Pinoy
[1381/2947] needs-browser -            seaglass restaurant
[1382/2947] no-platform   -            The Grub Station (South African )
[1383/2947] no-platform   -            Ono Hawaiian BBQ
[1384/2947] no-platform   -            Punkers Cafe
[1385/2947] needs-browser -            Windows Cafe
[1386/2947] needs-browser toast        Hydout Cafe Hillcrest
[1387/2947] no-platform   -            Suki Hana Japan
[1388/2947] no-platform   -            Julian Food Truck
[1389/2947] no-platform   -            Harborside Cuisine
[1390/2947] no-platform   -            BREANS
[1391/2947] needs-browser Square Online storefront Dulce Tentación
[1392/2947] no-platform   -            Finca Casa Blanca
[1393/2947] needs-browser olo          Dimassi's Mediterranean Buffet
[1394/2947] no-platform   -            Side Piece
[1395/2947] no-platform   -            California Ice Cream
[1396/2947] no-platform   -            Golf Grill
[1397/2947] no-platform   -            Crispy Fish Tacos
[1398/2947] needs-browser order.online The Meltdown
[1399/2947] no-platform   -            Side Street Bowls & Smoothies
[1400/2947] needs-browser Square Online storefront Copa Vida
[1401/2947] no-platform   -            Living Room Bar
[1402/2947] no-platform   -            El huevo estrellado # 2
[1403/2947] no-platform   -            Aryana Restaurant & Bar
[1404/2947] no-platform   -            La Michoacana San Diego
[1405/2947] no-platform   -            Cali BBQ- NEX (base access required)
[1406/2947] no-platform   -            Common Good Coffee
[1407/2947] wrong-branch  toast        Grand Ole BBQ PETCO PARK
[1408/2947] no-platform   -            Trifecta Tavern
[1409/2947] screened-out  shopify      Steady State Roasting
[1410/2947] no-platform   -            The Victorian at Hill Street
[1411/2947] needs-browser Square Online storefront Copa Vida - Del Mar
[1412/2947] needs-browser Square Online storefront Cargo Cafe - Wateridge
[1413/2947] no-platform   -            Boba n More
[1414/2947] needs-browser Square Online storefront Cargo Cafe - Gateway
[1415/2947] no-platform   -            ZENTRL Kitchen + Bar - Liberty Station
[1416/2947] no-platform   -            The Darling Dough Co.
[1417/2947] no-platform   -            Tu Madres Bakery
[1418/2947] no-platform   -            Windmill Canyon Restaurant
[1419/2947] no-platform   -            Lulu’s Buns Wholesale Bakery
[1420/2947] no-platform   -            ICE POPS
[1421/2947] needs-browser order.online XENiA Mediterranean Kitchen - San Diego
[1422/2947] no-platform   -            La Botana Loca
[1423/2947] no-platform   -            Bambucha Kombucha
[1424/2947] no-platform   -            Kona Craft Cafe
[1425/2947] no-platform   -            Noel's Cookies
[1426/2947] no-platform   -            Cocinita Express
[1427/2947] wrong-branch  toast        Super Creamery
[1428/2947] no-platform   -            Cafe 477 La Jolla
[1429/2947] wrong-branch  toast        Pizza Port Tasting Room
[1430/2947] no-platform   -            La Central
[1431/2947] screened-out  shopify      Surje Coffee at The Gallery
[1432/2947] needs-browser olo          MOTO Pizza San Diego
[1433/2947] no-platform   -            ZENTRL Kitchen + Bar
[1434/2947] no-platform   -            Corner Deli & Pizza
[1435/2947] no-platform   -            Seven Seas Cafe
[1436/2947] needs-browser order.online Häagen-Dazs
[1437/2947] no-platform   -            La Tienda Lounge
[1438/2947] no-platform   -            Sun Coast Pizza
[1439/2947] needs-browser -            Indulge Restaurant and Bar
[1440/2947] no-platform   -            The Hidden Gazebo Eatery
[1441/2947] no-platform   -            Ocean Journey Cafe
[1442/2947] no-platform   -            Pizza Trolley
[1443/2947] no-platform   -            Dyno Bar
[1444/2947] no-platform   -            Mission Brewing - Sky Deck
[1445/2947] no-platform   -            Matcha On Ice Cafe
[1446/2947] no-platform   -            BLAH Brewing
[1447/2947] screened-out  shopify      THRONE ROOM
[1448/2947] no-platform   -            Zephyr Café
[1449/2947] no-platform   -            Mission Brewing - Miramar
[1450/2947] no-platform   -            ETNA DULCIS
[1451/2947] no-platform   -            Alebrije Food Truck Twin Oaks
[1452/2947] no-platform   -            Three Amigos World Famous Street Tacos
[1453/2947] no-platform   -            Tres Fuegos Cocina
[1454/2947] no-platform   -            Don Maguro
[1455/2947] needs-browser order.online The Meltdown
[1456/2947] no-platform   -            NandosHotBox
[1457/2947] needs-browser order.online The Meltdown
[1458/2947] no-platform   -            Carnitas La Bendicion Market St
[1459/2947] no-platform   -            Vie Café
[1460/2947] filed         wix          Scorched Earth- Fire Sandwiches
[1461/2947] needs-browser order.online The Burger Den
[1462/2947] no-platform   -            The Bean
[1463/2947] too-few       shopify      Five Pillars Coffee
[1464/2947] no-platform   -            Bulldog Tavern
[1465/2947] no-platform   -            Julian Wine & Chocolate
[1466/2947] no-platform   -            Mama’s Bowl
[1467/2947] no-platform   -            Double Down Grill
[1468/2947] no-platform   -            The Monastery by The Lost Abbey (Miramar Area)
[1469/2947] no-platform   -            Lobby Lounge - Park Hyatt Aviara
[1470/2947] no-platform   -            On the Rocks
[1471/2947] needs-browser -            Lounge 72
[1472/2947] no-platform   -            El Ranchero Food Truck
[1473/2947] no-platform   -            Plaza Grill
[1474/2947] needs-browser order.online The Meltdown
[1475/2947] no-platform   -            Coatl Coffee
[1476/2947] needs-browser chownow      GgoolBap, Korean BBQ Bowls
[1477/2947] no-platform   -            TOCHO MOROCHO
[1478/2947] filed         chownow      Abuelita's Birria & Mexican Food
[1479/2947] no-platform   -            Anigma
[1480/2947] no-platform   -            The Café at Rady Children’s Hospital
[1481/2947] no-platform   -            Limon Mexican food
[1482/2947] no-platform   -            El Clamatazo
[1483/2947] no-platform   -            Tacos El Chris
[1484/2947] no-platform   -            Cafe Carlsbad
[1485/2947] no-platform   -            Xtravaganza and Sinbad Restaurant
[1486/2947] wrong-branch  toast        Rock N’ Roost Rotisserie
[1487/2947] no-platform   -            El Rincon del sabor
[1488/2947] needs-browser -            Temporarily Closed - Garlic and Tahini Egyptian Kitchen - Delivery & Carry Out Only
[1489/2947] no-platform   -            J. Brix Wines Tasting Room
[1490/2947] no-platform   -            Little Thai Cottage (Mobile Vendor)
[1491/2947] needs-browser order.online The Meltdown
[1492/2947] no-platform   -            The Westgate Room's Plaza Bar
[1493/2947] no-platform   -            Freshly Prepped
[1494/2947] no-platform   -            Turtle Rock Ridge Wine Bar
[1495/2947] no-platform   -            Hidden City Nutrition
[1496/2947] no-platform   -            Bholat's
[1497/2947] needs-browser order.online The Meltdown
[1498/2947] needs-browser Square Online (own domain) Slurp
[1499/2947] no-platform   -            Kona Kai Club
[1500/2947] needs-browser order.online The Meltdown
[1501/2947] no-platform   -            Emilio's Food Truck
[1502/2947] no-platform   -            Blu Temple | Blu Cabana
[1503/2947] needs-browser -            Sammy's Woodfired Pizza and Grill
[1504/2947] no-platform   -            ‘ritas Taco Truck
[1505/2947] no-platform   -            Colors Gourmet Pizza
[1506/2947] screened-out  shopify      Inflection Point Coffee
[1507/2947] needs-browser order.online Mar & Ember
[1508/2947] no-platform   -            Victorious Pizza
[1509/2947] no-platform   -            Naija Fusion Cuisine
[1510/2947] needs-browser order.online The Meltdown
[1511/2947] no-platform   -            Manny's Bar & Grill
[1512/2947] no-platform   -            North County Food Hub
[1513/2947] no-platform   -            Huerta Taco Stand
[1514/2947] needs-browser order.online The Burger Den
[1515/2947] no-platform   -            JIVe Lounge
[1516/2947] needs-browser order.online The Meltdown
[1517/2947] needs-browser order.online lulubowls (Hawaiian-Inspired Bowls- Boston Ave.)
[1518/2947] no-platform   -            Namino (Tahchin)
[1519/2947] no-platform   -            Breakwater Brewing Co.
[1520/2947] no-platform   -            The Bistro - Eat. Drink. Connect.®
[1521/2947] no-platform   -            SDSU Faculty Staff Club
[1522/2947] no-platform   -            GRAB & GO Viejas
[1523/2947] needs-browser order.online The Meltdown
[1524/2947] no-platform   -            Bert's Bistro
[1525/2947] no-platform   -            El Patron Mexican Food
[1526/2947] no-platform   -            The Fountains Restaurant
[1527/2947] needs-browser toast        Georgette's
[1528/2947] no-platform   -            The SoCal Vegan
[1529/2947] needs-browser order.online The Burger Den
[1530/2947] no-platform   -            Mkutano House
[1531/2947] no-platform   -            Perky’s
[1532/2947] no-platform   -            Casa Campus Point
[1533/2947] needs-browser order.online The Burger Den
[1534/2947] needs-browser Square Online storefront Hommunlii & Co
[1535/2947] needs-browser -            Wing SZN - El Cajon
[1536/2947] no-platform   -            Staxx Burger House
[1537/2947] no-platform   -            Sushi @ Commissary
[1538/2947] no-platform   -            Tacos Berlin
[1539/2947] no-platform   -            El Más Chingón SD
[1540/2947] no-platform   -            Ta’ Corn Madre
[1541/2947] no-platform   -            MexiBowls By Cali Craft Tacos- 2707 Boston Avenue Sa Diego CA 92113
[1542/2947] no-platform   -            SHIO Japanese Dining
[1543/2947] no-platform   -            Jamul Indian Village
[1544/2947] needs-browser order.online The Meltdown
[1545/2947] no-platform   -            El Camino
[1546/2947] needs-browser order.online The Meltdown
[1547/2947] no-platform   -            Cataleya’s Cafe & Sweets
[1548/2947] no-platform   -            Element 8 Cafe
[1549/2947] no-platform   -            Santaluz Bistro
[1550/2947] no-platform   -            Sang Dao Kitchen
[1551/2947] needs-browser -            Fireside Bar & Grill
[1552/2947] no-platform   -            Daymar Select Fine Coffees
[1553/2947] no-platform   -            Angie's Place
[1554/2947] needs-browser order.online The Meltdown
[1555/2947] needs-browser order.online The Meltdown
[1556/2947] needs-browser slice        Hollywood Market and Giant Pizza
[1557/2947] no-platform   -            Grinds & Grooves
[1558/2947] no-platform   -            Med Cafe
[1559/2947] no-platform   -            Bosley Cafe
[1560/2947] no-platform   -            Solrisa
[1561/2947] needs-browser Square Online (own domain) Mayari Coffee
[1562/2947] screened-out  shopify      Lofty Coffee
[1563/2947] needs-browser -            Makai
[1564/2947] no-platform   -            Scoopy Scoopy Ice Cream
[1565/2947] no-platform   -            Gelato 101 Temporary store
[1566/2947] no-platform   -            Cali Cream Bakery
[1567/2947] no-platform   -            Rancho Cafe
[1568/2947] no-platform   -            Gomeznutricion
[1569/2947] no-platform   -            Lang's Bakery
[1570/2947] no-platform   -            The Heritage Steakhouse
[1571/2947] no-platform   -            Cays Lounge
[1572/2947] no-platform   -            Original Mariscos German
[1573/2947] needs-browser order.online Deli Belly
[1574/2947] no-platform   -            Chuck's Wagon Deli
[1575/2947] no-platform   -            Soda & Swine
[1576/2947] wrong-branch  toast        Blue Water Grill
[1577/2947] no-platform   -            Baba's Pizza
[1578/2947] no-platform   -            Cafe Fresh
[1579/2947] no-platform   -            Pavilions Bakery
[1580/2947] needs-browser Square Online (own domain) Annabel Cohen Gourmet
[1581/2947] no-platform   -            Badas burgers
[1582/2947] needs-browser toast        Klatch Coffee - Santee
[1583/2947] needs-browser Square Online storefront Emjaye's Coffee
[1584/2947] no-platform   -            Brick & Bell Plus
[1585/2947] no-platform   -            Island Market
[1586/2947] no-platform   -            Fairbanks
[1587/2947] no-platform   -            Dryer's Ice Cream Parlor
[1588/2947] no-platform   -            OB Kebab
[1589/2947] no-platform   -            The Gold Reserve Kitchen & Bar
[1590/2947] no-platform   -            Cork Oak Cafe
[1591/2947] needs-browser toast        BCB Coffee Company
[1592/2947] no-platform   -            El Dorado
[1593/2947] no-platform   -            Big Oven Tacos
[1594/2947] no-platform   -            Stacy's SUGAR Shop
[1595/2947] no-platform   -            LUNAS
[1596/2947] no-platform   -            Blue Wave Bistro
[1597/2947] no-platform   -            Blessed by Cake
[1598/2947] no-platform   -            Bake and beach
[1599/2947] no-platform   -            House of Black
[1600/2947] no-platform   -            Grover's Grill
[1601/2947] filed         wix          The Malt House
[1602/2947] no-platform   -            The Neighborhood Cafe
[1603/2947] no-platform   -            The Market
[1604/2947] needs-browser order.online Big Daddy's Hawaiian BBQ (San Diego)
[1605/2947] no-platform   -            Dana Andrew Celebrations
[1606/2947] no-platform   -            Jammy Toast Bakery
[1607/2947] no-platform   -            Kasi
[1608/2947] no-platform   -            Border X Brewing
[1609/2947] no-platform   -            Topwater Grill
[1610/2947] needs-browser Square Online storefront Stuffed Ice Cream
[1611/2947] no-platform   -            Roadtrip Bowls Made by Lazy Dog
[1612/2947] no-platform   -            Vintage Rose Sourdough
[1613/2947] no-platform   -            K1 Paddock Lounge - Sports Bar & Restaurant - San Diego, CA
[1614/2947] needs-browser order.online La Pizza del Barrio
[1615/2947] no-platform   -            Taqueria
[1616/2947] needs-browser order.online Mexicana Lab 2707 Boston Avenue
[1617/2947] no-platform   -            TOAST & TALES
[1618/2947] filed         spothopper   Cabo Cantina
[1619/2947] no-platform   -            Elena’s Pastry
[1620/2947] needs-browser Square Online storefront Copa Vida
[1621/2947] screened-out  order.online Fish Res[1622/2947] needs-browser Square Online (own domain) Sweet Escape Homemade Treats
[1623/2947] no-platform   -            Bing's Bar
[1624/2947] no-platform   -            SD Custom Cakes
[1625/2947] no-platform   -            Taco Villa
[1626/2947] no-platform   -            CARAVAN
[1627/2947] no-platform   -            Calzone Life Escondido
[1628/2947] no-platform   -            Sweets
[1629/2947] no-platform   -            Fouet & Co.
[1630/2947] no-platform   -            Copper Kings Oceanside
[1631/2947] needs-browser chownow      Wanderlust Creamery
[1632/2947] no-platform   -            Sabor Al Gusto
[1633/2947] no-platform   -            The Waterfront
[1634/2947] no-platform   -            Más Veggies Vegan Taqueria
[1635/2947] no-platform   -            Twist New Zealand Style Real Fruit Ice Cream
[1636/2947] screened-out  shopify      Bird Rock Coffee Roasters - Park & Market
[1637/2947] needs-browser Square Online storefront Muse Cheesecake
[1638/2947] no-platform   -            Café Rhône
[1639/2947] no-platform   -            Tortuga Bar and Grill
[1640/2947] wrong-branch  toast        Sextons Pizza
[1641/2947] no-platform   -            The Warehouse
[1642/2947] no-platform   -            Lobster Lab - Sky Deck at Del Mar Highlands Town Center
[1643/2947] no-platform   -            Canyon Inn
[1644/2947] screened-out  order.online Fish Restaurant
[1645/2947] needs-browser order.online Pavilions Bakery
[1646/2947] no-platform   -            Safari Coffee Outpost
[1647/2947] no-platform   -            Native Foods
[1648/2947] no-platform   -            Snout & Scone
[1649/2947] no-platform   -            Old Fashioned Creamery at Barona
[1650/2947] no-platform   -            Daisy’s Amazing Cakes
[1651/2947] no-platform   -            Dainty Dessert
[1652/2947] no-platform   -            SAN DIEGO FRIES
[1653/2947] no-platform   -            Antique Thai
[1654/2947] no-platform   -            La Cantina
[1655/2947] no-platform   -            Tide and Treats
[1656/2947] no-platform   -            Rush Bowls
[1657/2947] no-platform   -            tiger!tiger!
[1658/2947] no-platform   -            The Palma Bar & Grill
[1659/2947] no-platform   -            Goats Rose Sourdough
[1660/2947] no-platform   -            Lovely Creations Co
[1661/2947] no-platform   -            Alborz Restaurant
[1662/2947] no-platform   -            Pei Wei
[1663/2947] no-platform   -            Diego's Taco Shop
[1664/2947] no-platform   -            Sprinkles Ice Cream Shop And Bakery
[1665/2947] no-platform   -            Weapon Ramen
[1666/2947] no-platform   -            Bobby B's
[1667/2947] no-platform   -            La Gordita
[1668/2947] no-platform   -            Baked Babe Cakes & Bakes
[1669/2947] needs-browser -            Sweet Treats by Thick
[1670/2947] no-platform   -            Olly's Baked Assortments
[1671/2947] no-platform   -            Daily Roast
[1672/2947] no-platform   -            DELISTRABERRY
[1673/2947] no-platform   -            Coco's Bakery
[1674/2947] no-platform   -            Bacio di Latte | Flower Hill, SD
[1675/2947] needs-browser order.online Taquizas Maria
[1676/2947] wrong-branch  toast        The Coffee Spot
[1677/2947] too-few       wix          Bocas Del Sol. (MissShelly's Shack )
[1678/2947] no-platform   -            Pizza Place
[1679/2947] wrong-branch  toast        Cozy Corner
[1680/2947] no-platform   -            Truluck's
[1681/2947] no-platform   -            Terra Cafe
[1682/2947] no-platform   -            King Kream Ice Cream
[1683/2947] no-platform   -            little Estrella bakes
[1684/2947] no-platform   -            Farmer's Fridge
[1685/2947] needs-browser order.online The Meltdown
[1686/2947] no-platform   -            Marisco's Sabor A Mexico
[1687/2947] no-platform   -            Time Out Café
[1688/2947] no-platform   -            Breakwater Brewing Co.
[1689/2947] no-platform   -            Boston Market
[1690/2947] no-platform   -            The Hamlett
[1691/2947] needs-browser toast        bcb Cafe
[1692/2947] no-platform   -            Mama Dukes Roadside
[1693/2947] no-platform   -            Monster Snacks
[1694/2947] no-platform   -            Kae’s Kreations
[1695/2947] needs-browser order.online The Meltdown
[1696/2947] no-platform   -            Casa Ocho
[1697/2947] no-platform   -            Ruthii's Coffee
[1698/2947] no-platform   -            Fairbanks
[1699/2947] no-platform   -            All Fried Up
[1700/2947] no-platform   -            PCH Café & Market
[1701/2947] no-platform   -            Mission Brewing (fka Rough Draft)
[1702/2947] no-platform   -            UrbanLife Cafe
[1703/2947] no-platform   -            Bridget Bakery
[1704/2947] no-platform   -            Shallow End Grill
[1705/2947] needs-browser Square Online (own domain) Veggyjess
[1706/2947] no-platform   -            Mariscos la Baja mar y fuego
[1707/2947] no-platform   -            Pei Wei
[1708/2947] no-platform   -            Seaside Cowboy Coffee
[1709/2947] no-platform   -            Crave
[1710/2947] no-platform   -            India Princess
[1711/2947] no-platform   -            HOB on Park
[1712/2947] needs-browser toast        Carls Tavern
[1713/2947] no-platform   -            Sweet Cheeks Homestead
[1714/2947] no-platform   -            Herb & Eatery
[1715/2947] needs-browser olo          Coffee Bean
[1716/2947] no-platform   -            Deli & Go
[1717/2947] no-platform   -            Stone Oven
[1718/2947] no-platform   -            E. Lee's Sweets
[1719/2947] no-platform   -            Chicken & Crown
[1720/2947] no-platform   -            Anila's Cucina Rustica
[1721/2947] no-platform   -            Beer Company
[1722/2947] needs-browser Square Online storefront Mindy’s Bakery
[1723/2947] no-platform   -            Coffee Amore
[1724/2947] no-platform   -            Grand Social
[1725/2947] no-platform   -            Pastry Pedaler - Bakery Delivery in Pacific Beach, San Diego
[1726/2947] no-platform   -            1022 Cafe & Gelateria
[1727/2947] no-platform   -            Sierra's Baking Corner
[1728/2947] no-platform   -            The Shop _ Coffee + Thrift
[1729/2947] no-platform   -            CaMau Bakery & Deli
[1730/2947] needs-browser order.online The Meltdown
[1731/2947] no-platform   -            Soy Leaf Juice Bar & Healthy Grill
[1732/2947] no-platform   -            Spinnaker Coffee
[1733/2947] no-platform   -            Sabor a Mi Kitchen (Birrieria)
[1734/2947] no-platform   -            That Girl Can Bake
[1735/2947] wrong-branch  clover       Manzanita Roasting Company and Coffee House
[1736/2947] no-platform   -            Baja Fresh
[1737/2947] no-platform   -            Valerio's Finest Bake Shop
[1738/2947] no-platform   -            Thyme Of Essence
[1739/2947] no-platform   -            Terrace Lounge
[1740/2947] no-platform   -            Rancho Bakers
[1741/2947] no-platform   -            Coffee Shop at the Lullabar
[1742/2947] needs-browser -            Carlsbad Cookie Company
[1743/2947] needs-browser order.online The Meltdown
[1744/2947] no-platform   -            Give Us This Day LLC Micro-Bakery
[1745/2947] too-few       shopify      Taste & Sea Cakery
[1746/2947] no-platform   -            Rancho Bakers
[1747/2947] no-platform   -            University Towers Kitchen
[1748/2947] wrong-branch  own-jsonld   Shibuya Nights
[1749/2947] no-platform   -            IMPE Bar
[1750/2947] no-platform   -            Sugar Treats n Cakes
[1751/2947] needs-browser order.online Puesto Taco Bar
[1752/2947] no-platform   -            Linden Crust Bakehouse
[1753/2947] no-platform   -            Carbon Angela’s Kitchen
[1754/2947] no-platform   -            TEC Cafe
[1755/2947] no-platform   -            I Love Pho
[1756/2947] too-few       netwaiter    Thai Pasta
[1757/2947] no-platform   -            Javelina Craft Barbecue
[1758/2947] no-platform   -            Shake Smart
[1759/2947] needs-browser order.online El Ranchero
[1760/2947] no-platform   -            Sifted and Sugared
[1761/2947] needs-browser order.online Hummus Mediterranean Kitchen
[1762/2947] needs-browser Square Online (own domain) Crepes
[1763/2947] no-platform   -            Thai Basil
[1764/2947] no-platform   -            Old World Meat Company
[1765/2947] no-platform   -            Hectors pizza
[1766/2947] no-platform   -            SugarWater BakeHouse
[1767/2947] needs-browser Square Online storefront Sushi Freak
[1768/2947] no-platform   -            Center Bar
[1769/2947] no-platform   -            Iron Brew Coffee
[1770/2947] no-platform   -            elementa
[1771/2947] no-platform   -            Stix
[1772/2947] no-platform   -            Nat Sweet Treats
[1773/2947] no-platform   -            Sweet Maison Bakery
[1774/2947] no-platform   -            Fruteria el Manguito
[1775/2947] no-platform   -            My O My Coffee and Deli
[1776/2947] no-platform   -            Corner Market
[1777/2947] no-platform   -            Marquesitas Liah
[1778/2947] no-platform   -            Snax
[1779/2947] no-platform   -            Sweet Labors
[1780/2947] no-platform   -            Five Corners Coffee & Bakery Co.
[1781/2947] no-platform   -            Buttery Bakes
[1782/2947] no-platform   -            Hacienda De Vega
[1783/2947] no-platform   -            Haven Cafe
[1784/2947] no-platform   -            Trade Restaurant & Lounge
[1785/2947] no-platform   -            Bovino
[1786/2947] needs-browser order.online Sabor a Vida Cafe & Deli
[1787/2947] no-platform   -            Fairbanks
[1788/2947] no-platform   -            The TriTiperia
[17[1789/2947] no-platform   -            The TriTiperia
[1790/2947] needs-browser MealKeyWay   Yonny Mini Hotpot
[1791/2947] no-platform   -            Café de Anza
[1792/2947] no-platform   -            Pacific Seafood
[1793/2947] no-platform   -            Uumbal
[1794/2947] needs-browser order.online HapiVegan
[1795/2947] wrong-branch  toast        Bubba’s Smokehouse BBQ
[1796/2947] no-platform   -            The Coyote Den
[1797/2947] no-platform   -            Fox Den Bar
[1798/2947] no-platform   -            Casa Café & Market
[1799/2947] no-platform   -            The Dive Bar
[1800/2947] wrong-branch  toast        Brigitte's Bake[18[1801/2947] needs-browser -            The Landi[1802/2947] no-platform   -            Cali Craft Tacos
[[1803/2947] no-platform   -            RASPARSWEET
[1804/2947] no[1804/2947] no-platform   -            RASPARSWEET
[1805/2947] wrong-branch  toast        Brigitte's Bakery
[1806/2947] needs-browser order.online Poki Poki
[1807/2947] no-platform   -            Lilac Heights Bakery
[1808/2947] no-platform   -            Calypso Cocktails
[1809/2947] needs-browser Square Online storefront Sushi Heights
[1810/2947] no-platform   -            M & M Patisserie
[1811/2947] no-platform   -            The Caddyshack
[1812/2947] no-platform   -            La Salsa
[1813/2947] needs-browser Square Online storefront Cafecito 1806
[1814/2947] no-platform   -            Pavilions Bakery
[1815/2947] no-platform   -            Café Sand Castle
[1816/2947] no-platform   -            Papi Tacos
[1817/2947] no-platform   -            Chow Hall
[1818/2947] no-platform   -            Lefty's Cheesesteaks
[1819/2947] no-platform   -            Skewers Grill
[1820/2947] no-platform   -            Simply Baked Box
[1821/2947] no-platform   -            Calvins' Sportsbar
[1822/2947] no-platform   -            Sunny Bunny Bakes
[1823/2947] no-platform   -            Island Girl Bakes
[1824/2947] no-platform   -            Mawazo Kitchen
[1825/2947] needs-browser -            Barcino Grill
[1826/2947] no-platform   -            Jungle Cart
[1827/2947] no-platform   -            Marketplace
[1828/2947] no-platform   -            Krispy Krunchy Chicken
[1829/2947] no-platform   -            Cent'Anni Café
[1830/2947] no-platform   -            Promised Goods
[1831/2947] no-platform   -            Gourmet Tamales
[1832/2947] no-platform   -            Farmer's Fridge
[1833/2947] no-platform   -            Village Inn
[1834/2947] no-platform   -            Kava Lounge
[1835/2947] needs-browser order.online Coffee Cart
[1836/2947] no-platform   -            Diamond Jims
[1837/2947] no-platform   -            Sushi Cafe + Deli
[1838/2947] no-platform   -            Fiesta Mexicana Bakery
[1839/2947] no-platform   -            Fundant Cookies
[1840/2947] no-platform   -            BBQUSION
[1841/2947] no-platform   -            Dumonts
[1842/2947] no-platform   -            Dumonts
[1843/2947] needs-browser chownow      Mr Gs Tavern
[1844/2947] no-platform   -            Mis Dos Gallos Taqueria, Fruit & Deli
[1845/2947] no-platform   -            Villa Fresh Italian Kitchen
[1846/2947] no-platform   -            Veladora
[1847/2947] no-platform   -            Jordan
[1848/2947] no-platform   -            Blue Bayou
[1849/2947] no-platform   -            Coin Toss
[1850/2947] needs-browser -            Market La Jolla
[1851/2947] no-platform   -            Freedom Carts
[1852/2947] no-platform   -            Dharma Bread Co
[1853/2947] no-platform   -            Veronica's Goodies
[1854/2947] no-platform   -            Oliva
[1855/2947] no-platform   -            Trinacria Pizza Co.
[1856/2947] no-platform   -            Tocumbo Ice Cream National City
[1857/2947] no-platform   -            Vella Brasserie
[1858/2947] no-platform   -            Health Center Deli
[1859/2947] no-platform   -            Corner Counter
[1860/2947] no-platform   -            Nrgize
[1861/2947] no-platform   -            Kellys Pub
[1862/2947] no-platform   -            Coast Coffee Co
[1863/2947] no-platform   -            The Quay Cafe
[1864/2947] no-platform   -            MeloMelo Coconut Dessert
[1865/2947] no-platform   -            Negro Durazo
[1866/2947] wrong-branch  order.online The Poke Co. - Linda Vista
[1867/2947] no-platform   -            Modern Times Coffee
[1868/2947] no-platform   -            Rocko's Modern Taphouse
[1869/2947] no-platform   -            Humphrey Nutrición club herbalife
[1870/2947] no-platform   -            Cafe 477 Encinitas
[1871/2947] no-platform   -            The Banshee Bar
[1872/2947] no-platform   -            High Seas Bar
[1873/2947] no-platform   -            The Encore Sushi
[1874/2947] wrong-branch  toast        Sangucheria PSF Hillcrest
[1875/2947] no-platform   -            Crave & Feast
[1876/2947] no-platform   -            Masa Madre
[1877/2947] no-platform   -            Nono José Empanadas
[1878/2947] wrong-branch  toast        Blank Slate
[1879/2947] no-platform   -            The Vill[1880/2947] no-platform [1880/2947] no-platform   -            Hui Hua
[1881/2947] no-platform   -            The Macaron Shop SD
[1882/2947] no-platform   -            Lone Pine Eatery
[1883/2947] no-platform   -            Rhino Cake and Coffee Company
[1884/2947] no-platform   -            The brew inn tavern
[1885/2947] no-platform   -            Mama Kat's Restaurant and Pie Shop
[1886/2947] no-platform   -            The Santaluz Club Dining Room and Events
[1887/2947] no-platform   -            Mielimon Bakery
[1888/2947] no-platform   -            Nicolosi's Pizza (Mira Lee Way)
[1889/2947] no-platform   -            The Grand Tradition
[1890/2947] no-platform   -            Buka - Taste of Nigeria
[1891/2947] needs-browser Square Online (own domain) The Mighty Bean Coffee Co.
[1892/2947] no-platform   -            Deli and Pizzeria
[1893/2947] no-platform   -            Ono Hawaiian BBQ
[1894/2947] no-platform   -            Lindo Valle Mexican Grill
[1895/2947] needs-browser Square Online storefront Rancho Sandwich & Creamery
[1896/2947] no-platform   -            Afghan Table
[1897/2947] no-platform   -            In Between
[1898/2947] no-platform   -            Kabul West Mediterranean Grill
[1899/2947] no-platform   -            Tu Taco Taco Shop #2
[1900/2947] no-platform   -            Amalfi Cucina Italiana at Orfila Vineyards
[1901/2947] no-platform   -            Avo & Ocha
[1902/2947] no-platform   -            Stony Mountain Bar & Grill
[1903/2947] needs-browser -            Verde Kitchen & Bar
[1904/2947] no-platform   -            Gaslamp Coffee Bar
[1905/2947] no-platform   -            Mi Pan Bakery
[1906/2947] no-platform   -            Inland Tavern
[1907/2947] no-platform   -            Heritage
[1908/2947] no-platform   -            The Reading Club
[1909/2947] no-platform   -            The Divers Cup
[1910/2947] no-platform   -            Pinsarella Ancient Roman Pizza
[1911/2947] no-platform   -            30Z Dive Club (Three Ounce)
[1912/2947] no-platform   -            Egg Tuck
[1913/2947] needs-browser Square Online storefront Petite Perk Cafe
[1914/2947] screened-out  shopify      OTAY CAFE
[1915/2947] no-platform   -            Country Waffles
[1916/2947] no-platform   -            Monserrate Pastries
[1917/2947] no-platform   -            Sweet Munchies
[1918/2947] no-platform   -            Rock Steady
[1919/2947] no-platform   -            Joes on the Nose
[1920/2947] no-platform   -            Michoacana Mia - Escondido
[1921/2947] no-platform   -            SALT N SAVOR DELI & CAFE
[1922/2947] no-platform   -            Chandelier BY G
[1923/2947] no-platform   -            Don Ramon Méxican and sea food
[1924/2947] no-platform   -            Fallbroo[1925/2947] no-pla[1925/2947] no-platform   -            Thum SD
[1926/2947] no-platform   -            By The Sea
[1927/2947] no-platform   -            Hilltop Cafe
[1928/2947] no-platform   -            Bean Sprouts
[1929/2947] wrong-branch  toast        Sangucheria PSF Liberty Station
[1930/2947] no-platform   -            NM Cafe
[1931/2947] no-platform   -            Mexico City Cuisine LLC
[1932/2947] wrong-branch  slice        Famous Famiglia
[1933/2947] no-platform   -            De Los Altos Restaurant
[1934/2947] no-platform   -            Mexico City Cuisine-CoLab
[1935/2947] no-platform   -            Buffet House
[1936/2947] no-platform   -            El Puerto Taco Shop
[1937/2947] no-platform   -            La Sierra Cafe
[1938/2947] no-platform   -            Bonny's Cafe
[1939/2947] no-platform   -            Por Vida
[1940/2947] no-platform   -            Fasia Buffet
[1941/2947] no-platform   -            The Best Donuts
[1942/2947] no-platform   -            Paul's Place
[1943/2947] no-platform   -            Señor Pancho Mexican Grill
[1944/2947] no-platform   -            Jeong Won BBQ Buffet
[1945/2947] no-platform   -            Filo
[1946/2947] no-platform   -            VanDough French Bakery
[1947/2947] no-platform   -            Hilberto's Mexican Food
[1948/2947] no-platform   -            Saray Restaurant Charcoal Grill
[1949/2947] no-platform   -            El Ranchero Taco Shop
[1950/2947] no-platform   -            Germán Seafood Food Truck
[1951/2947] no-platform   -            Mr Pho
[1952/2947] no-platform   -            Niban Japanese Restaurant
[1953/2947] no-platform   -            Franks Mexican Grill
[1954/2947] no-platform   -            Birrieria y menuderia Guadalajara
[1955/2947] no-platform   -            Mi Rancho Market
[1956/2947] no-platform   -            Plaza Donuts
[1957/2947] no-platform   -            Triple Crown Pub
[1958/2947] no-platform   -            Kesling's Kitchen
[1959/2947] no-platform   -            La India Bonita
[1960/2947] no-platform   -            Kotija Taco Shop Mexican Food
[1961/2947] no-platform   -            Tavos Tacos n Beer
[1962/2947] no-platform   -            D-K-Che Fruteria
[1963/2947] no-platform   -            LA MALCRIADA BIRRIERIA
[1964/2947] no-platform   -            Mariscos Fili La Carreta
[1965/2947] no-platform   -            Dolche cafe/ Mexifood
[1966/2947] no-platform   -            Beijing Express
[1967/2947] no-platform   -            Pho46 & Banh Mi
[1968/2947] no-platform   -            Estrada's Taco Shop
[1969/2947] no-platform   -            O B Donuts
[1970/2947] no-platform   -            Tekila Cocina Mexicana
[1971/2947] no-platform   -            Mr Holy Gao
[1972/2947] no-platform   -            Nice Food Restaurant
[1973/2947] no-platform   -            Terzo Bakery & Cafe
[1974/2947] no-platform   -            Chitos Taco Shop
[1975/2947] no-platform   -            Veronica's Kitchen
[1976/2947] no-platform   -            Taqueria Revolución
[1977/2947] no-platform   -            Arrieros
[1978/2947] no-platform   -            Dannys Palm Bar and Grill
[1979/2947] no-platform   -            Cafecito on Palm
[1980/2947] no-platform   -            Juan Bertos Mexican Food
[1981/2947] no-platform   -            Margarita’s
[1982/2947] no-platform   -            Pho 4 Queen
[1983/2947] no-platform   -            The Salty Frog Bar
[1984/2947] no-platform   -            HACIENDITA BAKERY
[1985/2947] no-platform   -            Yogurt Barn
[1986/2947] no-platform   -            Elena's French Crepes Cafe & Peet's Coffee
[1987/2947] no-platform   -            Meshuggah Shack
[1988/2947] no-platform   -            LAS UVAS TEJUINO LA DONA
[1989/2947] no-platform   -            Bravo's Taco Shop
[1990/2947] no-platform   -            Wicked Poke
[1991/2947] no-platform   -            Cow Shed Bar and Grill
[1992/2947] no-platform   -            Pho Anh & Grill
[1993/2947] no-platform   -            Chico's Restaurant
[1994/2947] no-platform   -            Wahine Kai Shave Ice
[1995/2947] no-platform   -            Orlando's Taco Shop
[1996/2947] no-platform   -            Mikki's Cafe
[1997/2947] no-platform   -            Los Reyes Mexican Food
[1998/2947] no-platform   -            Apple Country Restaurants
[1999/2947] no-platform   -            The Break[2000/2947] no-platform   -            PHOnomenal
[2001/2947] no-platform   -            La Rosa Giant Pizz[2[2002/2947] no-platform   -            Jilberto's
[2003/2947] no-platform   -            Sunrise Deli & Grill
[2004/2947] no-platform   -            Tacos El Gordo
[2005/2947] no-platform   -            Faridas
[2006/2947] no-platform   -            Chung Hing
[2007/2947] no-platform   -            Poncho Villa's Mexican Food
[2008/2947] no-platform   -            The Latin Chef Liberty Station
[2009/2947] no-platform   -            Don Lucio's Mexican Grill
[2010/2947] no-platform   -            Sub-marine
[2011/2947] no-platform   -            Lisa's Filipino Cuisine
[2012/2947] no-platform   -            Hilda's Mexican Bakery
[2013/2947] no-platform   -            Swan Bar
[2014/2947] no-platform   -            664 TJ Birriería
[2015/2947] no-platform   -            One More Thats It
[2016/2947] no-platform   -            Mis Cuates Taco Shop
[2017/2947] no-platform   -            Super Donuts
[2018/2947] no-platform   -            San Diego Blenders
[2019/2947] no-platform   -            Starbread Bakery
[2020/2947] no-platform   -            Tj Tortas & Tacos
[2021/2947] no-platform   -            Panda Chef
[2022/2947] no-platform   -            Original Yogurt Shack
[2023/2947] no-platform   -            R&B Filipino Cuisine
[2024/2947] no-platform   -            Lucky Donuts & Deli
[2025/2947] no-platform   -            Rock N Roll Scoops
[2026/2947] no-platform   -            Pam's Donuts and Frozen Yogurt
[2027/2947] no-platform   -            S K's Donuts
[2028/2947] no-platform   -            El Primo Birrieria Mexican cuisine
[2029/2947] no-platform   -            Birriería Y Menudería Guadalajara
[2030/2947] no-platform   -            BLUE NILE Ethiopian market and restaurant
[2031/2947] no-platform   -            Rising Dragon Chinese Restaurant
[2032/2947] no-platform   -            The Keep Coffee
[2033/2947] no-platform   -            Rosemary & Thyme Cafe
[2034/2947] no-platform   -            California Mexican Food
[2035/2947] no-platform   -            6 Grados Coffee
[2036/2947] no-platform   -            Sammy's Mexican Bakery
[2037/2947] no-platform   -            Sawaya Brothers Jr/ Pollo Mex
[2038/2947] no-platform   -            Dia Del Cafe
[2039/2947] no-platform   -            Taquería Imperial Taco Shop
[2040/2947] no-platform   -            Desi's Bar & Grill
[2041/2947] no-platform   -            Sky Hookah Lounge
[2042/2947] no-platform   -            Yogurt Express
[2043/2947] no-platform   -            Ringers Cocktails
[2044/2947] no-platform   -            HACIENDITA BAKERY
[2045/2947] no-platform   -            Mi Reyna Tortilleria
[2046/2947] no-platform   -            Heavenly Donuts
[2047/2947] no-platform   -            George's Cafe
[2048/2947] no-platform   -            Tacos El Flaco
[2049/2947] no-platform   -            Golden Donut
[2050/2947] no-platform   -            Scotland Yard Restaurant
[2051/2947] no-platform   -            Tans Donuts
[2052/2947] no-platform   -            R&B Tea San Carlos
[2053/2947] no-platform   -            Chico Club
[2054/2947] no-platform   -            The Vybe Lounge
[2055/2947] no-platform   -            Hello Deli
[2056/2947] no-platform   -            El Tigre Churros Y Platanos
[2057/2947] no-platform   -            Don Jilberto's Mexican Food
[2058/2947] no-platform   -            La Dama y Sus Takonez
[2059/2947] no-platform   -            Wings Mix
[2060/2947] no-platform   -            Crafted Culture
[2061/2947] no-platform   -            Cesar's Taco Shop
[2062/2947] no-platform   -            Raymundo's Taco Shop
[2063/2947] no-platform   -            Gonzales Mess Hall
[2064/2947] no-platform   -            La Cresta Restaurant and Caffé
[2065/2947] no-platform   -            Sorianas Mexican Food
[2066/2947] no-platform   -            Candied Apple Cafe
[2067/2947] no-platform   -            China Fun
[2068/2947] no-platform   -            Chamango Mango
[2069/2947] no-platform   -            The Whet Noodle
[2070/2947] no-platform   -            Maxdon's
[2071/2947] no-platform   -            Manna Restaurant Pancake House And Chinese Fast Food
[2072/2947] no-platform   -            Marvelous Muffins
[2073/2947] no-platform   -            Panaderia La Buena
[2074/2947] no-platform   -            Yogurt Lounge III
[2075/2947] no-platform   -            Caffe Positano, Village
[2076/2947] no-platform   -            Mike's Cocktails
[2077/2947] no-platform   -            Donut Factory
[2078/2947] no-platform   -            garage.79
[2079/2947] no-platform   -            Savoy Donuts
[2080/2947] no-platform   -            Yogurt Palace
[2081/2947] no-platform   -            The Watering Hole
[2082/2947] no-platform   -            Formosa Club
[2083/2947] no-platform   -            Lucita Taco Shop
[2084/2947] no-platform   -            Happy Lemon Del Mar
[2085/2947] no-platform   -            Fatte's Pizza
[2086/2947] no-platform   -            Steph's Donut Hole
[2087/2947] no-platform   -            Nice Food Restaurant
[2088/2947] no-platform   -            14 Area Chow Hall
[2089/2947] no-platform   -            Plantology Cafe
[2090/2947] no-platform   -            Best Donuts
[2091/2947] no-platform   -            Sweet Shoppe
[2092/2947] no-platform   -            Manila Fastfood and Desserts
[2093/2947] no-platform   -            BALBOA PERK, Coffee & Tea
[2094/2947] no-platform   -            21 Area Mess Hall
[2095/2947] no-platform   -            Banh Mi Express
[2096/2947] no-platform   -            Ujin
[2097/2947] no-platform   -            Express Pizza 'N Wings
[2098/2947] no-platform   -            Tijuanero By Tijuanazo - Little Italy
[2099/2947] no-platform   -            Chico's Panaderia
[2100/2947] no-platform   -            Mi Taco Shop
[2101/2947] no-platform   -            Las Morelias
[2102/2947] no-platform   -            Spring Valley Inn
[2103/2947] no-platform   -            El Huarache Taco Shop
[2104/2947] no-platform   -            Gualberto's Taco Shop
[2105/2947] no-platform   -            Coal Bros Taqueria
[2106/2947] no-platform   -            Growing Edge Coffee & Community
[2107/2947] no-platform   -            Mike's Giant New York Pizza
[2108/2947] no-platform   -            33 Area Chow Hall
[2109/2947] no-platform   -            BaBa Ice Cream
[2110/2947] no-platform   -            Bonsall Donut House
[2111/2947] no-platform   -            e•'lo•te
[2112/2947] no-platform   -            Manka Peruvian Cuisine
[2113/2947] no-platform   -            Circus Ma'am Ice Cream
[2114/2947] no-platform   -            The Cardiff Office
[2115/2947] no-platform   -            Tuétano Taquería
[2116/2947] no-platform   -            Supreme Donuts
[2117/2947] no-platform   -            Bakery Corner Donuts
[2118/2947] no-platform   -            On the Rocks Cocktails
[2119/2947] no-platform   -            A1 sports Bar
[2120/2947] no-platform   -            Calico's
[2121/2947] no-platform   -            La Pesca Cevichería Baja
[2122/2947] no-platform   -            Dcs Across The Street
[2123/2947] no-platform   -            Muir Coffee House
[2124/2947] no-platform   -            Paleteria La Michoacana
[2125/2947] no-platform   -            La Mexican Fiesta
[2126/2947] no-platform   -            Noemas Tex Mex cuisine
[2127/2947] no-platform   -            Panda Restaurant
[2128/2947] no-platform   -            Martini Hall 53
[2129/2947] no-platform   -            Deli Mart
[2130/2947] no-platform   -            Foster's Family Donouts
[2131/2947] no-platform   -            Plume & Brew Coffee
[2132/2947] no-platform   -            Immersion Coffee
[2133/2947] no-platform   -            Sportsmans Pub
[2134/2947] no-platform   -            Judy's Deli
[2135/2947] no-platform   -            Morada Restaurant Rancho Santa Fe
[2136/2947] no-platform   -            Lollicup Tea Zone
[2137/2947] no-platform   -            Hilberto's Mexican Food
[2138/2947] no-platform   -            YOHED COFFEE
[2139/2947] no-platform   -            The coffee machine
[2140/2947] no-platform   -            Julian Pit Stop
[2141/2947] no-platform   -            Chico's Bakery
[2142/2947] no-platform   -            Taste of African Cuisine
[2143/2947] no-platform   -            The Round Up Grill
[2144/2947] no-platform   -            Papayas Juice Bar
[2145/2947] no-platform   -            Yogurt Barn
[2146/2947] no-platform   -            Euros Hookah Lounge
[2147/2947] no-platform   -            Super Donuts #2
[2148/2947] no-platform   -            Donut star
[2149/2947] no-platform   -            West Pac Noodle Bar
[2150/2947] no-platform   -            Oceanside Donut
[2151/2947] no-platform   -            Fresh Donuts
[2152/2947] no-platform   -            DJ's Pizza Express
[2153/2947] no-platform   -            Donut Stop
[2154/2947] no-platform   -            Jessie's Bake Shop
[2155/2947] no-platform   -            La Nueva Mexican Bakery
[2156/2947] no-platform   -            664 TJ Birriería
[2157/2947] no-platform   -            mammys coffee
[2158/2947] no-platform   -            Mi Amigo Restaurant and bakery
[2159/2947] no-platform   -            La Especial
[2160/2947] no-platform   -            Summer's Deli & Catering
[2161/2947] no-platform   -            TJ birrierria 664 #4
[2162/2947] no-platform   -            Wild Wooly's Saloon
[2163/2947] no-platform   -            La Barca - Mexican Seafood and Craft Cocktails
[2164/2947] no-platform   -            Pansang's Filipino Cuisine
[2165/2947] no-platform   -            Lycha Tea, Coffee & Desserts
[2166/2947] no-platform   -            SeaTaco
[2167/2947] no-platform   -            Bakery
[2168/2947] no-platform   -            Sunset Café
[2169/2947] no-platform   -            California Kumpir
[2170/2947] no-platform   -            La Cochinita
[2171/2947] no-platform   -            Vegan Tacos SD
[2172/2947] no-platform   -            TJ Birrieria
[2173/2947] no-platform   -            Pearson Deli
[2174/2947] no-platform   -            The Shop Cafe Barrio Logan
[2175/2947] no-platform   -            Hacienda Jamul
[2176/2947] no-platform   -            Purebowl
[2177/2947] no-platform   -            Cardiff By The Sea Buisness District
[2178/2947] no-platform   -            Java Shack
[2179/2947] no-platform   -            La Michoacana Ice Cream Shop
[2180/2947] no-platform   -            It's in the Filling!
[2181/2947] no-platform   -            TORI CAFE
[2182/2947] no-platform   -            Feliz Coffee Club
[2183/2947] no-platform   -            Tasty Bakery
[2184/2947] no-platform   -            Taqueria y mariscos el kiki
[2185/2947] no-platform   -            Chief's Da Tiki Bar
[2186/2947] no-platform   -            Fresh Catch Fish Market & Grill
[2187/2947] no-platform   -            Queenstage Coffee House
[2188/2947] no-platform   -            Birrieria la Loteria
[2189/2947] no-platform   -            Olive Oil Cafe
[2190/2947] no-platform   -            Donuts N Things
[2191/2947] no-platform   -            Stadium Club
[2192/2947] no-platform   -            Yomie's Rice x Yogurt
[2193/2947] no-platform   -            Nahomie's Cafe & Deli
[2194/2947] no-platform   -            Seaside Yogurt
[2195/2947] no-platform   -            PARA
[2196/2947] no-platform   -            Danish & Donuts
[2197/2947] no-platform   -            Asian Kitchen
[2198/2947] no-platform   -            Club 13
[2199/2947] no-platform   -            Mayra's Bakery
[2200/2947] no-platform   -            Cafecito on Seacoast
[2201/2947] no-platform   -            Executive Friendship Deli
[2202/2947] no-platform   -            Cafe des Artistes
[2203/2947] no-platform   -            Jitters Espresso
[2204/2947] no-platform   -            Plaza Donuts & Yogurt
[2205/2947] no-platform   -            Lemon Grove Bakery
[2206/2947] no-platform   -            Donut Pantry
[2207/2947] no-platform   -            Cilantro's Mexican Food,
[2208/2947] no-platform   -            Dubai Cafe
[2209/2947] no-platform   -            Donut World
[2210/2947] no-platform   -            ESSNTL Coffee
[2211/2947] no-platform   -            Chiquibaby's Bar
[2212/2947] no-platform   -            Mr Donuts
[2213/2947] no-platform   -            Burritos Luna
[2214/2947] no-platform   -            Raspados Michoacan
[2215/2947] no-platform   -            Brick 95
[2216/2947] no-platform   -            El Cevichero PB
[2217/2947] no-platform   -            Tamales Brenda's
[2218/2947] no-platform   -            Great Happiness
[2219/2947] no-platform   -            Champs Korean Bbq
[2220/2947] no-platform   -            Wasa Sushi Bar
[2221/2947] no-platform   -            Pacific lounge
[2222/2947] no-platform   -            The Iconic Coffee Club
[2223/2947] no-platform   -            Cristallo Cafe
[2224/2947] no-platform   -            SweetLife on 3rd
[2225/2947] no-platform   -            Los Tapatios Mexican Food
[2226/2947] no-platform   -            San Diego Bakery & Café
[2227/2947] no-platform   -            Bakin' it Up Collective - An Artisan Bakery
[2228/2947] no-platform   -            Ho Won Express
[2229/2947] no-platform   -            Don Munchies SD
[2230/2947] no-platform   -            Mango Mania Frutas & More
[2231/2947] no-platform   -            Tommy V's Pizzeria
[2232/2947] no-platform   -            E.S.B. Cafe
[2233/2947] no-platform   -            Tram Chim - Live King Crab
[2234/2947] no-platform   -            Mariscos La Reyna del Sur
[2235/2947] no-platform   -            Audrey's Café
[2236/2947] no-platform   -            El Rinconcito Taco Shop
[2237/2947] no-platform   -            Dr. Juice
[2238/2947] no-platform   -            CORAL SPORTS BAR
[2239/2947] no-platform   -            Tacos El Orejas
[2240/2947] no-platform   -            Tacos AlPastor Spring Valley
[2241/2947] no-platform   -            Cup 'n Go
[2242/2947] no-platform   -            Yum Yum Yo Frozen Yogurt/Sandwiches/Boba
[2243/2947] no-platform   -            Trining’s Bakery & Cafe National City
[2244/2947] no-platform   -            Birria Blvd
[2245/2947] no-platform   -            Gold Soul Coffee
[2246/2947] no-platform   -            Java Time
[2247/2947] no-platform   -            Camden Food Co.
[2248/2947] no-platform   -            Barrio Street Tacos
[2249/2947] no-platform   -            Family Golden Palace
[2250/2947] no-platform   -            El Jefes Taco Shop
[2251/2947] no-platform   -            Cui Daore
[2252/2947] no-platform   -            Harbor Island Deli & Spirits
[2253/2947] no-platform   -            Vinum Locus
[2254/2947] no-platform   -            The Parks Cafe
[2255/2947] no-platform   -            AWOL
[2256/2947] no-platform   -            Okayama Steakhouse
[2257/2947] no-platform   -            Bedda
[2258/2947] no-platform   -            Layali nights lounge
[2259/2947] no-platform   -            Layali nights lounge
[2260/2947] no-platform   -            My Cup of Tea Unique Gifts
[2261/2947] no-platform   -            Rancho Roasters
[2262/2947] no-platform   -            Da Nang Restaurant and Cafe
[2263/2947] no-platform   -            Very Tasty Coffee
[2264/2947] no-platform   -            Heavy's Smokehouse
[2265/2947] no-platform   -            La Isla Neveria
[2266/2947] no-platform   -            Bean Me Up Coffee
[2267/2947] no-platform   -            La Barbacoa Autentica De Borrego
[2268/2947] no-platform   -            Carnitas La Caldera
[2269/2947] no-platform   -            Arc & Kin
[2270/2947] no-platform   -            Village Tacos
[2271/2947] no-platform   -            The Tin Scoop
[2272/2947] no-platform   -            Yakitori Tsuta
[2273/2947] no-platform   -            Encinitas Donut House
[2274/2947] no-platform   -            Frutas Frescas
[2275/2947] no-platform   -            Locally Toasted Delicatessen
[2276/2947] no-platform   -            Stage stop pizza
[2277/2947] no-platform   -            Marcella June's Coffee Lounge
[2278/2947] no-platform   -            Viche Marina Deli & Coffee
[2279/2947] no-platform   -            Saigon Corner
[2280/2947] no-platform   -            Blend & Bite Cafe
[2281/2947] no-platform   -            ESB Coffee
[2282/2947] no-platform   -            Sinbad Restaurant And Lounge
[2283/2947] no-platform   -            The Yogo, Handcrafted Ice Cream & Desserts
[2284/2947] no-platform   -            Pepita's Cafe
[2285/2947] no-platform   -            Honey Banana
[2286/2947] no-platform   -            Awesome Jamaican Jerk Wings by Laylahs
[2287/2947] no-platform   -            Taqueria Don Chamango
[2288/2947] no-platform   -            Los sushi lovers
[2289/2947] no-platform   -            Cafe Dawny
[2290/2947] no-platform   -            Tokyo Express
[2291/2947] no-platform   -            Balboa Bakery
[2292/2947] no-platform   -            Pan paulitas mexican bakery
[2293/2947] no-platform   -            Polanco Kitchen & Bar
[2294/2947] no-platform   -            The Library Coffee Shop
[2295/2947] no-platform   -            Veterans of Foriegn Wars Post 9327
[2296/2947] no-platform   -            Teo's Kitchen
[2297/2947] no-platform   -            Linda Vista Market
[2298/2947] no-platform   -            Sandwich Co.
[2299/2947] no-platform   -            Rancho's Taco Shop And Seafood
[2300/2947] no-platform   -            Larisa's Mexican Bakery
[2301/2947] no-platform   -            KD's Donuts
[2302/2947] no-platform   -            DACAFÉ
[2303/2947] no-platform   -            Green Light Cafe & Deli
[2304/2947] no-platform   -            El Primo Birrieria Taco Truck
[2305/2947] no-platform   -            Shelly's Deli
[2306/2947] no-platform   -            Seoul Street
[2307/2947] no-platform   -            Aurora's Bakery
[2308/2947] no-platform   -            Hector's Taco Shop & Fruteria
[2309/2947] no-platform   -            Jimmy's Cafe & Pub
[2310/2947] no-platform   -            Roselys Eats and Sweets
[2311/2947] no-platform   -            Made in Chinaloa
[2312/2947] no-platform   -            Menuderia Y Taqueria El Flako
[2313/2947] no-platform   -            Over The Border
[2314/2947] no-platform   -            Sandok Filipino Cuisine
[2315/2947] no-platform   -            BARESSITO ANTRO BAR
[2316/2947] no-platform   -            Old Town Ice Cream
[2317/2947] no-platform   -            Akari Sushi
[2318/2947] no-platform   -            1904 Street Dogs
[2319/2947] no-platform   -            Weapon Ramen Liberty Public Market
[2320/2947] no-platform   -            Golden Spoon Frozen Yogurt
[2321/2947] no-platform   -            Sea Ridge Coffee
[2322/2947] no-platform   -            Doh Doh Coffee
[2323/2947] no-platform   -            Caffe Positano, Fairbanks
[2324/2947] no-platform   -            Tortas Tj
[2325/2947] no-platform   -            The Cookie Opera
[2326/2947] no-platform   -            Tacos Minali
[2327/2947] no-platform   -            22 Area Galley
[2328/2947] no-platform   -            Isabela’s Mexican food
[2329/2947] no-platform   -            Water Store
[2330/2947] no-platform   -            LA MICHOACANA SON MEX OF POWAY
[2331/2947] no-platform   -            Autentica Comida Oaxaquena
[2332/2947] no-platform   -            Mr. Manitas Taco Bar and Fruteria
[2333/2947] no-platform   -            Panadería El Trigal
[2334/2947] no-platform   -            Sonora Steak Asadero El Prieto #13
[2335/2947] no-platform   -            La Cucina di Silvana
[2336/2947] no-platform   -            Jason's Courtyard Cafe
[2337/2947] no-platform   -            The coffee machine
[2338/2947] no-platform   -            El Uno Bar
[2339/2947] no-platform   -            EL PASO TACO SHOP
[2340/2947] no-platform   -            Logan Inn
[2341/2947] no-platform   -            Notorious Barbecue
[2342/2947] no-platform   -            Birrieria La Vaquita
[2343/2947] no-platform   -            Casa Del Lobo
[2344/2947] no-platform   -            Javier’s Mexican Food
[2345/2947] no-platform   -            Rancho Roasters
[2346/2947] no-platform   -            Smoke and Salt Restaurant
[2347/2947] no-platform   -            Boba Life La Mesa
[2348/2947] no-platform   -            TG Cafe
[2349/2947] no-platform   -            Pink Donuts
[2350/2947] no-platform   -            The Pocket Pool & Bar
[2351/2947] no-platform   -            Mood ALsham restaurant
[2352/2947] no-platform   -            Aalami Restaurant - Somali Cuisine
[2353/2947] no-platform   -            Franco's Flapjack
[2354/2947] no-platform   -            Sara's Bakery
[2355/2947] no-platform   -            La Michoacana Ice Cream
[2356/2947] no-platform   -            Ramen Girl
[2357/2947] no-platform   -            Cafecito at EPOCA
[2358/2947] no-platform   -            Ortiz Bakery
[2359/2947] no-platform   -            Tasty Buds LLC
[2360/2947] no-platform   -            Mariscos Guille
[2361/2947] no-platform   -            Lizs Cocina
[2362/2947] no-platform   -            La Cocina De Chata
[2363/2947] no-platform   -            Acai Roots
[2364/2947] no-platform   -            De La Torre Cenaduria
[2365/2947] no-platform   -            Ana’s Fruit & Deli
[2366/2947] no-platform   -            Cafe Del Mar
[2367/2947] no-platform   -            Taquería Imperial Taco Shop
[2368/2947] no-platform   -            Pines
[2369/2947] no-platform   -            Coastal Coffee - Scripps Memorial Hospital
[2370/2947] no-platform   -            Las Delicias de Alicia
[2371/2947] no-platform   -            Las Ranas Lonchera Mariscos
[2372/2947] no-platform   -            The Galley
[2373/2947] no-platform   -            La Espiga de Oro Mexican Bakery
[2374/2947] no-platform   -            Dubu San Diego Tofu Company
[2375/2947] no-platform   -            Black Sea Cafe & Market
[2376/2947] no-platform   -            Wow Donuts
[2377/2947] no-platform   -            Hot Blend Café
[2378/2947] no-platform   -            Taco de Ojo Sports Cantina
[2379/2947] no-platform   -            Tacos el uzzi
[2380/2947] no-platform   -            El Camaron Negro
[2381/2947] no-platform   -            Rising Sun Sushi
[2382/2947] no-platform   -            Koakai Brewing Co.
[2383/2947] no-platform   -            Cacio
[2384/2947] no-platform   -            Erlene's Family Style Cuisine
[2385/2947] no-platform   -            Tus Chefs Favoritas
[2386/2947] no-platform   -            San Diego Beer House
[2387/2947] no-platform   -            Manila Bistro
[2388/2947] no-platform   -            Al Chile Mexican Food
[2389/2947] no-platform   -            Family Tacos
[2390/2947] no-platform   -            EL SAZON DE MAMA
[2391/2947] no-platform   -            Tlaloc Deli
[2392/2947] no-platform   -            The Other Side Bar and Grill
[2393/2947] no-platform   -            Tortillas De Harina El Trigal
[2394/2947] no-platform   -            Rey Tj Burger's San Diego
[2395/2947] no-platform   -            FENIX LOUNGE
[2396/2947] no-platform   -            Pinoy Express Fastfood
[2397/2947] no-platform   -            Kikos Place cantina
[2398/2947] no-platform   -            Lizzie's Cake Couture
[2399/2947] no-platform   -            Xicanitos
[2400/2947] no-platform   -            Macy's Cafe at Fashion Valley
[2401/2947] no-platform   -            La Chalupa Mariscos #2 Food Truck
[2402/2947] no-platform   -            Fruit
[2403/2947] no-platform   -            Downtown cafe pizza
[2404/2947] no-platform   -            Marina Kitchen at Mariott Marquis
[2405/2947] no-platform   -            Perk Social
[2406/2947] no-platform   -            Maple Tree Coffee
[2407/2947] no-platform   -            Chula Tacos Taquerias
[2408/2947] no-platform   -            The Café at Alma San Diego
[2409/2947] no-platform   -            Korean Bingsoo Cafe
[2410/2947] no-platform   -            J-Town Grab and Go
[2411/2947] no-platform   -            Juicers
[2412/2947] no-platform   -            Cali Cafe
[2413/2947] no-platform   -            Louisiana Banana Pudding
[2414/2947] no-platform   -            Rita's of Mission Hills
[2415/2947] no-platform   -            El Kafecito
[2416/2947] no-platform   -            Smash’d Burgers
[2417/2947] no-platform   -            La Flor Bakery
[2418/2947] no-platform   -            Beaudevin
[2419/2947] no-platform   -            Verde Kitchen & Bar
[2420/2947] no-platform   -            Rapido Y Sabroso Taco Truck
[2421/2947] no-platform   -            Clayton's Galley
[2422/2947] no-platform   -            Star Gazer Club
[2423/2947] no-platform   -            D's Coffee
[2424/2947] no-platform   -            Uphori Cafe
[2425/2947] no-platform   -            Pho On The Go
[2426/2947] no-platform   -            Coffee Shop
[2427/2947] no-platform   -            The Propeller Bar and Grill
[2428/2947] no-platform   -            Valerio's Bakehouse
[2429/2947] no-platform   -            Noodle Bowl and dumplings
[2430/2947] no-platform   -            Jue Wei food
[2431/2947] no-platform   -            Goodspot
[2432/2947] no-platform   -            La Patrona
[2433/2947] no-platform   -            Smash Bacon
[2434/2947] no-platform   -            Candy's Boom Boom Room
[2435/2947] no-platform   -            Taiyo
[2436/2947] no-platform   -            Bethlehem Baking Co.
[2437/2947] no-platform   -            Skinny Jake Smokehouse
[2438/2947] no-platform   -            Burritos Salomè
[2439/2947] no-platform   -            Meal and Munch
[2440/2947] no-platform   -            Front Street Sweet Shack
[2441/2947] no-platform   -            La Perla del Pacífico
[2442/2947] no-platform   -            Tacos la Guera
[2443/2947] no-platform   -            SWEET & SPICY SD LLC
[2444/2947] no-platform   -            Daniel's West
[2445/2947] no-platform   -            Burger Kitchen
[2446/2947] no-platform   -            Chupacabras taco shop
[2447/2947] no-platform   -            Ranas Hotdogs & Hamburgers
[2448/2947] no-platform   -            The Meantime
[2449/2947] no-platform   -            Cedar Rose
[2450/2947] no-platform   -            Bailey House
[2451/2947] no-platform   -            Guau Guau Taza de Cafe
[2452/2947] no-platform   -            Cup of Bloom La Jolla
[2453/2947] no-platform   -            Rapha Tea
[2454/2947] no-platform   -            Bayside Bar
[2455/2947] no-platform   -            Miguel’s Street Tacos
[2456/2947] no-platform   -            Marina Market and Café
[2457/2947] no-platform   -            Freeze Gourmet
[2458/2947] no-platform   -            Alberto's
[2459/2947] no-platform   -            Chinese Cuisine
[2460/2947] no-platform   -            Tacos El Unico
[2461/2947] no-platform   -            La Creperia Nutilda
[2462/2947] no-platform   -            Barbas Mexican Food
[2463/2947] no-platform   -            Yesenia’s Mexican Food
[2464/2947] no-platform   -            The Honey Pot
[2465/2947] no-platform   -            MJ's Eatery Philly Cheesesteaks and more
[2466/2947] no-platform   -            El Rinconcito Sinaloense Antojitos
[2467/2947] no-platform   -            Thai Style Kitchen Oceanside
[2468/2947] no-platform   -            Grill chicken Linda vista
[2469/2947] no-platform   -            Authentic Mexican Bakery
[2470/2947] no-platform   -            Puerta Del Cielo Mexican Foods-Food Truck
[2471/2947] no-platform   -            Pikolinas
[2472/2947] no-platform   -            Taco truck
[2473/2947] no-platform   -            Tacos puebla
[2474/2947] no-platform   -            Vega’s Kitchen
[2475/2947] no-platform   -            El Chile pelais del Flaco
[2476/2947] no-platform   -            Island Style Sushi
[2477/2947] no-platform   -            La Morena del Fuego
[2478/2947] no-platform   -            Soulsip
[2479/2947] no-platform   -            New Name Club
[2480/2947] no-platform   -            taco de ojo sports cantina
[2481/2947] no-platform   -            7 Marcelos Mexican Cafe
[2482/2947] no-platform   -            Nori Japan
[2483/2947] no-platform   -            El Mejor Taco Avapor
[2484/2947] no-platform   -            Da Good Vibes Eats
[2485/2947] no-platform   -            "LAS CAZUELITAS" Home made Mexican food
[2486/2947] no-platform   -            Shrimp on a Skateboard Mariscos
[2487/2947] no-platform   -            Bello’s Tacos and Burritos
[2488/2947] no-platform   -            AY MI MAZATLÁN
[2489/2947] no-platform   -            Vivant Bistro & Craft Bar
[2490/2947] no-platform   -            701 FOOD
[2491/2947] no-platform   -            Brunette Social Sports Bar
[2492/2947] no-platform   -            Filipino Lumpia
[2493/2947] no-platform   -            Taco Stand
[2494/2947] no-platform   -            Rodeó's Cocina Mexican Restaurant
[2495/2947] no-platform   -            117° West Spirits
[2496/2947] no-platform   -            Food Truck
[2497/2947] no-platform   -            El Sonorense Taco Shop
[2498/2947] no-platform   -            Mariscos y Birrieria El Compa Güero
[2499/2947] no-platform   -            Comida China
[2500/2947] no-platform   -            El Puerquito Hard Frescas
[2501/2947] no-platform   -            Mariscos la baja mar y fuego
[2502/2947] no-platform   -            9th Hole Snack Shop
[2503/2947] no-platform   -            It's Raw Poke Truck
[2504/2947] no-platform   -            Quick Meal Deal Hunterz
[2505/2947] no-platform   -            Sushi ki To
[2506/2947] no-platform   -            Balboa's Grill House
[2507/2947] no-platform   -            Griffin Grind
[2508/2947] no-platform   -            HOTDOGS SINALOA 619
[2509/2947] no-platform   -            Larry's Birria
[2510/2947] no-platform   -            City Chopped Cheese
[2511/2947] no-platform   -            El Peruano Grill
[2512/2947] no-platform   -            Pollos Asados Goyos
[2513/2947] no-platform   -            Tacos delicioso
[2514/2947] no-platform   -            Quel & Tito's Food Shack
[2515/2947] no-platform   -            FIFTEEN 360
[2516/2947] no-platform   -            Gourmet @ Culinary Outlook
[2517/2947] no-platform   -            El Ostion Mariscos
[2518/2947] no-platform   -            Myung Ka Korean Food
[2519/2947] no-platform   -            Sliderz & Mo'
[2520/2947] no-platform   -            Premier Food Services
[2521/2947] no-platform   -            Squishys619
[2522/2947] no-platform   -            La catrachita
[2523/2947] no-platform   -            Tacos "El Moy"
[2524/2947] no-platform   -            Tacos Los Carnales
[2525/2947] no-platform   -            Taqueria Los Panchos
[2526/2947] no-platform   -            Kevin's Convenience Stand
[2527/2947] no-platform   -            La Casa de Don Juan
[2528/2947] no-platform   -            Galley
[2529/2947] no-platform   -            Tamales Landa
[2530/2947] no-platform   -            Sushi Love
[2531/2947] no-platform   -            Cassara Kitchen & Bar
[2532/2947] no-platform   -            Marisol's Pie Shop
[2533/2947] no-platform   -            HomeMeals
[2534/2947] no-platform   -            Kim's House
[2535/2947] no-platform   -            El Taco Latino
[2536/2947] no-platform   -            Tacos Loco's
[2537/2947] no-platform   -            Berta & Odina's Food Truck
[2538/2947] no-platform   -            YakiroSushi
[2539/2947] no-platform   -            Babylon Restaurant
[2540/2947] no-platform   -            Mariscos La Baja Food Truck
[2541/2947] no-platform   -            Baba Coffee Mobile
[2542/2947] no-platform   -            Oishii Sushi Bar
[2543/2947] no-platform   -            Arrieros Tacos ¡Hecho está!
[2544/2947] no-platform   -            Food Pavilion
[2545/2947] no-platform   -            Beach Cuisine Inc
[2546/2947] no-platform   -            CottageKitchen
[2547/2947] no-platform   -            Sweet Rose Cottage Bakery, LLC
[2548/2947] no-platform   -            The Beekeeper's Oven Farmstand - Santa Ysabel
[2549/2947] no-platform   -            Omas Delectables
[2550/2947] no-platform   -            Sweetheart farms
[2551/2947] no-platform   -            Cozy Crumble Cottage Bakery
[2552/2947] no-platform   -            Bakery San Jorge
[2553/2947] no-platform   -            Bread of Life Bakes
[2554/2947] no-platform   -            Tacos el jefe
[2555/2947] no-platform   -            Sabor Michoacán
[2556/2947] no-platform   -            Cafe Pho
[2557/2947] no-platform   -            HomemadebyNashae
[2558/2947] no-platform   -            Kneading Love Micro Bakery
[2559/2947] no-platform   -            Raspabros
[2560/2947] no-platform   -            Vero's Sweet Bakeshop
[2561/2947] no-platform   -            Yute Keto Bakery
[2562/2947] no-platform   -            Techy Cafe Chula Vista
[2563/2947] no-platform   -            Lumière Café San Diego
[2564/2947] no-platform   -            Romo Baker and general store
[2565/2947] no-platform   -            Higher Grounds Coffee
[2566/2947] no-platform   -            No excuse income
[2567/2947] no-platform   -            Cozy Cat Bakehouse
[2568/2947] no-platform   -            Panderia Bakery
[2569/2947] no-platform   -            Sweet By Saray
[2570/2947] no-platform   -            Joe's Pizza and Bistro
[2571/2947] no-platform   -            Bin Kheer Café
[2572/2947] no-platform   -            Raspados Aloha 2
[2573/2947] no-platform   -            A Piece of Cake
[2574/2947] no-platform   -            Windansea Bar and Grill
[2575/2947] no-platform   -            Cafecito del Monte
[2576/2947] no-platform   -            Viva el Cafe
[2577/2947] no-platform   -            Trolley
[2578/2947] no-platform   -            La Perla del Pacífico
[2579/2947] no-platform   -            Ramone's
[2580/2947] no-platform   -            Canela Bake
[2581/2947] no-platform   -            Pikes Iron Wagon Real Pit BBQ
[2582/2947] no-platform   -            The Patch Coffee
[2583/2947] no-platform   -            Porciones De Dulzura Bakery
[2584/2947] no-platform   -            Steves Cabana
[2585/2947] no-platform   -            The Dulzura Cafe%2C
[2586/2947] no-platform   -            Pannakin Coffee & Tea
[2587/2947] no-platform   -            Tortilleria Bakery
[2588/2947] no-platform   -            Tacos Las Huesas
[2589/2947] no-platform   -            La Cucharita
[2590/2947] no-platform   -            Maggie’s Cake Shop
[2591/2947] no-platform   -            Ghost tacos downtown
[2592/2947] no-platform   -            Rusty Spur Cocktails and Dancing
[2593/2947] no-platform   -            1935 Artisan Desserts & Kitchen
[2594/2947] no-platform   -            Arevalo's Raspados
[2595/2947] no-platform   -            Blooming Vegans
[2596/2947] no-platform   -            Southbay Cafe & Cantina
[2597/2947] no-platform   -            Indigo Pineapple Café
[2598/2947] no-platform   -            Mariscos Seafood
[2599/2947] no-platform   -            KGP Pizza & Grill
[2600/2947] no-platform   -            Mike’s Sourdough Bakery
[2601/2947] no-platform   -            Takos El Michi
[2602/2947] no-platform   -            Cocinita La Michoacana
[2603/2947] no-platform   -            On Point BBQ
[2604/2947] no-platform   -            Sweet Robin's
[2605/2947] no-platform   -            Foundation X
[2606/2947] no-platform   -            Sapporo Rock & Roll Sushi
[2607/2947] no-platform   -            SideYard Coffee
[2608/2947] no-platform   -            Bakery
[2609/2947] no-platform   -            Donut Star
[2610/2947] no-platform   -            MIKAKU sushi and grill
[2611/2947] no-platform   -            Chicanos Pastries
[2612/2947] no-platform   -            Kaphe Muna
[2613/2947] no-platform   -            Sweet Bean Cafe
[2614/2947] no-platform   -            Lili antojitos and Mexican food Boulevard
[2615/2947] no-platform   -            El Rancho Bar & Grill
[2616/2947] no-platform   -            Neat treats by Rachel
[2617/2947] no-platform   -            El Rancho Grande Bar & Grill
[2618/2947] no-platform   -            Tacos
[2619/2947] no-platform   -            Taco Lovers
[2620/2947] no-platform   -            Powder Technology Laboratory Coffee
[2621/2947] no-platform   -            VAQUERO TJ GRILL
[2622/2947] no-platform   -            College Corner Cafe
[2623/2947] no-platform   -            Its Cafe Thai
[2624/2947] no-platform   -            Fox Point Pizza
[2625/2947] no-platform   -            Nik's BBQ
[2626/2947] no-platform   -            Lina's Bakery
[2627/2947] no-platform   -            Lemonlade
[2628/2947] no-platform   -            MC's Kitchen
[2629/2947] no-platform   -            Pizza
[2630/2947] no-platform   -            Cafe Pronto
[2631/2947] no-platform   -            Parkway Social 619
[2632/2947] no-platform   -            La Sheesh Bar & Grill
[2633/2947] no-platform   -            Taste of Home Cakes and Cupcakes
[2634/2947] no-platform   -            CC Bakehouse
[2635/2947] no-platform   -            Bloomix studio
[2636/2947] no-platform   -            Hajime Ramen
[2637/2947] no-platform   -            Men-ya Mufu - Coming Soon
[2638/2947] no-platform   -            Los hotchos del barrio
[2639/2947] no-platform   -            Seafood San Diego
[2640/2947] no-platform   -            Puffs SD- HomeBased
[2641/2947] no-platform   -            Mariscos El Paisa
[2642/2947] no-platform   -            Sinaloa Fish
[2643/2947] no-platform   -            El Patrón Mar y Tierra
[2644/2947] no-platform   -            valarias
[2645/2947] no-platform   -            Nooni’s Taco Shop
[2646/2947] no-platform   -            The Taco Stop
[2647/2947] no-platform   -            Mimosa
[2648/2947] no-platform   -            K-Bakery
[2649/2947] no-platform   -            Amanda Pandas Bakery
[2650/2947] no-platform   -            Tacos Los Carnales
[2651/2947] no-platform   -            Tonkatsu Narikura - Coming Soon
[2652/2947] no-platform   -            Sushi In the Ranch
[2653/2947] no-platform   -            Mariscos El Prieto Express
[2654/2947] no-platform   -            Pizzeria
[2655/2947] no-platform   -            Rancho Hookah Lounge
[2656/2947] no-platform   -            Reef Lounge Poolside Bar & Grill
[2657/2947] no-platform   -            Bonnie's Bread Boutique
[2658/2947] no-platform   -            Panaderia Rosarito
[2659/2947] no-platform   -            Tierra Mia Mariscos y Mas
[2660/2947] no-platform   -            The Fusion Bistro
[2661/2947] no-platform   -            (dba) The Wayfarer's Pantry - Cottage Kitchen
[2662/2947] no-platform   -            Carniceria Taco Shop
[2663/2947] no-platform   -            Jayda Marie's Bakery
[2664/2947] no-platform   -            The Sourdough Sweetie
[2665/2947] no-platform   -            Incredibowl Cafe & Deli
[2666/2947] no-platform   -            Rise & Brew Coffee
[2667/2947] no-platform   -            Café VERA
[2668/2947] no-platform   -            Pho PB
[2669/2947] no-platform   -            AVO Vegan Restaurant
[2670/2947] no-platform   -            Smokehouse Pizza & BBQ
[2671/2947] no-platform   -            The Beekeeper's Oven - Julian
[2672/2947] no-platform   -            Sourworx
[2673/2947] no-platform   -            Koffeeing UP
[2674/2947] no-platform   -            CaliTea
[2675/2947] no-platform   -            Spreckels Sweets And Treats
[2676/2947] no-platform   -            NA
[2677/2947] no-platform   -            Hungarian bakery
[2678/2947] no-platform   -            Bien Hecho Coffee
[2679/2947] no-platform   -            Captain's Seafood Gallery
[2680/2947] no-platform   -            Natural Delights Juice Bar
[2681/2947] no-platform   -            Poke Point
[2682/2947] no-platform   -            BNCafe
[2683/2947] no-platform   -            House Of Draught No 2
[2684/2947] no-platform   -            Oasis On The Rocks
[2685/2947] no-platform   -            El Picnic Tabel
[2686/2947] no-platform   -            The Place
[2687/2947] no-platform   -            Macan Market
[2688/2947] no-platform   -            Stone Brewing Company
[2689/2947] no-platform   -            Lupita's Mexican Food
[2690/2947] no-platform   -            Little Vienna
[2691/2947] no-platform   -            Cafe Europe
[2692/2947] no-platform   -            Kouklas Cafe
[2693/2947] no-platform   -            Gallopin In
[2694/2947] no-platform   -            San Diego Creamery
[2695/2947] no-platform   -            Leading Edge Cafe
[2696/2947] no-platform   -            The Shine Shack
[2697/2947] no-platform   -            V/ Workout Bar
[2698/2947] no-platform   -            AZTECA SAN DIEGO TACO'S
[2699/2947] no-platform   -            Boo Boo Sweetz
[2700/2947] no-platform   -            Speak Easy
[2701/2947] no-platform   -            Mariscos villafaña
[2702/2947] no-platform   -            An's Gelato
[2703/2947] no-platform   -            The Pagoda
[2704/2947] no-platform   -            Fifty 9 Fifty
[2705/2947] no-platform   -            Sunshine Poke & Sushi Rolls
[2706/2947] no-platform   -            Caveman BBQ
[2707/2947] no-platform   -            DAYGO Brunch’N
[2708/2947] no-platform   -            Downtown BBQ
[2709/2947] no-platform   -            Pretzel Market
[2710/2947] no-platform   -            Cups Coffee Cart
[2711/2947] no-platform   -            Desi N Friends
[2712/2947] no-platform   -            Luckyz Sports Pub
[2713/2947] no-platform   -            Embassy Room
[2714/2947] no-platform   -            The Cove
[2715/2947] no-platform   -            Molly Malones Sports Tavern
[2716/2947] no-platform   -            Island Market
[2717/2947] no-platform   -            Tides
[2718/2947] no-platform   -            Porters Grille & BBQ
[2719/2947] no-platform   -            The Coop
[2720/2947] no-platform   -            Oscars Cocktail Bar
[2721/2947] no-platform   -            Elbo Rest
[2722/2947] no-platform   -            Heros
[2723/2947] no-platform   -            Club Iguana
[2724/2947] no-platform   -            Recognize Cocktails
[2725/2947] no-platform   -            Ball Three
[2726/2947] no-platform   -            Coral Market
[2727/2947] no-platform   -            Rds Log Cabin
[2728/2947] no-platform   -            Jupiter Leucadia
[2729/2947] no-platform   -            Marbella Oyster Bar
[2730/2947] no-platform   -            Frank’s Ice Cream Wholesale
[2731/2947] no-platform   -            Mission Hills Coffee Company
[2732/2947] no-platform   -            Repostería Jexana
[2733/2947] no-platform   -            Mongus Grill
[2734/2947] no-platform   -            Six Degrees
[2735/2947] no-platform   -            Ice Cream Parlor-Lemon Grove
[2736/2947] no-platform   -            Mad Maui BBQ
[2737/2947] no-platform   -            C&C Barkery
[2738/2947] no-platform   -            Fronted
[2739/2947] no-platform   -            Bakery 7
[2740/2947] no-platform   -            Sports Lounge & Arcade Bar
[2741/2947] no-platform   -            DeAnza Bar
[2742/2947] no-platform   -            Mr. Jalepeno El Burrito Mexicano & more.
[2743/2947] no-platform   -            OB Tamales and Taqueria
[2744/2947] no-platform   -            COFFEE CRATE
[2745/2947] no-platform   -            Yogen FrÃ¼z
[2746/2947] no-platform   -            Mariscos La Tia
[2747/2947] no-platform   -            Out of Towners Bar Grill Lounge
[2748/2947] no-platform   -            Oasis Bar
[2749/2947] no-platform   -            Ramones
[2750/2947] no-platform   -            Rainbow Cafe
[2751/2947] no-platform   -            Marla’s Coffee
[2752/2947] no-platform   -            Bincho taco
[2753/2947] no-platform   -            Roxie’s Sweet Bakes & Treats
[2754/2947] no-platform   -            La delicia
[2755/2947] no-platform   -            Seafood and pub
[2756/2947] no-platform   -            Cultivated Greens
[2757/2947] no-platform   -            Mesa Cafe
[2758/2947] no-platform   -            Bakes By Zena
[2759/2947] no-platform   -            The Bistro Restaurant
[2760/2947] no-platform   -            Taco’s El Chaparro
[2761/2947] no-platform   -            Nespresso Pop-Up
[2762/2947] no-platform   -            Galley
[2763/2947] no-platform   -            Birria a Mi Gusto
[2764/2947] no-platform   -            Chimbita
[2765/2947] no-platform   -            Smoked Street Tacos
[2766/2947] no-platform   -            Palomar Ice Cream and Candy
[2767/2947] no-platform   -            jr sushi
[2768/2947] no-platform   -            Fairbanks Coffee Stand
[2769/2947] no-platform   -            Bella Bakery Boutique LLC
[2770/2947] no-platform   -            Izakaya En
[2771/2947] no-platform   -            Carnitas y Chicharrones Los Marranitos SD #1
[2772/2947] no-platform   -            Pine Valley Java
[2773/2947] no-platform   -            The Pony Express Coffee Bar & Drive Thru
[2774/2947] no-platform   -            Barking Deer Pizza & Beer
[2775/2947] no-platform   -            49Er
[2776/2947] no-platform   -            La Vendimia de María Tavares
[2777/2947] no-platform   -            Nimbus Bakery
[2778/2947] no-platform   -            Nature's emporumh
[2779/2947] no-platform   -            Dees Sports Tavern
[2780/2947] no-platform   -            Five Loaves Sourdough Co.
[2781/2947] no-platform   -            Wash mobile
[2782/2947] no-platform   -            Pop-up Tacos
[2783/2947] no-platform   -            Gilbeys Cocktail Lounge
[2784/2947] no-platform   -            Zoe’s Place Bakery
[2785/2947] no-platform   -            CHI
[2786/2947] no-platform   -            Mama’s Cucina Italiana
[2787/2947] no-platform   -            Wednesday Cake
[2788/2947] no-platform   -            Ximena
[2789/2947] no-platform   -            Coffee & Smoothies
[2790/2947] no-platform   -            Mission Grounds Coffee
[2791/2947] no-platform   -            Shibari
[2792/2947] no-platform   -            Rooster Ramen
[2793/2947] no-platform   -            SHOR
[2794/2947] no-platform   -            Eryan Sweets
[2795/2947] no-platform   -            Rooster Ramen
[2796/2947] no-platform   -            The Cow Shed Bar and Grill
[2797/2947] no-platform   -            Randolfo's Tacos
[2798/2947] no-platform   -            P.B. Wellness Health & Nutrition
[2799/2947] no-platform   -            Gabriel's Taco Stand
[2800/2947] no-platform   -            Sprinkles Cafe
[2801/2947] no-platform   -            The Stag Lion
[2802/2947] no-platform   -            Little Owl Coffe & Tea
[2803/2947] no-platform   -            Tlaxcala Hectoir's Taco Shop
[2804/2947] no-platform   -            Oside Shave Ice
[2805/2947] no-platform   -            Desayunos y Baguettes
[2806/2947] no-platform   -            Panniken
[2807/2947] no-platform   -            Robbie's Roadhouse
[2808/2947] no-platform   -            La Michoacana Ice Cream
[2809/2947] no-platform   -            CC Bakehouse
[2810/2947] no-platform   -            Coca Cola Market
[2811/2947] no-platform   -            Regional My Place
[2812/2947] no-platform   -            Ciccicotti’s
[2813/2947] no-platform   -            Casa del Pane
[2814/2947] no-platform   -            The Hearth
[2815/2947] no-platform   -            Birria & Mariscos el Zurdo
[2816/2947] no-platform   -            Mexican Seafood & Grill
[2817/2947] no-platform   -            Sabor A Cielo Sweets
[2818/2947] no-platform   -            Old California Coffee House and Eatery
[2819/2947] no-platform   -            Las Palmas
[2820/2947] no-platform   -            Hawaiian Shaved Ice
[2821/2947] no-platform   -            Cafe Zzo Coffee Shop and Mini Mart
[2822/2947] no-platform   -            DQ Orange Julius
[2823/2947] no-platform   -            Eppig Brewing North Park
[2824/2947] no-platform   -            El Paso Bar
[2825/2947] no-platform   -            iDessert
[2826/2947] no-platform   -            Churro Con Chocolate
[2827/2947] no-platform   -            Club 42 Tequila Bar
[2828/2947] no-platform   -            Frost Me Gourmet Cupcakes
[2829/2947] no-platform   -            Cocina Tonalnan
[2830/2947] no-platform   -            Walking on Water Cafe
[2831/2947] no-platform   -            Pacific Taco Shop
[2832/2947] no-platform   -            Sunset by the Park
[2833/2947] no-platform   -            McCozy
[2834/2947] no-platform   -            Pizzaria, Etc.
[2835/2947] no-platform   -            The Dining Room
[2836/2947] no-platform   -            El Cuervo
[2837/2947] no-platform   -            Fairbanks Coffee Company
[2838/2947] no-platform   -            Valencia Mexican Food
[2839/2947] no-platform   -            Bee's Bread Co
[2840/2947] no-platform   -            Wellspring Tea Room
[2841/2947] no-platform   -            Lush Lounge
[2842/2947] no-platform   -            Mickies Suds Room
[2843/2947] no-platform   -            Barra 8
[2844/2947] no-platform   -            Blue Haven
[2845/2947] no-platform   -            College Sub Shop
[2846/2947] no-platform   -            Dieberto's
[2847/2947] no-platform   -            11th Marines Chow Hall
[2848/2947] no-platform   -            El Cotixan Taco Shop
[2849/2947] no-platform   -            Fruity Fruits
[2850/2947] no-platform   -            La Vuelta Club
[2851/2947] no-platform   -            La Michoacana Elite
[2852/2947] no-platform   -            Spicy Duck
[2853/2947] no-platform   -            El Cajon Grand Cocktail Lounge
[2854/2947] no-platform   -            Bonitas Bar and Grill
[2855/2947] no-platform   -            Tutu Taco
[2856/2947] no-platform   -            The Bridge Snacks and Refreshments
[2857/2947] no-platform   -            Bavarian Inn
[2858/2947] no-platform   -            Walters Cafe and Trailer Pk
[2859/2947] no-platform   -            JT Bros
[2860/2947] no-platform   -            Ettas Place
[2861/2947] no-platform   -            Joshways Barbeque
[2862/2947] no-platform   -            Eds Cocktail Lounge
[2863/2947] no-platform   -            Teris East
[2864/2947] no-platform   -            Nouvelle Latin Cuisine
[2865/2947] no-platform   -            Donburi Kitchen
[2866/2947] no-platform   -            Miramar Fresh Kitchen
[2867/2947] no-platform   -            California Taco Club
[2868/2947] no-platform   -            Birdies Bar and Grill
[2869/2947] no-platform   -            Ramen Goddess
[2870/2947] no-platform   -            Sattellite Bites
[2871/2947] no-platform   -            Tacos de corazón
[2872/2947] no-platform   -            Americana Restaurant
[2873/2947] no-platform   -            Little Frosty’s
[2874/2947] no-platform   -            Wolftown
[2875/2947] no-platform   -            Cafe Bella Express
[2876/2947] no-platform   -            Cafe Rico & Catering LLC
[2877/2947] no-platform   -            Raymundos taco shop
[2878/2947] no-platform   -            Modern Kabob - Grill & Smoothies
[2879/2947] no-platform   -            Santos Cafe Old Town
[2880/2947] no-platform   -            National Burrito
[2881/2947] no-platform   -            Dalat Cafe
[2882/2947] no-platform   -            Paula Jean's Coffee Bean
[2883/2947] no-platform   -            Yeeha Boba
[2884/2947] no-platform   -            DONUTOPOLIS SCRIPPS RANCH VILLAGES
[2885/2947] no-platform   -            Muneca ice cream
[2886/2947] no-platform   -            Blue Star Cafe
[2887/2947] no-platform   -            Smoothie Caffe
[2888/2947] no-platform   -            Michele’s Cafe & Galleria
[2889/2947] no-platform   -            Latte By The Sea
[2890/2947] no-platform   -            Dollshie Coffee
[2891/2947] no-platform   -            AREA DE COMIDA
[2892/2947] no-platform   -            BAKERY FUENTES
[2893/2947] no-platform   -            Hafla Platter Inc
[2894/2947] no-platform   -            Julie's Desserts & Bakery
[2895/2947] no-platform   -            Dolce Cafe
[2896/2947] no-platform   -            Society featuring Bubbas BBQ
[2897/2947] no-platform   -            Prinkipia Frozen Yogurt
[2898/2947] no-platform   -            Madina Delicious Restaurant
[2899/2947] no-platform   -            Mar & Fuego
[2900/2947] no-platform   -            Taqueria Mucho Toro
[2901/2947] no-platform   -            Cafecito on Park
[2902/2947] no-platform   -            Moreliana Ice Cream & Restaurant
[2903/2947] no-platform   -            La Sirena
[2904/2947] no-platform   -            Café Noelle
[2905/2947] no-platform   -            Tantuni Turkish Street Food
[2906/2947] no-platform   -            Torpedo Grill
[2907/2947] no-platform   -            Mila's Ice cream & snacks
[2908/2947] no-platform   -            Mission Burger
[2909/2947] no-platform   -            Super Mario's Mexican Food
[2910/2947] no-platform   -            Serina Pizza
[2911/2947] no-platform   -            Savioe
[2912/2947] no-platform   -            Cafe East by Eurest
[2913/2947] no-platform   -            Arevalo's Bakery
[2914/2947] no-platform   -            Café Bien
[2915/2947] no-platform   -            Shack-House
[2916/2947] no-platform   -            Colors cafe
[2917/2947] no-platform   -            The Grove Bar & Grill
[2918/2947] no-platform   -            Dalat Cafe
[2919/2947] no-platform   -            Donas Bakery and Food to Go
[2920/2947] no-platform   -            Tacos De Birria Mayo
[2921/2947] no-platform   -            Sweet city creamery
[2922/2947] no-platform   -            Wynola Pizza Express
[2923/2947] no-platform   -            Nutrition Prime Spot
[2924/2947] no-platform   -            Sushi Gaga
[2925/2947] no-platform   -            Olga's Food Place
[2926/2947] no-platform   -            Chamoyess
[2927/2947] no-platform   -            Blanco Rosso
[2928/2947] no-platform   -            Ben & Jerry's
[2929/2947] no-platform   -            Denis’s Bakery
[2930/2947] no-platform   -            Baked & Blended
[2931/2947] no-platform   -            Las Muñecas tradicional desserts
[2932/2947] no-platform   -            Sweet Bee Desserts
[2933/2947] no-platform   -            Taste of egypt cafe
[2934/2947] no-platform   -            Eva's Bakery
[2935/2947] no-platform   -            Fuego Mediterranean Grill
[2936/2947] no-platform   -            The Nutrition Checkpoint
[2937/2947] no-platform   -            Los 3 Animales Taqueria
[2938/2947] no-platform   -            Chimney Nation
[2939/2947] no-platform   -            Chimney Nation
[2940/2947] no-platform   -            Tacos la ocho
[2941/2947] no-platform   -            Duke's Hawaiian Coffee
[2942/2947] no-platform   -            Zen Coffee & Deli
[2943/2947] no-platform   -            Machela
[2944/2947] no-platform   -            Samba arena cafe
[2945/2947] no-platform   -            Mariscos Del Barrio
[2946/2947] no-platform   -            Chandelier Lounge Cuisine
[2947/2947] no-platform   -            Muscle Bar

platform                       attempted         filed       too-few         gated  wrong-branch needs-browser   no-platform  fetch-failed  screened-out
none                                2375             0             0             0             0            55          2320             0             0
toast                                125             1             0             2            38            81             0             0             3
order.online                         111             1             1             1             8            94             0             0             6
Square Online storefront              80             0             0             0             0            80             0             0             0
Square Online (own domain)            46             0             0             0             0            46             0             0             0
chownow                               26             1             0             3             0            22             0             0             0
shopify                               26             3             5             0             0             0             0             0            18
olo                                   23             0             0             0             0            23             0             0             0
MealKeyWay                            20             0             0             0             0            20             0             0             0
slice                                 19             0             0             0             1            17             0             0             1
spothopper                            17             1             1             0             0            15             0             0             0
netwaiter                             13             0            13             0             0             0             0             0             0
SpotOn                                13             0             0             0             0            13             0             0             0
own-jsonld                            10             5             1             0             2             0             0             0             2
plain-html                            10             0             0             0             0            10             0             0             0
clover                                 8             0             0             0             2             4             0             0             2
HungerRush                             6             0             0             0             0             6             0             0             0
GloriaFood widget                      4             0             0             0             0             4             0             0             0
popmenu                                4             0             0             0             4             0             0             0             0
menufy                                 3             0             0             0             0             0             0             0             3
wix                                    3             2             1             0             0             0             0             0             0
MenuSifu                               2             0             0             0             0             2             0             0             0
Paytronix                              2             0             0             0             0             2             0             0             0
ubereats                               1             0             0             0             0             1             0             0             0
TOTAL                               2947            14            22             6            55           495          2320             0            35

14 menus, 370 dishes
wrote menus/wip/router-20260906-123344.json
wrote menus/wip/router-20260906-123344.notes.json
